idx_p,idx_v,nb,displace_func,metric,value_uni,value_opt,time_uni,time_opt
1,1,1,black_box,obj_pwldr,75727.22892237063,75564.34296998796,0.023000001907348633,1.1970000267028809
1,1,1,black_box,dr_pwldr,75695.08675222569,75536.2509406519,0.023000001907348633,1.1970000267028809
1,1,1,black_box,reopt_pwldr,73696.35123795512,73696.35123795512,0.023000001907348633,1.1970000267028809
1,1,1,local_search,obj_pwldr,75727.22892237063,75564.34296998796,0.023000001907348633,0.04900002479553223
1,1,1,local_search,dr_pwldr,75695.08675222569,75536.2509406519,0.023000001907348633,0.04900002479553223
1,1,1,local_search,reopt_pwldr,73696.35123795512,73696.35123795512,0.023000001907348633,0.04900002479553223
1,1,2,black_box,obj_pwldr,75606.8879852508,75559.52260897166,0.04200005531311035,1.6489999294281006
1,1,2,black_box,dr_pwldr,75576.50488171566,75531.8836092747,0.04200005531311035,1.6489999294281006
1,1,2,black_box,reopt_pwldr,73696.35123795508,73696.35123795512,0.04200005531311035,1.6489999294281006
1,1,2,local_search,obj_pwldr,75606.8879852508,75559.52260897166,0.04200005531311035,0.07200002670288086
1,1,2,local_search,dr_pwldr,75576.50488171566,75531.8836092747,0.04200005531311035,0.07200002670288086
1,1,2,local_search,reopt_pwldr,73696.35123795508,73696.35123795512,0.04200005531311035,0.07200002670288086
1,1,3,black_box,obj_pwldr,75569.46241695061,75559.47471305747,0.02499985694885254,1.9260001182556152
1,1,3,black_box,dr_pwldr,75541.84106027537,75531.80659353353,0.02499985694885254,1.9260001182556152
1,1,3,black_box,reopt_pwldr,73696.35123795512,73696.35123795512,0.02499985694885254,1.9260001182556152
1,1,3,local_search,obj_pwldr,75569.46241695061,75559.47471305748,0.02499985694885254,0.10599994659423828
1,1,3,local_search,dr_pwldr,75541.84106027537,75531.80659353353,0.02499985694885254,0.10599994659423828
1,1,3,local_search,reopt_pwldr,73696.35123795512,73696.35123795512,0.02499985694885254,0.10599994659423828
1,1,4,black_box,obj_pwldr,75582.93562153868,75558.88041220262,0.029000043869018555,2.75600004196167
1,1,4,black_box,dr_pwldr,75555.05615064093,75531.22649728181,0.029000043869018555,2.75600004196167
1,1,4,black_box,reopt_pwldr,73696.35123795512,73696.35123795512,0.029000043869018555,2.75600004196167
1,1,4,local_search,obj_pwldr,75582.93562153868,75558.88041220262,0.029000043869018555,0.16899991035461426
1,1,4,local_search,dr_pwldr,75555.05615064093,75531.22649728181,0.029000043869018555,0.16899991035461426
1,1,4,local_search,reopt_pwldr,73696.35123795512,73696.35123795512,0.029000043869018555,0.16899991035461426
1,1,5,black_box,obj_pwldr,75576.88318410405,75558.85601067846,0.042999982833862305,2.7719998359680176
1,1,5,black_box,dr_pwldr,75548.15952520384,75531.20130311097,0.042999982833862305,2.7719998359680176
1,1,5,black_box,reopt_pwldr,73696.35123795512,73696.35123795512,0.042999982833862305,2.7719998359680176
1,1,5,local_search,obj_pwldr,75576.88318410405,75558.85601067846,0.042999982833862305,0.21900010108947754
1,1,5,local_search,dr_pwldr,75548.15952520384,75531.20130311097,0.042999982833862305,0.21900010108947754
1,1,5,local_search,reopt_pwldr,73696.35123795512,73696.35123795512,0.042999982833862305,0.21900010108947754
1,1,6,black_box,obj_pwldr,75565.19614161323,75559.06231148473,0.03900003433227539,3.671999931335449
1,1,6,black_box,dr_pwldr,75536.89856697374,75531.40305255004,0.03900003433227539,3.671999931335449
1,1,6,black_box,reopt_pwldr,73696.35123795512,73696.35123795512,0.03900003433227539,3.671999931335449
1,1,6,local_search,obj_pwldr,75565.19614161323,75559.06231148473,0.03900003433227539,0.30500006675720215
1,1,6,local_search,dr_pwldr,75536.89856697374,75531.40305255004,0.03900003433227539,0.30500006675720215
1,1,6,local_search,reopt_pwldr,73696.35123795512,73696.35123795512,0.03900003433227539,0.30500006675720215
1,1,7,black_box,obj_pwldr,75563.77619188568,75558.90446369344,0.04699993133544922,3.928999900817871
1,1,7,black_box,dr_pwldr,75536.03858418144,75531.24504929007,0.04699993133544922,3.928999900817871
1,1,7,black_box,reopt_pwldr,73696.35123795512,73696.35123795512,0.04699993133544922,3.928999900817871
1,1,7,local_search,obj_pwldr,75563.77619188568,75558.90446369346,0.04699993133544922,0.8159999847412109
1,1,7,local_search,dr_pwldr,75536.03858418144,75531.24504929008,0.04699993133544922,0.8159999847412109
1,1,7,local_search,reopt_pwldr,73696.35123795512,73696.35123795512,0.04699993133544922,0.8159999847412109
1,1,8,black_box,obj_pwldr,75566.88158372183,75558.86643524616,0.04799985885620117,5.072000026702881
1,1,8,black_box,dr_pwldr,75538.90852494654,75531.21086617505,0.04799985885620117,5.072000026702881
1,1,8,black_box,reopt_pwldr,73696.35123795512,73696.35123795512,0.04799985885620117,5.072000026702881
1,1,8,local_search,obj_pwldr,75566.88158372183,75558.86643524616,0.04799985885620117,0.5940001010894775
1,1,8,local_search,dr_pwldr,75538.90852494654,75531.21086617505,0.04799985885620117,0.5940001010894775
1,1,8,local_search,reopt_pwldr,73696.35123795512,73696.35123795512,0.04799985885620117,0.5940001010894775
1,1,9,black_box,obj_pwldr,75564.85552504273,75558.89027740824,0.04800009727478027,6.618000030517578
1,1,9,black_box,dr_pwldr,75536.85117768125,75531.23501823319,0.04800009727478027,6.618000030517578
1,1,9,black_box,reopt_pwldr,73696.35123795512,73696.35123795511,0.04800009727478027,6.618000030517578
1,1,9,local_search,obj_pwldr,75564.85552504273,75558.89027740824,0.04800009727478027,0.5870001316070557
1,1,9,local_search,dr_pwldr,75536.85117768125,75531.23501823319,0.04800009727478027,0.5870001316070557
1,1,9,local_search,reopt_pwldr,73696.35123795512,73696.35123795511,0.04800009727478027,0.5870001316070557
1,1,10,black_box,obj_pwldr,75560.21577643887,75558.91899785084,0.06200003623962402,8.479999780654907
1,1,10,black_box,dr_pwldr,75532.40116638174,75531.24170532453,0.06200003623962402,8.479999780654907
1,1,10,black_box,reopt_pwldr,73696.35123795512,73696.35123795512,0.06200003623962402,8.479999780654907
1,1,10,local_search,obj_pwldr,75560.21577643887,75558.86223627048,0.06200003623962402,0.9940001964569092
1,1,10,local_search,dr_pwldr,75532.40116638174,75531.20500224012,0.06200003623962402,0.9940001964569092
1,1,10,local_search,reopt_pwldr,73696.35123795512,73696.35123795512,0.06200003623962402,0.9940001964569092
1,2,1,black_box,obj_pwldr,75725.26430763262,75495.82209909416,0.029000043869018555,2.0899999141693115
1,2,1,black_box,dr_pwldr,75702.87839781953,75477.67468740056,0.029000043869018555,2.0899999141693115
1,2,1,black_box,reopt_pwldr,73696.35123795512,73696.35123795512,0.029000043869018555,2.0899999141693115
1,2,1,local_search,obj_pwldr,75725.26430763262,75495.82209909415,0.029000043869018555,0.12000012397766113
1,2,1,local_search,dr_pwldr,75702.87839781953,75477.67468740056,0.029000043869018555,0.12000012397766113
1,2,1,local_search,reopt_pwldr,73696.35123795512,73696.35123795511,0.029000043869018555,0.12000012397766113
1,2,2,black_box,obj_pwldr,75567.59440563495,75496.6328337702,0.03900003433227539,4.36899995803833
1,2,2,black_box,dr_pwldr,75547.76929633114,75478.40351917478,0.03900003433227539,4.36899995803833
1,2,2,black_box,reopt_pwldr,73696.35123795512,73696.35123795512,0.03900003433227539,4.36899995803833
1,2,2,local_search,obj_pwldr,75567.59440563495,75496.6328337702,0.03900003433227539,0.10100007057189941
1,2,2,local_search,dr_pwldr,75547.76929633114,75478.40351917478,0.03900003433227539,0.10100007057189941
1,2,2,local_search,reopt_pwldr,73696.35123795512,73696.35123795512,0.03900003433227539,0.10100007057189941
1,2,3,black_box,obj_pwldr,75508.32893561335,75494.42197260265,0.06700015068054199,6.930000066757202
1,2,3,black_box,dr_pwldr,75489.66020019693,75476.27637875451,0.06700015068054199,6.930000066757202
1,2,3,black_box,reopt_pwldr,73696.35123795512,73696.35123795511,0.06700015068054199,6.930000066757202
1,2,3,local_search,obj_pwldr,75508.32893561335,75494.42197260265,0.06700015068054199,0.3989999294281006
1,2,3,local_search,dr_pwldr,75489.66020019693,75476.27637875451,0.06700015068054199,0.3989999294281006
1,2,3,local_search,reopt_pwldr,73696.35123795512,73696.35123795511,0.06700015068054199,0.3989999294281006
1,2,4,black_box,obj_pwldr,75536.13792485736,75494.37950001929,0.07599997520446777,10.410000085830688
1,2,4,black_box,dr_pwldr,75516.07341160692,75476.24305441578,0.07599997520446777,10.410000085830688
1,2,4,black_box,reopt_pwldr,73696.35123795511,73696.35123795512,0.07599997520446777,10.410000085830688
1,2,4,local_search,obj_pwldr,75536.13792485736,75494.37950001929,0.07599997520446777,0.690000057220459
1,2,4,local_search,dr_pwldr,75516.07341160692,75476.24305441578,0.07599997520446777,0.690000057220459
1,2,4,local_search,reopt_pwldr,73696.35123795511,73696.35123795512,0.07599997520446777,0.690000057220459
1,2,5,black_box,obj_pwldr,75528.35455821718,75494.62183293383,0.08100008964538574,14.023000001907349
1,2,5,black_box,dr_pwldr,75508.65424567038,75476.46670051967,0.08100008964538574,14.023000001907349
1,2,5,black_box,reopt_pwldr,73696.35123795514,73696.35123795512,0.08100008964538574,14.023000001907349
1,2,5,local_search,obj_pwldr,75528.35455821718,75494.25342453888,0.08100008964538574,1.806999921798706
1,2,5,local_search,dr_pwldr,75508.65424567038,75476.11557979436,0.08100008964538574,1.806999921798706
1,2,5,local_search,reopt_pwldr,73696.35123795514,73696.35123795512,0.08100008964538574,1.806999921798706
1,2,6,black_box,obj_pwldr,75506.16602325035,75494.30488304797,0.10300016403198242,17.193000078201294
1,2,6,black_box,dr_pwldr,75487.74564502003,75476.16201509605,0.10300016403198242,17.193000078201294
1,2,6,black_box,reopt_pwldr,73696.35123795512,73696.35123795512,0.10300016403198242,17.193000078201294
1,2,6,local_search,obj_pwldr,75506.16602325035,75494.26039614329,0.10300016403198242,1.875
1,2,6,local_search,dr_pwldr,75487.74564502003,75476.1208681089,0.10300016403198242,1.875
1,2,6,local_search,reopt_pwldr,73696.35123795512,73696.35123795512,0.10300016403198242,1.875
1,2,7,black_box,obj_pwldr,75502.80428686902,75494.21283096755,0.1510000228881836,20.249000072479248
1,2,7,black_box,dr_pwldr,75484.17519626133,75476.08255892081,0.1510000228881836,20.249000072479248
1,2,7,black_box,reopt_pwldr,73696.35123795512,73696.35123795512,0.1510000228881836,20.249000072479248
1,2,7,local_search,obj_pwldr,75502.80428686902,75494.21283096755,0.1510000228881836,1.812999963760376
1,2,7,local_search,dr_pwldr,75484.17519626133,75476.08255892081,0.1510000228881836,1.812999963760376
1,2,7,local_search,reopt_pwldr,73696.35123795512,73696.35123795512,0.1510000228881836,1.812999963760376
1,2,8,black_box,obj_pwldr,75509.4849399822,75494.43103354583,0.14600014686584473,24.009999990463257
1,2,8,black_box,dr_pwldr,75490.22945664541,75476.28152175886,0.14600014686584473,24.009999990463257
1,2,8,black_box,reopt_pwldr,73696.35123795512,73696.35123795512,0.14600014686584473,24.009999990463257
1,2,8,local_search,obj_pwldr,75509.4849399822,75494.43103354583,0.14600014686584473,2.812999963760376
1,2,8,local_search,dr_pwldr,75490.22945664541,75476.28152175886,0.14600014686584473,2.812999963760376
1,2,8,local_search,reopt_pwldr,73696.35123795512,73696.35123795512,0.14600014686584473,2.812999963760376
1,2,9,black_box,obj_pwldr,75505.97678749118,75494.31317061283,0.1979999542236328,27.417999982833862
1,2,9,black_box,dr_pwldr,75487.03430019435,75476.17129994796,0.1979999542236328,27.417999982833862
1,2,9,black_box,reopt_pwldr,73696.35123795512,73696.35123795511,0.1979999542236328,27.417999982833862
1,2,9,local_search,obj_pwldr,75505.97678749118,75494.31317061283,0.1979999542236328,3.2910001277923584
1,2,9,local_search,dr_pwldr,75487.03430019435,75476.17129994798,0.1979999542236328,3.2910001277923584
1,2,9,local_search,reopt_pwldr,73696.35123795512,73696.35123795512,0.1979999542236328,3.2910001277923584
1,2,10,black_box,obj_pwldr,75496.86783755066,75494.22363837843,0.19099998474121094,30.549999952316284
1,2,10,black_box,dr_pwldr,75478.6124342792,75476.09228166463,0.19099998474121094,30.549999952316284
1,2,10,black_box,reopt_pwldr,73696.35123795512,73696.35123795512,0.19099998474121094,30.549999952316284
1,2,10,local_search,obj_pwldr,75496.86783755066,75494.22363837843,0.19099998474121094,4.16700005531311
1,2,10,local_search,dr_pwldr,75478.6124342792,75476.09228166463,0.19099998474121094,4.16700005531311
1,2,10,local_search,reopt_pwldr,73696.35123795512,73696.35123795512,0.19099998474121094,4.16700005531311
1,3,1,black_box,obj_pwldr,75577.69586257263,75415.71972140743,0.03500008583068848,1.3389999866485596
1,3,1,black_box,dr_pwldr,75549.54616938064,75386.36662876076,0.03500008583068848,1.3389999866485596
1,3,1,black_box,reopt_pwldr,73696.35123795508,73696.35123795512,0.03500008583068848,1.3389999866485596
1,3,1,local_search,obj_pwldr,75577.69586257263,75415.71972140743,0.03500008583068848,0.05500006675720215
1,3,1,local_search,dr_pwldr,75549.54616938064,75386.36662876076,0.03500008583068848,0.05500006675720215
1,3,1,local_search,reopt_pwldr,73696.35123795508,73696.35123795512,0.03500008583068848,0.05500006675720215
1,3,2,black_box,obj_pwldr,75443.56243418358,75412.65147991646,0.02700018882751465,1.747999906539917
1,3,2,black_box,dr_pwldr,75412.65725775402,75383.63036057643,0.02700018882751465,1.747999906539917
1,3,2,black_box,reopt_pwldr,73696.35123795512,73696.35123795512,0.02700018882751465,1.747999906539917
1,3,2,local_search,obj_pwldr,75443.56243418358,75412.65147991646,0.02700018882751465,0.10099983215332031
1,3,2,local_search,dr_pwldr,75412.65725775402,75383.63036057643,0.02700018882751465,0.10099983215332031
1,3,2,local_search,reopt_pwldr,73696.35123795512,73696.35123795512,0.02700018882751465,0.10099983215332031
1,3,3,black_box,obj_pwldr,75427.29640619489,75411.87907281896,0.039999961853027344,2.1610000133514404
1,3,3,black_box,dr_pwldr,75398.77229180398,75382.91840710797,0.039999961853027344,2.1610000133514404
1,3,3,black_box,reopt_pwldr,73696.35123795512,73696.35123795512,0.039999961853027344,2.1610000133514404
1,3,3,local_search,obj_pwldr,75427.29640619489,75411.87907281896,0.039999961853027344,0.13899993896484375
1,3,3,local_search,dr_pwldr,75398.77229180398,75382.91840710797,0.039999961853027344,0.13899993896484375
1,3,3,local_search,reopt_pwldr,73696.35123795512,73696.35123795512,0.039999961853027344,0.13899993896484375
1,3,4,black_box,obj_pwldr,75439.37656240945,75411.86843248826,0.03699994087219238,2.554999828338623
1,3,4,black_box,dr_pwldr,75410.22588706049,75382.89673071606,0.03699994087219238,2.554999828338623
1,3,4,black_box,reopt_pwldr,73696.35123795512,73696.35123795512,0.03699994087219238,2.554999828338623
1,3,4,local_search,obj_pwldr,75439.37656240945,75411.86843248826,0.03699994087219238,0.17100000381469727
1,3,4,local_search,dr_pwldr,75410.22588706049,75382.89673071606,0.03699994087219238,0.17100000381469727
1,3,4,local_search,reopt_pwldr,73696.35123795512,73696.35123795512,0.03699994087219238,0.17100000381469727
1,3,5,black_box,obj_pwldr,75428.56407984326,75411.99052246768,0.03699994087219238,3.23799991607666
1,3,5,black_box,dr_pwldr,75398.32808872854,75383.01633429795,0.03699994087219238,3.23799991607666
1,3,5,black_box,reopt_pwldr,73696.35123795512,73696.35123795512,0.03699994087219238,3.23799991607666
1,3,5,local_search,obj_pwldr,75428.56407984326,75411.99052246768,0.03699994087219238,0.2390000820159912
1,3,5,local_search,dr_pwldr,75398.32808872854,75383.01633429795,0.03699994087219238,0.2390000820159912
1,3,5,local_search,reopt_pwldr,73696.35123795512,73696.35123795512,0.03699994087219238,0.2390000820159912
1,3,6,black_box,obj_pwldr,75416.80515281614,75411.9227267142,0.04400014877319336,3.621999979019165
1,3,6,black_box,dr_pwldr,75387.13588615909,75382.95640289568,0.04400014877319336,3.621999979019165
1,3,6,black_box,reopt_pwldr,73696.35123795512,73696.35123795511,0.04400014877319336,3.621999979019165
1,3,6,local_search,obj_pwldr,75416.80515281614,75411.9227267142,0.04400014877319336,0.2969999313354492
1,3,6,local_search,dr_pwldr,75387.13588615909,75382.95640289568,0.04400014877319336,0.2969999313354492
1,3,6,local_search,reopt_pwldr,73696.35123795512,73696.35123795511,0.04400014877319336,0.2969999313354492
1,3,7,black_box,obj_pwldr,75417.73181685117,75411.93253917163,0.0410001277923584,4.33899998664856
1,3,7,black_box,dr_pwldr,75388.66711997868,75382.96938809389,0.0410001277923584,4.33899998664856
1,3,7,black_box,reopt_pwldr,73696.35123795512,73696.35123795512,0.0410001277923584,4.33899998664856
1,3,7,local_search,obj_pwldr,75417.73181685117,75411.93253917163,0.0410001277923584,0.7799999713897705
1,3,7,local_search,dr_pwldr,75388.66711997868,75382.96938809389,0.0410001277923584,0.7799999713897705
1,3,7,local_search,reopt_pwldr,73696.35123795512,73696.35123795512,0.0410001277923584,0.7799999713897705
1,3,8,black_box,obj_pwldr,75420.199988422,75411.85175514882,0.06000018119812012,4.937999963760376
1,3,8,black_box,dr_pwldr,75390.89270172144,75382.89478088733,0.06000018119812012,4.937999963760376
1,3,8,black_box,reopt_pwldr,73696.35123795512,73696.35123795512,0.06000018119812012,4.937999963760376
1,3,8,local_search,obj_pwldr,75420.199988422,75411.85175514882,0.06000018119812012,0.505000114440918
1,3,8,local_search,dr_pwldr,75390.89270172144,75382.89478088733,0.06000018119812012,0.505000114440918
1,3,8,local_search,reopt_pwldr,73696.35123795512,73696.35123795512,0.06000018119812012,0.505000114440918
1,3,9,black_box,obj_pwldr,75417.36947903849,75411.85883057145,0.056999921798706055,5.460000038146973
1,3,9,black_box,dr_pwldr,75387.75444365048,75382.9026569396,0.056999921798706055,5.460000038146973
1,3,9,black_box,reopt_pwldr,73696.35123795512,73696.35123795512,0.056999921798706055,5.460000038146973
1,3,9,local_search,obj_pwldr,75417.36947903849,75411.85883057145,0.056999921798706055,0.5769999027252197
1,3,9,local_search,dr_pwldr,75387.75444365048,75382.9026569396,0.056999921798706055,0.5769999027252197
1,3,9,local_search,reopt_pwldr,73696.35123795512,73696.35123795512,0.056999921798706055,0.5769999027252197
1,3,10,black_box,obj_pwldr,75412.96936652936,75411.87448520194,0.06299996376037598,6.145999908447266
1,3,10,black_box,dr_pwldr,75383.85813298576,75382.916314351,0.06299996376037598,6.145999908447266
1,3,10,black_box,reopt_pwldr,73696.35123795512,73696.35123795512,0.06299996376037598,6.145999908447266
1,3,10,local_search,obj_pwldr,75412.96936652936,75411.87448520194,0.06299996376037598,0.7549998760223389
1,3,10,local_search,dr_pwldr,75383.85813298576,75382.916314351,0.06299996376037598,0.7549998760223389
1,3,10,local_search,reopt_pwldr,73696.35123795512,73696.35123795512,0.06299996376037598,0.7549998760223389
1,4,1,black_box,obj_pwldr,75698.2476207212,75530.39357763898,0.023000001907348633,1.3589999675750732
1,4,1,black_box,dr_pwldr,75674.43406890087,75498.66509521812,0.023000001907348633,1.3589999675750732
1,4,1,black_box,reopt_pwldr,73696.35123795512,73696.35123795511,0.023000001907348633,1.3589999675750732
1,4,1,local_search,obj_pwldr,75698.2476207212,75530.39357763898,0.023000001907348633,0.06599998474121094
1,4,1,local_search,dr_pwldr,75674.43406890087,75498.66509521812,0.023000001907348633,0.06599998474121094
1,4,1,local_search,reopt_pwldr,73696.35123795512,73696.35123795511,0.023000001907348633,0.06599998474121094
1,4,2,black_box,obj_pwldr,75572.92504583087,75526.4209509047,0.029000043869018555,1.696000099182129
1,4,2,black_box,dr_pwldr,75543.58598341096,75494.5016647972,0.029000043869018555,1.696000099182129
1,4,2,black_box,reopt_pwldr,73696.35123795512,73696.35123795512,0.029000043869018555,1.696000099182129
1,4,2,local_search,obj_pwldr,75572.92504583087,75526.4209509047,0.029000043869018555,0.09800004959106445
1,4,2,local_search,dr_pwldr,75543.58598341096,75494.5016647972,0.029000043869018555,0.09800004959106445
1,4,2,local_search,reopt_pwldr,73696.35123795512,73696.35123795512,0.029000043869018555,0.09800004959106445
1,4,3,black_box,obj_pwldr,75538.02512481794,75526.69539782021,0.03699994087219238,2.121999979019165
1,4,3,black_box,dr_pwldr,75506.86034103905,75494.78250587726,0.03699994087219238,2.121999979019165
1,4,3,black_box,reopt_pwldr,73696.35123795512,73696.35123795512,0.03699994087219238,2.121999979019165
1,4,3,local_search,obj_pwldr,75538.02512481794,75526.69539782021,0.03699994087219238,0.12400007247924805
1,4,3,local_search,dr_pwldr,75506.86034103905,75494.78250587726,0.03699994087219238,0.12400007247924805
1,4,3,local_search,reopt_pwldr,73696.35123795512,73696.35123795512,0.03699994087219238,0.12400007247924805
1,4,4,black_box,obj_pwldr,75551.99542714743,75526.58331389549,0.042999982833862305,2.5769999027252197
1,4,4,black_box,dr_pwldr,75521.73092933137,75494.67439640709,0.042999982833862305,2.5769999027252197
1,4,4,black_box,reopt_pwldr,73696.35123795512,73696.35123795511,0.042999982833862305,2.5769999027252197
1,4,4,local_search,obj_pwldr,75551.99542714743,75526.58331389549,0.042999982833862305,0.1700000762939453
1,4,4,local_search,dr_pwldr,75521.73092933137,75494.67439640709,0.042999982833862305,0.1700000762939453
1,4,4,local_search,reopt_pwldr,73696.35123795512,73696.35123795511,0.042999982833862305,0.1700000762939453
1,4,5,black_box,obj_pwldr,75544.98893601968,75526.5635415207,0.042999982833862305,3.136000156402588
1,4,5,black_box,dr_pwldr,75514.03696234146,75494.64798181395,0.042999982833862305,3.136000156402588
1,4,5,black_box,reopt_pwldr,73696.35123795511,73696.35123795512,0.042999982833862305,3.136000156402588
1,4,5,local_search,obj_pwldr,75544.98893601968,75526.56354152065,0.042999982833862305,0.501000165939331
1,4,5,local_search,dr_pwldr,75514.03696234146,75494.6479818139,0.042999982833862305,0.501000165939331
1,4,5,local_search,reopt_pwldr,73696.35123795511,73696.35123795512,0.042999982833862305,0.501000165939331
1,4,6,black_box,obj_pwldr,75532.73337967339,75526.39658257572,0.046000003814697266,3.995000123977661
1,4,6,black_box,dr_pwldr,75501.0574428603,75494.47501595742,0.046000003814697266,3.995000123977661
1,4,6,black_box,reopt_pwldr,73696.35123795512,73696.35123795512,0.046000003814697266,3.995000123977661
1,4,6,local_search,obj_pwldr,75532.73337967339,75526.39658257573,0.046000003814697266,0.31800007820129395
1,4,6,local_search,dr_pwldr,75501.0574428603,75494.47501595742,0.046000003814697266,0.31800007820129395
1,4,6,local_search,reopt_pwldr,73696.35123795512,73696.35123795512,0.046000003814697266,0.31800007820129395
1,4,7,black_box,obj_pwldr,75531.615157754,75526.4067050371,0.05799984931945801,4.442000150680542
1,4,7,black_box,dr_pwldr,75500.24518771775,75494.48580593805,0.05799984931945801,4.442000150680542
1,4,7,black_box,reopt_pwldr,73696.35123795512,73696.35123795512,0.05799984931945801,4.442000150680542
1,4,7,local_search,obj_pwldr,75531.615157754,75526.4067050371,0.05799984931945801,0.37600016593933105
1,4,7,local_search,dr_pwldr,75500.24518771775,75494.48580593805,0.05799984931945801,0.37600016593933105
1,4,7,local_search,reopt_pwldr,73696.35123795512,73696.35123795512,0.05799984931945801,0.37600016593933105
1,4,8,black_box,obj_pwldr,75534.78818856383,75526.35542024099,0.05200004577636719,4.9079999923706055
1,4,8,black_box,dr_pwldr,75503.71722186009,75494.42299489013,0.05200004577636719,4.9079999923706055
1,4,8,black_box,reopt_pwldr,73696.35123795512,73696.35123795512,0.05200004577636719,4.9079999923706055
1,4,8,local_search,obj_pwldr,75534.78818856383,75526.33133716712,0.05200004577636719,0.7549998760223389
1,4,8,local_search,dr_pwldr,75503.71722186009,75494.40506022611,0.05200004577636719,0.7549998760223389
1,4,8,local_search,reopt_pwldr,73696.35123795512,73696.35123795512,0.05200004577636719,0.7549998760223389
1,4,9,black_box,obj_pwldr,75532.54360520831,75526.34024953489,0.053999900817871094,5.479999780654907
1,4,9,black_box,dr_pwldr,75501.01172975577,75494.41780622854,0.053999900817871094,5.479999780654907
1,4,9,black_box,reopt_pwldr,73696.35123795512,73696.35123795512,0.053999900817871094,5.479999780654907
1,4,9,local_search,obj_pwldr,75532.54360520831,75526.34024953489,0.053999900817871094,0.5789999961853027
1,4,9,local_search,dr_pwldr,75501.01172975577,75494.41780622854,0.053999900817871094,0.5789999961853027
1,4,9,local_search,reopt_pwldr,73696.35123795512,73696.35123795512,0.053999900817871094,0.5789999961853027
1,4,10,black_box,obj_pwldr,75527.71335525314,75526.37621765904,0.05299997329711914,6.20199990272522
1,4,10,black_box,dr_pwldr,75495.84322024819,75494.4597843688,0.05299997329711914,6.20199990272522
1,4,10,black_box,reopt_pwldr,73696.35123795512,73696.35123795512,0.05299997329711914,6.20199990272522
1,4,10,local_search,obj_pwldr,75527.71335525314,75526.37621765904,0.05299997329711914,0.7440001964569092
1,4,10,local_search,dr_pwldr,75495.84322024819,75494.4597843688,0.05299997329711914,0.7440001964569092
1,4,10,local_search,reopt_pwldr,73696.35123795512,73696.35123795512,0.05299997329711914,0.7440001964569092
2,1,1,black_box,obj_pwldr,62727.02138707388,62549.937586009124,0.023000001907348633,1.24399995803833
2,1,1,black_box,dr_pwldr,62749.574871500605,62570.08343427278,0.023000001907348633,1.24399995803833
2,1,1,black_box,reopt_pwldr,60750.12611531806,60750.12611531806,0.023000001907348633,1.24399995803833
2,1,1,local_search,obj_pwldr,62727.02138707388,62549.937586009124,0.023000001907348633,0.06100010871887207
2,1,1,local_search,dr_pwldr,62749.574871500605,62570.08343427278,0.023000001907348633,0.06100010871887207
2,1,1,local_search,reopt_pwldr,60750.12611531806,60750.12611531806,0.023000001907348633,0.06100010871887207
2,1,2,black_box,obj_pwldr,62609.72824016805,62552.0108942344,0.0280001163482666,1.5910000801086426
2,1,2,black_box,dr_pwldr,62631.005782899025,62572.10757002202,0.0280001163482666,1.5910000801086426
2,1,2,black_box,reopt_pwldr,60750.12611531806,60750.12611531806,0.0280001163482666,1.5910000801086426
2,1,2,local_search,obj_pwldr,62609.72824016805,62549.98066349789,0.0280001163482666,0.18700003623962402
2,1,2,local_search,dr_pwldr,62631.005782899025,62570.126450864846,0.0280001163482666,0.18700003623962402
2,1,2,local_search,reopt_pwldr,60750.12611531806,60750.12611531806,0.0280001163482666,0.18700003623962402
2,1,3,black_box,obj_pwldr,62551.08166671513,62549.950639857874,0.0280001163482666,1.9140000343322754
2,1,3,black_box,dr_pwldr,62571.25034291872,62570.09493361426,0.0280001163482666,1.9140000343322754
2,1,3,black_box,reopt_pwldr,60750.12611531806,60750.12611531806,0.0280001163482666,1.9140000343322754
2,1,3,local_search,obj_pwldr,62551.08166671513,62549.950639857874,0.0280001163482666,0.12200021743774414
2,1,3,local_search,dr_pwldr,62571.25034291872,62570.09493361426,0.0280001163482666,0.12200021743774414
2,1,3,local_search,reopt_pwldr,60750.12611531806,60750.12611531806,0.0280001163482666,0.12200021743774414
2,1,4,black_box,obj_pwldr,62570.682172024164,62550.690932131394,0.037999868392944336,2.3420000076293945
2,1,4,black_box,dr_pwldr,62591.02301629505,62570.86388505226,0.037999868392944336,2.3420000076293945
2,1,4,black_box,reopt_pwldr,60750.12611531806,60750.12611531806,0.037999868392944336,2.3420000076293945
2,1,4,local_search,obj_pwldr,62570.682172024164,62550.690932131394,0.037999868392944336,0.15700006484985352
2,1,4,local_search,dr_pwldr,62591.02301629505,62570.86388505226,0.037999868392944336,0.15700006484985352
2,1,4,local_search,reopt_pwldr,60750.12611531806,60750.12611531806,0.037999868392944336,0.15700006484985352
2,1,5,black_box,obj_pwldr,62569.58034318971,62550.027835732435,0.04800009727478027,2.859999895095825
2,1,5,black_box,dr_pwldr,62590.362421198035,62570.17631772066,0.04800009727478027,2.859999895095825
2,1,5,black_box,reopt_pwldr,60750.12611531805,60750.12611531805,0.04800009727478027,2.859999895095825
2,1,5,local_search,obj_pwldr,62569.58034318971,62550.02783573244,0.04800009727478027,0.21599984169006348
2,1,5,local_search,dr_pwldr,62590.362421198035,62570.17631772066,0.04800009727478027,0.21599984169006348
2,1,5,local_search,reopt_pwldr,60750.12611531805,60750.12611531806,0.04800009727478027,0.21599984169006348
2,1,6,black_box,obj_pwldr,62561.08192452587,62549.92105105642,0.04900002479553223,3.2279999256134033
2,1,6,black_box,dr_pwldr,62581.37507841793,62570.069698832485,0.04900002479553223,3.2279999256134033
2,1,6,black_box,reopt_pwldr,60750.12611531806,60750.12611531806,0.04900002479553223,3.2279999256134033
2,1,6,local_search,obj_pwldr,62561.08192452587,62549.92105105642,0.04900002479553223,0.30299997329711914
2,1,6,local_search,dr_pwldr,62581.37507841793,62570.069698832485,0.04900002479553223,0.30299997329711914
2,1,6,local_search,reopt_pwldr,60750.12611531806,60750.12611531806,0.04900002479553223,0.30299997329711914
2,1,7,black_box,obj_pwldr,62550.49093970965,62549.92581328673,0.04200005531311035,3.7840001583099365
2,1,7,black_box,dr_pwldr,62570.65687255467,62570.073436644874,0.04200005531311035,3.7840001583099365
2,1,7,black_box,reopt_pwldr,60750.12611531806,60750.12611531806,0.04200005531311035,3.7840001583099365
2,1,7,local_search,obj_pwldr,62550.49093970965,62549.92581328673,0.04200005531311035,0.3359999656677246
2,1,7,local_search,dr_pwldr,62570.65687255467,62570.073436644874,0.04200005531311035,0.3359999656677246
2,1,7,local_search,reopt_pwldr,60750.12611531806,60750.12611531806,0.04200005531311035,0.3359999656677246
2,1,8,black_box,obj_pwldr,62556.197710863584,62549.94651180404,0.05299997329711914,4.35099983215332
2,1,8,black_box,dr_pwldr,62576.441405433,62570.09331728239,0.05299997329711914,4.35099983215332
2,1,8,black_box,reopt_pwldr,60750.12611531806,60750.12611531806,0.05299997329711914,4.35099983215332
2,1,8,local_search,obj_pwldr,62556.197710863584,62549.94651180404,0.05299997329711914,0.46700000762939453
2,1,8,local_search,dr_pwldr,62576.441405433,62570.09331728239,0.05299997329711914,0.46700000762939453
2,1,8,local_search,reopt_pwldr,60750.12611531806,60750.12611531806,0.05299997329711914,0.46700000762939453
2,1,9,black_box,obj_pwldr,62556.98505967897,62549.91138961328,0.0559999942779541,5.1570000648498535
2,1,9,black_box,dr_pwldr,62577.168949467785,62570.056786915426,0.0559999942779541,5.1570000648498535
2,1,9,black_box,reopt_pwldr,60750.12611531805,60750.12611531805,0.0559999942779541,5.1570000648498535
2,1,9,local_search,obj_pwldr,62556.98505967897,62549.91138961328,0.0559999942779541,0.559999942779541
2,1,9,local_search,dr_pwldr,62577.168949467785,62570.056786915426,0.0559999942779541,0.559999942779541
2,1,9,local_search,reopt_pwldr,60750.12611531805,60750.12611531805,0.0559999942779541,0.559999942779541
2,1,10,black_box,obj_pwldr,62554.50645659964,62549.92433193579,0.04800009727478027,5.928999900817871
2,1,10,black_box,dr_pwldr,62574.74983681499,62570.07175976005,0.04800009727478027,5.928999900817871
2,1,10,black_box,reopt_pwldr,60750.12611531806,60750.12611531806,0.04800009727478027,5.928999900817871
2,1,10,local_search,obj_pwldr,62554.50645659964,62549.924331935785,0.04800009727478027,1.4159998893737793
2,1,10,local_search,dr_pwldr,62574.74983681499,62570.07175976005,0.04800009727478027,1.4159998893737793
2,1,10,local_search,reopt_pwldr,60750.12611531806,60750.12611531806,0.04800009727478027,1.4159998893737793
2,2,1,black_box,obj_pwldr,62725.10652875054,62482.51328893744,0.029000043869018555,2.0390000343322754
2,2,1,black_box,dr_pwldr,62747.88429877737,62497.73545124933,0.029000043869018555,2.0390000343322754
2,2,1,black_box,reopt_pwldr,60750.12611531806,60750.12611531806,0.029000043869018555,2.0390000343322754
2,2,1,local_search,obj_pwldr,62725.10652875054,62482.51328893744,0.029000043869018555,0.12400007247924805
2,2,1,local_search,dr_pwldr,62747.88429877737,62497.73545124933,0.029000043869018555,0.12400007247924805
2,2,1,local_search,reopt_pwldr,60750.12611531806,60750.12611531806,0.029000043869018555,0.12400007247924805
2,2,2,black_box,obj_pwldr,62571.42982138684,62481.8009885344,0.04200005531311035,4.332000017166138
2,2,2,black_box,dr_pwldr,62590.888391467066,62497.015705827274,0.04200005531311035,4.332000017166138
2,2,2,black_box,reopt_pwldr,60750.12611531806,60750.12611531806,0.04200005531311035,4.332000017166138
2,2,2,local_search,obj_pwldr,62571.42982138684,62481.8009885344,0.04200005531311035,0.2669999599456787
2,2,2,local_search,dr_pwldr,62590.888391467066,62497.015705827274,0.04200005531311035,0.2669999599456787
2,2,2,local_search,reopt_pwldr,60750.12611531806,60750.12611531806,0.04200005531311035,0.2669999599456787
2,2,3,black_box,obj_pwldr,62483.182245853015,62481.7709212648,0.054000139236450195,6.825000047683716
2,2,3,black_box,dr_pwldr,62498.42145173849,62496.97041544588,0.054000139236450195,6.825000047683716
2,2,3,black_box,reopt_pwldr,60750.12611531806,60750.12611531806,0.054000139236450195,6.825000047683716
2,2,3,local_search,obj_pwldr,62483.182245853015,62481.7709212648,0.054000139236450195,0.3940000534057617
2,2,3,local_search,dr_pwldr,62498.42145173849,62496.97041544588,0.054000139236450195,0.3940000534057617
2,2,3,local_search,reopt_pwldr,60750.12611531806,60750.12611531806,0.054000139236450195,0.3940000534057617
2,2,4,black_box,obj_pwldr,62518.34066104903,62482.05161210802,0.0819997787475586,10.757999897003174
2,2,4,black_box,dr_pwldr,62534.18920195045,62497.28172604499,0.0819997787475586,10.757999897003174
2,2,4,black_box,reopt_pwldr,60750.12611531807,60750.12611531806,0.0819997787475586,10.757999897003174
2,2,4,local_search,obj_pwldr,62518.34066104903,62482.05161210802,0.0819997787475586,0.7039999961853027
2,2,4,local_search,dr_pwldr,62534.18920195045,62497.28172604499,0.0819997787475586,0.7039999961853027
2,2,4,local_search,reopt_pwldr,60750.12611531807,60750.12611531806,0.0819997787475586,0.7039999961853027
2,2,5,black_box,obj_pwldr,62518.924979116084,62481.622827493826,0.0820000171661377,13.269999980926514
2,2,5,black_box,dr_pwldr,62535.56008204672,62496.822766383724,0.0820000171661377,13.269999980926514
2,2,5,black_box,reopt_pwldr,60750.12611531806,60750.12611531806,0.0820000171661377,13.269999980926514
2,2,5,local_search,obj_pwldr,62518.924979116084,62481.622827493826,0.0820000171661377,1.1059999465942383
2,2,5,local_search,dr_pwldr,62535.56008204672,62496.822766383724,0.0820000171661377,1.1059999465942383
2,2,5,local_search,reopt_pwldr,60750.12611531806,60750.12611531806,0.0820000171661377,1.1059999465942383
2,2,6,black_box,obj_pwldr,62502.48251698308,62481.78498290843,0.1119999885559082,16.693000078201294
2,2,6,black_box,dr_pwldr,62518.59502597149,62496.98969247598,0.1119999885559082,16.693000078201294
2,2,6,black_box,reopt_pwldr,60750.12611531806,60750.12611531805,0.1119999885559082,16.693000078201294
2,2,6,local_search,obj_pwldr,62502.48251698308,62481.78498290843,0.1119999885559082,1.6770000457763672
2,2,6,local_search,dr_pwldr,62518.59502597149,62496.98969247598,0.1119999885559082,1.6770000457763672
2,2,6,local_search,reopt_pwldr,60750.12611531806,60750.12611531805,0.1119999885559082,1.6770000457763672
2,2,7,black_box,obj_pwldr,62482.61203672615,62481.616653273806,0.12899994850158691,20.478999853134155
2,2,7,black_box,dr_pwldr,62497.822925571614,62496.79420244674,0.12899994850158691,20.478999853134155
2,2,7,black_box,reopt_pwldr,60750.12611531806,60750.12611531806,0.12899994850158691,20.478999853134155
2,2,7,local_search,obj_pwldr,62482.61203672615,62481.616653273806,0.12899994850158691,1.8970000743865967
2,2,7,local_search,dr_pwldr,62497.822925571614,62496.79420244674,0.12899994850158691,1.8970000743865967
2,2,7,local_search,reopt_pwldr,60750.12611531806,60750.12611531806,0.12899994850158691,1.8970000743865967
2,2,8,black_box,obj_pwldr,62493.67650354001,62481.68824078352,0.1659998893737793,23.447999954223633
2,2,8,black_box,dr_pwldr,62509.33465917874,62496.89009157989,0.1659998893737793,23.447999954223633
2,2,8,black_box,reopt_pwldr,60750.12611531806,60750.12611531806,0.1659998893737793,23.447999954223633
2,2,8,local_search,obj_pwldr,62493.67650354001,62481.68824078352,0.1659998893737793,2.5820000171661377
2,2,8,local_search,dr_pwldr,62509.33465917874,62496.89009157989,0.1659998893737793,2.5820000171661377
2,2,8,local_search,reopt_pwldr,60750.12611531806,60750.12611531806,0.1659998893737793,2.5820000171661377
2,2,9,black_box,obj_pwldr,62495.49119854439,62481.64119356754,0.1770000457763672,27.668999910354614
2,2,9,black_box,dr_pwldr,62511.06125539736,62496.82795320279,0.1770000457763672,27.668999910354614
2,2,9,black_box,reopt_pwldr,60750.12611531805,60750.12611531806,0.1770000457763672,27.668999910354614
2,2,9,local_search,obj_pwldr,62495.49119854439,62481.64119356754,0.1770000457763672,2.9159998893737793
2,2,9,local_search,dr_pwldr,62511.06125539736,62496.82795320279,0.1770000457763672,2.9159998893737793
2,2,9,local_search,reopt_pwldr,60750.12611531805,60750.12611531806,0.1770000457763672,2.9159998893737793
2,2,10,black_box,obj_pwldr,62490.53333620298,62481.64192764314,0.1790001392364502,30.566999912261963
2,2,10,black_box,dr_pwldr,62505.940811803535,62496.834542576136,0.1790001392364502,30.566999912261963
2,2,10,black_box,reopt_pwldr,60750.12611531806,60750.12611531806,0.1790001392364502,30.566999912261963
2,2,10,local_search,obj_pwldr,62490.53333620298,62481.641927643155,0.1790001392364502,3.5869998931884766
2,2,10,local_search,dr_pwldr,62505.940811803535,62496.834542576136,0.1790001392364502,3.5869998931884766
2,2,10,local_search,reopt_pwldr,60750.12611531806,60750.12611531806,0.1790001392364502,3.5869998931884766
2,3,1,black_box,obj_pwldr,62581.27544583446,62417.515597984144,0.020999908447265625,1.2630000114440918
2,3,1,black_box,dr_pwldr,62600.57610286268,62442.92820751865,0.020999908447265625,1.2630000114440918
2,3,1,black_box,reopt_pwldr,60750.12611531806,60750.12611531806,0.020999908447265625,1.2630000114440918
2,3,1,local_search,obj_pwldr,62581.27544583446,62413.121484793606,0.020999908447265625,0.10199999809265137
2,3,1,local_search,dr_pwldr,62600.57610286268,62439.09871058936,0.020999908447265625,0.10199999809265137
2,3,1,local_search,reopt_pwldr,60750.12611531806,60750.12611531806,0.020999908447265625,0.10199999809265137
2,3,2,black_box,obj_pwldr,62450.53912037811,62413.16247314916,0.03600001335144043,1.6649999618530273
2,3,2,black_box,dr_pwldr,62472.83166911205,62439.1354756971,0.03600001335144043,1.6649999618530273
2,3,2,black_box,reopt_pwldr,60750.12611531806,60750.12611531806,0.03600001335144043,1.6649999618530273
2,3,2,local_search,obj_pwldr,62450.53912037811,62413.16247314916,0.03600001335144043,0.08800005912780762
2,3,2,local_search,dr_pwldr,62472.83166911205,62439.1354756971,0.03600001335144043,0.08800005912780762
2,3,2,local_search,reopt_pwldr,60750.12611531806,60750.12611531806,0.03600001335144043,0.08800005912780762
2,3,3,black_box,obj_pwldr,62413.551389154854,62413.04060797021,0.0410001277923584,2.120000123977661
2,3,3,black_box,dr_pwldr,62439.48113354223,62439.02684952947,0.0410001277923584,2.120000123977661
2,3,3,black_box,reopt_pwldr,60750.12611531806,60750.12611531806,0.0410001277923584,2.120000123977661
2,3,3,local_search,obj_pwldr,62413.551389154854,62413.04060797021,0.0410001277923584,0.12199997901916504
2,3,3,local_search,dr_pwldr,62439.48113354223,62439.02684952947,0.0410001277923584,0.12199997901916504
2,3,3,local_search,reopt_pwldr,60750.12611531806,60750.12611531806,0.0410001277923584,0.12199997901916504
2,3,4,black_box,obj_pwldr,62435.898078229446,62413.182716379015,0.03299999237060547,2.617999792098999
2,3,4,black_box,dr_pwldr,62460.19115805286,62439.153609330155,0.03299999237060547,2.617999792098999
2,3,4,black_box,reopt_pwldr,60750.12611531805,60750.12611531805,0.03299999237060547,2.617999792098999
2,3,4,local_search,obj_pwldr,62435.898078229446,62413.182716379015,0.03299999237060547,0.17199993133544922
2,3,4,local_search,dr_pwldr,62460.19115805286,62439.153609330155,0.03299999237060547,0.17199993133544922
2,3,4,local_search,reopt_pwldr,60750.12611531805,60750.12611531805,0.03299999237060547,0.17199993133544922
2,3,5,black_box,obj_pwldr,62430.470585947405,62413.11127012695,0.04499983787536621,3.136000156402588
2,3,5,black_box,dr_pwldr,62454.67496185,62439.07929721374,0.04499983787536621,3.136000156402588
2,3,5,black_box,reopt_pwldr,60750.12611531806,60750.12611531806,0.04499983787536621,3.136000156402588
2,3,5,local_search,obj_pwldr,62430.470585947405,62413.11127012695,0.04499983787536621,0.4829998016357422
2,3,5,local_search,dr_pwldr,62454.67496185,62439.07929721374,0.04499983787536621,0.4829998016357422
2,3,5,local_search,reopt_pwldr,60750.12611531806,60750.12611531806,0.04499983787536621,0.4829998016357422
2,3,6,black_box,obj_pwldr,62421.31889335044,62413.05713522987,0.0409998893737793,3.807999849319458
2,3,6,black_box,dr_pwldr,62446.422427931284,62439.04098943032,0.0409998893737793,3.807999849319458
2,3,6,black_box,reopt_pwldr,60750.12611531806,60750.12611531806,0.0409998893737793,3.807999849319458
2,3,6,local_search,obj_pwldr,62421.31889335044,62413.05713522989,0.0409998893737793,0.26999998092651367
2,3,6,local_search,dr_pwldr,62446.422427931284,62439.04098943032,0.0409998893737793,0.26999998092651367
2,3,6,local_search,reopt_pwldr,60750.12611531806,60750.12611531806,0.0409998893737793,0.26999998092651367
2,3,7,black_box,obj_pwldr,62413.36140666345,62413.02428619037,0.051000118255615234,4.596999883651733
2,3,7,black_box,dr_pwldr,62439.31799390992,62439.00195842973,0.051000118255615234,4.596999883651733
2,3,7,black_box,reopt_pwldr,60750.12611531806,60750.12611531806,0.051000118255615234,4.596999883651733
2,3,7,local_search,obj_pwldr,62413.36140666345,62413.02428619037,0.051000118255615234,0.375
2,3,7,local_search,dr_pwldr,62439.31799390992,62439.00195842973,0.051000118255615234,0.375
2,3,7,local_search,reopt_pwldr,60750.12611531806,60750.12611531806,0.051000118255615234,0.375
2,3,8,black_box,obj_pwldr,62419.27902100234,62413.035098940105,0.0559999942779541,4.957000017166138
2,3,8,black_box,dr_pwldr,62444.58211667014,62439.00480785406,0.0559999942779541,4.957000017166138
2,3,8,black_box,reopt_pwldr,60750.12611531806,60750.12611531806,0.0559999942779541,4.957000017166138
2,3,8,local_search,obj_pwldr,62419.27902100234,62413.035098940105,0.0559999942779541,0.5269999504089355
2,3,8,local_search,dr_pwldr,62444.58211667014,62439.00480785406,0.0559999942779541,0.5269999504089355
2,3,8,local_search,reopt_pwldr,60750.12611531806,60750.12611531806,0.0559999942779541,0.5269999504089355
2,3,9,black_box,obj_pwldr,62419.22596072224,62413.02003851063,0.04700016975402832,5.425999879837036
2,3,9,black_box,dr_pwldr,62444.34038099047,62439.00823819547,0.04700016975402832,5.425999879837036
2,3,9,black_box,reopt_pwldr,60750.12611531806,60750.12611531805,0.04700016975402832,5.425999879837036
2,3,9,local_search,obj_pwldr,62419.22596072224,62413.02003851063,0.04700016975402832,0.6360001564025879
2,3,9,local_search,dr_pwldr,62444.34038099047,62439.00823819547,0.04700016975402832,0.6360001564025879
2,3,9,local_search,reopt_pwldr,60750.12611531806,60750.12611531805,0.04700016975402832,0.6360001564025879
2,3,10,black_box,obj_pwldr,62416.615503482564,62413.050854451285,0.05500006675720215,6.213000059127808
2,3,10,black_box,dr_pwldr,62441.98402224586,62439.01195262027,0.05500006675720215,6.213000059127808
2,3,10,black_box,reopt_pwldr,60750.12611531806,60750.12611531806,0.05500006675720215,6.213000059127808
2,3,10,local_search,obj_pwldr,62416.615503482564,62412.999683002214,0.05500006675720215,0.8599998950958252
2,3,10,local_search,dr_pwldr,62441.98402224586,62438.987398792,0.05500006675720215,0.8599998950958252
2,3,10,local_search,reopt_pwldr,60750.12611531806,60750.12611531806,0.05500006675720215,0.8599998950958252
2,4,1,black_box,obj_pwldr,62698.774074453206,62523.32625282368,0.021999835968017578,1.2350001335144043
2,4,1,black_box,dr_pwldr,62721.88017731569,62552.648672504125,0.021999835968017578,1.2350001335144043
2,4,1,black_box,reopt_pwldr,60750.12611531806,60750.12611531806,0.021999835968017578,1.2350001335144043
2,4,1,local_search,obj_pwldr,62698.774074453206,62523.32625282368,0.021999835968017578,0.054000139236450195
2,4,1,local_search,dr_pwldr,62721.88017731569,62552.648672504125,0.021999835968017578,0.054000139236450195
2,4,1,local_search,reopt_pwldr,60750.12611531806,60750.12611531806,0.021999835968017578,0.054000139236450195
2,4,2,black_box,obj_pwldr,62576.625456210415,62519.27772428209,0.026000022888183594,1.6779999732971191
2,4,2,black_box,dr_pwldr,62603.671236676906,62548.87359190036,0.026000022888183594,1.6779999732971191
2,4,2,black_box,reopt_pwldr,60750.12611531806,60750.12611531806,0.026000022888183594,1.6779999732971191
2,4,2,local_search,obj_pwldr,62576.625456210415,62519.24776513605,0.026000022888183594,0.1400001049041748
2,4,2,local_search,dr_pwldr,62603.671236676906,62548.859599387884,0.026000022888183594,0.1400001049041748
2,4,2,local_search,reopt_pwldr,60750.12611531806,60750.12611531806,0.026000022888183594,0.1400001049041748
2,4,3,black_box,obj_pwldr,62520.09545664801,62519.043224976995,0.029999971389770508,2.180999994277954
2,4,3,black_box,dr_pwldr,62549.64374362235,62548.65976483082,0.029999971389770508,2.180999994277954
2,4,3,black_box,reopt_pwldr,60750.12611531806,60750.12611531806,0.029999971389770508,2.180999994277954
2,4,3,local_search,obj_pwldr,62520.09545664801,62519.043224976995,0.029999971389770508,0.11900019645690918
2,4,3,local_search,dr_pwldr,62549.64374362235,62548.65976483082,0.029999971389770508,0.11900019645690918
2,4,3,local_search,reopt_pwldr,60750.12611531806,60750.12611531806,0.029999971389770508,0.11900019645690918
2,4,4,black_box,obj_pwldr,62541.02880289823,62519.08352778434,0.046000003814697266,2.5310001373291016
2,4,4,black_box,dr_pwldr,62570.34322955797,62548.702227408954,0.046000003814697266,2.5310001373291016
2,4,4,black_box,reopt_pwldr,60750.12611531806,60750.12611531806,0.046000003814697266,2.5310001373291016
2,4,4,local_search,obj_pwldr,62541.02880289823,62519.08352778434,0.046000003814697266,0.18400001525878906
2,4,4,local_search,dr_pwldr,62570.34322955797,62548.702227408954,0.046000003814697266,0.18400001525878906
2,4,4,local_search,reopt_pwldr,60750.12611531806,60750.12611531806,0.046000003814697266,0.18400001525878906
2,4,5,black_box,obj_pwldr,62539.24556979856,62519.135069412325,0.042999982833862305,3.066999912261963
2,4,5,black_box,dr_pwldr,62568.25164040003,62548.75679015545,0.042999982833862305,3.066999912261963
2,4,5,black_box,reopt_pwldr,60750.12611531806,60750.12611531806,0.042999982833862305,3.066999912261963
2,4,5,local_search,obj_pwldr,62539.24556979856,62519.135069412325,0.042999982833862305,0.23200011253356934
2,4,5,local_search,dr_pwldr,62568.25164040003,62548.75679015545,0.042999982833862305,0.23200011253356934
2,4,5,local_search,reopt_pwldr,60750.12611531806,60750.12611531806,0.042999982833862305,0.23200011253356934
2,4,6,black_box,obj_pwldr,62530.221795738005,62519.02239668283,0.042999982833862305,3.5759999752044678
2,4,6,black_box,dr_pwldr,62559.427181140854,62548.64299627368,0.042999982833862305,3.5759999752044678
2,4,6,black_box,reopt_pwldr,60750.12611531806,60750.12611531806,0.042999982833862305,3.5759999752044678
2,4,6,local_search,obj_pwldr,62530.221795738005,62519.02239668283,0.042999982833862305,0.3059999942779541
2,4,6,local_search,dr_pwldr,62559.427181140854,62548.64299627368,0.042999982833862305,0.3059999942779541
2,4,6,local_search,reopt_pwldr,60750.12611531806,60750.12611531806,0.042999982833862305,0.3059999942779541
2,4,7,black_box,obj_pwldr,62519.57549972349,62519.0407166992,0.04400014877319336,4.171999931335449
2,4,7,black_box,dr_pwldr,62549.15359870477,62548.6573070679,0.04400014877319336,4.171999931335449
2,4,7,black_box,reopt_pwldr,60750.12611531805,60750.12611531806,0.04400014877319336,4.171999931335449
2,4,7,local_search,obj_pwldr,62519.57549972349,62519.04071669918,0.04400014877319336,0.7880001068115234
2,4,7,local_search,dr_pwldr,62549.15359870477,62548.657307067886,0.04400014877319336,0.7880001068115234
2,4,7,local_search,reopt_pwldr,60750.12611531805,60750.12611531805,0.04400014877319336,0.7880001068115234
2,4,8,black_box,obj_pwldr,62525.5964689111,62519.07579389461,0.04999995231628418,4.765000104904175
2,4,8,black_box,dr_pwldr,62555.1429689241,62548.70003237671,0.04999995231628418,4.765000104904175
2,4,8,black_box,reopt_pwldr,60750.12611531805,60750.12611531805,0.04999995231628418,4.765000104904175
2,4,8,local_search,obj_pwldr,62525.5964689111,62519.07579389461,0.04999995231628418,0.48000001907348633
2,4,8,local_search,dr_pwldr,62555.1429689241,62548.70003237671,0.04999995231628418,0.48000001907348633
2,4,8,local_search,reopt_pwldr,60750.12611531805,60750.12611531805,0.04999995231628418,0.48000001907348633
2,4,9,black_box,obj_pwldr,62526.292499334886,62519.07737783677,0.0559999942779541,5.440999984741211
2,4,9,black_box,dr_pwldr,62555.72398220161,62548.69044778531,0.0559999942779541,5.440999984741211
2,4,9,black_box,reopt_pwldr,60750.12611531806,60750.12611531806,0.0559999942779541,5.440999984741211
2,4,9,local_search,obj_pwldr,62526.292499334886,62519.07737783677,0.0559999942779541,0.7330000400543213
2,4,9,local_search,dr_pwldr,62555.72398220161,62548.69044778531,0.0559999942779541,0.7330000400543213
2,4,9,local_search,reopt_pwldr,60750.12611531806,60750.12611531806,0.0559999942779541,0.7330000400543213
2,4,10,black_box,obj_pwldr,62523.666004298306,62519.021145342755,0.06099987030029297,6.586999893188477
2,4,10,black_box,dr_pwldr,62553.03767302513,62548.64096218161,0.06099987030029297,6.586999893188477
2,4,10,black_box,reopt_pwldr,60750.12611531806,60750.12611531805,0.06099987030029297,6.586999893188477
2,4,10,local_search,obj_pwldr,62523.666004298306,62519.021145342755,0.06099987030029297,0.8659999370574951
2,4,10,local_search,dr_pwldr,62553.03767302513,62548.64096218161,0.06099987030029297,0.8659999370574951
2,4,10,local_search,reopt_pwldr,60750.12611531806,60750.12611531805,0.06099987030029297,0.8659999370574951
3,1,1,black_box,obj_pwldr,63009.20234067109,62912.28330252861,0.024000167846679688,1.3619999885559082
3,1,1,black_box,dr_pwldr,62999.23155524583,62902.70731989349,0.024000167846679688,1.3619999885559082
3,1,1,black_box,reopt_pwldr,61939.557060381616,61939.557060381616,0.024000167846679688,1.3619999885559082
3,1,1,local_search,obj_pwldr,63009.20234067109,62912.28330252861,0.024000167846679688,0.06200003623962402
3,1,1,local_search,dr_pwldr,62999.23155524583,62902.70731989349,0.024000167846679688,0.06200003623962402
3,1,1,local_search,reopt_pwldr,61939.557060381616,61939.557060381616,0.024000167846679688,0.06200003623962402
3,1,2,black_box,obj_pwldr,62945.12828649634,62912.25138312143,0.029999971389770508,1.6510000228881836
3,1,2,black_box,dr_pwldr,62936.67757140464,62902.668475963554,0.029999971389770508,1.6510000228881836
3,1,2,black_box,reopt_pwldr,61939.557060381616,61939.557060381616,0.029999971389770508,1.6510000228881836
3,1,2,local_search,obj_pwldr,62945.12828649634,62912.25138312143,0.029999971389770508,0.15400004386901855
3,1,2,local_search,dr_pwldr,62936.67757140464,62902.668475963554,0.029999971389770508,0.15400004386901855
3,1,2,local_search,reopt_pwldr,61939.557060381616,61939.557060381616,0.029999971389770508,0.15400004386901855
3,1,3,black_box,obj_pwldr,62927.00054819619,62912.174970642256,0.029999971389770508,2.109999895095825
3,1,3,black_box,dr_pwldr,62919.5078995793,62902.57852214096,0.029999971389770508,2.109999895095825
3,1,3,black_box,reopt_pwldr,61939.557060381616,61939.557060381616,0.029999971389770508,2.109999895095825
3,1,3,local_search,obj_pwldr,62927.00054819619,62912.174970642256,0.029999971389770508,0.1400001049041748
3,1,3,local_search,dr_pwldr,62919.5078995793,62902.57852214096,0.029999971389770508,0.1400001049041748
3,1,3,local_search,reopt_pwldr,61939.557060381616,61939.557060381616,0.029999971389770508,0.1400001049041748
3,1,4,black_box,obj_pwldr,62919.89015438693,62912.307774033216,0.04399991035461426,2.5980000495910645
3,1,4,black_box,dr_pwldr,62911.73023388933,62902.73671943088,0.04399991035461426,2.5980000495910645
3,1,4,black_box,reopt_pwldr,61939.557060381616,61939.557060381616,0.04399991035461426,2.5980000495910645
3,1,4,local_search,obj_pwldr,62919.89015438693,62912.180878908744,0.04399991035461426,0.2709999084472656
3,1,4,local_search,dr_pwldr,62911.73023388933,62902.58536230342,0.04399991035461426,0.2709999084472656
3,1,4,local_search,reopt_pwldr,61939.557060381616,61939.557060381616,0.04399991035461426,0.2709999084472656
3,1,5,black_box,obj_pwldr,62916.39327171039,62912.11720408813,0.03900003433227539,3.0239999294281006
3,1,5,black_box,dr_pwldr,62907.596220901265,62902.516886611906,0.03900003433227539,3.0239999294281006
3,1,5,black_box,reopt_pwldr,61939.557060381616,61939.557060381616,0.03900003433227539,3.0239999294281006
3,1,5,local_search,obj_pwldr,62916.39327171039,62912.11720408813,0.03900003433227539,0.2609999179840088
3,1,5,local_search,dr_pwldr,62907.596220901265,62902.5168866119,0.03900003433227539,0.2609999179840088
3,1,5,local_search,reopt_pwldr,61939.557060381616,61939.557060381616,0.03900003433227539,0.2609999179840088
3,1,6,black_box,obj_pwldr,62914.39697568887,62912.10451889916,0.04200005531311035,3.6599998474121094
3,1,6,black_box,dr_pwldr,62905.31646661403,62902.503738298044,0.04200005531311035,3.6599998474121094
3,1,6,black_box,reopt_pwldr,61939.557060381616,61939.557060381616,0.04200005531311035,3.6599998474121094
3,1,6,local_search,obj_pwldr,62914.39697568887,62912.10451889916,0.04200005531311035,0.312999963760376
3,1,6,local_search,dr_pwldr,62905.31646661403,62902.503738298044,0.04200005531311035,0.312999963760376
3,1,6,local_search,reopt_pwldr,61939.557060381616,61939.557060381616,0.04200005531311035,0.312999963760376
3,1,7,black_box,obj_pwldr,62913.13469541541,62912.12542507365,0.04400014877319336,4.187999963760376
3,1,7,black_box,dr_pwldr,62903.764686553215,62902.53526598568,0.04400014877319336,4.187999963760376
3,1,7,black_box,reopt_pwldr,61939.557060381616,61939.557060381616,0.04400014877319336,4.187999963760376
3,1,7,local_search,obj_pwldr,62913.13469541541,62912.12542507365,0.04400014877319336,0.39800000190734863
3,1,7,local_search,dr_pwldr,62903.764686553215,62902.53526598568,0.04400014877319336,0.39800000190734863
3,1,7,local_search,reopt_pwldr,61939.557060381616,61939.557060381616,0.04400014877319336,0.39800000190734863
3,1,8,black_box,obj_pwldr,62912.27593068068,62912.12775139496,0.05500006675720215,4.767000198364258
3,1,8,black_box,dr_pwldr,62902.698399124194,62902.52446153841,0.05500006675720215,4.767000198364258
3,1,8,black_box,reopt_pwldr,61939.557060381616,61939.557060381616,0.05500006675720215,4.767000198364258
3,1,8,local_search,obj_pwldr,62912.27593068068,62912.11286220549,0.05500006675720215,1.1579999923706055
3,1,8,local_search,dr_pwldr,62902.698399124194,62902.515141831456,0.05500006675720215,1.1579999923706055
3,1,8,local_search,reopt_pwldr,61939.557060381616,61939.557060381616,0.05500006675720215,1.1579999923706055
3,1,9,black_box,obj_pwldr,62912.87428566221,62912.095807130914,0.05300021171569824,5.421999931335449
3,1,9,black_box,dr_pwldr,62903.516108874486,62902.48812627092,0.05300021171569824,5.421999931335449
3,1,9,black_box,reopt_pwldr,61939.557060381616,61939.557060381616,0.05300021171569824,5.421999931335449
3,1,9,local_search,obj_pwldr,62912.87428566221,62912.095807130914,0.05300021171569824,0.6649999618530273
3,1,9,local_search,dr_pwldr,62903.516108874486,62902.48812627092,0.05300021171569824,0.6649999618530273
3,1,9,local_search,reopt_pwldr,61939.557060381616,61939.557060381616,0.05300021171569824,0.6649999618530273
3,1,10,black_box,obj_pwldr,62913.306934503446,62912.09753078014,0.059999942779541016,6.13100004196167
3,1,10,black_box,dr_pwldr,62904.16310871225,62902.49051859836,0.059999942779541016,6.13100004196167
3,1,10,black_box,reopt_pwldr,61939.557060381616,61939.557060381616,0.059999942779541016,6.13100004196167
3,1,10,local_search,obj_pwldr,62913.306934503446,62912.09753078014,0.059999942779541016,0.7430000305175781
3,1,10,local_search,dr_pwldr,62904.16310871225,62902.49051859836,0.059999942779541016,0.7430000305175781
3,1,10,local_search,reopt_pwldr,61939.557060381616,61939.557060381616,0.059999942779541016,0.7430000305175781
3,2,1,black_box,obj_pwldr,63079.694153612945,62917.20638999284,0.02500009536743164,2.122999906539917
3,2,1,black_box,dr_pwldr,63069.624093754115,62910.99108849731,0.02500009536743164,2.122999906539917
3,2,1,black_box,reopt_pwldr,61939.557060381616,61939.55706038154,0.02500009536743164,2.122999906539917
3,2,1,local_search,obj_pwldr,63079.694153612945,62917.2063899929,0.02500009536743164,0.16700005531311035
3,2,1,local_search,dr_pwldr,63069.624093754115,62910.99108849736,0.02500009536743164,0.16700005531311035
3,2,1,local_search,reopt_pwldr,61939.557060381616,61939.557060381616,0.02500009536743164,0.16700005531311035
3,2,2,black_box,obj_pwldr,63004.376986493204,62918.026707329685,0.03699994087219238,4.3399999141693115
3,2,2,black_box,dr_pwldr,62994.538048586066,62911.7396464476,0.03699994087219238,4.3399999141693115
3,2,2,black_box,reopt_pwldr,61939.557060381616,61939.557060381616,0.03699994087219238,4.3399999141693115
3,2,2,local_search,obj_pwldr,63004.376986493204,62916.83513355317,0.03699994087219238,0.5490000247955322
3,2,2,local_search,dr_pwldr,62994.538048586066,62910.657719637325,0.03699994087219238,0.5490000247955322
3,2,2,local_search,reopt_pwldr,61939.557060381616,61939.557060381616,0.03699994087219238,0.5490000247955322
3,2,3,black_box,obj_pwldr,62961.12672750202,62916.81985105352,0.05099987983703613,7.292999982833862
3,2,3,black_box,dr_pwldr,62951.12244713338,62910.65051627594,0.05099987983703613,7.292999982833862
3,2,3,black_box,reopt_pwldr,61939.557060381616,61939.557060381616,0.05099987983703613,7.292999982833862
3,2,3,local_search,obj_pwldr,62961.12672750202,62916.81985105352,0.05099987983703613,0.46199989318847656
3,2,3,local_search,dr_pwldr,62951.12244713338,62910.65051627594,0.05099987983703613,0.46199989318847656
3,2,3,local_search,reopt_pwldr,61939.557060381616,61939.557060381616,0.05099987983703613,0.46199989318847656
3,2,4,black_box,obj_pwldr,62939.99752830522,62916.718510502535,0.07000017166137695,10.361000061035156
3,2,4,black_box,dr_pwldr,62931.24312822287,62910.558693029176,0.07000017166137695,10.361000061035156
3,2,4,black_box,reopt_pwldr,61939.557060381616,61939.557060381616,0.07000017166137695,10.361000061035156
3,2,4,local_search,obj_pwldr,62939.99752830522,62916.718510502535,0.07000017166137695,0.7869999408721924
3,2,4,local_search,dr_pwldr,62931.24312822287,62910.558693029176,0.07000017166137695,0.7869999408721924
3,2,4,local_search,reopt_pwldr,61939.557060381616,61939.557060381616,0.07000017166137695,0.7869999408721924
3,2,5,black_box,obj_pwldr,62929.198232200266,62916.7076799347,0.07800006866455078,13.200999975204468
3,2,5,black_box,dr_pwldr,62921.67955761932,62910.54996891034,0.07800006866455078,13.200999975204468
3,2,5,black_box,reopt_pwldr,61939.557060381616,61939.557060381616,0.07800006866455078,13.200999975204468
3,2,5,local_search,obj_pwldr,62929.198232200266,62916.7076799347,0.07800006866455078,0.9539999961853027
3,2,5,local_search,dr_pwldr,62921.67955761932,62910.54996891034,0.07800006866455078,0.9539999961853027
3,2,5,local_search,reopt_pwldr,61939.557060381616,61939.557060381616,0.07800006866455078,0.9539999961853027
3,2,6,black_box,obj_pwldr,62923.168448682845,62916.84487529393,0.1119999885559082,16.44700002670288
3,2,6,black_box,dr_pwldr,62916.28835807105,62910.695569567164,0.1119999885559082,16.44700002670288
3,2,6,black_box,reopt_pwldr,61939.557060381616,61939.557060381616,0.1119999885559082,16.44700002670288
3,2,6,local_search,obj_pwldr,62923.168448682845,62916.73922771341,0.1119999885559082,2.2939999103546143
3,2,6,local_search,dr_pwldr,62916.28835807105,62910.58519344758,0.1119999885559082,2.2939999103546143
3,2,6,local_search,reopt_pwldr,61939.557060381616,61939.557060381616,0.1119999885559082,2.2939999103546143
3,2,7,black_box,obj_pwldr,62919.51007247011,62916.895334158085,0.1529998779296875,20.003999948501587
3,2,7,black_box,dr_pwldr,62913.06854140399,62910.7115588276,0.1529998779296875,20.003999948501587
3,2,7,black_box,reopt_pwldr,61939.557060381616,61939.557060381616,0.1529998779296875,20.003999948501587
3,2,7,local_search,obj_pwldr,62919.51007247011,62916.687871916416,0.1529998779296875,2.621000051498413
3,2,7,local_search,dr_pwldr,62913.06854140399,62910.533372734186,0.1529998779296875,2.621000051498413
3,2,7,local_search,reopt_pwldr,61939.557060381616,61939.557060381616,0.1529998779296875,2.621000051498413
3,2,8,black_box,obj_pwldr,62917.13173365574,62916.648802881275,0.15599989891052246,24.07699990272522
3,2,8,black_box,dr_pwldr,62910.924446746634,62910.5033125583,0.15599989891052246,24.07699990272522
3,2,8,black_box,reopt_pwldr,61939.557060381616,61939.557060381616,0.15599989891052246,24.07699990272522
3,2,8,local_search,obj_pwldr,62917.13173365574,62916.648802881275,0.15599989891052246,2.240000009536743
3,2,8,local_search,dr_pwldr,62910.924446746634,62910.5033125583,0.15599989891052246,2.240000009536743
3,2,8,local_search,reopt_pwldr,61939.557060381616,61939.557060381616,0.15599989891052246,2.240000009536743
3,2,9,black_box,obj_pwldr,62919.11416011186,62916.71649570478,0.1699998378753662,26.460999965667725
3,2,9,black_box,dr_pwldr,62912.76307693412,62910.58285587854,0.1699998378753662,26.460999965667725
3,2,9,black_box,reopt_pwldr,61939.557060381616,61939.557060381616,0.1699998378753662,26.460999965667725
3,2,9,local_search,obj_pwldr,62919.11416011186,62916.66802228781,0.1699998378753662,4.802999973297119
3,2,9,local_search,dr_pwldr,62912.76307693412,62910.52364803865,0.1699998378753662,4.802999973297119
3,2,9,local_search,reopt_pwldr,61939.557060381616,61939.557060381616,0.1699998378753662,4.802999973297119
3,2,10,black_box,obj_pwldr,62920.46502426734,62916.737126199165,0.19099998474121094,31.06500005722046
3,2,10,black_box,dr_pwldr,62913.9998642331,62910.574388463916,0.19099998474121094,31.06500005722046
3,2,10,black_box,reopt_pwldr,61939.557060381616,61939.557060381616,0.19099998474121094,31.06500005722046
3,2,10,local_search,obj_pwldr,62920.46502426734,62916.737126199165,0.19099998474121094,3.93999981880188
3,2,10,local_search,dr_pwldr,62913.9998642331,62910.574388463916,0.19099998474121094,3.93999981880188
3,2,10,local_search,reopt_pwldr,61939.557060381616,61939.557060381616,0.19099998474121094,3.93999981880188
3,3,1,black_box,obj_pwldr,63080.63262832928,62946.166553344796,0.020999908447265625,1.1740000247955322
3,3,1,black_box,dr_pwldr,63076.46130880498,62936.93951641872,0.020999908447265625,1.1740000247955322
3,3,1,black_box,reopt_pwldr,61939.557060381616,61939.557060381616,0.020999908447265625,1.1740000247955322
3,3,1,local_search,obj_pwldr,63080.63262832928,62946.166553344796,0.020999908447265625,0.04699993133544922
3,3,1,local_search,dr_pwldr,63076.46130880498,62936.93951641872,0.020999908447265625,0.04699993133544922
3,3,1,local_search,reopt_pwldr,61939.557060381616,61939.557060381616,0.020999908447265625,0.04699993133544922
3,3,2,black_box,obj_pwldr,63023.147094580825,62946.38026546614,0.023999929428100586,1.5220000743865967
3,3,2,black_box,dr_pwldr,63017.88948150498,62937.2479096004,0.023999929428100586,1.5220000743865967
3,3,2,black_box,reopt_pwldr,61939.557060381616,61939.557060381616,0.023999929428100586,1.5220000743865967
3,3,2,local_search,obj_pwldr,63023.147094580825,62946.38026546614,0.023999929428100586,0.09500002861022949
3,3,2,local_search,dr_pwldr,63017.88948150498,62937.2479096004,0.023999929428100586,0.09500002861022949
3,3,2,local_search,reopt_pwldr,61939.557060381616,61939.557060381616,0.023999929428100586,0.09500002861022949
3,3,3,black_box,obj_pwldr,62994.404327706616,62945.84508067901,0.026000022888183594,1.8889999389648438
3,3,3,black_box,dr_pwldr,62987.69603052385,62936.66339281314,0.026000022888183594,1.8889999389648438
3,3,3,black_box,reopt_pwldr,61939.557060381616,61939.557060381616,0.026000022888183594,1.8889999389648438
3,3,3,local_search,obj_pwldr,62994.404327706616,62945.84508067901,0.026000022888183594,0.11899995803833008
3,3,3,local_search,dr_pwldr,62987.69603052385,62936.66339281314,0.026000022888183594,0.11899995803833008
3,3,3,local_search,reopt_pwldr,61939.557060381616,61939.557060381616,0.026000022888183594,0.11899995803833008
3,3,4,black_box,obj_pwldr,62977.15866758207,62946.13465339009,0.03600001335144043,2.3989999294281006
3,3,4,black_box,dr_pwldr,62969.79828350294,62936.92082874966,0.03600001335144043,2.3989999294281006
3,3,4,black_box,reopt_pwldr,61939.557060381616,61939.557060381616,0.03600001335144043,2.3989999294281006
3,3,4,local_search,obj_pwldr,62977.15866758207,62945.531429454575,0.03600001335144043,0.3510000705718994
3,3,4,local_search,dr_pwldr,62969.79828350294,62936.313008309124,0.03600001335144043,0.3510000705718994
3,3,4,local_search,reopt_pwldr,61939.557060381616,61939.557060381616,0.03600001335144043,0.3510000705718994
3,3,5,black_box,obj_pwldr,62965.66156083238,62945.77618744219,0.03900003433227539,2.8959999084472656
3,3,5,black_box,dr_pwldr,62957.65759288478,62936.54820114044,0.03900003433227539,2.8959999084472656
3,3,5,black_box,reopt_pwldr,61939.557060381616,61939.557060381616,0.03900003433227539,2.8959999084472656
3,3,5,local_search,obj_pwldr,62965.66156083238,62945.45402038303,0.03900003433227539,0.4719998836517334
3,3,5,local_search,dr_pwldr,62957.65759288478,62936.2345565194,0.03900003433227539,0.4719998836517334
3,3,5,local_search,reopt_pwldr,61939.557060381616,61939.557060381616,0.03900003433227539,0.4719998836517334
3,3,6,black_box,obj_pwldr,62957.44934172547,62945.55463598213,0.037000179290771484,3.178999900817871
3,3,6,black_box,dr_pwldr,62949.259209912714,62936.34628824718,0.037000179290771484,3.178999900817871
3,3,6,black_box,reopt_pwldr,61939.557060381616,61939.557060381616,0.037000179290771484,3.178999900817871
3,3,6,local_search,obj_pwldr,62957.44934172547,62945.55463598213,0.037000179290771484,0.28299999237060547
3,3,6,local_search,dr_pwldr,62949.259209912714,62936.34628824718,0.037000179290771484,0.28299999237060547
3,3,6,local_search,reopt_pwldr,61939.557060381616,61939.557060381616,0.037000179290771484,0.28299999237060547
3,3,7,black_box,obj_pwldr,62951.29017739527,62945.46111004296,0.04400014877319336,3.8959999084472656
3,3,7,black_box,dr_pwldr,62942.582856565525,62936.23737509057,0.04400014877319336,3.8959999084472656
3,3,7,black_box,reopt_pwldr,61939.557060381616,61939.557060381616,0.04400014877319336,3.8959999084472656
3,3,7,local_search,obj_pwldr,62951.29017739527,62945.41849706087,0.04400014877319336,0.620999813079834
3,3,7,local_search,dr_pwldr,62942.582856565525,62936.197029932526,0.04400014877319336,0.620999813079834
3,3,7,local_search,reopt_pwldr,61939.557060381616,61939.557060381616,0.04400014877319336,0.620999813079834
3,3,8,black_box,obj_pwldr,62946.499716249564,62945.57284185322,0.05099987983703613,4.400000095367432
3,3,8,black_box,dr_pwldr,62937.37706496826,62936.366228394,0.05099987983703613,4.400000095367432
3,3,8,black_box,reopt_pwldr,61939.557060381616,61939.557060381616,0.05099987983703613,4.400000095367432
3,3,8,local_search,obj_pwldr,62946.499716249564,62945.572841853216,0.05099987983703613,0.9019999504089355
3,3,8,local_search,dr_pwldr,62937.37706496826,62936.366228394,0.05099987983703613,0.9019999504089355
3,3,8,local_search,reopt_pwldr,61939.557060381616,61939.557060381616,0.05099987983703613,0.9019999504089355
3,3,9,black_box,obj_pwldr,62947.759823137785,62945.454200529326,0.04999995231628418,5.072000026702881
3,3,9,black_box,dr_pwldr,62938.562199302076,62936.23552527615,0.04999995231628418,5.072000026702881
3,3,9,black_box,reopt_pwldr,61939.557060381616,61939.557060381616,0.04999995231628418,5.072000026702881
3,3,9,local_search,obj_pwldr,62947.759823137785,62945.42017978813,0.04999995231628418,1.2750000953674316
3,3,9,local_search,dr_pwldr,62938.562199302076,62936.199448606225,0.04999995231628418,1.2750000953674316
3,3,9,local_search,reopt_pwldr,61939.557060381616,61939.557060381616,0.04999995231628418,1.2750000953674316
3,3,10,black_box,obj_pwldr,62949.44147512406,62945.537463269924,0.053999900817871094,5.999000072479248
3,3,10,black_box,dr_pwldr,62940.25234869251,62936.317891272454,0.053999900817871094,5.999000072479248
3,3,10,black_box,reopt_pwldr,61939.557060381616,61939.557060381616,0.053999900817871094,5.999000072479248
3,3,10,local_search,obj_pwldr,62949.44147512406,62945.500982194644,0.053999900817871094,0.9169998168945312
3,3,10,local_search,dr_pwldr,62940.25234869251,62936.28743171129,0.053999900817871094,0.9169998168945312
3,3,10,local_search,reopt_pwldr,61939.557060381616,61939.557060381616,0.053999900817871094,0.9169998168945312
3,4,1,black_box,obj_pwldr,63066.78858129162,62937.55548568244,0.02200007438659668,1.3310000896453857
3,4,1,black_box,dr_pwldr,63058.07140138129,62926.344947375444,0.02200007438659668,1.3310000896453857
3,4,1,black_box,reopt_pwldr,61939.557060381616,61939.557060381616,0.02200007438659668,1.3310000896453857
3,4,1,local_search,obj_pwldr,63066.78858129162,62937.55548568244,0.02200007438659668,0.05200004577636719
3,4,1,local_search,dr_pwldr,63058.07140138129,62926.344947375444,0.02200007438659668,0.05200004577636719
3,4,1,local_search,reopt_pwldr,61939.557060381616,61939.557060381616,0.02200007438659668,0.05200004577636719
3,4,2,black_box,obj_pwldr,63006.923374316146,62937.94693813165,0.026999950408935547,1.6899998188018799
3,4,2,black_box,dr_pwldr,62998.716128718195,62926.71678890944,0.026999950408935547,1.6899998188018799
3,4,2,black_box,reopt_pwldr,61939.557060381616,61939.557060381616,0.026999950408935547,1.6899998188018799
3,4,2,local_search,obj_pwldr,63006.923374316146,62936.92233112186,0.026999950408935547,0.19300007820129395
3,4,2,local_search,dr_pwldr,62998.716128718195,62925.73542834197,0.026999950408935547,0.19300007820129395
3,4,2,local_search,reopt_pwldr,61939.557060381616,61939.557060381616,0.026999950408935547,0.19300007820129395
3,4,3,black_box,obj_pwldr,62979.217943237105,62936.76507227542,0.03600001335144043,2.0969998836517334
3,4,3,black_box,dr_pwldr,62970.333390146196,62925.58633697076,0.03600001335144043,2.0969998836517334
3,4,3,black_box,reopt_pwldr,61939.557060381616,61939.557060381616,0.03600001335144043,2.0969998836517334
3,4,3,local_search,obj_pwldr,62979.217943237105,62936.76507227542,0.03600001335144043,0.1380000114440918
3,4,3,local_search,dr_pwldr,62970.333390146196,62925.58633697076,0.03600001335144043,0.1380000114440918
3,4,3,local_search,reopt_pwldr,61939.557060381616,61939.557060381616,0.03600001335144043,0.1380000114440918
3,4,4,black_box,obj_pwldr,62963.48616346168,62936.55877984362,0.0410001277923584,2.6049997806549072
3,4,4,black_box,dr_pwldr,62953.441794026156,62925.40185880912,0.0410001277923584,2.6049997806549072
3,4,4,black_box,reopt_pwldr,61939.557060381616,61939.557060381616,0.0410001277923584,2.6049997806549072
3,4,4,local_search,obj_pwldr,62963.48616346168,62936.46895320726,0.0410001277923584,0.33100008964538574
3,4,4,local_search,dr_pwldr,62953.441794026156,62925.309424650724,0.0410001277923584,0.33100008964538574
3,4,4,local_search,reopt_pwldr,61939.557060381616,61939.557060381616,0.0410001277923584,0.33100008964538574
3,4,5,black_box,obj_pwldr,62953.40120046477,62936.6665604843,0.04400014877319336,3.0410001277923584
3,4,5,black_box,dr_pwldr,62942.55104275725,62925.49181016061,0.04400014877319336,3.0410001277923584
3,4,5,black_box,reopt_pwldr,61939.557060381616,61939.557060381616,0.04400014877319336,3.0410001277923584
3,4,5,local_search,obj_pwldr,62953.40120046477,62936.530554022494,0.04400014877319336,0.8220000267028809
3,4,5,local_search,dr_pwldr,62942.55104275725,62925.35897640012,0.04400014877319336,0.8220000267028809
3,4,5,local_search,reopt_pwldr,61939.557060381616,61939.557060381616,0.04400014877319336,0.8220000267028809
3,4,6,black_box,obj_pwldr,62946.40290242139,62936.480911882005,0.0409998893737793,3.561000108718872
3,4,6,black_box,dr_pwldr,62935.285111971716,62925.323139316504,0.0409998893737793,3.561000108718872
3,4,6,black_box,reopt_pwldr,61939.557060381616,61939.557060381616,0.0409998893737793,3.561000108718872
3,4,6,local_search,obj_pwldr,62946.40290242139,62936.480911882005,0.0409998893737793,0.3080000877380371
3,4,6,local_search,dr_pwldr,62935.285111971716,62925.323139316504,0.0409998893737793,0.3080000877380371
3,4,6,local_search,reopt_pwldr,61939.557060381616,61939.557060381616,0.0409998893737793,0.3080000877380371
3,4,7,black_box,obj_pwldr,62941.26894007419,62936.47236783574,0.04699993133544922,4.146999835968018
3,4,7,black_box,dr_pwldr,62929.96214858519,62925.31274485,0.04699993133544922,4.146999835968018
3,4,7,black_box,reopt_pwldr,61939.557060381616,61939.557060381616,0.04699993133544922,4.146999835968018
3,4,7,local_search,obj_pwldr,62941.26894007419,62936.47236783574,0.04699993133544922,0.379000186920166
3,4,7,local_search,dr_pwldr,62929.96214858519,62925.31274485,0.04699993133544922,0.379000186920166
3,4,7,local_search,reopt_pwldr,61939.557060381616,61939.557060381616,0.04699993133544922,0.379000186920166
3,4,8,black_box,obj_pwldr,62937.34480884936,62936.4729617459,0.053999900817871094,4.727999925613403
3,4,8,black_box,dr_pwldr,62926.14187384313,62925.311419859405,0.053999900817871094,4.727999925613403
3,4,8,black_box,reopt_pwldr,61939.557060381616,61939.557060381616,0.053999900817871094,4.727999925613403
3,4,8,local_search,obj_pwldr,62937.34480884936,62936.47264618297,0.053999900817871094,0.6449999809265137
3,4,8,local_search,dr_pwldr,62926.14187384313,62925.314130988496,0.053999900817871094,0.6449999809265137
3,4,8,local_search,reopt_pwldr,61939.557060381616,61939.557060381616,0.053999900817871094,0.6449999809265137
3,4,9,black_box,obj_pwldr,62938.566017480465,62936.52160817376,0.04999995231628418,5.523000001907349
3,4,9,black_box,dr_pwldr,62927.663070507624,62925.36624640808,0.04999995231628418,5.523000001907349
3,4,9,black_box,reopt_pwldr,61939.557060381616,61939.557060381616,0.04999995231628418,5.523000001907349
3,4,9,local_search,obj_pwldr,62938.566017480465,62936.4712453998,0.04999995231628418,0.7730000019073486
3,4,9,local_search,dr_pwldr,62927.663070507624,62925.313530263316,0.04999995231628418,0.7730000019073486
3,4,9,local_search,reopt_pwldr,61939.557060381616,61939.557060381616,0.04999995231628418,0.7730000019073486
3,4,10,black_box,obj_pwldr,62940.025625150905,62936.497297776645,0.053999900817871094,6.059999942779541
3,4,10,black_box,dr_pwldr,62929.16412529825,62925.34246891534,0.053999900817871094,6.059999942779541
3,4,10,black_box,reopt_pwldr,61939.557060381616,61939.557060381616,0.053999900817871094,6.059999942779541
3,4,10,local_search,obj_pwldr,62940.025625150905,62936.497297776645,0.053999900817871094,0.744999885559082
3,4,10,local_search,dr_pwldr,62929.16412529825,62925.34246891534,0.053999900817871094,0.744999885559082
3,4,10,local_search,reopt_pwldr,61939.557060381616,61939.557060381616,0.053999900817871094,0.744999885559082
4,1,1,black_box,obj_pwldr,66818.7198583612,66683.77863617697,0.02200007438659668,1.2660000324249268
4,1,1,black_box,dr_pwldr,66789.62711849419,66649.93620940499,0.02200007438659668,1.2660000324249268
4,1,1,black_box,reopt_pwldr,65318.797146444645,65318.797146444645,0.02200007438659668,1.2660000324249268
4,1,1,local_search,obj_pwldr,66818.7198583612,66683.77863617697,0.02200007438659668,0.06200003623962402
4,1,1,local_search,dr_pwldr,66789.62711849419,66649.93620940499,0.02200007438659668,0.06200003623962402
4,1,1,local_search,reopt_pwldr,65318.797146444645,65318.797146444645,0.02200007438659668,0.06200003623962402
4,1,2,black_box,obj_pwldr,66734.47352757609,66681.5680735341,0.02499985694885254,1.570000171661377
4,1,2,black_box,dr_pwldr,66703.35612123419,66647.72733757414,0.02499985694885254,1.570000171661377
4,1,2,black_box,reopt_pwldr,65318.797146444645,65318.797146444645,0.02499985694885254,1.570000171661377
4,1,2,local_search,obj_pwldr,66734.47352757609,66681.5680735341,0.02499985694885254,0.09000015258789062
4,1,2,local_search,dr_pwldr,66703.35612123419,66647.72733757414,0.02499985694885254,0.09000015258789062
4,1,2,local_search,reopt_pwldr,65318.797146444645,65318.797146444645,0.02499985694885254,0.09000015258789062
4,1,3,black_box,obj_pwldr,66692.35036218354,66681.65409644973,0.0409998893737793,1.9170000553131104
4,1,3,black_box,dr_pwldr,66658.98854572138,66647.83455095245,0.0409998893737793,1.9170000553131104
4,1,3,black_box,reopt_pwldr,65318.797146444645,65318.797146444645,0.0409998893737793,1.9170000553131104
4,1,3,local_search,obj_pwldr,66692.35036218354,66681.65409644974,0.0409998893737793,0.1549999713897705
4,1,3,local_search,dr_pwldr,66658.98854572138,66647.83455095245,0.0409998893737793,0.1549999713897705
4,1,3,local_search,reopt_pwldr,65318.797146444645,65318.79714644466,0.0409998893737793,0.1549999713897705
4,1,4,black_box,obj_pwldr,66692.01455752716,66681.49119710374,0.037999868392944336,2.379999876022339
4,1,4,black_box,dr_pwldr,66658.67250374336,66647.66203368739,0.037999868392944336,2.379999876022339
4,1,4,black_box,reopt_pwldr,65318.797146444645,65318.797146444645,0.037999868392944336,2.379999876022339
4,1,4,local_search,obj_pwldr,66692.01455752716,66681.49119710374,0.037999868392944336,0.15199995040893555
4,1,4,local_search,dr_pwldr,66658.67250374336,66647.66203368739,0.037999868392944336,0.15199995040893555
4,1,4,local_search,reopt_pwldr,65318.797146444645,65318.797146444645,0.037999868392944336,0.15199995040893555
4,1,5,black_box,obj_pwldr,66695.6274282882,66681.38272907143,0.04200005531311035,2.9539999961853027
4,1,5,black_box,dr_pwldr,66663.05264167735,66647.5477850842,0.04200005531311035,2.9539999961853027
4,1,5,black_box,reopt_pwldr,65318.797146444645,65318.797146444645,0.04200005531311035,2.9539999961853027
4,1,5,local_search,obj_pwldr,66695.6274282882,66681.38272907143,0.04200005531311035,0.25
4,1,5,local_search,dr_pwldr,66663.05264167735,66647.5477850842,0.04200005531311035,0.25
4,1,5,local_search,reopt_pwldr,65318.797146444645,65318.797146444645,0.04200005531311035,0.25
4,1,6,black_box,obj_pwldr,66692.17903327722,66681.42878526599,0.039999961853027344,3.503000020980835
4,1,6,black_box,dr_pwldr,66659.47045610912,66647.5957373939,0.039999961853027344,3.503000020980835
4,1,6,black_box,reopt_pwldr,65318.79714644466,65318.79714644466,0.039999961853027344,3.503000020980835
4,1,6,local_search,obj_pwldr,66692.17903327722,66681.42878526598,0.039999961853027344,0.5639998912811279
4,1,6,local_search,dr_pwldr,66659.47045610912,66647.59573739389,0.039999961853027344,0.5639998912811279
4,1,6,local_search,reopt_pwldr,65318.79714644466,65318.797146444645,0.039999961853027344,0.5639998912811279
4,1,7,black_box,obj_pwldr,66686.2956183563,66681.32452842251,0.037999868392944336,4.0320000648498535
4,1,7,black_box,dr_pwldr,66652.75618044431,66647.4824490634,0.037999868392944336,4.0320000648498535
4,1,7,black_box,reopt_pwldr,65318.797146444645,65318.79714644466,0.037999868392944336,4.0320000648498535
4,1,7,local_search,obj_pwldr,66686.2956183563,66681.31518107397,0.037999868392944336,0.4250001907348633
4,1,7,local_search,dr_pwldr,66652.75618044431,66647.47749111478,0.037999868392944336,0.4250001907348633
4,1,7,local_search,reopt_pwldr,65318.797146444645,65318.79714644466,0.037999868392944336,0.4250001907348633
4,1,8,black_box,obj_pwldr,66682.67872852559,66681.31161167502,0.05200004577636719,4.494999885559082
4,1,8,black_box,dr_pwldr,66648.90192459435,66647.47270209422,0.05200004577636719,4.494999885559082
4,1,8,black_box,reopt_pwldr,65318.79714644466,65318.797146444645,0.05200004577636719,4.494999885559082
4,1,8,local_search,obj_pwldr,66682.67872852559,66681.31161167503,0.05200004577636719,0.43000006675720215
4,1,8,local_search,dr_pwldr,66648.90192459435,66647.47270209422,0.05200004577636719,0.43000006675720215
4,1,8,local_search,reopt_pwldr,65318.79714644466,65318.79714644466,0.05200004577636719,0.43000006675720215
4,1,9,black_box,obj_pwldr,66685.78003388237,66681.35292589232,0.046000003814697266,4.898000001907349
4,1,9,black_box,dr_pwldr,66652.41716296005,66647.5080562339,0.046000003814697266,4.898000001907349
4,1,9,black_box,reopt_pwldr,65318.797146444645,65318.79714644466,0.046000003814697266,4.898000001907349
4,1,9,local_search,obj_pwldr,66685.78003388237,66681.35292589232,0.046000003814697266,0.5769999027252197
4,1,9,local_search,dr_pwldr,66652.41716296005,66647.5080562339,0.046000003814697266,0.5769999027252197
4,1,9,local_search,reopt_pwldr,65318.797146444645,65318.79714644466,0.046000003814697266,0.5769999027252197
4,1,10,black_box,obj_pwldr,66685.87596279268,66681.3310335999,0.05200004577636719,5.554999828338623
4,1,10,black_box,dr_pwldr,66652.66754698506,66647.49244391914,0.05200004577636719,5.554999828338623
4,1,10,black_box,reopt_pwldr,65318.797146444645,65318.79714644466,0.05200004577636719,5.554999828338623
4,1,10,local_search,obj_pwldr,66685.87596279268,66681.30305853301,0.05200004577636719,0.9049999713897705
4,1,10,local_search,dr_pwldr,66652.66754698506,66647.46243532414,0.05200004577636719,0.9049999713897705
4,1,10,local_search,reopt_pwldr,65318.797146444645,65318.79714644466,0.05200004577636719,0.9049999713897705
4,2,1,black_box,obj_pwldr,66714.03717995969,66590.10360814523,0.023000001907348633,1.3499999046325684
4,2,1,black_box,dr_pwldr,66680.85590421614,66564.86228500327,0.023000001907348633,1.3499999046325684
4,2,1,black_box,reopt_pwldr,65318.797146444645,65318.79714644468,0.023000001907348633,1.3499999046325684
4,2,1,local_search,obj_pwldr,66714.03717995969,66590.10360814523,0.023000001907348633,0.05299997329711914
4,2,1,local_search,dr_pwldr,66680.85590421614,66564.86228500327,0.023000001907348633,0.05299997329711914
4,2,1,local_search,reopt_pwldr,65318.797146444645,65318.79714644466,0.023000001907348633,0.05299997329711914
4,2,2,black_box,obj_pwldr,66620.13522566334,66588.80643533988,0.042999982833862305,1.693000078201294
4,2,2,black_box,dr_pwldr,66590.77771520907,66563.81767000614,0.042999982833862305,1.693000078201294
4,2,2,black_box,reopt_pwldr,65318.797146444645,65318.797146444645,0.042999982833862305,1.693000078201294
4,2,2,local_search,obj_pwldr,66620.13522566334,66588.80643533988,0.042999982833862305,0.09100008010864258
4,2,2,local_search,dr_pwldr,66590.77771520907,66563.81767000614,0.042999982833862305,0.09100008010864258
4,2,2,local_search,reopt_pwldr,65318.797146444645,65318.797146444645,0.042999982833862305,0.09100008010864258
4,2,3,black_box,obj_pwldr,66593.56862120415,66589.13767657582,0.0279998779296875,2.138000011444092
4,2,3,black_box,dr_pwldr,66567.83746384631,66564.14365524049,0.0279998779296875,2.138000011444092
4,2,3,black_box,reopt_pwldr,65318.79714644466,65318.797146444645,0.0279998779296875,2.138000011444092
4,2,3,local_search,obj_pwldr,66593.56862120415,66589.13767657582,0.0279998779296875,0.12299990653991699
4,2,3,local_search,dr_pwldr,66567.83746384631,66564.14365524049,0.0279998779296875,0.12299990653991699
4,2,3,local_search,reopt_pwldr,65318.79714644466,65318.797146444645,0.0279998779296875,0.12299990653991699
4,2,4,black_box,obj_pwldr,66599.9233564205,66588.65545931568,0.029999971389770508,2.5880000591278076
4,2,4,black_box,dr_pwldr,66573.91235569816,66563.66313427554,0.029999971389770508,2.5880000591278076
4,2,4,black_box,reopt_pwldr,65318.797146444645,65318.797146444645,0.029999971389770508,2.5880000591278076
4,2,4,local_search,obj_pwldr,66599.9233564205,66588.65545931568,0.029999971389770508,0.16899991035461426
4,2,4,local_search,dr_pwldr,66573.91235569816,66563.66313427554,0.029999971389770508,0.16899991035461426
4,2,4,local_search,reopt_pwldr,65318.797146444645,65318.797146444645,0.029999971389770508,0.16899991035461426
4,2,5,black_box,obj_pwldr,66600.71741452673,66588.59275254874,0.04699993133544922,3.128999948501587
4,2,5,black_box,dr_pwldr,66574.06518425044,66563.624057612,0.04699993133544922,3.128999948501587
4,2,5,black_box,reopt_pwldr,65318.797146444645,65318.797146444645,0.04699993133544922,3.128999948501587
4,2,5,local_search,obj_pwldr,66600.71741452673,66588.59275254874,0.04699993133544922,0.23099994659423828
4,2,5,local_search,dr_pwldr,66574.06518425044,66563.624057612,0.04699993133544922,0.23099994659423828
4,2,5,local_search,reopt_pwldr,65318.797146444645,65318.797146444645,0.04699993133544922,0.23099994659423828
4,2,6,black_box,obj_pwldr,66596.26437668163,66588.59651653103,0.048999786376953125,3.63100004196167
4,2,6,black_box,dr_pwldr,66570.10901608481,66563.61427561435,0.048999786376953125,3.63100004196167
4,2,6,black_box,reopt_pwldr,65318.79714644466,65318.79714644466,0.048999786376953125,3.63100004196167
4,2,6,local_search,obj_pwldr,66596.26437668163,66588.59651653103,0.048999786376953125,0.30299997329711914
4,2,6,local_search,dr_pwldr,66570.10901608481,66563.61427561435,0.048999786376953125,0.30299997329711914
4,2,6,local_search,reopt_pwldr,65318.79714644466,65318.79714644466,0.048999786376953125,0.30299997329711914
4,2,7,black_box,obj_pwldr,66591.62136755476,66588.61879673695,0.042999982833862305,4.193000078201294
4,2,7,black_box,dr_pwldr,66566.16355479186,66563.62804550625,0.042999982833862305,4.193000078201294
4,2,7,black_box,reopt_pwldr,65318.79714644466,65318.797146444645,0.042999982833862305,4.193000078201294
4,2,7,local_search,obj_pwldr,66591.62136755476,66588.61879673695,0.042999982833862305,0.3989999294281006
4,2,7,local_search,dr_pwldr,66566.16355479186,66563.62804550625,0.042999982833862305,0.3989999294281006
4,2,7,local_search,reopt_pwldr,65318.79714644466,65318.797146444645,0.042999982833862305,0.3989999294281006
4,2,8,black_box,obj_pwldr,66589.88873666902,66588.57320599927,0.04799985885620117,4.891999959945679
4,2,8,black_box,dr_pwldr,66564.7953631783,66563.59627279671,0.04799985885620117,4.891999959945679
4,2,8,black_box,reopt_pwldr,65318.797146444645,65318.79714644466,0.04799985885620117,4.891999959945679
4,2,8,local_search,obj_pwldr,66589.88873666902,66588.57320599927,0.04799985885620117,0.5
4,2,8,local_search,dr_pwldr,66564.7953631783,66563.59627279671,0.04799985885620117,0.5
4,2,8,local_search,reopt_pwldr,65318.797146444645,65318.79714644466,0.04799985885620117,0.5
4,2,9,black_box,obj_pwldr,66592.33469771728,66588.61729663712,0.05099987983703613,5.498999834060669
4,2,9,black_box,dr_pwldr,66566.8324025258,66563.6505256385,0.05099987983703613,5.498999834060669
4,2,9,black_box,reopt_pwldr,65318.79714644466,65318.797146444645,0.05099987983703613,5.498999834060669
4,2,9,local_search,obj_pwldr,66592.33469771728,66588.56974127484,0.05099987983703613,0.8700001239776611
4,2,9,local_search,dr_pwldr,66566.8324025258,66563.5943308026,0.05099987983703613,0.8700001239776611
4,2,9,local_search,reopt_pwldr,65318.79714644466,65318.797146444645,0.05099987983703613,0.8700001239776611
4,2,10,black_box,obj_pwldr,66592.00044063292,66588.56929564525,0.05800008773803711,6.6570000648498535
4,2,10,black_box,dr_pwldr,66566.49025217495,66563.59360870271,0.05800008773803711,6.6570000648498535
4,2,10,black_box,reopt_pwldr,65318.797146444645,65318.797146444645,0.05800008773803711,6.6570000648498535
4,2,10,local_search,obj_pwldr,66592.00044063292,66588.56929564525,0.05800008773803711,0.8529999256134033
4,2,10,local_search,dr_pwldr,66566.49025217495,66563.59360870271,0.05800008773803711,0.8529999256134033
4,2,10,local_search,reopt_pwldr,65318.797146444645,65318.797146444645,0.05800008773803711,0.8529999256134033
4,3,1,black_box,obj_pwldr,66817.34450275033,66629.94685533534,0.024000167846679688,2.6730000972747803
4,3,1,black_box,dr_pwldr,66793.51489818595,66604.77293312072,0.024000167846679688,2.6730000972747803
4,3,1,black_box,reopt_pwldr,65318.797146444645,65318.79714644466,0.024000167846679688,2.6730000972747803
4,3,1,local_search,obj_pwldr,66817.34450275033,66629.94685533532,0.024000167846679688,0.4980001449584961
4,3,1,local_search,dr_pwldr,66793.51489818595,66604.77293312071,0.024000167846679688,0.4980001449584961
4,3,1,local_search,reopt_pwldr,65318.797146444645,65318.797146444645,0.024000167846679688,0.4980001449584961
4,3,2,black_box,obj_pwldr,66706.96551587805,66629.42298645446,0.042999982833862305,4.264999866485596
4,3,2,black_box,dr_pwldr,66683.74759903716,66604.33009199682,0.042999982833862305,4.264999866485596
4,3,2,black_box,reopt_pwldr,65318.79714644466,65318.797146444645,0.042999982833862305,4.264999866485596
4,3,2,local_search,obj_pwldr,66706.96551587805,66629.42298645446,0.042999982833862305,0.2669999599456787
4,3,2,local_search,dr_pwldr,66683.74759903716,66604.33009199682,0.042999982833862305,0.2669999599456787
4,3,2,local_search,reopt_pwldr,65318.79714644466,65318.797146444645,0.042999982833862305,0.2669999599456787
4,3,3,black_box,obj_pwldr,66643.58129748565,66629.39332089253,0.05500006675720215,7.003000020980835
4,3,3,black_box,dr_pwldr,66619.35236451338,66604.24093163427,0.05500006675720215,7.003000020980835
4,3,3,black_box,reopt_pwldr,65318.797146444645,65318.797146444645,0.05500006675720215,7.003000020980835
4,3,3,local_search,obj_pwldr,66643.58129748565,66629.39332089253,0.05500006675720215,0.37400007247924805
4,3,3,local_search,dr_pwldr,66619.35236451338,66604.24093163427,0.05500006675720215,0.37400007247924805
4,3,3,local_search,reopt_pwldr,65318.797146444645,65318.797146444645,0.05500006675720215,0.37400007247924805
4,3,4,black_box,obj_pwldr,66648.24233358761,66629.37358722599,0.0840001106262207,10.062999963760376
4,3,4,black_box,dr_pwldr,66622.26245501656,66604.21900631697,0.0840001106262207,10.062999963760376
4,3,4,black_box,reopt_pwldr,65318.797146444645,65318.797146444645,0.0840001106262207,10.062999963760376
4,3,4,local_search,obj_pwldr,66648.24233358761,66629.37358722599,0.0840001106262207,0.6299998760223389
4,3,4,local_search,dr_pwldr,66622.26245501656,66604.21900631697,0.0840001106262207,0.6299998760223389
4,3,4,local_search,reopt_pwldr,65318.797146444645,65318.797146444645,0.0840001106262207,0.6299998760223389
4,3,5,black_box,obj_pwldr,66656.16314590469,66629.11284883169,0.0820000171661377,13.219000101089478
4,3,5,black_box,dr_pwldr,66630.5499021462,66603.9765640953,0.0820000171661377,13.219000101089478
4,3,5,black_box,reopt_pwldr,65318.797146444645,65318.797146444645,0.0820000171661377,13.219000101089478
4,3,5,local_search,obj_pwldr,66656.16314590469,66629.11284883169,0.0820000171661377,1.1470000743865967
4,3,5,local_search,dr_pwldr,66630.5499021462,66603.9765640953,0.0820000171661377,1.1470000743865967
4,3,5,local_search,reopt_pwldr,65318.797146444645,65318.797146444645,0.0820000171661377,1.1470000743865967
4,3,6,black_box,obj_pwldr,66649.11264302327,66629.14717490044,0.10500001907348633,16.76099991798401
4,3,6,black_box,dr_pwldr,66624.32225229144,66604.02532570182,0.10500001907348633,16.76099991798401
4,3,6,black_box,reopt_pwldr,65318.797146444645,65318.797146444645,0.10500001907348633,16.76099991798401
4,3,6,local_search,obj_pwldr,66649.11264302327,66629.14717490044,0.10500001907348633,1.5850000381469727
4,3,6,local_search,dr_pwldr,66624.32225229144,66604.02532570182,0.10500001907348633,1.5850000381469727
4,3,6,local_search,reopt_pwldr,65318.797146444645,65318.797146444645,0.10500001907348633,1.5850000381469727
4,3,7,black_box,obj_pwldr,66637.73685469035,66629.41819559502,0.13499999046325684,20.131999969482422
4,3,7,black_box,dr_pwldr,66612.98477847491,66604.23471745609,0.13499999046325684,20.131999969482422
4,3,7,black_box,reopt_pwldr,65318.79714644466,65318.797146444645,0.13499999046325684,20.131999969482422
4,3,7,local_search,obj_pwldr,66637.73685469035,66629.25049355296,0.13499999046325684,2.75
4,3,7,local_search,dr_pwldr,66612.98477847491,66604.1393832302,0.13499999046325684,2.75
4,3,7,local_search,reopt_pwldr,65318.79714644466,65318.797146444645,0.13499999046325684,2.75
4,3,8,black_box,obj_pwldr,66631.73335348928,66629.08890615456,0.16199994087219238,23.516000032424927
4,3,8,black_box,dr_pwldr,66606.39509353996,66603.96030338274,0.16199994087219238,23.516000032424927
4,3,8,black_box,reopt_pwldr,65318.797146444645,65318.79714644466,0.16199994087219238,23.516000032424927
4,3,8,local_search,obj_pwldr,66631.73335348928,66629.08890615459,0.16199994087219238,2.49399995803833
4,3,8,local_search,dr_pwldr,66606.39509353996,66603.96030338277,0.16199994087219238,2.49399995803833
4,3,8,local_search,reopt_pwldr,65318.797146444645,65318.79714644457,0.16199994087219238,2.49399995803833
4,3,9,black_box,obj_pwldr,66637.84192869454,66629.10902702772,0.17300009727478027,27.23199987411499
4,3,9,black_box,dr_pwldr,66612.36233910716,66603.9733733069,0.17300009727478027,27.23199987411499
4,3,9,black_box,reopt_pwldr,65318.797146444645,65318.797146444645,0.17300009727478027,27.23199987411499
4,3,9,local_search,obj_pwldr,66637.84192869454,66629.10902702772,0.17300009727478027,2.9200000762939453
4,3,9,local_search,dr_pwldr,66612.36233910716,66603.9733733069,0.17300009727478027,2.9200000762939453
4,3,9,local_search,reopt_pwldr,65318.797146444645,65318.797146444645,0.17300009727478027,2.9200000762939453
4,3,10,black_box,obj_pwldr,66637.88010438693,66629.10796378454,0.18600010871887207,29.997999906539917
4,3,10,black_box,dr_pwldr,66612.6577070752,66603.96486555364,0.18600010871887207,29.997999906539917
4,3,10,black_box,reopt_pwldr,65318.797146444645,65318.797146444645,0.18600010871887207,29.997999906539917
4,3,10,local_search,obj_pwldr,66637.88010438693,66629.10796378454,0.18600010871887207,3.9779999256134033
4,3,10,local_search,dr_pwldr,66612.6577070752,66603.96486555364,0.18600010871887207,3.9779999256134033
4,3,10,local_search,reopt_pwldr,65318.797146444645,65318.797146444645,0.18600010871887207,3.9779999256134033
4,4,1,black_box,obj_pwldr,66798.43109891014,66669.5528651665,0.020999908447265625,1.180999994277954
4,4,1,black_box,dr_pwldr,66770.44803444635,66640.25824982344,0.020999908447265625,1.180999994277954
4,4,1,black_box,reopt_pwldr,65318.797146444645,65318.79714644466,0.020999908447265625,1.180999994277954
4,4,1,local_search,obj_pwldr,66798.43109891014,66662.93700818182,0.020999908447265625,0.09299993515014648
4,4,1,local_search,dr_pwldr,66770.44803444635,66633.62604484613,0.020999908447265625,0.09299993515014648
4,4,1,local_search,reopt_pwldr,65318.797146444645,65318.79714644466,0.020999908447265625,0.09299993515014648
4,4,2,black_box,obj_pwldr,66710.69730397931,66661.18389820177,0.037999868392944336,1.7209999561309814
4,4,2,black_box,dr_pwldr,66682.0885893046,66631.91919086811,0.037999868392944336,1.7209999561309814
4,4,2,black_box,reopt_pwldr,65318.797146444645,65318.797146444645,0.037999868392944336,1.7209999561309814
4,4,2,local_search,obj_pwldr,66710.69730397931,66661.18389820177,0.037999868392944336,0.08899998664855957
4,4,2,local_search,dr_pwldr,66682.0885893046,66631.91919086811,0.037999868392944336,0.08899998664855957
4,4,2,local_search,reopt_pwldr,65318.797146444645,65318.797146444645,0.037999868392944336,0.08899998664855957
4,4,3,black_box,obj_pwldr,66670.09437731183,66660.1063837321,0.0280001163482666,2.0470001697540283
4,4,3,black_box,dr_pwldr,66640.92686186726,66630.79439444565,0.0280001163482666,2.0470001697540283
4,4,3,black_box,reopt_pwldr,65318.79714644466,65318.79714644466,0.0280001163482666,2.0470001697540283
4,4,3,local_search,obj_pwldr,66670.09437731183,66660.1063837321,0.0280001163482666,0.1380000114440918
4,4,3,local_search,dr_pwldr,66640.92686186726,66630.79439444565,0.0280001163482666,0.1380000114440918
4,4,3,local_search,reopt_pwldr,65318.79714644466,65318.79714644466,0.0280001163482666,0.1380000114440918
4,4,4,black_box,obj_pwldr,66671.17788574567,66660.35378126244,0.03900003433227539,2.50600004196167
4,4,4,black_box,dr_pwldr,66641.77406018456,66631.10471308402,0.03900003433227539,2.50600004196167
4,4,4,black_box,reopt_pwldr,65318.797146444645,65318.79714644466,0.03900003433227539,2.50600004196167
4,4,4,local_search,obj_pwldr,66671.17788574567,66660.1316458302,0.03900003433227539,0.3269999027252197
4,4,4,local_search,dr_pwldr,66641.77406018456,66630.80154348316,0.03900003433227539,0.3269999027252197
4,4,4,local_search,reopt_pwldr,65318.797146444645,65318.797146444645,0.03900003433227539,0.3269999027252197
4,4,5,black_box,obj_pwldr,66674.52946236837,66659.93637082067,0.03299999237060547,3.0999999046325684
4,4,5,black_box,dr_pwldr,66645.49965949624,66630.633126151,0.03299999237060547,3.0999999046325684
4,4,5,black_box,reopt_pwldr,65318.797146444645,65318.797146444645,0.03299999237060547,3.0999999046325684
4,4,5,local_search,obj_pwldr,66674.52946236837,66659.93637082067,0.03299999237060547,0.21700000762939453
4,4,5,local_search,dr_pwldr,66645.49965949624,66630.633126151,0.03299999237060547,0.21700000762939453
4,4,5,local_search,reopt_pwldr,65318.797146444645,65318.797146444645,0.03299999237060547,0.21700000762939453
4,4,6,black_box,obj_pwldr,66670.73013218852,66659.90519768115,0.04999995231628418,3.7860000133514404
4,4,6,black_box,dr_pwldr,66641.77966161065,66630.59255701424,0.04999995231628418,3.7860000133514404
4,4,6,black_box,reopt_pwldr,65318.797146444645,65318.797146444645,0.04999995231628418,3.7860000133514404
4,4,6,local_search,obj_pwldr,66670.73013218852,66659.90519768115,0.04999995231628418,0.2929999828338623
4,4,6,local_search,dr_pwldr,66641.77966161065,66630.59255701424,0.04999995231628418,0.2929999828338623
4,4,6,local_search,reopt_pwldr,65318.797146444645,65318.797146444645,0.04999995231628418,0.2929999828338623
4,4,7,black_box,obj_pwldr,66664.76500189817,66659.96695975593,0.046000003814697266,4.430999994277954
4,4,7,black_box,dr_pwldr,66635.48843682953,66630.6560235798,0.046000003814697266,4.430999994277954
4,4,7,black_box,reopt_pwldr,65318.797146444645,65318.797146444645,0.046000003814697266,4.430999994277954
4,4,7,local_search,obj_pwldr,66664.76500189817,66659.96695975593,0.046000003814697266,0.38700008392333984
4,4,7,local_search,dr_pwldr,66635.48843682953,66630.6560235798,0.046000003814697266,0.38700008392333984
4,4,7,local_search,reopt_pwldr,65318.797146444645,65318.797146444645,0.046000003814697266,0.38700008392333984
4,4,8,black_box,obj_pwldr,66661.32293430166,66659.89040000859,0.04799985885620117,4.852999925613403
4,4,8,black_box,dr_pwldr,66632.07900098633,66630.57811964765,0.04799985885620117,4.852999925613403
4,4,8,black_box,reopt_pwldr,65318.79714644466,65318.797146444645,0.04799985885620117,4.852999925613403
4,4,8,local_search,obj_pwldr,66661.32293430166,66659.89040000859,0.04799985885620117,0.5120000839233398
4,4,8,local_search,dr_pwldr,66632.07900098633,66630.57811964765,0.04799985885620117,0.5120000839233398
4,4,8,local_search,reopt_pwldr,65318.79714644466,65318.797146444645,0.04799985885620117,0.5120000839233398
4,4,9,black_box,obj_pwldr,66664.47035274988,66659.92432596679,0.0559999942779541,5.444000005722046
4,4,9,black_box,dr_pwldr,66635.34974357841,66630.61343473286,0.0559999942779541,5.444000005722046
4,4,9,black_box,reopt_pwldr,65318.797146444645,65318.797146444645,0.0559999942779541,5.444000005722046
4,4,9,local_search,obj_pwldr,66664.47035274988,66659.92432596679,0.0559999942779541,0.567000150680542
4,4,9,local_search,dr_pwldr,66635.34974357841,66630.61343473286,0.0559999942779541,0.567000150680542
4,4,9,local_search,reopt_pwldr,65318.797146444645,65318.797146444645,0.0559999942779541,0.567000150680542
4,4,10,black_box,obj_pwldr,66664.49474648703,66659.90033265435,0.046000003814697266,6.037999868392944
4,4,10,black_box,dr_pwldr,66635.4414974153,66630.58762366501,0.046000003814697266,6.037999868392944
4,4,10,black_box,reopt_pwldr,65318.79714644466,65318.79714644466,0.046000003814697266,6.037999868392944
4,4,10,local_search,obj_pwldr,66664.49474648703,66659.90033265433,0.046000003814697266,1.4249999523162842
4,4,10,local_search,dr_pwldr,66635.4414974153,66630.58762366498,0.046000003814697266,1.4249999523162842
4,4,10,local_search,reopt_pwldr,65318.79714644466,65318.797146444645,0.046000003814697266,1.4249999523162842
5,1,1,black_box,obj_pwldr,62083.03563791366,61959.351499027965,0.029999971389770508,1.242999792098999
5,1,1,black_box,dr_pwldr,62046.16856625668,61920.02033008981,0.029999971389770508,1.242999792098999
5,1,1,black_box,reopt_pwldr,59750.342012090136,59750.342012090136,0.029999971389770508,1.242999792098999
5,1,1,local_search,obj_pwldr,62083.03563791366,61959.351499027965,0.029999971389770508,0.04499983787536621
5,1,1,local_search,dr_pwldr,62046.16856625668,61920.02033008981,0.029999971389770508,0.04499983787536621
5,1,1,local_search,reopt_pwldr,59750.342012090136,59750.342012090136,0.029999971389770508,0.04499983787536621
5,1,2,black_box,obj_pwldr,62002.18639975257,61957.86740080155,0.026999950408935547,1.6449999809265137
5,1,2,black_box,dr_pwldr,61963.38898136411,61918.54633880559,0.026999950408935547,1.6449999809265137
5,1,2,black_box,reopt_pwldr,59750.342012090136,59750.342012090136,0.026999950408935547,1.6449999809265137
5,1,2,local_search,obj_pwldr,62002.18639975257,61957.86740080155,0.026999950408935547,0.0839998722076416
5,1,2,local_search,dr_pwldr,61963.38898136411,61918.54633880559,0.026999950408935547,0.0839998722076416
5,1,2,local_search,reopt_pwldr,59750.342012090136,59750.342012090136,0.026999950408935547,0.0839998722076416
5,1,3,black_box,obj_pwldr,62004.503389286605,61957.64364197264,0.04200005531311035,2.0869998931884766
5,1,3,black_box,dr_pwldr,61965.09774208879,61918.31279545025,0.04200005531311035,2.0869998931884766
5,1,3,black_box,reopt_pwldr,59750.342012090136,59750.342012090136,0.04200005531311035,2.0869998931884766
5,1,3,local_search,obj_pwldr,62004.503389286605,61957.64364197264,0.04200005531311035,0.125
5,1,3,local_search,dr_pwldr,61965.09774208879,61918.31279545025,0.04200005531311035,0.125
5,1,3,local_search,reopt_pwldr,59750.342012090136,59750.342012090136,0.04200005531311035,0.125
5,1,4,black_box,obj_pwldr,61965.86041333295,61957.50160963899,0.034999847412109375,2.6110000610351562
5,1,4,black_box,dr_pwldr,61926.48394340822,61918.17092665553,0.034999847412109375,2.6110000610351562
5,1,4,black_box,reopt_pwldr,59750.342012090136,59750.342012090136,0.034999847412109375,2.6110000610351562
5,1,4,local_search,obj_pwldr,61965.86041333295,61957.50160963899,0.034999847412109375,0.17300009727478027
5,1,4,local_search,dr_pwldr,61926.48394340822,61918.17092665553,0.034999847412109375,0.17300009727478027
5,1,4,local_search,reopt_pwldr,59750.342012090136,59750.342012090136,0.034999847412109375,0.17300009727478027
5,1,5,black_box,obj_pwldr,61975.66290607674,61957.55352897953,0.04699993133544922,3.004000186920166
5,1,5,black_box,dr_pwldr,61936.396256074935,61918.2176940303,0.04699993133544922,3.004000186920166
5,1,5,black_box,reopt_pwldr,59750.342012090136,59750.342012090136,0.04699993133544922,3.004000186920166
5,1,5,local_search,obj_pwldr,61975.66290607674,61957.55352897953,0.04699993133544922,0.25100016593933105
5,1,5,local_search,dr_pwldr,61936.396256074935,61918.2176940303,0.04699993133544922,0.25100016593933105
5,1,5,local_search,reopt_pwldr,59750.342012090136,59750.342012090136,0.04699993133544922,0.25100016593933105
5,1,6,black_box,obj_pwldr,61970.617307104134,61957.60971490116,0.042999982833862305,3.5809998512268066
5,1,6,black_box,dr_pwldr,61930.80731330937,61918.25183027488,0.042999982833862305,3.5809998512268066
5,1,6,black_box,reopt_pwldr,59750.342012090136,59750.342012090136,0.042999982833862305,3.5809998512268066
5,1,6,local_search,obj_pwldr,61970.617307104134,61957.60971490116,0.042999982833862305,0.3080000877380371
5,1,6,local_search,dr_pwldr,61930.80731330937,61918.25183027488,0.042999982833862305,0.3080000877380371
5,1,6,local_search,reopt_pwldr,59750.342012090136,59750.342012090136,0.042999982833862305,0.3080000877380371
5,1,7,black_box,obj_pwldr,61960.91798257438,61957.52533600862,0.05000019073486328,4.072999954223633
5,1,7,black_box,dr_pwldr,61921.5381000634,61918.18713919472,0.05000019073486328,4.072999954223633
5,1,7,black_box,reopt_pwldr,59750.342012090136,59750.342012090136,0.05000019073486328,4.072999954223633
5,1,7,local_search,obj_pwldr,61960.91798257438,61957.52533600862,0.05000019073486328,0.39299988746643066
5,1,7,local_search,dr_pwldr,61921.5381000634,61918.18713919472,0.05000019073486328,0.39299988746643066
5,1,7,local_search,reopt_pwldr,59750.342012090136,59750.342012090136,0.05000019073486328,0.39299988746643066
5,1,8,black_box,obj_pwldr,61966.85801234676,61957.58883202056,0.04500007629394531,4.7179999351501465
5,1,8,black_box,dr_pwldr,61927.11658584216,61918.257935017726,0.04500007629394531,4.7179999351501465
5,1,8,black_box,reopt_pwldr,59750.342012090136,59750.342012090136,0.04500007629394531,4.7179999351501465
5,1,8,local_search,obj_pwldr,61966.85801234676,61957.58883202056,0.04500007629394531,0.434999942779541
5,1,8,local_search,dr_pwldr,61927.11658584216,61918.257935017726,0.04500007629394531,0.434999942779541
5,1,8,local_search,reopt_pwldr,59750.342012090136,59750.342012090136,0.04500007629394531,0.434999942779541
5,1,9,black_box,obj_pwldr,61961.42013533192,61957.49754371861,0.04699993133544922,5.68500018119812
5,1,9,black_box,dr_pwldr,61921.985070999275,61918.16666960328,0.04699993133544922,5.68500018119812
5,1,9,black_box,reopt_pwldr,59750.342012090136,59750.342012090136,0.04699993133544922,5.68500018119812
5,1,9,local_search,obj_pwldr,61961.42013533192,61957.49754371862,0.04699993133544922,0.6659998893737793
5,1,9,local_search,dr_pwldr,61921.985070999275,61918.16666960328,0.04699993133544922,0.6659998893737793
5,1,9,local_search,reopt_pwldr,59750.342012090136,59750.342012090136,0.04699993133544922,0.6659998893737793
5,1,10,black_box,obj_pwldr,61961.99762538546,61957.541980869,0.059999942779541016,6.58299994468689
5,1,10,black_box,dr_pwldr,61922.39191636404,61918.197239898596,0.059999942779541016,6.58299994468689
5,1,10,black_box,reopt_pwldr,59750.342012090136,59750.342012090136,0.059999942779541016,6.58299994468689
5,1,10,local_search,obj_pwldr,61961.99762538546,61957.53897021955,0.059999942779541016,0.8519999980926514
5,1,10,local_search,dr_pwldr,61922.39191636404,61918.19375060435,0.059999942779541016,0.8519999980926514
5,1,10,local_search,reopt_pwldr,59750.342012090136,59750.342012090136,0.059999942779541016,0.8519999980926514
5,2,1,black_box,obj_pwldr,62121.60860055898,61985.304474700606,0.023000001907348633,2.0419998168945312
5,2,1,black_box,dr_pwldr,62087.18476859635,61952.32102863853,0.023000001907348633,2.0419998168945312
5,2,1,black_box,reopt_pwldr,59750.342012090136,59750.342012090136,0.023000001907348633,2.0419998168945312
5,2,1,local_search,obj_pwldr,62121.60860055898,61985.304474700606,0.023000001907348633,0.04900002479553223
5,2,1,local_search,dr_pwldr,62087.18476859635,61952.32102863853,0.023000001907348633,0.04900002479553223
5,2,1,local_search,reopt_pwldr,59750.342012090136,59750.342012090136,0.023000001907348633,0.04900002479553223
5,2,2,black_box,obj_pwldr,61995.59015438674,61976.56469826891,0.04699993133544922,4.093999862670898
5,2,2,black_box,dr_pwldr,61962.43073965894,61943.429625702585,0.04699993133544922,4.093999862670898
5,2,2,black_box,reopt_pwldr,59750.342012090136,59750.342012090136,0.04699993133544922,4.093999862670898
5,2,2,local_search,obj_pwldr,61995.59015438674,61976.470092687174,0.04699993133544922,0.28999996185302734
5,2,2,local_search,dr_pwldr,61962.43073965894,61943.32392012538,0.04699993133544922,0.28999996185302734
5,2,2,local_search,reopt_pwldr,59750.342012090136,59750.342012090136,0.04699993133544922,0.28999996185302734
5,2,3,black_box,obj_pwldr,62015.27882161395,61976.29217596881,0.0560002326965332,6.921000003814697
5,2,3,black_box,dr_pwldr,61980.399071196225,61943.14076299452,0.0560002326965332,6.921000003814697
5,2,3,black_box,reopt_pwldr,59750.342012090136,59750.342012090136,0.0560002326965332,6.921000003814697
5,2,3,local_search,obj_pwldr,62015.27882161395,61976.29217596881,0.0560002326965332,0.40200018882751465
5,2,3,local_search,dr_pwldr,61980.399071196225,61943.14076299452,0.0560002326965332,0.40200018882751465
5,2,3,local_search,reopt_pwldr,59750.342012090136,59750.342012090136,0.0560002326965332,0.40200018882751465
5,2,4,black_box,obj_pwldr,61986.82907282361,61976.2100758734,0.06699991226196289,10.134000062942505
5,2,4,black_box,dr_pwldr,61953.13329898652,61943.08055584182,0.06699991226196289,10.134000062942505
5,2,4,black_box,reopt_pwldr,59750.342012090136,59750.342012090136,0.06699991226196289,10.134000062942505
5,2,4,local_search,obj_pwldr,61986.82907282361,61976.2100758734,0.06699991226196289,0.7480001449584961
5,2,4,local_search,dr_pwldr,61953.13329898652,61943.08055584182,0.06699991226196289,0.7480001449584961
5,2,4,local_search,reopt_pwldr,59750.342012090136,59750.342012090136,0.06699991226196289,0.7480001449584961
5,2,5,black_box,obj_pwldr,61986.52162105224,61976.33221965541,0.08299994468688965,13.184000015258789
5,2,5,black_box,dr_pwldr,61952.76775287812,61943.169013582265,0.08299994468688965,13.184000015258789
5,2,5,black_box,reopt_pwldr,59750.342012090136,59750.34201209015,0.08299994468688965,13.184000015258789
5,2,5,local_search,obj_pwldr,61986.52162105224,61976.33221965539,0.08299994468688965,1.9820001125335693
5,2,5,local_search,dr_pwldr,61952.76775287812,61943.169013582265,0.08299994468688965,1.9820001125335693
5,2,5,local_search,reopt_pwldr,59750.342012090136,59750.342012090136,0.08299994468688965,1.9820001125335693
5,2,6,black_box,obj_pwldr,61988.2082546639,61976.23499770779,0.09999990463256836,16.76200008392334
5,2,6,black_box,dr_pwldr,61954.058625427984,61943.10770457446,0.09999990463256836,16.76200008392334
5,2,6,black_box,reopt_pwldr,59750.342012090136,59750.342012090136,0.09999990463256836,16.76200008392334
5,2,6,local_search,obj_pwldr,61988.2082546639,61976.23499770779,0.09999990463256836,1.6029999256134033
5,2,6,local_search,dr_pwldr,61954.058625427984,61943.10770457446,0.09999990463256836,1.6029999256134033
5,2,6,local_search,reopt_pwldr,59750.342012090136,59750.342012090136,0.09999990463256836,1.6029999256134033
5,2,7,black_box,obj_pwldr,61977.713252233916,61976.17682524459,0.1549999713897705,20.081000089645386
5,2,7,black_box,dr_pwldr,61944.66420009059,61943.04369514719,0.1549999713897705,20.081000089645386
5,2,7,black_box,reopt_pwldr,59750.342012090136,59750.342012090136,0.1549999713897705,20.081000089645386
5,2,7,local_search,obj_pwldr,61977.713252233916,61976.17682524459,0.1549999713897705,2.0769999027252197
5,2,7,local_search,dr_pwldr,61944.66420009059,61943.04369514719,0.1549999713897705,2.0769999027252197
5,2,7,local_search,reopt_pwldr,59750.342012090136,59750.342012090136,0.1549999713897705,2.0769999027252197
5,2,8,black_box,obj_pwldr,61982.75230072174,61976.18230463667,0.14700007438659668,23.630000114440918
5,2,8,black_box,dr_pwldr,61948.94265173792,61943.05139431166,0.14700007438659668,23.630000114440918
5,2,8,black_box,reopt_pwldr,59750.342012090136,59750.342012090136,0.14700007438659668,23.630000114440918
5,2,8,local_search,obj_pwldr,61982.75230072174,61976.18230463666,0.14700007438659668,4.813999891281128
5,2,8,local_search,dr_pwldr,61948.94265173792,61943.05139431166,0.14700007438659668,4.813999891281128
5,2,8,local_search,reopt_pwldr,59750.342012090136,59750.342012090136,0.14700007438659668,4.813999891281128
5,2,9,black_box,obj_pwldr,61979.944173550284,61976.2089671755,0.1659998893737793,27.22499990463257
5,2,9,black_box,dr_pwldr,61946.299560129046,61943.077008851345,0.1659998893737793,27.22499990463257
5,2,9,black_box,reopt_pwldr,59750.342012090136,59750.342012090136,0.1659998893737793,27.22499990463257
5,2,9,local_search,obj_pwldr,61979.944173550284,61976.2089671755,0.1659998893737793,3.069999933242798
5,2,9,local_search,dr_pwldr,61946.299560129046,61943.077008851345,0.1659998893737793,3.069999933242798
5,2,9,local_search,reopt_pwldr,59750.342012090136,59750.342012090136,0.1659998893737793,3.069999933242798
5,2,10,black_box,obj_pwldr,61978.77193427037,61976.1705802607,0.19899988174438477,29.778000116348267
5,2,10,black_box,dr_pwldr,61945.664474031,61943.03823067147,0.19899988174438477,29.778000116348267
5,2,10,black_box,reopt_pwldr,59750.342012090136,59750.342012090136,0.19899988174438477,29.778000116348267
5,2,10,local_search,obj_pwldr,61978.77193427037,61976.1705802607,0.19899988174438477,3.5269999504089355
5,2,10,local_search,dr_pwldr,61945.664474031,61943.03823067147,0.19899988174438477,3.5269999504089355
5,2,10,local_search,reopt_pwldr,59750.342012090136,59750.342012090136,0.19899988174438477,3.5269999504089355
5,3,1,black_box,obj_pwldr,62124.413571100034,62006.23814189241,0.021000146865844727,1.2059998512268066
5,3,1,black_box,dr_pwldr,62096.24021924935,61975.500073193754,0.021000146865844727,1.2059998512268066
5,3,1,black_box,reopt_pwldr,59750.342012090136,59750.342012090136,0.021000146865844727,1.2059998512268066
5,3,1,local_search,obj_pwldr,62124.413571100034,62006.23814189241,0.021000146865844727,0.04799985885620117
5,3,1,local_search,dr_pwldr,62096.24021924935,61975.500073193754,0.021000146865844727,0.04799985885620117
5,3,1,local_search,reopt_pwldr,59750.342012090136,59750.342012090136,0.021000146865844727,0.04799985885620117
5,3,2,black_box,obj_pwldr,62044.212849395684,62006.12543235097,0.023999929428100586,1.6150000095367432
5,3,2,black_box,dr_pwldr,62012.7165652706,61975.33955659462,0.023999929428100586,1.6150000095367432
5,3,2,black_box,reopt_pwldr,59750.342012090136,59750.342012090136,0.023999929428100586,1.6150000095367432
5,3,2,local_search,obj_pwldr,62044.212849395684,62006.12543235097,0.023999929428100586,0.08800005912780762
5,3,2,local_search,dr_pwldr,62012.7165652706,61975.33955659462,0.023999929428100586,0.08800005912780762
5,3,2,local_search,reopt_pwldr,59750.342012090136,59750.342012090136,0.023999929428100586,0.08800005912780762
5,3,3,black_box,obj_pwldr,62047.08511382681,62006.15898851294,0.039999961853027344,1.9079999923706055
5,3,3,black_box,dr_pwldr,62016.89530515116,61975.478387548814,0.039999961853027344,1.9079999923706055
5,3,3,black_box,reopt_pwldr,59750.342012090136,59750.342012090136,0.039999961853027344,1.9079999923706055
5,3,3,local_search,obj_pwldr,62047.08511382681,62005.45647329484,0.039999961853027344,0.2820000648498535
5,3,3,local_search,dr_pwldr,62016.89530515116,61974.696739133906,0.039999961853027344,0.2820000648498535
5,3,3,local_search,reopt_pwldr,59750.342012090136,59750.342012090136,0.039999961853027344,0.2820000648498535
5,3,4,black_box,obj_pwldr,62013.06949992125,62005.507785427406,0.04500007629394531,2.625999927520752
5,3,4,black_box,dr_pwldr,61982.601165664055,61974.747070712576,0.04500007629394531,2.625999927520752
5,3,4,black_box,reopt_pwldr,59750.342012090136,59750.342012090136,0.04500007629394531,2.625999927520752
5,3,4,local_search,obj_pwldr,62013.06949992125,62005.50778542742,0.04500007629394531,0.1809999942779541
5,3,4,local_search,dr_pwldr,61982.601165664055,61974.74707071258,0.04500007629394531,0.1809999942779541
5,3,4,local_search,reopt_pwldr,59750.342012090136,59750.342012090136,0.04500007629394531,0.1809999942779541
5,3,5,black_box,obj_pwldr,62021.3089614024,62005.61689758843,0.03800010681152344,3.0409998893737793
5,3,5,black_box,dr_pwldr,61990.755137885484,61974.85332630164,0.03800010681152344,3.0409998893737793
5,3,5,black_box,reopt_pwldr,59750.342012090136,59750.342012090136,0.03800010681152344,3.0409998893737793
5,3,5,local_search,obj_pwldr,62021.3089614024,62005.61689758843,0.03800010681152344,0.25100016593933105
5,3,5,local_search,dr_pwldr,61990.755137885484,61974.85332630164,0.03800010681152344,0.25100016593933105
5,3,5,local_search,reopt_pwldr,59750.342012090136,59750.342012090136,0.03800010681152344,0.25100016593933105
5,3,6,black_box,obj_pwldr,62017.105154524266,62005.50274883192,0.034999847412109375,4.049999952316284
5,3,6,black_box,dr_pwldr,61986.65011065417,61974.742101308366,0.034999847412109375,4.049999952316284
5,3,6,black_box,reopt_pwldr,59750.342012090136,59750.342012090136,0.034999847412109375,4.049999952316284
5,3,6,local_search,obj_pwldr,62017.105154524266,62005.502748831925,0.034999847412109375,0.2819998264312744
5,3,6,local_search,dr_pwldr,61986.65011065417,61974.742101308366,0.034999847412109375,0.2819998264312744
5,3,6,local_search,reopt_pwldr,59750.342012090136,59750.342012090136,0.034999847412109375,0.2819998264312744
5,3,7,black_box,obj_pwldr,62008.42088519017,62005.45251502081,0.042999982833862305,3.764000177383423
5,3,7,black_box,dr_pwldr,61977.742151014165,61974.690336086525,0.042999982833862305,3.764000177383423
5,3,7,black_box,reopt_pwldr,59750.342012090136,59750.342012090136,0.042999982833862305,3.764000177383423
5,3,7,local_search,obj_pwldr,62008.42088519017,62005.452515020814,0.042999982833862305,0.370999813079834
5,3,7,local_search,dr_pwldr,61977.742151014165,61974.690336086525,0.042999982833862305,0.370999813079834
5,3,7,local_search,reopt_pwldr,59750.342012090136,59750.342012090136,0.042999982833862305,0.370999813079834
5,3,8,black_box,obj_pwldr,62013.67433207129,62005.45498391547,0.046000003814697266,4.4079999923706055
5,3,8,black_box,dr_pwldr,61983.18782116749,61974.69302250602,0.046000003814697266,4.4079999923706055
5,3,8,black_box,reopt_pwldr,59750.342012090136,59750.342012090136,0.046000003814697266,4.4079999923706055
5,3,8,local_search,obj_pwldr,62013.67433207129,62005.45498391547,0.046000003814697266,0.4460000991821289
5,3,8,local_search,dr_pwldr,61983.18782116749,61974.69302250602,0.046000003814697266,0.4460000991821289
5,3,8,local_search,reopt_pwldr,59750.342012090136,59750.342012090136,0.046000003814697266,0.4460000991821289
5,3,9,black_box,obj_pwldr,62008.94234643512,62005.47753539456,0.042999982833862305,4.971999883651733
5,3,9,black_box,dr_pwldr,61978.30723026515,61974.7251624906,0.042999982833862305,4.971999883651733
5,3,9,black_box,reopt_pwldr,59750.342012090136,59750.342012090136,0.042999982833862305,4.971999883651733
5,3,9,local_search,obj_pwldr,62008.94234643512,62005.45403200106,0.042999982833862305,0.8849999904632568
5,3,9,local_search,dr_pwldr,61978.30723026515,61974.69356096112,0.042999982833862305,0.8849999904632568
5,3,9,local_search,reopt_pwldr,59750.342012090136,59750.342012090136,0.042999982833862305,0.8849999904632568
5,3,10,black_box,obj_pwldr,62009.381342779256,62005.52194558391,0.05099987983703613,5.500999927520752
5,3,10,black_box,dr_pwldr,61978.80757747066,61974.76232122652,0.05099987983703613,5.500999927520752
5,3,10,black_box,reopt_pwldr,59750.342012090136,59750.342012090136,0.05099987983703613,5.500999927520752
5,3,10,local_search,obj_pwldr,62009.381342779256,62005.52194558391,0.05099987983703613,0.7610001564025879
5,3,10,local_search,dr_pwldr,61978.80757747066,61974.76232122652,0.05099987983703613,0.7610001564025879
5,3,10,local_search,reopt_pwldr,59750.342012090136,59750.342012090136,0.05099987983703613,0.7610001564025879
5,4,1,black_box,obj_pwldr,61910.91836538704,61767.741474384144,0.0280001163482666,1.2950000762939453
5,4,1,black_box,dr_pwldr,61875.85083702329,61734.78667900813,0.0280001163482666,1.2950000762939453
5,4,1,black_box,reopt_pwldr,59750.342012090136,59750.342012090136,0.0280001163482666,1.2950000762939453
5,4,1,local_search,obj_pwldr,61910.91836538704,61767.741474384144,0.0280001163482666,0.051000118255615234
5,4,1,local_search,dr_pwldr,61875.85083702329,61734.78667900813,0.0280001163482666,0.051000118255615234
5,4,1,local_search,reopt_pwldr,59750.342012090136,59750.342012090136,0.0280001163482666,0.051000118255615234
5,4,2,black_box,obj_pwldr,61842.11040583243,61766.621587447684,0.020999908447265625,1.684999942779541
5,4,2,black_box,dr_pwldr,61810.06953235496,61733.75453014854,0.020999908447265625,1.684999942779541
5,4,2,black_box,reopt_pwldr,59750.342012090136,59750.342012090136,0.020999908447265625,1.684999942779541
5,4,2,local_search,obj_pwldr,61842.11040583243,61766.621587447684,0.020999908447265625,0.08999991416931152
5,4,2,local_search,dr_pwldr,61810.06953235496,61733.75453014854,0.020999908447265625,0.08999991416931152
5,4,2,local_search,reopt_pwldr,59750.342012090136,59750.342012090136,0.020999908447265625,0.08999991416931152
5,4,3,black_box,obj_pwldr,61837.20083006191,61766.65511517527,0.029000043869018555,2.0840001106262207
5,4,3,black_box,dr_pwldr,61804.59409767059,61733.76238562858,0.029000043869018555,2.0840001106262207
5,4,3,black_box,reopt_pwldr,59750.342012090136,59750.342012090136,0.029000043869018555,2.0840001106262207
5,4,3,local_search,obj_pwldr,61837.20083006191,61766.65511517527,0.029000043869018555,0.1230001449584961
5,4,3,local_search,dr_pwldr,61804.59409767059,61733.76238562858,0.029000043869018555,0.1230001449584961
5,4,3,local_search,reopt_pwldr,59750.342012090136,59750.342012090136,0.029000043869018555,0.1230001449584961
5,4,4,black_box,obj_pwldr,61777.11554526132,61766.5347242779,0.03500008583068848,2.508000135421753
5,4,4,black_box,dr_pwldr,61743.573571327135,61733.660448977746,0.03500008583068848,2.508000135421753
5,4,4,black_box,reopt_pwldr,59750.342012090136,59750.342012090136,0.03500008583068848,2.508000135421753
5,4,4,local_search,obj_pwldr,61777.11554526132,61766.5347242779,0.03500008583068848,0.15799999237060547
5,4,4,local_search,dr_pwldr,61743.573571327135,61733.660448977746,0.03500008583068848,0.15799999237060547
5,4,4,local_search,reopt_pwldr,59750.342012090136,59750.342012090136,0.03500008583068848,0.15799999237060547
5,4,5,black_box,obj_pwldr,61795.99675091027,61766.45450345424,0.03900003433227539,3.0769999027252197
5,4,5,black_box,dr_pwldr,61764.0248235956,61733.578559724134,0.03900003433227539,3.0769999027252197
5,4,5,black_box,reopt_pwldr,59750.342012090136,59750.342012090136,0.03900003433227539,3.0769999027252197
5,4,5,local_search,obj_pwldr,61795.99675091027,61766.454503454246,0.03900003433227539,0.2200000286102295
5,4,5,local_search,dr_pwldr,61764.0248235956,61733.578559724134,0.03900003433227539,0.2200000286102295
5,4,5,local_search,reopt_pwldr,59750.342012090136,59750.342012090136,0.03900003433227539,0.2200000286102295
5,4,6,black_box,obj_pwldr,61785.67441075368,61766.425349683224,0.051000118255615234,3.699000120162964
5,4,6,black_box,dr_pwldr,61751.8982133492,61733.54711396943,0.051000118255615234,3.699000120162964
5,4,6,black_box,reopt_pwldr,59750.342012090136,59750.342012090136,0.051000118255615234,3.699000120162964
5,4,6,local_search,obj_pwldr,61785.67441075368,61766.425349683224,0.051000118255615234,0.312999963760376
5,4,6,local_search,dr_pwldr,61751.8982133492,61733.54711396943,0.051000118255615234,0.312999963760376
5,4,6,local_search,reopt_pwldr,59750.342012090136,59750.342012090136,0.051000118255615234,0.312999963760376
5,4,7,black_box,obj_pwldr,61772.16515789323,61766.41311070405,0.04999995231628418,4.177000045776367
5,4,7,black_box,dr_pwldr,61739.54525378832,61733.535061743234,0.04999995231628418,4.177000045776367
5,4,7,black_box,reopt_pwldr,59750.342012090136,59750.342012090136,0.04999995231628418,4.177000045776367
5,4,7,local_search,obj_pwldr,61772.16515789323,61766.41311070405,0.04999995231628418,0.37199997901916504
5,4,7,local_search,dr_pwldr,61739.54525378832,61733.535061743234,0.04999995231628418,0.37199997901916504
5,4,7,local_search,reopt_pwldr,59750.342012090136,59750.342012090136,0.04999995231628418,0.37199997901916504
5,4,8,black_box,obj_pwldr,61781.065337677086,61766.47398270072,0.05200004577636719,4.836999893188477
5,4,8,black_box,dr_pwldr,61748.100999508,61733.593377089666,0.05200004577636719,4.836999893188477
5,4,8,black_box,reopt_pwldr,59750.342012090136,59750.342012090136,0.05200004577636719,4.836999893188477
5,4,8,local_search,obj_pwldr,61781.065337677086,61766.473982700714,0.05200004577636719,1.0720000267028809
5,4,8,local_search,dr_pwldr,61748.100999508,61733.593377089666,0.05200004577636719,1.0720000267028809
5,4,8,local_search,reopt_pwldr,59750.342012090136,59750.342012090136,0.05200004577636719,1.0720000267028809
5,4,9,black_box,obj_pwldr,61772.091976339856,61766.46884766571,0.056999921798706055,5.639999866485596
5,4,9,black_box,dr_pwldr,61738.898997835175,61733.59049779607,0.056999921798706055,5.639999866485596
5,4,9,black_box,reopt_pwldr,59750.342012090136,59750.342012090136,0.056999921798706055,5.639999866485596
5,4,9,local_search,obj_pwldr,61772.091976339856,61766.46884766571,0.056999921798706055,0.6170001029968262
5,4,9,local_search,dr_pwldr,61738.898997835175,61733.59049779607,0.056999921798706055,0.6170001029968262
5,4,9,local_search,reopt_pwldr,59750.342012090136,59750.342012090136,0.056999921798706055,0.6170001029968262
5,4,10,black_box,obj_pwldr,61773.709233001515,61766.4454461148,0.04900002479553223,6.307999849319458
5,4,10,black_box,dr_pwldr,61740.93178751307,61733.56513061703,0.04900002479553223,6.307999849319458
5,4,10,black_box,reopt_pwldr,59750.342012090136,59750.342012090136,0.04900002479553223,6.307999849319458
5,4,10,local_search,obj_pwldr,61773.709233001515,61766.42434781671,0.04900002479553223,1.2250001430511475
5,4,10,local_search,dr_pwldr,61740.93178751307,61733.544287536184,0.04900002479553223,1.2250001430511475
5,4,10,local_search,reopt_pwldr,59750.342012090136,59750.342012090136,0.04900002479553223,1.2250001430511475
6,1,1,black_box,obj_pwldr,66818.03332787483,66629.81662194389,0.023000001907348633,1.2669999599456787
6,1,1,black_box,dr_pwldr,66703.34338295649,66510.86476616784,0.023000001907348633,1.2669999599456787
6,1,1,black_box,reopt_pwldr,64967.77003479704,64967.77003479704,0.023000001907348633,1.2669999599456787
6,1,1,local_search,obj_pwldr,66818.03332787483,66629.81662194389,0.023000001907348633,0.05799984931945801
6,1,1,local_search,dr_pwldr,66703.34338295649,66510.86476616784,0.023000001907348633,0.05799984931945801
6,1,1,local_search,reopt_pwldr,64967.77003479704,64967.77003479704,0.023000001907348633,0.05799984931945801
6,1,2,black_box,obj_pwldr,66722.31360031392,66632.03606409243,0.02500009536743164,1.6779999732971191
6,1,2,black_box,dr_pwldr,66605.21518340445,66513.21484700068,0.02500009536743164,1.6779999732971191
6,1,2,black_box,reopt_pwldr,64967.77003479704,64967.77003479704,0.02500009536743164,1.6779999732971191
6,1,2,local_search,obj_pwldr,66722.31360031392,66629.66118957695,0.02500009536743164,0.14100003242492676
6,1,2,local_search,dr_pwldr,66605.21518340445,66510.701690063,0.02500009536743164,0.14100003242492676
6,1,2,local_search,reopt_pwldr,64967.77003479704,64967.77003479704,0.02500009536743164,0.14100003242492676
6,1,3,black_box,obj_pwldr,66678.01480893197,66628.94461969733,0.03400015830993652,2.0739998817443848
6,1,3,black_box,dr_pwldr,66560.23457635767,66509.94741540845,0.03400015830993652,2.0739998817443848
6,1,3,black_box,reopt_pwldr,64967.77003479704,64967.77003479704,0.03400015830993652,2.0739998817443848
6,1,3,local_search,obj_pwldr,66678.01480893197,66628.94461969733,0.03400015830993652,0.12000012397766113
6,1,3,local_search,dr_pwldr,66560.23457635767,66509.94741540845,0.03400015830993652,0.12000012397766113
6,1,3,local_search,reopt_pwldr,64967.77003479704,64967.77003479704,0.03400015830993652,0.12000012397766113
6,1,4,black_box,obj_pwldr,66652.86093825767,66628.59458277069,0.04499983787536621,2.5940001010894775
6,1,4,black_box,dr_pwldr,66535.02544807726,66509.58427093625,0.04499983787536621,2.5940001010894775
6,1,4,black_box,reopt_pwldr,64967.77003479704,64967.77003479704,0.04499983787536621,2.5940001010894775
6,1,4,local_search,obj_pwldr,66652.86093825767,66628.59458277069,0.04499983787536621,0.17400002479553223
6,1,4,local_search,dr_pwldr,66535.02544807726,66509.58427093625,0.04499983787536621,0.17400002479553223
6,1,4,local_search,reopt_pwldr,64967.77003479704,64967.77003479704,0.04499983787536621,0.17400002479553223
6,1,5,black_box,obj_pwldr,66636.73588066082,66628.82416950379,0.04200005531311035,3.052000045776367
6,1,5,black_box,dr_pwldr,66518.18334063694,66509.82162293709,0.04200005531311035,3.052000045776367
6,1,5,black_box,reopt_pwldr,64967.77003479704,64967.77003479704,0.04200005531311035,3.052000045776367
6,1,5,local_search,obj_pwldr,66636.73588066082,66628.82416950379,0.04200005531311035,0.21899986267089844
6,1,5,local_search,dr_pwldr,66518.18334063694,66509.82162293709,0.04200005531311035,0.21899986267089844
6,1,5,local_search,reopt_pwldr,64967.77003479704,64967.77003479704,0.04200005531311035,0.21899986267089844
6,1,6,black_box,obj_pwldr,66631.71154194622,66628.73116149491,0.046000003814697266,3.5989999771118164
6,1,6,black_box,dr_pwldr,66512.86332492245,66509.79008099054,0.046000003814697266,3.5989999771118164
6,1,6,black_box,reopt_pwldr,64967.77003479704,64967.77003479704,0.046000003814697266,3.5989999771118164
6,1,6,local_search,obj_pwldr,66631.71154194622,66628.57080102834,0.046000003814697266,0.3880000114440918
6,1,6,local_search,dr_pwldr,66512.86332492245,66509.56394209787,0.046000003814697266,0.3880000114440918
6,1,6,local_search,reopt_pwldr,64967.77003479704,64967.77003479704,0.046000003814697266,0.3880000114440918
6,1,7,black_box,obj_pwldr,66637.1101045439,66628.59021544768,0.04700016975402832,4.2179999351501465
6,1,7,black_box,dr_pwldr,66518.69908147427,66509.57977897824,0.04700016975402832,4.2179999351501465
6,1,7,black_box,reopt_pwldr,64967.77003479704,64967.77003479704,0.04700016975402832,4.2179999351501465
6,1,7,local_search,obj_pwldr,66637.1101045439,66628.59021544768,0.04700016975402832,0.4070000648498535
6,1,7,local_search,dr_pwldr,66518.69908147427,66509.57977897824,0.04700016975402832,0.4070000648498535
6,1,7,local_search,reopt_pwldr,64967.77003479704,64967.77003479704,0.04700016975402832,0.4070000648498535
6,1,8,black_box,obj_pwldr,66638.10955932683,66628.64305617419,0.06000018119812012,4.680000066757202
6,1,8,black_box,dr_pwldr,66519.64406526336,66509.63173363221,0.06000018119812012,4.680000066757202
6,1,8,black_box,reopt_pwldr,64967.77003479704,64967.77003479704,0.06000018119812012,4.680000066757202
6,1,8,local_search,obj_pwldr,66638.10955932683,66628.64305617419,0.06000018119812012,0.4719998836517334
6,1,8,local_search,dr_pwldr,66519.64406526336,66509.63173363221,0.06000018119812012,0.4719998836517334
6,1,8,local_search,reopt_pwldr,64967.77003479704,64967.77003479704,0.06000018119812012,0.4719998836517334
6,1,9,black_box,obj_pwldr,66636.99923988544,66628.63224032213,0.05299997329711914,5.436999797821045
6,1,9,black_box,dr_pwldr,66518.50718266441,66509.62315344792,0.05299997329711914,5.436999797821045
6,1,9,black_box,reopt_pwldr,64967.77003479704,64967.77003479704,0.05299997329711914,5.436999797821045
6,1,9,local_search,obj_pwldr,66636.99923988544,66628.63224032213,0.05299997329711914,1.2720000743865967
6,1,9,local_search,dr_pwldr,66518.50718266441,66509.62315344792,0.05299997329711914,1.2720000743865967
6,1,9,local_search,reopt_pwldr,64967.77003479704,64967.77003479704,0.05299997329711914,1.2720000743865967
6,1,10,black_box,obj_pwldr,66634.88679751972,66628.56542023768,0.05299997329711914,6.126000165939331
6,1,10,black_box,dr_pwldr,66516.25382033466,66509.55924337753,0.05299997329711914,6.126000165939331
6,1,10,black_box,reopt_pwldr,64967.77003479704,64967.77003479704,0.05299997329711914,6.126000165939331
6,1,10,local_search,obj_pwldr,66634.88679751972,66628.56542023768,0.05299997329711914,0.7369999885559082
6,1,10,local_search,dr_pwldr,66516.25382033466,66509.55924337753,0.05299997329711914,0.7369999885559082
6,1,10,local_search,reopt_pwldr,64967.77003479704,64967.77003479704,0.05299997329711914,0.7369999885559082
6,2,1,black_box,obj_pwldr,66838.66831652727,66596.48703132084,0.023999929428100586,2.0809998512268066
6,2,1,black_box,dr_pwldr,66721.32136983328,66472.67935793169,0.023999929428100586,2.0809998512268066
6,2,1,black_box,reopt_pwldr,64967.77003479704,64967.77003479704,0.023999929428100586,2.0809998512268066
6,2,1,local_search,obj_pwldr,66838.66831652727,66593.2057338381,0.023999929428100586,0.27499985694885254
6,2,1,local_search,dr_pwldr,66721.32136983328,66469.2691524703,0.023999929428100586,0.27499985694885254
6,2,1,local_search,reopt_pwldr,64967.77003479704,64967.77003479704,0.023999929428100586,0.27499985694885254
6,2,2,black_box,obj_pwldr,66718.24212773427,66592.40593533429,0.0410001277923584,4.299999952316284
6,2,2,black_box,dr_pwldr,66595.73988141531,66468.45120590444,0.0410001277923584,4.299999952316284
6,2,2,black_box,reopt_pwldr,64967.77003479704,64967.77003479704,0.0410001277923584,4.299999952316284
6,2,2,local_search,obj_pwldr,66718.24212773427,66592.40593533429,0.0410001277923584,0.315000057220459
6,2,2,local_search,dr_pwldr,66595.73988141531,66468.45120590444,0.0410001277923584,0.315000057220459
6,2,2,local_search,reopt_pwldr,64967.77003479704,64967.77003479704,0.0410001277923584,0.315000057220459
6,2,3,black_box,obj_pwldr,66649.08838690998,66592.6258909568,0.06799983978271484,7.14900016784668
6,2,3,black_box,dr_pwldr,66524.26607938115,66468.67631389413,0.06799983978271484,7.14900016784668
6,2,3,black_box,reopt_pwldr,64967.77003479704,64967.77003479704,0.06799983978271484,7.14900016784668
6,2,3,local_search,obj_pwldr,66649.08838690998,66591.14468490492,0.06799983978271484,0.6399998664855957
6,2,3,local_search,dr_pwldr,66524.26607938115,66467.12878887844,0.06799983978271484,0.6399998664855957
6,2,3,local_search,reopt_pwldr,64967.77003479704,64967.77003479704,0.06799983978271484,0.6399998664855957
6,2,4,black_box,obj_pwldr,66615.30446979217,66591.07005656934,0.07200002670288086,10.085999965667725
6,2,4,black_box,dr_pwldr,66491.25497015975,66466.99831827167,0.07200002670288086,10.085999965667725
6,2,4,black_box,reopt_pwldr,64967.77003479704,64967.77003479704,0.07200002670288086,10.085999965667725
6,2,4,local_search,obj_pwldr,66615.30446979217,66590.81163304824,0.07200002670288086,1.371000051498413
6,2,4,local_search,dr_pwldr,66491.25497015975,66466.77211978489,0.07200002670288086,1.371000051498413
6,2,4,local_search,reopt_pwldr,64967.77003479704,64967.77003479704,0.07200002670288086,1.371000051498413
6,2,5,black_box,obj_pwldr,66598.03725009579,66590.82187899562,0.09200000762939453,13.306999921798706
6,2,5,black_box,dr_pwldr,66474.26179698367,66466.78396455557,0.09200000762939453,13.306999921798706
6,2,5,black_box,reopt_pwldr,64967.77003479704,64967.77003479704,0.09200000762939453,13.306999921798706
6,2,5,local_search,obj_pwldr,66598.03725009579,66590.82187899562,0.09200000762939453,1.1170001029968262
6,2,5,local_search,dr_pwldr,66474.26179698367,66466.78396455557,0.09200000762939453,1.1170001029968262
6,2,5,local_search,reopt_pwldr,64967.77003479704,64967.77003479704,0.09200000762939453,1.1170001029968262
6,2,6,black_box,obj_pwldr,66596.13464394696,66591.07538584415,0.0970001220703125,16.625
6,2,6,black_box,dr_pwldr,66471.93169835083,66467.05518797568,0.0970001220703125,16.625
6,2,6,black_box,reopt_pwldr,64967.77003479704,64967.77003479704,0.0970001220703125,16.625
6,2,6,local_search,obj_pwldr,66596.13464394696,66591.07538584415,0.0970001220703125,1.4159998893737793
6,2,6,local_search,dr_pwldr,66471.93169835083,66467.05518797568,0.0970001220703125,1.4159998893737793
6,2,6,local_search,reopt_pwldr,64967.77003479704,64967.77003479704,0.0970001220703125,1.4159998893737793
6,2,7,black_box,obj_pwldr,66604.23037142024,66590.98882027893,0.1529998779296875,20.26099991798401
6,2,7,black_box,dr_pwldr,66479.47162036874,66466.96281828564,0.1529998779296875,20.26099991798401
6,2,7,black_box,reopt_pwldr,64967.77003479704,64967.77003479704,0.1529998779296875,20.26099991798401
6,2,7,local_search,obj_pwldr,66604.23037142024,66590.98882027893,0.1529998779296875,2.0309998989105225
6,2,7,local_search,dr_pwldr,66479.47162036874,66466.96281828564,0.1529998779296875,2.0309998989105225
6,2,7,local_search,reopt_pwldr,64967.77003479704,64967.77003479704,0.1529998779296875,2.0309998989105225
6,2,8,black_box,obj_pwldr,66604.59071444739,66590.86353428733,0.1530001163482666,23.204999923706055
6,2,8,black_box,dr_pwldr,66479.88333455179,66466.82898474122,0.1530001163482666,23.204999923706055
6,2,8,black_box,reopt_pwldr,64967.77003479704,64967.77003479704,0.1530001163482666,23.204999923706055
6,2,8,local_search,obj_pwldr,66604.59071444739,66590.86353428733,0.1530001163482666,2.556999921798706
6,2,8,local_search,dr_pwldr,66479.88333455179,66466.82898474122,0.1530001163482666,2.556999921798706
6,2,8,local_search,reopt_pwldr,64967.77003479704,64967.77003479704,0.1530001163482666,2.556999921798706
6,2,9,black_box,obj_pwldr,66602.01218460535,66590.81423492449,0.16499996185302734,26.644999980926514
6,2,9,black_box,dr_pwldr,66477.6543228577,66466.77372499,0.16499996185302734,26.644999980926514
6,2,9,black_box,reopt_pwldr,64967.77003479704,64967.77003479704,0.16499996185302734,26.644999980926514
6,2,9,local_search,obj_pwldr,66602.01218460535,66590.81423492449,0.16499996185302734,3.3470001220703125
6,2,9,local_search,dr_pwldr,66477.6543228577,66466.77372499,0.16499996185302734,3.3470001220703125
6,2,9,local_search,reopt_pwldr,64967.77003479704,64967.77003479704,0.16499996185302734,3.3470001220703125
6,2,10,black_box,obj_pwldr,66598.57162430209,66590.86114637065,0.1919999122619629,30.591000080108643
6,2,10,black_box,dr_pwldr,66474.59654377447,66466.81044871737,0.1919999122619629,30.591000080108643
6,2,10,black_box,reopt_pwldr,64967.77003479704,64967.77003479704,0.1919999122619629,30.591000080108643
6,2,10,local_search,obj_pwldr,66598.57162430209,66590.82558527436,0.1919999122619629,5.871999979019165
6,2,10,local_search,dr_pwldr,66474.59654377447,66466.78479155738,0.1919999122619629,5.871999979019165
6,2,10,local_search,reopt_pwldr,64967.77003479704,64967.77003479704,0.1919999122619629,5.871999979019165
6,3,1,black_box,obj_pwldr,66840.16886331743,66650.10867668189,0.020999908447265625,1.2209999561309814
6,3,1,black_box,dr_pwldr,66720.0915959277,66535.63252580879,0.020999908447265625,1.2209999561309814
6,3,1,black_box,reopt_pwldr,64967.77003479704,64967.77003479704,0.020999908447265625,1.2209999561309814
6,3,1,local_search,obj_pwldr,66840.16886331743,66650.10867668189,0.020999908447265625,0.06099987030029297
6,3,1,local_search,dr_pwldr,66720.0915959277,66535.63252580879,0.020999908447265625,0.06099987030029297
6,3,1,local_search,reopt_pwldr,64967.77003479704,64967.77003479704,0.020999908447265625,0.06099987030029297
6,3,2,black_box,obj_pwldr,66748.25404489295,66647.7974166299,0.02500009536743164,1.7239999771118164
6,3,2,black_box,dr_pwldr,66628.9350455319,66533.16299288452,0.02500009536743164,1.7239999771118164
6,3,2,black_box,reopt_pwldr,64967.77003479704,64967.77003479704,0.02500009536743164,1.7239999771118164
6,3,2,local_search,obj_pwldr,66748.25404489295,66647.7974166299,0.02500009536743164,0.0820000171661377
6,3,2,local_search,dr_pwldr,66628.9350455319,66533.16299288452,0.02500009536743164,0.0820000171661377
6,3,2,local_search,reopt_pwldr,64967.77003479704,64967.77003479704,0.02500009536743164,0.0820000171661377
6,3,3,black_box,obj_pwldr,66702.2966356807,66646.83629575463,0.037999868392944336,1.9459998607635498
6,3,3,black_box,dr_pwldr,66584.62676891418,66532.30720455141,0.037999868392944336,1.9459998607635498
6,3,3,black_box,reopt_pwldr,64967.77003479704,64967.77003479704,0.037999868392944336,1.9459998607635498
6,3,3,local_search,obj_pwldr,66702.2966356807,66646.83629575463,0.037999868392944336,0.13299989700317383
6,3,3,local_search,dr_pwldr,66584.62676891418,66532.30720455141,0.037999868392944336,0.13299989700317383
6,3,3,local_search,reopt_pwldr,64967.77003479704,64967.77003479704,0.037999868392944336,0.13299989700317383
6,3,4,black_box,obj_pwldr,66674.72219015335,66646.91541191665,0.03900003433227539,2.373000144958496
6,3,4,black_box,dr_pwldr,66558.32865334097,66532.3617935575,0.03900003433227539,2.373000144958496
6,3,4,black_box,reopt_pwldr,64967.77003479704,64967.77003479704,0.03900003433227539,2.373000144958496
6,3,4,local_search,obj_pwldr,66674.72219015335,66646.91541191665,0.03900003433227539,0.1549999713897705
6,3,4,local_search,dr_pwldr,66558.32865334097,66532.3617935575,0.03900003433227539,0.1549999713897705
6,3,4,local_search,reopt_pwldr,64967.77003479704,64967.77003479704,0.03900003433227539,0.1549999713897705
6,3,5,black_box,obj_pwldr,66656.33922646847,66646.80361234509,0.04399991035461426,2.8359999656677246
6,3,5,black_box,dr_pwldr,66540.93063095702,66532.27822790832,0.04399991035461426,2.8359999656677246
6,3,5,black_box,reopt_pwldr,64967.77003479704,64967.77003479704,0.04399991035461426,2.8359999656677246
6,3,5,local_search,obj_pwldr,66656.33922646847,66646.80361234509,0.04399991035461426,0.22300004959106445
6,3,5,local_search,dr_pwldr,66540.93063095702,66532.27822790832,0.04399991035461426,0.22300004959106445
6,3,5,local_search,reopt_pwldr,64967.77003479704,64967.77003479704,0.04399991035461426,0.22300004959106445
6,3,6,black_box,obj_pwldr,66650.03948078137,66646.81427535012,0.04400014877319336,3.319000005722046
6,3,6,black_box,dr_pwldr,66535.56993198914,66532.29155966247,0.04400014877319336,3.319000005722046
6,3,6,black_box,reopt_pwldr,64967.77003479704,64967.77003479704,0.04400014877319336,3.319000005722046
6,3,6,local_search,obj_pwldr,66650.03948078137,66646.81427535012,0.04400014877319336,0.25800013542175293
6,3,6,local_search,dr_pwldr,66535.56993198914,66532.29155966247,0.04400014877319336,0.25800013542175293
6,3,6,local_search,reopt_pwldr,64967.77003479704,64967.77003479704,0.04400014877319336,0.25800013542175293
6,3,7,black_box,obj_pwldr,66655.82449079044,66646.83405958414,0.04999995231628418,3.819000005722046
6,3,7,black_box,dr_pwldr,66541.04146982505,66532.31250120963,0.04999995231628418,3.819000005722046
6,3,7,black_box,reopt_pwldr,64967.77003479704,64967.77003479704,0.04999995231628418,3.819000005722046
6,3,7,local_search,obj_pwldr,66655.82449079044,66646.83405958414,0.04999995231628418,0.3530001640319824
6,3,7,local_search,dr_pwldr,66541.04146982505,66532.31250120963,0.04999995231628418,0.3530001640319824
6,3,7,local_search,reopt_pwldr,64967.77003479704,64967.77003479704,0.04999995231628418,0.3530001640319824
6,3,8,black_box,obj_pwldr,66657.06727257995,66646.79276053837,0.04900002479553223,4.452999830245972
6,3,8,black_box,dr_pwldr,66541.98661863839,66532.26801526606,0.04900002479553223,4.452999830245972
6,3,8,black_box,reopt_pwldr,64967.77003479704,64967.77003479704,0.04900002479553223,4.452999830245972
6,3,8,local_search,obj_pwldr,66657.06727257995,66646.79276053837,0.04900002479553223,0.5480000972747803
6,3,8,local_search,dr_pwldr,66541.98661863839,66532.26801526603,0.04900002479553223,0.5480000972747803
6,3,8,local_search,reopt_pwldr,64967.77003479704,64967.77003479704,0.04900002479553223,0.5480000972747803
6,3,9,black_box,obj_pwldr,66656.00979563451,66646.80908919782,0.053999900817871094,5.336999893188477
6,3,9,black_box,dr_pwldr,66540.67990054298,66532.27943807429,0.053999900817871094,5.336999893188477
6,3,9,black_box,reopt_pwldr,64967.77003479704,64967.77003479704,0.053999900817871094,5.336999893188477
6,3,9,local_search,obj_pwldr,66656.00979563451,66646.80908919782,0.053999900817871094,0.6069998741149902
6,3,9,local_search,dr_pwldr,66540.67990054298,66532.27943807429,0.053999900817871094,0.6069998741149902
6,3,9,local_search,reopt_pwldr,64967.77003479704,64967.77003479704,0.053999900817871094,0.6069998741149902
6,3,10,black_box,obj_pwldr,66653.78808978526,66646.80835865601,0.04900002479553223,6.365999937057495
6,3,10,black_box,dr_pwldr,66538.42262662739,66532.2777792105,0.04900002479553223,6.365999937057495
6,3,10,black_box,reopt_pwldr,64967.77003479704,64967.77003479704,0.04900002479553223,6.365999937057495
6,3,10,local_search,obj_pwldr,66653.78808978526,66646.80835865601,0.04900002479553223,0.6909999847412109
6,3,10,local_search,dr_pwldr,66538.42262662739,66532.2777792105,0.04900002479553223,0.6909999847412109
6,3,10,local_search,reopt_pwldr,64967.77003479704,64967.77003479704,0.04900002479553223,0.6909999847412109
6,4,1,black_box,obj_pwldr,66725.95748713291,66576.28233662878,0.024000167846679688,1.250999927520752
6,4,1,black_box,dr_pwldr,66609.31474187822,66457.2415162409,0.024000167846679688,1.250999927520752
6,4,1,black_box,reopt_pwldr,64967.77003479704,64967.77003479704,0.024000167846679688,1.250999927520752
6,4,1,local_search,obj_pwldr,66725.95748713291,66575.28394958026,0.024000167846679688,0.08899998664855957
6,4,1,local_search,dr_pwldr,66609.31474187822,66456.39428508813,0.024000167846679688,0.08899998664855957
6,4,1,local_search,reopt_pwldr,64967.77003479704,64967.77003479704,0.024000167846679688,0.08899998664855957
6,4,2,black_box,obj_pwldr,66623.508146035,66575.20369174413,0.039999961853027344,1.5930001735687256
6,4,2,black_box,dr_pwldr,66507.60745133072,66456.32283551845,0.039999961853027344,1.5930001735687256
6,4,2,black_box,reopt_pwldr,64967.77003479704,64967.77003479704,0.039999961853027344,1.5930001735687256
6,4,2,local_search,obj_pwldr,66623.508146035,66575.20369174413,0.039999961853027344,0.09200000762939453
6,4,2,local_search,dr_pwldr,66507.60745133072,66456.32283551845,0.039999961853027344,0.09200000762939453
6,4,2,local_search,reopt_pwldr,64967.77003479704,64967.77003479704,0.039999961853027344,0.09200000762939453
6,4,3,black_box,obj_pwldr,66594.52332732221,66575.57802867856,0.04200005531311035,2.1710000038146973
6,4,3,black_box,dr_pwldr,66477.70070666066,66456.77917172507,0.04200005531311035,2.1710000038146973
6,4,3,black_box,reopt_pwldr,64967.77003479704,64967.77003479704,0.04200005531311035,2.1710000038146973
6,4,3,local_search,obj_pwldr,66594.52332732221,66575.45691676774,0.04200005531311035,0.2709999084472656
6,4,3,local_search,dr_pwldr,66477.70070666066,66456.65644999465,0.04200005531311035,0.2709999084472656
6,4,3,local_search,reopt_pwldr,64967.77003479704,64967.77003479704,0.04200005531311035,0.2709999084472656
6,4,4,black_box,obj_pwldr,66583.15437041622,66575.19115795402,0.03600001335144043,2.4729998111724854
6,4,4,black_box,dr_pwldr,66465.02616080116,66456.31544672037,0.03600001335144043,2.4729998111724854
6,4,4,black_box,reopt_pwldr,64967.77003479704,64967.77003479704,0.03600001335144043,2.4729998111724854
6,4,4,local_search,obj_pwldr,66583.15437041622,66575.19115795402,0.03600001335144043,0.16899991035461426
6,4,4,local_search,dr_pwldr,66465.02616080116,66456.31544672037,0.03600001335144043,0.16899991035461426
6,4,4,local_search,reopt_pwldr,64967.77003479704,64967.77003479704,0.03600001335144043,0.16899991035461426
6,4,5,black_box,obj_pwldr,66577.56313179829,66575.3044396164,0.04700016975402832,3.3929998874664307
6,4,5,black_box,dr_pwldr,66458.55408519112,66456.48238051371,0.04700016975402832,3.3929998874664307
6,4,5,black_box,reopt_pwldr,64967.77003479704,64967.77003479704,0.04700016975402832,3.3929998874664307
6,4,5,local_search,obj_pwldr,66577.56313179829,66575.19006988208,0.04700016975402832,0.33700013160705566
6,4,5,local_search,dr_pwldr,66458.55408519112,66456.31787802621,0.04700016975402832,0.33700013160705566
6,4,5,local_search,reopt_pwldr,64967.77003479704,64967.77003479704,0.04700016975402832,0.33700013160705566
6,4,6,black_box,obj_pwldr,66577.04940476385,66575.18681212293,0.04200005531311035,3.877000093460083
6,4,6,black_box,dr_pwldr,66458.48031426653,66456.31172434111,0.04200005531311035,3.877000093460083
6,4,6,black_box,reopt_pwldr,64967.77003479704,64967.77003479704,0.04200005531311035,3.877000093460083
6,4,6,local_search,obj_pwldr,66577.04940476385,66575.18681212293,0.04200005531311035,0.32200002670288086
6,4,6,local_search,dr_pwldr,66458.48031426653,66456.3117243411,0.04200005531311035,0.32200002670288086
6,4,6,local_search,reopt_pwldr,64967.77003479704,64967.77003479704,0.04200005531311035,0.32200002670288086
6,4,7,black_box,obj_pwldr,66579.57751684461,66575.18157279867,0.06199979782104492,4.2230000495910645
6,4,7,black_box,dr_pwldr,66461.42541932715,66456.30665792986,0.06199979782104492,4.2230000495910645
6,4,7,black_box,reopt_pwldr,64967.77003479704,64967.77003479704,0.06199979782104492,4.2230000495910645
6,4,7,local_search,obj_pwldr,66579.57751684461,66575.18157279867,0.06199979782104492,0.3819999694824219
6,4,7,local_search,dr_pwldr,66461.42541932715,66456.30665792986,0.06199979782104492,0.3819999694824219
6,4,7,local_search,reopt_pwldr,64967.77003479704,64967.77003479704,0.06199979782104492,0.3819999694824219
6,4,8,black_box,obj_pwldr,66579.55117662669,66575.18698520167,0.04999995231628418,4.917999982833862
6,4,8,black_box,dr_pwldr,66461.47947500725,66456.31159386826,0.04999995231628418,4.917999982833862
6,4,8,black_box,reopt_pwldr,64967.77003479704,64967.77003479704,0.04999995231628418,4.917999982833862
6,4,8,local_search,obj_pwldr,66579.55117662669,66575.18698520167,0.04999995231628418,0.48199987411499023
6,4,8,local_search,dr_pwldr,66461.47947500725,66456.31159386826,0.04999995231628418,0.48199987411499023
6,4,8,local_search,reopt_pwldr,64967.77003479704,64967.77003479704,0.04999995231628418,0.48199987411499023
6,4,9,black_box,obj_pwldr,66578.68876280643,66575.17983190088,0.04999995231628418,5.385000228881836
6,4,9,black_box,dr_pwldr,66460.28576153933,66456.3057925651,0.04999995231628418,5.385000228881836
6,4,9,black_box,reopt_pwldr,64967.77003479704,64967.77003479704,0.04999995231628418,5.385000228881836
6,4,9,local_search,obj_pwldr,66578.68876280643,66575.17983190088,0.04999995231628418,0.6140000820159912
6,4,9,local_search,dr_pwldr,66460.28576153933,66456.3057925651,0.04999995231628418,0.6140000820159912
6,4,9,local_search,reopt_pwldr,64967.77003479704,64967.77003479704,0.04999995231628418,0.6140000820159912
6,4,10,black_box,obj_pwldr,66577.60736074798,66575.1809348299,0.0559999942779541,6.250999927520752
6,4,10,black_box,dr_pwldr,66458.805589028,66456.30623006084,0.0559999942779541,6.250999927520752
6,4,10,black_box,reopt_pwldr,64967.77003479704,64967.77003479704,0.0559999942779541,6.250999927520752
6,4,10,local_search,obj_pwldr,66577.60736074798,66575.17979666602,0.0559999942779541,0.9670000076293945
6,4,10,local_search,dr_pwldr,66458.805589028,66456.3054186607,0.0559999942779541,0.9670000076293945
6,4,10,local_search,reopt_pwldr,64967.77003479704,64967.77003479704,0.0559999942779541,0.9670000076293945
7,1,1,black_box,obj_pwldr,59553.90799694625,59376.99914968742,0.023000001907348633,1.9279999732971191
7,1,1,black_box,dr_pwldr,59471.57215680105,59294.18952585981,0.023000001907348633,1.9279999732971191
7,1,1,black_box,reopt_pwldr,58049.20395642099,58049.20395642099,0.023000001907348633,1.9279999732971191
7,1,1,local_search,obj_pwldr,59553.90799694625,59376.99914968742,0.023000001907348633,0.12199997901916504
7,1,1,local_search,dr_pwldr,59471.57215680105,59294.18952585981,0.023000001907348633,0.12199997901916504
7,1,1,local_search,reopt_pwldr,58049.20395642099,58049.20395642099,0.023000001907348633,0.12199997901916504
7,1,2,black_box,obj_pwldr,59448.32473403847,59375.129689819725,0.04199981689453125,4.481000185012817
7,1,2,black_box,dr_pwldr,59365.32316669794,59292.40006813598,0.04199981689453125,4.481000185012817
7,1,2,black_box,reopt_pwldr,58049.20395642099,58049.20395642099,0.04199981689453125,4.481000185012817
7,1,2,local_search,obj_pwldr,59448.32473403847,59375.129689819725,0.04199981689453125,0.18700003623962402
7,1,2,local_search,dr_pwldr,59365.32316669794,59292.40006813598,0.04199981689453125,0.18700003623962402
7,1,2,local_search,reopt_pwldr,58049.20395642099,58049.20395642099,0.04199981689453125,0.18700003623962402
7,1,3,black_box,obj_pwldr,59387.69442038586,59376.13413168188,0.0559999942779541,7.426000118255615
7,1,3,black_box,dr_pwldr,59304.70715807943,59293.3507933033,0.0559999942779541,7.426000118255615
7,1,3,black_box,reopt_pwldr,58049.20395642099,58049.20395642099,0.0559999942779541,7.426000118255615
7,1,3,local_search,obj_pwldr,59387.69442038586,59376.13413168188,0.0559999942779541,0.43199992179870605
7,1,3,local_search,dr_pwldr,59304.70715807943,59293.3507933033,0.0559999942779541,0.43199992179870605
7,1,3,local_search,reopt_pwldr,58049.20395642099,58049.20395642099,0.0559999942779541,0.43199992179870605
7,1,4,black_box,obj_pwldr,59393.6438536588,59374.724487066684,0.06800007820129395,9.870000123977661
7,1,4,black_box,dr_pwldr,59311.526164538824,59291.98697031503,0.06800007820129395,9.870000123977661
7,1,4,black_box,reopt_pwldr,58049.20395642099,58049.20395642099,0.06800007820129395,9.870000123977661
7,1,4,local_search,obj_pwldr,59393.6438536588,59374.72279211732,0.06800007820129395,1.0239999294281006
7,1,4,local_search,dr_pwldr,59311.526164538824,59291.97950228482,0.06800007820129395,1.0239999294281006
7,1,4,local_search,reopt_pwldr,58049.20395642099,58049.20395642099,0.06800007820129395,1.0239999294281006
7,1,5,black_box,obj_pwldr,59400.67741613698,59374.80320013548,0.08700013160705566,13.286999940872192
7,1,5,black_box,dr_pwldr,59318.62466240242,59292.064714004344,0.08700013160705566,13.286999940872192
7,1,5,black_box,reopt_pwldr,58049.20395642097,58049.20395642097,0.08700013160705566,13.286999940872192
7,1,5,local_search,obj_pwldr,59400.67741613698,59374.80320013548,0.08700013160705566,1.0119998455047607
7,1,5,local_search,dr_pwldr,59318.62466240242,59292.064714004344,0.08700013160705566,1.0119998455047607
7,1,5,local_search,reopt_pwldr,58049.20395642097,58049.20395642097,0.08700013160705566,1.0119998455047607
7,1,6,black_box,obj_pwldr,59393.58864681093,59374.86166697689,0.10599994659423828,16.448999881744385
7,1,6,black_box,dr_pwldr,59311.34545304742,59292.124011940185,0.10599994659423828,16.448999881744385
7,1,6,black_box,reopt_pwldr,58049.20395642099,58049.20395642097,0.10599994659423828,16.448999881744385
7,1,6,local_search,obj_pwldr,59393.58864681093,59374.861666976896,0.10599994659423828,1.5889999866485596
7,1,6,local_search,dr_pwldr,59311.34545304742,59292.124011940185,0.10599994659423828,1.5889999866485596
7,1,6,local_search,reopt_pwldr,58049.20395642099,58049.20395642097,0.10599994659423828,1.5889999866485596
7,1,7,black_box,obj_pwldr,59382.497410935815,59374.70702339256,0.13499999046325684,20.550999879837036
7,1,7,black_box,dr_pwldr,59299.76105058755,59291.96734101251,0.13499999046325684,20.550999879837036
7,1,7,black_box,reopt_pwldr,58049.20395642097,58049.20395642099,0.13499999046325684,20.550999879837036
7,1,7,local_search,obj_pwldr,59382.497410935815,59374.70702339256,0.13499999046325684,2.055000066757202
7,1,7,local_search,dr_pwldr,59299.76105058755,59291.96734101251,0.13499999046325684,2.055000066757202
7,1,7,local_search,reopt_pwldr,58049.20395642097,58049.20395642099,0.13499999046325684,2.055000066757202
7,1,8,black_box,obj_pwldr,59377.764821978584,59374.8050751618,0.16100001335144043,23.494999885559082
7,1,8,black_box,dr_pwldr,59295.154167802895,59292.05951134359,0.16100001335144043,23.494999885559082
7,1,8,black_box,reopt_pwldr,58049.20395642099,58049.20395642097,0.16100001335144043,23.494999885559082
7,1,8,local_search,obj_pwldr,59377.764821978584,59374.8050751618,0.16100001335144043,2.611999988555908
7,1,8,local_search,dr_pwldr,59295.154167802895,59292.05951134359,0.16100001335144043,2.611999988555908
7,1,8,local_search,reopt_pwldr,58049.20395642099,58049.20395642097,0.16100001335144043,2.611999988555908
7,1,9,black_box,obj_pwldr,59383.26008220759,59374.80999667893,0.1700000762939453,27.09999990463257
7,1,9,black_box,dr_pwldr,59301.01722399529,59292.07602087414,0.1700000762939453,27.09999990463257
7,1,9,black_box,reopt_pwldr,58049.20395642099,58049.20395642099,0.1700000762939453,27.09999990463257
7,1,9,local_search,obj_pwldr,59383.26008220759,59374.80999667892,0.1700000762939453,6.540999889373779
7,1,9,local_search,dr_pwldr,59301.01722399529,59292.07602087413,0.1700000762939453,6.540999889373779
7,1,9,local_search,reopt_pwldr,58049.20395642099,58049.20395642099,0.1700000762939453,6.540999889373779
7,1,10,black_box,obj_pwldr,59383.03600563511,59374.69876121409,0.18200016021728516,30.569999933242798
7,1,10,black_box,dr_pwldr,59300.64091371542,59291.95603412225,0.18200016021728516,30.569999933242798
7,1,10,black_box,reopt_pwldr,58049.20395642099,58049.20395642099,0.18200016021728516,30.569999933242798
7,1,10,local_search,obj_pwldr,59383.03600563511,59374.69876121409,0.18200016021728516,3.7660000324249268
7,1,10,local_search,dr_pwldr,59300.64091371542,59291.95603412225,0.18200016021728516,3.7660000324249268
7,1,10,local_search,reopt_pwldr,58049.20395642099,58049.20395642099,0.18200016021728516,3.7660000324249268
7,2,1,black_box,obj_pwldr,59455.089149885054,59335.74544491319,0.032000064849853516,1.2470002174377441
7,2,1,black_box,dr_pwldr,59373.52251804052,59255.89563156679,0.032000064849853516,1.2470002174377441
7,2,1,black_box,reopt_pwldr,58049.20395642097,58049.20395642099,0.032000064849853516,1.2470002174377441
7,2,1,local_search,obj_pwldr,59455.089149885054,59335.74544491319,0.032000064849853516,0.05900001525878906
7,2,1,local_search,dr_pwldr,59373.52251804052,59255.89563156679,0.032000064849853516,0.05900001525878906
7,2,1,local_search,reopt_pwldr,58049.20395642097,58049.20395642099,0.032000064849853516,0.05900001525878906
7,2,2,black_box,obj_pwldr,59365.267028764356,59335.74065104802,0.03099989891052246,1.7260000705718994
7,2,2,black_box,dr_pwldr,59285.03671539668,59255.912150544,0.03099989891052246,1.7260000705718994
7,2,2,black_box,reopt_pwldr,58049.20395642099,58049.20395642101,0.03099989891052246,1.7260000705718994
7,2,2,local_search,obj_pwldr,59365.267028764356,59335.740651047985,0.03099989891052246,0.14800000190734863
7,2,2,local_search,dr_pwldr,59285.03671539668,59255.91215054397,0.03099989891052246,0.14800000190734863
7,2,2,local_search,reopt_pwldr,58049.20395642099,58049.20395642099,0.03099989891052246,0.14800000190734863
7,2,3,black_box,obj_pwldr,59339.854684778715,59335.57535375155,0.043000221252441406,2.0859999656677246
7,2,3,black_box,dr_pwldr,59260.0597525183,59255.72800751906,0.043000221252441406,2.0859999656677246
7,2,3,black_box,reopt_pwldr,58049.20395642099,58049.20395642099,0.043000221252441406,2.0859999656677246
7,2,3,local_search,obj_pwldr,59339.854684778715,59335.57535375154,0.043000221252441406,0.23199987411499023
7,2,3,local_search,dr_pwldr,59260.0597525183,59255.72800751904,0.043000221252441406,0.23199987411499023
7,2,3,local_search,reopt_pwldr,58049.20395642099,58049.20395642097,0.043000221252441406,0.23199987411499023
7,2,4,black_box,obj_pwldr,59346.63533653788,59335.38491743798,0.04999995231628418,2.628000020980835
7,2,4,black_box,dr_pwldr,59266.6521313737,59255.54019608161,0.04999995231628418,2.628000020980835
7,2,4,black_box,reopt_pwldr,58049.20395642099,58049.20395642097,0.04999995231628418,2.628000020980835
7,2,4,local_search,obj_pwldr,59346.63533653788,59335.38491743798,0.04999995231628418,0.15900015830993652
7,2,4,local_search,dr_pwldr,59266.6521313737,59255.54019608161,0.04999995231628418,0.15900015830993652
7,2,4,local_search,reopt_pwldr,58049.20395642099,58049.20395642097,0.04999995231628418,0.15900015830993652
7,2,5,black_box,obj_pwldr,59347.055149659864,59335.411841693305,0.04500007629394531,3.069000005722046
7,2,5,black_box,dr_pwldr,59267.2168455177,59255.56685260133,0.04500007629394531,3.069000005722046
7,2,5,black_box,reopt_pwldr,58049.203956421006,58049.203956421006,0.04500007629394531,3.069000005722046
7,2,5,local_search,obj_pwldr,59347.055149659864,59335.411841693305,0.04500007629394531,0.2630000114440918
7,2,5,local_search,dr_pwldr,59267.2168455177,59255.56685260133,0.04500007629394531,0.2630000114440918
7,2,5,local_search,reopt_pwldr,58049.203956421006,58049.203956421006,0.04500007629394531,0.2630000114440918
7,2,6,black_box,obj_pwldr,59342.64207601449,59335.47514062137,0.0410001277923584,3.6579999923706055
7,2,6,black_box,dr_pwldr,59262.83400428132,59255.62992553401,0.0410001277923584,3.6579999923706055
7,2,6,black_box,reopt_pwldr,58049.20395642099,58049.20395642099,0.0410001277923584,3.6579999923706055
7,2,6,local_search,obj_pwldr,59342.64207601449,59335.47514062137,0.0410001277923584,0.30899977684020996
7,2,6,local_search,dr_pwldr,59262.83400428132,59255.62992553401,0.0410001277923584,0.30899977684020996
7,2,6,local_search,reopt_pwldr,58049.20395642099,58049.20395642099,0.0410001277923584,0.30899977684020996
7,2,7,black_box,obj_pwldr,59338.123143214914,59335.39239976384,0.05200004577636719,4.278000116348267
7,2,7,black_box,dr_pwldr,59258.36881580535,59255.55080237494,0.05200004577636719,4.278000116348267
7,2,7,black_box,reopt_pwldr,58049.20395642097,58049.20395642097,0.05200004577636719,4.278000116348267
7,2,7,local_search,obj_pwldr,59338.123143214914,59335.39239976384,0.05200004577636719,0.4219999313354492
7,2,7,local_search,dr_pwldr,59258.36881580535,59255.55080237494,0.05200004577636719,0.4219999313354492
7,2,7,local_search,reopt_pwldr,58049.20395642097,58049.20395642097,0.05200004577636719,0.4219999313354492
7,2,8,black_box,obj_pwldr,59336.898980634476,59335.36195953666,0.05000019073486328,5.267000198364258
7,2,8,black_box,dr_pwldr,59257.01933400322,59255.51749406951,0.05000019073486328,5.267000198364258
7,2,8,black_box,reopt_pwldr,58049.20395642099,58049.20395642097,0.05000019073486328,5.267000198364258
7,2,8,local_search,obj_pwldr,59336.898980634476,59335.36195953666,0.05000019073486328,0.5799999237060547
7,2,8,local_search,dr_pwldr,59257.01933400322,59255.51749406951,0.05000019073486328,0.5799999237060547
7,2,8,local_search,reopt_pwldr,58049.20395642099,58049.20395642097,0.05000019073486328,0.5799999237060547
7,2,9,black_box,obj_pwldr,59339.05881443073,59335.375375851836,0.04999995231628418,5.765000104904175
7,2,9,black_box,dr_pwldr,59259.3004326887,59255.52665500149,0.04999995231628418,5.765000104904175
7,2,9,black_box,reopt_pwldr,58049.20395642099,58049.20395642099,0.04999995231628418,5.765000104904175
7,2,9,local_search,obj_pwldr,59339.05881443073,59335.375375851836,0.04999995231628418,0.6010000705718994
7,2,9,local_search,dr_pwldr,59259.3004326887,59255.52665500149,0.04999995231628418,0.6010000705718994
7,2,9,local_search,reopt_pwldr,58049.20395642099,58049.20395642099,0.04999995231628418,0.6010000705718994
7,2,10,black_box,obj_pwldr,59338.62752679686,59335.35936987669,0.06000018119812012,6.211999893188477
7,2,10,black_box,dr_pwldr,59259.01620872088,59255.51445963466,0.06000018119812012,6.211999893188477
7,2,10,black_box,reopt_pwldr,58049.20395642099,58049.20395642097,0.06000018119812012,6.211999893188477
7,2,10,local_search,obj_pwldr,59338.62752679686,59335.35936987669,0.06000018119812012,0.7670001983642578
7,2,10,local_search,dr_pwldr,59259.01620872088,59255.51445963466,0.06000018119812012,0.7670001983642578
7,2,10,local_search,reopt_pwldr,58049.20395642099,58049.20395642097,0.06000018119812012,0.7670001983642578
7,3,1,black_box,obj_pwldr,59535.81633886233,59405.492047629494,0.021000146865844727,1.3299999237060547
7,3,1,black_box,dr_pwldr,59451.144436787676,59314.30082456438,0.021000146865844727,1.3299999237060547
7,3,1,black_box,reopt_pwldr,58049.20395642097,58049.20395642099,0.021000146865844727,1.3299999237060547
7,3,1,local_search,obj_pwldr,59535.81633886233,59405.492047629494,0.021000146865844727,0.05299997329711914
7,3,1,local_search,dr_pwldr,59451.144436787676,59314.30082456438,0.021000146865844727,0.05299997329711914
7,3,1,local_search,reopt_pwldr,58049.20395642097,58049.20395642099,0.021000146865844727,0.05299997329711914
7,3,2,black_box,obj_pwldr,59451.89438416281,59404.061328038886,0.025999784469604492,1.6719999313354492
7,3,2,black_box,dr_pwldr,59362.106208293844,59312.855371676946,0.025999784469604492,1.6719999313354492
7,3,2,black_box,reopt_pwldr,58049.20395642099,58049.20395642099,0.025999784469604492,1.6719999313354492
7,3,2,local_search,obj_pwldr,59451.89438416281,59404.061328038886,0.025999784469604492,0.09599995613098145
7,3,2,local_search,dr_pwldr,59362.106208293844,59312.855371676946,0.025999784469604492,0.09599995613098145
7,3,2,local_search,reopt_pwldr,58049.20395642099,58049.20395642099,0.025999784469604492,0.09599995613098145
7,3,3,black_box,obj_pwldr,59413.05556526588,59404.11260075043,0.026999950408935547,2.111999988555908
7,3,3,black_box,dr_pwldr,59321.93965788921,59312.903247472714,0.026999950408935547,2.111999988555908
7,3,3,black_box,reopt_pwldr,58049.20395642099,58049.20395642099,0.026999950408935547,2.111999988555908
7,3,3,local_search,obj_pwldr,59413.05556526588,59404.11260075042,0.026999950408935547,0.2330000400543213
7,3,3,local_search,dr_pwldr,59321.93965788921,59312.903247472714,0.026999950408935547,0.2330000400543213
7,3,3,local_search,reopt_pwldr,58049.20395642099,58049.20395642097,0.026999950408935547,0.2330000400543213
7,3,4,black_box,obj_pwldr,59415.102169261954,59404.06626168375,0.0410001277923584,2.5329999923706055
7,3,4,black_box,dr_pwldr,59324.79613431033,59312.85361186636,0.0410001277923584,2.5329999923706055
7,3,4,black_box,reopt_pwldr,58049.20395642099,58049.20395642099,0.0410001277923584,2.5329999923706055
7,3,4,local_search,obj_pwldr,59415.102169261954,59404.06626168374,0.0410001277923584,0.31999993324279785
7,3,4,local_search,dr_pwldr,59324.79613431033,59312.85361186636,0.0410001277923584,0.31999993324279785
7,3,4,local_search,reopt_pwldr,58049.20395642099,58049.20395642099,0.0410001277923584,0.31999993324279785
7,3,5,black_box,obj_pwldr,59417.97272562696,59404.00615167569,0.03299999237060547,3.125
7,3,5,black_box,dr_pwldr,59327.59901465558,59312.7936932435,0.03299999237060547,3.125
7,3,5,black_box,reopt_pwldr,58049.20395642099,58049.20395642099,0.03299999237060547,3.125
7,3,5,local_search,obj_pwldr,59417.97272562696,59404.00615167569,0.03299999237060547,0.21900010108947754
7,3,5,local_search,dr_pwldr,59327.59901465558,59312.7936932435,0.03299999237060547,0.21900010108947754
7,3,5,local_search,reopt_pwldr,58049.20395642099,58049.20395642099,0.03299999237060547,0.21900010108947754
7,3,6,black_box,obj_pwldr,59414.14427902813,59403.920717023815,0.046000003814697266,3.550999879837036
7,3,6,black_box,dr_pwldr,59323.21448616831,59312.703447760025,0.046000003814697266,3.550999879837036
7,3,6,black_box,reopt_pwldr,58049.20395642099,58049.20395642097,0.046000003814697266,3.550999879837036
7,3,6,local_search,obj_pwldr,59414.14427902813,59403.920717023815,0.046000003814697266,0.2709999084472656
7,3,6,local_search,dr_pwldr,59323.21448616831,59312.703447760025,0.046000003814697266,0.2709999084472656
7,3,6,local_search,reopt_pwldr,58049.20395642099,58049.20395642097,0.046000003814697266,0.2709999084472656
7,3,7,black_box,obj_pwldr,59408.31656526924,59403.9228866268,0.057000160217285156,4.24399995803833
7,3,7,black_box,dr_pwldr,59317.198839608915,59312.704155552696,0.057000160217285156,4.24399995803833
7,3,7,black_box,reopt_pwldr,58049.20395642099,58049.20395642099,0.057000160217285156,4.24399995803833
7,3,7,local_search,obj_pwldr,59408.31656526924,59403.9228866268,0.057000160217285156,0.4029998779296875
7,3,7,local_search,dr_pwldr,59317.198839608915,59312.704155552696,0.057000160217285156,0.4029998779296875
7,3,7,local_search,reopt_pwldr,58049.20395642099,58049.20395642099,0.057000160217285156,0.4029998779296875
7,3,8,black_box,obj_pwldr,59405.58638141704,59404.184518816604,0.05500006675720215,4.710999965667725
7,3,8,black_box,dr_pwldr,59314.445702739366,59312.98553664814,0.05500006675720215,4.710999965667725
7,3,8,black_box,reopt_pwldr,58049.20395642099,58049.20395642097,0.05500006675720215,4.710999965667725
7,3,8,local_search,obj_pwldr,59405.58638141704,59404.184518816604,0.05500006675720215,0.4739999771118164
7,3,8,local_search,dr_pwldr,59314.445702739366,59312.98553664814,0.05500006675720215,0.4739999771118164
7,3,8,local_search,reopt_pwldr,58049.20395642099,58049.20395642097,0.05500006675720215,0.4739999771118164
7,3,9,black_box,obj_pwldr,59408.40536367161,59403.93258579881,0.059999942779541016,5.3480000495910645
7,3,9,black_box,dr_pwldr,59317.23775980168,59312.71422372791,0.059999942779541016,5.3480000495910645
7,3,9,black_box,reopt_pwldr,58049.20395642099,58049.20395642097,0.059999942779541016,5.3480000495910645
7,3,9,local_search,obj_pwldr,59408.40536367161,59403.93258579881,0.059999942779541016,0.5950000286102295
7,3,9,local_search,dr_pwldr,59317.23775980168,59312.71422372791,0.059999942779541016,0.5950000286102295
7,3,9,local_search,reopt_pwldr,58049.20395642099,58049.20395642097,0.059999942779541016,0.5950000286102295
7,3,10,black_box,obj_pwldr,59408.29034264401,59403.9281875825,0.05500006675720215,6.083000183105469
7,3,10,black_box,dr_pwldr,59317.2083565386,59312.71050972718,0.05500006675720215,6.083000183105469
7,3,10,black_box,reopt_pwldr,58049.20395642097,58049.20395642099,0.05500006675720215,6.083000183105469
7,3,10,local_search,obj_pwldr,59408.29034264401,59403.9281875825,0.05500006675720215,0.75
7,3,10,local_search,dr_pwldr,59317.2083565386,59312.71050972718,0.05500006675720215,0.75
7,3,10,local_search,reopt_pwldr,58049.20395642097,58049.20395642099,0.05500006675720215,0.75
7,4,1,black_box,obj_pwldr,59555.223596383854,59426.40385502004,0.020999908447265625,1.378999948501587
7,4,1,black_box,dr_pwldr,59474.19776398861,59339.06101428896,0.020999908447265625,1.378999948501587
7,4,1,black_box,reopt_pwldr,58049.20395642097,58049.20395642099,0.020999908447265625,1.378999948501587
7,4,1,local_search,obj_pwldr,59555.223596383854,59426.40385502004,0.020999908447265625,0.09200000762939453
7,4,1,local_search,dr_pwldr,59474.19776398861,59339.06101428896,0.020999908447265625,0.09200000762939453
7,4,1,local_search,reopt_pwldr,58049.20395642097,58049.20395642099,0.020999908447265625,0.09200000762939453
7,4,2,black_box,obj_pwldr,59474.63758319106,59424.60408327567,0.03800010681152344,1.7179999351501465
7,4,2,black_box,dr_pwldr,59389.98295977043,59337.21885502473,0.03800010681152344,1.7179999351501465
7,4,2,black_box,reopt_pwldr,58049.20395642099,58049.20395642097,0.03800010681152344,1.7179999351501465
7,4,2,local_search,obj_pwldr,59474.63758319106,59424.60408327567,0.03800010681152344,0.0820000171661377
7,4,2,local_search,dr_pwldr,59389.98295977043,59337.21885502473,0.03800010681152344,0.0820000171661377
7,4,2,local_search,reopt_pwldr,58049.20395642099,58049.20395642097,0.03800010681152344,0.0820000171661377
7,4,3,black_box,obj_pwldr,59434.34457659464,59424.53584906877,0.040000200271606445,2.1000001430511475
7,4,3,black_box,dr_pwldr,59347.21569303619,59337.14575834762,0.040000200271606445,2.1000001430511475
7,4,3,black_box,reopt_pwldr,58049.20395642097,58049.203956421006,0.040000200271606445,2.1000001430511475
7,4,3,local_search,obj_pwldr,59434.34457659464,59424.53584906877,0.040000200271606445,0.24399995803833008
7,4,3,local_search,dr_pwldr,59347.21569303619,59337.14575834762,0.040000200271606445,0.24399995803833008
7,4,3,local_search,reopt_pwldr,58049.20395642097,58049.203956421006,0.040000200271606445,0.24399995803833008
7,4,4,black_box,obj_pwldr,59435.06698354313,59424.60478257811,0.04800009727478027,2.5230000019073486
7,4,4,black_box,dr_pwldr,59348.23802434061,59337.22595914574,0.04800009727478027,2.5230000019073486
7,4,4,black_box,reopt_pwldr,58049.20395642099,58049.20395642099,0.04800009727478027,2.5230000019073486
7,4,4,local_search,obj_pwldr,59435.06698354313,59424.60478257811,0.04800009727478027,0.23000001907348633
7,4,4,local_search,dr_pwldr,59348.23802434061,59337.22595914574,0.04800009727478027,0.23000001907348633
7,4,4,local_search,reopt_pwldr,58049.20395642099,58049.20395642099,0.04800009727478027,0.23000001907348633
7,4,5,black_box,obj_pwldr,59438.20399863635,59424.70956509024,0.05299997329711914,2.9140000343322754
7,4,5,black_box,dr_pwldr,59351.4286830933,59337.299497156426,0.05299997329711914,2.9140000343322754
7,4,5,black_box,reopt_pwldr,58049.20395642099,58049.20395642099,0.05299997329711914,2.9140000343322754
7,4,5,local_search,obj_pwldr,59438.20399863635,59424.70956509024,0.05299997329711914,0.2200000286102295
7,4,5,local_search,dr_pwldr,59351.4286830933,59337.299497156426,0.05299997329711914,0.2200000286102295
7,4,5,local_search,reopt_pwldr,58049.20395642099,58049.20395642099,0.05299997329711914,0.2200000286102295
7,4,6,black_box,obj_pwldr,59434.713151568365,59424.494415681394,0.05799984931945801,3.933000087738037
7,4,6,black_box,dr_pwldr,59347.60050531846,59337.10493034674,0.05799984931945801,3.933000087738037
7,4,6,black_box,reopt_pwldr,58049.20395642099,58049.20395642097,0.05799984931945801,3.933000087738037
7,4,6,local_search,obj_pwldr,59434.713151568365,59424.494415681394,0.05799984931945801,0.2840001583099365
7,4,6,local_search,dr_pwldr,59347.60050531846,59337.10493034674,0.05799984931945801,0.2840001583099365
7,4,6,local_search,reopt_pwldr,58049.20395642099,58049.20395642097,0.05799984931945801,0.2840001583099365
7,4,7,black_box,obj_pwldr,59428.96056275629,59424.472540962335,0.05200004577636719,3.8940000534057617
7,4,7,black_box,dr_pwldr,59341.489248467136,59337.071488745234,0.05200004577636719,3.8940000534057617
7,4,7,black_box,reopt_pwldr,58049.20395642099,58049.20395642099,0.05200004577636719,3.8940000534057617
7,4,7,local_search,obj_pwldr,59428.96056275629,59424.46372110872,0.05200004577636719,0.45799994468688965
7,4,7,local_search,dr_pwldr,59341.489248467136,59337.06857827119,0.05200004577636719,0.45799994468688965
7,4,7,local_search,reopt_pwldr,58049.20395642099,58049.20395642099,0.05200004577636719,0.45799994468688965
7,4,8,black_box,obj_pwldr,59426.05947045145,59424.46170297556,0.046000003814697266,4.398999929428101
7,4,8,black_box,dr_pwldr,59338.78985222846,59337.068322148894,0.046000003814697266,4.398999929428101
7,4,8,black_box,reopt_pwldr,58049.20395642097,58049.20395642097,0.046000003814697266,4.398999929428101
7,4,8,local_search,obj_pwldr,59426.05947045145,59424.46170297556,0.046000003814697266,0.43899989128112793
7,4,8,local_search,dr_pwldr,59338.78985222846,59337.068322148894,0.046000003814697266,0.43899989128112793
7,4,8,local_search,reopt_pwldr,58049.20395642097,58049.20395642097,0.046000003814697266,0.43899989128112793
7,4,9,black_box,obj_pwldr,59428.84243081655,59424.48496059361,0.05500006675720215,4.95799994468689
7,4,9,black_box,dr_pwldr,59341.71383948175,59337.091152070505,0.05500006675720215,4.95799994468689
7,4,9,black_box,reopt_pwldr,58049.20395642099,58049.20395642097,0.05500006675720215,4.95799994468689
7,4,9,local_search,obj_pwldr,59428.84243081655,59424.48496059361,0.05500006675720215,0.5859999656677246
7,4,9,local_search,dr_pwldr,59341.71383948175,59337.09115207051,0.05500006675720215,0.5859999656677246
7,4,9,local_search,reopt_pwldr,58049.20395642099,58049.20395642097,0.05500006675720215,0.5859999656677246
7,4,10,black_box,obj_pwldr,59428.798348515316,59424.49932358419,0.05300021171569824,5.631999969482422
7,4,10,black_box,dr_pwldr,59341.46243419912,59337.10718179518,0.05300021171569824,5.631999969482422
7,4,10,black_box,reopt_pwldr,58049.20395642099,58049.20395642099,0.05300021171569824,5.631999969482422
7,4,10,local_search,obj_pwldr,59428.798348515316,59424.49932358419,0.05300021171569824,0.7170000076293945
7,4,10,local_search,dr_pwldr,59341.46243419912,59337.10718179518,0.05300021171569824,0.7170000076293945
7,4,10,local_search,reopt_pwldr,58049.20395642099,58049.20395642099,0.05300021171569824,0.7170000076293945
8,1,1,black_box,obj_pwldr,60320.70476242457,60167.067176948636,0.021000146865844727,1.3259999752044678
8,1,1,black_box,dr_pwldr,60350.620459181664,60198.77340013011,0.021000146865844727,1.3259999752044678
8,1,1,black_box,reopt_pwldr,58555.681950088634,58555.68195008864,0.021000146865844727,1.3259999752044678
8,1,1,local_search,obj_pwldr,60320.70476242457,60167.06717694863,0.021000146865844727,0.10199999809265137
8,1,1,local_search,dr_pwldr,60350.620459181664,60198.77340013011,0.021000146865844727,0.10199999809265137
8,1,1,local_search,reopt_pwldr,58555.681950088634,58555.68195008864,0.021000146865844727,0.10199999809265137
8,1,2,black_box,obj_pwldr,60182.488232707576,60167.25528389618,0.03299999237060547,1.6770000457763672
8,1,2,black_box,dr_pwldr,60214.20543978776,60198.94425391398,0.03299999237060547,1.6770000457763672
8,1,2,black_box,reopt_pwldr,58555.68195008864,58555.68195008864,0.03299999237060547,1.6770000457763672
8,1,2,local_search,obj_pwldr,60182.488232707576,60167.25528389618,0.03299999237060547,0.08599996566772461
8,1,2,local_search,dr_pwldr,60214.20543978776,60198.94425391398,0.03299999237060547,0.08599996566772461
8,1,2,local_search,reopt_pwldr,58555.68195008864,58555.68195008864,0.03299999237060547,0.08599996566772461
8,1,3,black_box,obj_pwldr,60206.59833411152,60166.908997609586,0.03000020980834961,2.19599986076355
8,1,3,black_box,dr_pwldr,60236.86724603139,60198.59188148311,0.03000020980834961,2.19599986076355
8,1,3,black_box,reopt_pwldr,58555.68195008864,58555.681950088634,0.03000020980834961,2.19599986076355
8,1,3,local_search,obj_pwldr,60206.59833411152,60166.908997609586,0.03000020980834961,0.11500000953674316
8,1,3,local_search,dr_pwldr,60236.86724603139,60198.59188148311,0.03000020980834961,0.11500000953674316
8,1,3,local_search,reopt_pwldr,58555.68195008864,58555.681950088634,0.03000020980834961,0.11500000953674316
8,1,4,black_box,obj_pwldr,60196.63234086748,60166.74034938279,0.03299999237060547,2.6050000190734863
8,1,4,black_box,dr_pwldr,60227.282021315084,60198.44392547812,0.03299999237060547,2.6050000190734863
8,1,4,black_box,reopt_pwldr,58555.68195008864,58555.68195008864,0.03299999237060547,2.6050000190734863
8,1,4,local_search,obj_pwldr,60196.63234086748,60166.74034938279,0.03299999237060547,0.18499994277954102
8,1,4,local_search,dr_pwldr,60227.282021315084,60198.44392547812,0.03299999237060547,0.18499994277954102
8,1,4,local_search,reopt_pwldr,58555.68195008864,58555.68195008864,0.03299999237060547,0.18499994277954102
8,1,5,black_box,obj_pwldr,60176.55814629104,60166.721045228434,0.04499983787536621,3.1389999389648438
8,1,5,black_box,dr_pwldr,60207.87047551463,60198.42719704522,0.04499983787536621,3.1389999389648438
8,1,5,black_box,reopt_pwldr,58555.68195008864,58555.68195008864,0.04499983787536621,3.1389999389648438
8,1,5,local_search,obj_pwldr,60176.55814629104,60166.72104522844,0.04499983787536621,0.21600008010864258
8,1,5,local_search,dr_pwldr,60207.87047551463,60198.42719704522,0.04499983787536621,0.21600008010864258
8,1,5,local_search,reopt_pwldr,58555.68195008864,58555.68195008864,0.04499983787536621,0.21600008010864258
8,1,6,black_box,obj_pwldr,60175.01527400406,60166.69195898007,0.03800010681152344,3.6589999198913574
8,1,6,black_box,dr_pwldr,60206.47168087915,60198.39495479666,0.03800010681152344,3.6589999198913574
8,1,6,black_box,reopt_pwldr,58555.68195008864,58555.68195008864,0.03800010681152344,3.6589999198913574
8,1,6,local_search,obj_pwldr,60175.01527400406,60166.69195898006,0.03800010681152344,0.5900001525878906
8,1,6,local_search,dr_pwldr,60206.47168087915,60198.39495479666,0.03800010681152344,0.5900001525878906
8,1,6,local_search,reopt_pwldr,58555.68195008864,58555.68195008864,0.03800010681152344,0.5900001525878906
8,1,7,black_box,obj_pwldr,60178.71370095594,60166.72020270838,0.03800010681152344,4.2779998779296875
8,1,7,black_box,dr_pwldr,60209.82865216143,60198.42212393496,0.03800010681152344,4.2779998779296875
8,1,7,black_box,reopt_pwldr,58555.68195008864,58555.68195008864,0.03800010681152344,4.2779998779296875
8,1,7,local_search,obj_pwldr,60178.71370095594,60166.72020270835,0.03800010681152344,0.8409998416900635
8,1,7,local_search,dr_pwldr,60209.82865216143,60198.42212393493,0.03800010681152344,0.8409998416900635
8,1,7,local_search,reopt_pwldr,58555.68195008864,58555.681950088634,0.03800010681152344,0.8409998416900635
8,1,8,black_box,obj_pwldr,60173.25113114804,60166.68950002467,0.04700016975402832,5.1499998569488525
8,1,8,black_box,dr_pwldr,60204.587909811926,60198.39312800572,0.04700016975402832,5.1499998569488525
8,1,8,black_box,reopt_pwldr,58555.68195008864,58555.68195008864,0.04700016975402832,5.1499998569488525
8,1,8,local_search,obj_pwldr,60173.25113114804,60166.68950002467,0.04700016975402832,0.5349998474121094
8,1,8,local_search,dr_pwldr,60204.587909811926,60198.39312800572,0.04700016975402832,0.5349998474121094
8,1,8,local_search,reopt_pwldr,58555.68195008864,58555.68195008864,0.04700016975402832,0.5349998474121094
8,1,9,black_box,obj_pwldr,60168.12293658515,60166.69361632725,0.05500006675720215,5.825999975204468
8,1,9,black_box,dr_pwldr,60199.800373946695,60198.3969036509,0.05500006675720215,5.825999975204468
8,1,9,black_box,reopt_pwldr,58555.68195008864,58555.68195008864,0.05500006675720215,5.825999975204468
8,1,9,local_search,obj_pwldr,60168.12293658515,60166.69361632725,0.05500006675720215,0.6640000343322754
8,1,9,local_search,dr_pwldr,60199.800373946695,60198.3969036509,0.05500006675720215,0.6640000343322754
8,1,9,local_search,reopt_pwldr,58555.68195008864,58555.68195008864,0.05500006675720215,0.6640000343322754
8,1,10,black_box,obj_pwldr,60172.669612909885,60166.89431351295,0.04700016975402832,6.284999847412109
8,1,10,black_box,dr_pwldr,60204.16500918682,60198.59916122427,0.04700016975402832,6.284999847412109
8,1,10,black_box,reopt_pwldr,58555.68195008864,58555.68195008864,0.04700016975402832,6.284999847412109
8,1,10,local_search,obj_pwldr,60172.669612909885,60166.691501668174,0.04700016975402832,1.0570001602172852
8,1,10,local_search,dr_pwldr,60204.16500918682,60198.39553878752,0.04700016975402832,1.0570001602172852
8,1,10,local_search,reopt_pwldr,58555.68195008864,58555.68195008864,0.04700016975402832,1.0570001602172852
8,2,1,black_box,obj_pwldr,60444.9261877821,60294.93910974452,0.020999908447265625,1.258000135421753
8,2,1,black_box,dr_pwldr,60477.49495015795,60329.409574882426,0.020999908447265625,1.258000135421753
8,2,1,black_box,reopt_pwldr,58555.68195008864,58555.68195008864,0.020999908447265625,1.258000135421753
8,2,1,local_search,obj_pwldr,60444.9261877821,60294.93910974452,0.020999908447265625,0.06599998474121094
8,2,1,local_search,dr_pwldr,60477.49495015795,60329.409574882426,0.020999908447265625,0.06599998474121094
8,2,1,local_search,reopt_pwldr,58555.68195008864,58555.68195008864,0.020999908447265625,0.06599998474121094
8,2,2,black_box,obj_pwldr,60315.788719184035,60294.58121252825,0.02499985694885254,1.6670000553131104
8,2,2,black_box,dr_pwldr,60350.42644383514,60329.04805386462,0.02499985694885254,1.6670000553131104
8,2,2,black_box,reopt_pwldr,58555.68195008864,58555.681950088634,0.02499985694885254,1.6670000553131104
8,2,2,local_search,obj_pwldr,60315.788719184035,60294.58121252825,0.02499985694885254,0.0820000171661377
8,2,2,local_search,dr_pwldr,60350.42644383514,60329.04805386462,0.02499985694885254,0.0820000171661377
8,2,2,local_search,reopt_pwldr,58555.68195008864,58555.681950088634,0.02499985694885254,0.0820000171661377
8,2,3,black_box,obj_pwldr,60323.36712644473,60294.59963873385,0.03699994087219238,2.177999973297119
8,2,3,black_box,dr_pwldr,60356.4179615738,60329.050093190956,0.03699994087219238,2.177999973297119
8,2,3,black_box,reopt_pwldr,58555.68195008864,58555.68195008864,0.03699994087219238,2.177999973297119
8,2,3,local_search,obj_pwldr,60323.36712644473,60294.56500959254,0.03699994087219238,0.18200016021728516
8,2,3,local_search,dr_pwldr,60356.4179615738,60329.02604200399,0.03699994087219238,0.18200016021728516
8,2,3,local_search,reopt_pwldr,58555.68195008864,58555.68195008864,0.03699994087219238,0.18200016021728516
8,2,4,black_box,obj_pwldr,60320.78142411847,60294.59937724176,0.05299997329711914,2.5349998474121094
8,2,4,black_box,dr_pwldr,60355.13207979163,60329.06019621002,0.05299997329711914,2.5349998474121094
8,2,4,black_box,reopt_pwldr,58555.68195008864,58555.68195008864,0.05299997329711914,2.5349998474121094
8,2,4,local_search,obj_pwldr,60320.78142411847,60294.59937724176,0.05299997329711914,0.1830000877380371
8,2,4,local_search,dr_pwldr,60355.13207979163,60329.06019621002,0.05299997329711914,0.1830000877380371
8,2,4,local_search,reopt_pwldr,58555.68195008864,58555.68195008864,0.05299997329711914,0.1830000877380371
8,2,5,black_box,obj_pwldr,60304.74327102599,60294.6298537829,0.05900001525878906,3.055000066757202
8,2,5,black_box,dr_pwldr,60339.525221384014,60329.08881847678,0.05900001525878906,3.055000066757202
8,2,5,black_box,reopt_pwldr,58555.68195008864,58555.68195008864,0.05900001525878906,3.055000066757202
8,2,5,local_search,obj_pwldr,60304.74327102599,60294.6298537829,0.05900001525878906,0.2219998836517334
8,2,5,local_search,dr_pwldr,60339.525221384014,60329.08881847678,0.05900001525878906,0.2219998836517334
8,2,5,local_search,reopt_pwldr,58555.68195008864,58555.68195008864,0.05900001525878906,0.2219998836517334
8,2,6,black_box,obj_pwldr,60300.725610154055,60294.524266245164,0.04799985885620117,3.61899995803833
8,2,6,black_box,dr_pwldr,60334.83800662034,60328.99095057414,0.04799985885620117,3.61899995803833
8,2,6,black_box,reopt_pwldr,58555.68195008864,58555.68195008864,0.04799985885620117,3.61899995803833
8,2,6,local_search,obj_pwldr,60300.725610154055,60294.524266245164,0.04799985885620117,0.31800007820129395
8,2,6,local_search,dr_pwldr,60334.83800662034,60328.99095057414,0.04799985885620117,0.31800007820129395
8,2,6,local_search,reopt_pwldr,58555.68195008864,58555.68195008864,0.04799985885620117,0.31800007820129395
8,2,7,black_box,obj_pwldr,60304.67948877484,60294.54485391567,0.059999942779541016,4.190999984741211
8,2,7,black_box,dr_pwldr,60338.72938848773,60329.00851691467,0.059999942779541016,4.190999984741211
8,2,7,black_box,reopt_pwldr,58555.68195008864,58555.68195008864,0.059999942779541016,4.190999984741211
8,2,7,local_search,obj_pwldr,60304.67948877484,60294.494909640234,0.059999942779541016,0.45799994468688965
8,2,7,local_search,dr_pwldr,60338.72938848773,60328.95889752029,0.059999942779541016,0.45799994468688965
8,2,7,local_search,reopt_pwldr,58555.68195008864,58555.68195008864,0.059999942779541016,0.45799994468688965
8,2,8,black_box,obj_pwldr,60300.71007427962,60294.75798566785,0.04799985885620117,4.759000062942505
8,2,8,black_box,dr_pwldr,60335.05873583519,60329.21064070617,0.04799985885620117,4.759000062942505
8,2,8,black_box,reopt_pwldr,58555.68195008864,58555.68195008864,0.04799985885620117,4.759000062942505
8,2,8,local_search,obj_pwldr,60300.71007427962,60294.75798566785,0.04799985885620117,0.437999963760376
8,2,8,local_search,dr_pwldr,60335.05873583519,60329.21064070617,0.04799985885620117,0.437999963760376
8,2,8,local_search,reopt_pwldr,58555.68195008864,58555.68195008864,0.04799985885620117,0.437999963760376
8,2,9,black_box,obj_pwldr,60295.58227135746,60294.50081300108,0.05799984931945801,5.401000022888184
8,2,9,black_box,dr_pwldr,60329.99219518056,60328.96527270826,0.05799984931945801,5.401000022888184
8,2,9,black_box,reopt_pwldr,58555.68195008864,58555.68195008864,0.05799984931945801,5.401000022888184
8,2,9,local_search,obj_pwldr,60295.58227135746,60294.50081300108,0.05799984931945801,0.6190001964569092
8,2,9,local_search,dr_pwldr,60329.99219518056,60328.96527270826,0.05799984931945801,0.6190001964569092
8,2,9,local_search,reopt_pwldr,58555.68195008864,58555.68195008864,0.05799984931945801,0.6190001964569092
8,2,10,black_box,obj_pwldr,60299.47404377801,60294.493317074885,0.06699991226196289,6.161999940872192
8,2,10,black_box,dr_pwldr,60333.711473914176,60328.95768150466,0.06699991226196289,6.161999940872192
8,2,10,black_box,reopt_pwldr,58555.68195008864,58555.68195008864,0.06699991226196289,6.161999940872192
8,2,10,local_search,obj_pwldr,60299.47404377801,60294.49331707488,0.06699991226196289,1.5810000896453857
8,2,10,local_search,dr_pwldr,60333.711473914176,60328.95768150466,0.06699991226196289,1.5810000896453857
8,2,10,local_search,reopt_pwldr,58555.68195008864,58555.68195008864,0.06699991226196289,1.5810000896453857
8,3,1,black_box,obj_pwldr,60472.76527870962,60277.66361651827,0.02200007438659668,2.013000011444092
8,3,1,black_box,dr_pwldr,60495.62072865801,60304.43891749884,0.02200007438659668,2.013000011444092
8,3,1,black_box,reopt_pwldr,58555.68195008864,58555.68195008864,0.02200007438659668,2.013000011444092
8,3,1,local_search,obj_pwldr,60472.76527870962,60277.66361651828,0.02200007438659668,0.05900001525878906
8,3,1,local_search,dr_pwldr,60495.62072865801,60304.43891749885,0.02200007438659668,0.05900001525878906
8,3,1,local_search,reopt_pwldr,58555.68195008864,58555.68195008864,0.02200007438659668,0.05900001525878906
8,3,2,black_box,obj_pwldr,60310.29581113049,60277.10625777204,0.04200005531311035,4.2790000438690186
8,3,2,black_box,dr_pwldr,60335.80546994555,60303.905906084685,0.04200005531311035,4.2790000438690186
8,3,2,black_box,reopt_pwldr,58555.68195008864,58555.68195008864,0.04200005531311035,4.2790000438690186
8,3,2,local_search,obj_pwldr,60310.29581113049,60277.10625777203,0.04200005531311035,0.10299992561340332
8,3,2,local_search,dr_pwldr,60335.80546994555,60303.905906084685,0.04200005531311035,0.10299992561340332
8,3,2,local_search,reopt_pwldr,58555.68195008864,58555.68195008864,0.04200005531311035,0.10299992561340332
8,3,3,black_box,obj_pwldr,60308.17877639069,60277.318358595185,0.05099987983703613,7.003999948501587
8,3,3,black_box,dr_pwldr,60334.52959891687,60304.16586086768,0.05099987983703613,7.003999948501587
8,3,3,black_box,reopt_pwldr,58555.68195008864,58555.68195008864,0.05099987983703613,7.003999948501587
8,3,3,local_search,obj_pwldr,60308.17877639069,60277.318358595185,0.05099987983703613,0.40000009536743164
8,3,3,local_search,dr_pwldr,60334.52959891687,60304.16586086768,0.05099987983703613,0.40000009536743164
8,3,3,local_search,reopt_pwldr,58555.68195008864,58555.68195008864,0.05099987983703613,0.40000009536743164
8,3,4,black_box,obj_pwldr,60317.08075607127,60276.662605044214,0.06799983978271484,10.089999914169312
8,3,4,black_box,dr_pwldr,60342.761810076496,60303.48600456444,0.06799983978271484,10.089999914169312
8,3,4,black_box,reopt_pwldr,58555.68195008864,58555.681950088634,0.06799983978271484,10.089999914169312
8,3,4,local_search,obj_pwldr,60317.08075607127,60276.662605044214,0.06799983978271484,0.6780002117156982
8,3,4,local_search,dr_pwldr,60342.761810076496,60303.48600456444,0.06799983978271484,0.6780002117156982
8,3,4,local_search,reopt_pwldr,58555.68195008864,58555.681950088634,0.06799983978271484,0.6780002117156982
8,3,5,black_box,obj_pwldr,60294.78106325356,60276.67387704807,0.07999992370605469,13.148000001907349
8,3,5,black_box,dr_pwldr,60320.646290961995,60303.493729769,0.07999992370605469,13.148000001907349
8,3,5,black_box,reopt_pwldr,58555.68195008864,58555.681950088634,0.07999992370605469,13.148000001907349
8,3,5,local_search,obj_pwldr,60294.78106325356,60276.67387704807,0.07999992370605469,0.9130001068115234
8,3,5,local_search,dr_pwldr,60320.646290961995,60303.493729769,0.07999992370605469,0.9130001068115234
8,3,5,local_search,reopt_pwldr,58555.68195008864,58555.681950088634,0.07999992370605469,0.9130001068115234
8,3,6,black_box,obj_pwldr,60284.15771407069,60276.76767316895,0.11399984359741211,16.45900011062622
8,3,6,black_box,dr_pwldr,60311.18137539751,60303.5801894962,0.11399984359741211,16.45900011062622
8,3,6,black_box,reopt_pwldr,58555.68195008864,58555.68195008864,0.11399984359741211,16.45900011062622
8,3,6,local_search,obj_pwldr,60284.15771407069,60276.76767316895,0.11399984359741211,1.3700001239776611
8,3,6,local_search,dr_pwldr,60311.18137539751,60303.5801894962,0.11399984359741211,1.3700001239776611
8,3,6,local_search,reopt_pwldr,58555.68195008864,58555.68195008864,0.11399984359741211,1.3700001239776611
8,3,7,black_box,obj_pwldr,60292.07219846949,60276.65942595354,0.13700008392333984,20.76799988746643
8,3,7,black_box,dr_pwldr,60318.32352899176,60303.48043185635,0.13700008392333984,20.76799988746643
8,3,7,black_box,reopt_pwldr,58555.68195008864,58555.68195008864,0.13700008392333984,20.76799988746643
8,3,7,local_search,obj_pwldr,60292.07219846949,60276.65942595354,0.13700008392333984,1.812999963760376
8,3,7,local_search,dr_pwldr,60318.32352899176,60303.48043185635,0.13700008392333984,1.812999963760376
8,3,7,local_search,reopt_pwldr,58555.68195008864,58555.68195008864,0.13700008392333984,1.812999963760376
8,3,8,black_box,obj_pwldr,60287.32034694821,60276.65304730642,0.15700006484985352,23.243000030517578
8,3,8,black_box,dr_pwldr,60313.48974621921,60303.47628580451,0.15700006484985352,23.243000030517578
8,3,8,black_box,reopt_pwldr,58555.68195008864,58555.68195008864,0.15700006484985352,23.243000030517578
8,3,8,local_search,obj_pwldr,60287.32034694821,60276.65304730642,0.15700006484985352,2.3539998531341553
8,3,8,local_search,dr_pwldr,60313.48974621921,60303.47628580451,0.15700006484985352,2.3539998531341553
8,3,8,local_search,reopt_pwldr,58555.68195008864,58555.68195008864,0.15700006484985352,2.3539998531341553
8,3,9,black_box,obj_pwldr,60278.00806096247,60276.63223714729,0.18000006675720215,26.605000019073486
8,3,9,black_box,dr_pwldr,60304.89249199741,60303.45437843692,0.18000006675720215,26.605000019073486
8,3,9,black_box,reopt_pwldr,58555.68195008864,58555.68195008864,0.18000006675720215,26.605000019073486
8,3,9,local_search,obj_pwldr,60278.00806096247,60276.627302234374,0.18000006675720215,5.082000017166138
8,3,9,local_search,dr_pwldr,60304.89249199741,60303.4492010018,0.18000006675720215,5.082000017166138
8,3,9,local_search,reopt_pwldr,58555.68195008864,58555.68195008864,0.18000006675720215,5.082000017166138
8,3,10,black_box,obj_pwldr,60284.06063802973,60276.688325332165,0.1959998607635498,30.311000108718872
8,3,10,black_box,dr_pwldr,60310.66380871497,60303.50643027863,0.1959998607635498,30.311000108718872
8,3,10,black_box,reopt_pwldr,58555.68195008864,58555.68195008864,0.1959998607635498,30.311000108718872
8,3,10,local_search,obj_pwldr,60284.06063802973,60276.688325332165,0.1959998607635498,3.5759999752044678
8,3,10,local_search,dr_pwldr,60310.66380871497,60303.50643027863,0.1959998607635498,3.5759999752044678
8,3,10,local_search,reopt_pwldr,58555.68195008864,58555.68195008864,0.1959998607635498,3.5759999752044678
8,4,1,black_box,obj_pwldr,60474.78969748864,60330.740414013926,0.020999908447265625,1.1520001888275146
8,4,1,black_box,dr_pwldr,60494.06729220225,60348.65643172265,0.020999908447265625,1.1520001888275146
8,4,1,black_box,reopt_pwldr,58555.68195008864,58555.68195008864,0.020999908447265625,1.1520001888275146
8,4,1,local_search,obj_pwldr,60474.78969748864,60330.740414013926,0.020999908447265625,0.06200003623962402
8,4,1,local_search,dr_pwldr,60494.06729220225,60348.65643172265,0.020999908447265625,0.06200003623962402
8,4,1,local_search,reopt_pwldr,58555.68195008864,58555.68195008864,0.020999908447265625,0.06200003623962402
8,4,2,black_box,obj_pwldr,60350.785510677306,60330.337998327166,0.039999961853027344,1.6569998264312744
8,4,2,black_box,dr_pwldr,60368.17189659976,60348.266377097396,0.039999961853027344,1.6569998264312744
8,4,2,black_box,reopt_pwldr,58555.681950088634,58555.681950088634,0.039999961853027344,1.6569998264312744
8,4,2,local_search,obj_pwldr,60350.785510677306,60330.337998327166,0.039999961853027344,0.09400010108947754
8,4,2,local_search,dr_pwldr,60368.17189659976,60348.266377097396,0.039999961853027344,0.09400010108947754
8,4,2,local_search,reopt_pwldr,58555.681950088634,58555.681950088634,0.039999961853027344,0.09400010108947754
8,4,3,black_box,obj_pwldr,60355.09396936247,60329.22725184053,0.029000043869018555,1.934000015258789
8,4,3,black_box,dr_pwldr,60374.79613382236,60347.20345691959,0.029000043869018555,1.934000015258789
8,4,3,black_box,reopt_pwldr,58555.68195008864,58555.681950088634,0.029000043869018555,1.934000015258789
8,4,3,local_search,obj_pwldr,60355.09396936247,60329.22725184053,0.029000043869018555,0.10599994659423828
8,4,3,local_search,dr_pwldr,60374.79613382236,60347.20345691959,0.029000043869018555,0.10599994659423828
8,4,3,local_search,reopt_pwldr,58555.68195008864,58555.681950088634,0.029000043869018555,0.10599994659423828
8,4,4,black_box,obj_pwldr,60353.54292423582,60329.26089620045,0.03099989891052246,2.4260001182556152
8,4,4,black_box,dr_pwldr,60372.323726360315,60347.23059471235,0.03099989891052246,2.4260001182556152
8,4,4,black_box,reopt_pwldr,58555.68195008864,58555.68195008864,0.03099989891052246,2.4260001182556152
8,4,4,local_search,obj_pwldr,60353.54292423582,60329.26089620045,0.03099989891052246,0.1529998779296875
8,4,4,local_search,dr_pwldr,60372.323726360315,60347.23059471235,0.03099989891052246,0.1529998779296875
8,4,4,local_search,reopt_pwldr,58555.68195008864,58555.68195008864,0.03099989891052246,0.1529998779296875
8,4,5,black_box,obj_pwldr,60338.922138225025,60329.13083699909,0.0409998893737793,2.7809998989105225
8,4,5,black_box,dr_pwldr,60356.97162495443,60347.100021840386,0.0409998893737793,2.7809998989105225
8,4,5,black_box,reopt_pwldr,58555.68195008864,58555.68195008864,0.0409998893737793,2.7809998989105225
8,4,5,local_search,obj_pwldr,60338.922138225025,60329.13083699909,0.0409998893737793,0.2330000400543213
8,4,5,local_search,dr_pwldr,60356.97162495443,60347.100021840386,0.0409998893737793,0.2330000400543213
8,4,5,local_search,reopt_pwldr,58555.68195008864,58555.68195008864,0.0409998893737793,0.2330000400543213
8,4,6,black_box,obj_pwldr,60334.76046011399,60329.15433524878,0.03899979591369629,3.2290000915527344
8,4,6,black_box,dr_pwldr,60353.142731653934,60347.13302143982,0.03899979591369629,3.2290000915527344
8,4,6,black_box,reopt_pwldr,58555.68195008864,58555.68195008864,0.03899979591369629,3.2290000915527344
8,4,6,local_search,obj_pwldr,60334.76046011399,60329.15433524878,0.03899979591369629,0.2670001983642578
8,4,6,local_search,dr_pwldr,60353.142731653934,60347.13302143982,0.03899979591369629,0.2670001983642578
8,4,6,local_search,reopt_pwldr,58555.68195008864,58555.68195008864,0.03899979591369629,0.2670001983642578
8,4,7,black_box,obj_pwldr,60338.51633133977,60329.16600645005,0.054000139236450195,3.8289999961853027
8,4,7,black_box,dr_pwldr,60356.95555748311,60347.13921416269,0.054000139236450195,3.8289999961853027
8,4,7,black_box,reopt_pwldr,58555.68195008864,58555.68195008864,0.054000139236450195,3.8289999961853027
8,4,7,local_search,obj_pwldr,60338.51633133977,60329.16600645005,0.054000139236450195,0.3710000514984131
8,4,7,local_search,dr_pwldr,60356.95555748311,60347.13921416269,0.054000139236450195,0.3710000514984131
8,4,7,local_search,reopt_pwldr,58555.68195008864,58555.68195008864,0.054000139236450195,0.3710000514984131
8,4,8,black_box,obj_pwldr,60334.96768074093,60329.17542238966,0.051000118255615234,4.742000102996826
8,4,8,black_box,dr_pwldr,60353.03710087181,60347.15845546613,0.051000118255615234,4.742000102996826
8,4,8,black_box,reopt_pwldr,58555.68195008864,58555.68195008864,0.051000118255615234,4.742000102996826
8,4,8,local_search,obj_pwldr,60334.96768074093,60329.17542238966,0.051000118255615234,0.4480001926422119
8,4,8,local_search,dr_pwldr,60353.03710087181,60347.15845546613,0.051000118255615234,0.4480001926422119
8,4,8,local_search,reopt_pwldr,58555.68195008864,58555.68195008864,0.051000118255615234,0.4480001926422119
8,4,9,black_box,obj_pwldr,60330.12079365278,60329.18654776516,0.04500007629394531,5.190000057220459
8,4,9,black_box,dr_pwldr,60348.17457305016,60347.158719942556,0.04500007629394531,5.190000057220459
8,4,9,black_box,reopt_pwldr,58555.68195008864,58555.68195008864,0.04500007629394531,5.190000057220459
8,4,9,local_search,obj_pwldr,60330.12079365278,60329.18654776516,0.04500007629394531,0.5340001583099365
8,4,9,local_search,dr_pwldr,60348.17457305016,60347.158719942556,0.04500007629394531,0.5340001583099365
8,4,9,local_search,reopt_pwldr,58555.68195008864,58555.68195008864,0.04500007629394531,0.5340001583099365
8,4,10,black_box,obj_pwldr,60333.70723214467,60329.23456006087,0.0559999942779541,6.259999990463257
8,4,10,black_box,dr_pwldr,60352.027386419744,60347.22843681535,0.0559999942779541,6.259999990463257
8,4,10,black_box,reopt_pwldr,58555.68195008864,58555.68195008864,0.0559999942779541,6.259999990463257
8,4,10,local_search,obj_pwldr,60333.70723214467,60329.142072150855,0.0559999942779541,1.0429999828338623
8,4,10,local_search,dr_pwldr,60352.027386419744,60347.113855764626,0.0559999942779541,1.0429999828338623
8,4,10,local_search,reopt_pwldr,58555.68195008864,58555.68195008864,0.0559999942779541,1.0429999828338623
9,1,1,black_box,obj_pwldr,86167.66429329904,86055.79521259565,0.0279998779296875,1.2639999389648438
9,1,1,black_box,dr_pwldr,86135.31365002233,86021.67823765786,0.0279998779296875,1.2639999389648438
9,1,1,black_box,reopt_pwldr,85144.65432530707,85144.6543253071,0.0279998779296875,1.2639999389648438
9,1,1,local_search,obj_pwldr,86167.66429329904,86055.79521259565,0.0279998779296875,0.05799984931945801
9,1,1,local_search,dr_pwldr,86135.31365002233,86021.67823765786,0.0279998779296875,0.05799984931945801
9,1,1,local_search,reopt_pwldr,85144.65432530707,85144.6543253071,0.0279998779296875,0.05799984931945801
9,1,2,black_box,obj_pwldr,86113.83742391942,86055.16773998266,0.032000064849853516,1.6990001201629639
9,1,2,black_box,dr_pwldr,86081.61931173039,86021.05326903403,0.032000064849853516,1.6990001201629639
9,1,2,black_box,reopt_pwldr,85144.6543253071,85144.65432530707,0.032000064849853516,1.6990001201629639
9,1,2,local_search,obj_pwldr,86113.83742391942,86055.16773998267,0.032000064849853516,0.0969998836517334
9,1,2,local_search,dr_pwldr,86081.61931173039,86021.05326903405,0.032000064849853516,0.0969998836517334
9,1,2,local_search,reopt_pwldr,85144.6543253071,85144.6543253071,0.032000064849853516,0.0969998836517334
9,1,3,black_box,obj_pwldr,86088.9265166472,86055.08167021554,0.026000022888183594,2.1710000038146973
9,1,3,black_box,dr_pwldr,86055.85486038828,86020.96672654842,0.026000022888183594,2.1710000038146973
9,1,3,black_box,reopt_pwldr,85144.6543253071,85144.65432530706,0.026000022888183594,2.1710000038146973
9,1,3,local_search,obj_pwldr,86088.9265166472,86055.08167021554,0.026000022888183594,0.12400007247924805
9,1,3,local_search,dr_pwldr,86055.85486038828,86020.96672654842,0.026000022888183594,0.12400007247924805
9,1,3,local_search,reopt_pwldr,85144.6543253071,85144.65432530706,0.026000022888183594,0.12400007247924805
9,1,4,black_box,obj_pwldr,86074.78153164065,86055.17871749701,0.03600001335144043,2.5199999809265137
9,1,4,black_box,dr_pwldr,86041.23925507176,86021.06429536745,0.03600001335144043,2.5199999809265137
9,1,4,black_box,reopt_pwldr,85144.65432530707,85144.65432530707,0.03600001335144043,2.5199999809265137
9,1,4,local_search,obj_pwldr,86074.78153164065,86055.17871749701,0.03600001335144043,0.17500019073486328
9,1,4,local_search,dr_pwldr,86041.23925507176,86021.06429536745,0.03600001335144043,0.17500019073486328
9,1,4,local_search,reopt_pwldr,85144.65432530707,85144.65432530707,0.03600001335144043,0.17500019073486328
9,1,5,black_box,obj_pwldr,86065.71379407891,86055.22894699668,0.04699993133544922,2.9830000400543213
9,1,5,black_box,dr_pwldr,86031.79394142827,86021.11464657492,0.04699993133544922,2.9830000400543213
9,1,5,black_box,reopt_pwldr,85144.65432530707,85144.6543253071,0.04699993133544922,2.9830000400543213
9,1,5,local_search,obj_pwldr,86065.71379407891,86055.22894699668,0.04699993133544922,0.23400020599365234
9,1,5,local_search,dr_pwldr,86031.79394142827,86021.11464657492,0.04699993133544922,0.23400020599365234
9,1,5,local_search,reopt_pwldr,85144.65432530707,85144.6543253071,0.04699993133544922,0.23400020599365234
9,1,6,black_box,obj_pwldr,86059.42138328319,86055.07502862616,0.05099987983703613,3.5759999752044678
9,1,6,black_box,dr_pwldr,86025.45607888422,86020.95982583018,0.05099987983703613,3.5759999752044678
9,1,6,black_box,reopt_pwldr,85144.65432530707,85144.65432530707,0.05099987983703613,3.5759999752044678
9,1,6,local_search,obj_pwldr,86059.42138328319,86055.07502862616,0.05099987983703613,0.2929999828338623
9,1,6,local_search,dr_pwldr,86025.45607888422,86020.95982583018,0.05099987983703613,0.2929999828338623
9,1,6,local_search,reopt_pwldr,85144.65432530707,85144.65432530707,0.05099987983703613,0.2929999828338623
9,1,7,black_box,obj_pwldr,86055.3715720307,86055.1174469067,0.06399989128112793,4.210000038146973
9,1,7,black_box,dr_pwldr,86021.2722013044,86021.0034237408,0.06399989128112793,4.210000038146973
9,1,7,black_box,reopt_pwldr,85144.65432530707,85144.65432530707,0.06399989128112793,4.210000038146973
9,1,7,local_search,obj_pwldr,86055.3715720307,86055.07396101265,0.06399989128112793,1.4459998607635498
9,1,7,local_search,dr_pwldr,86021.2722013044,86020.95897587243,0.06399989128112793,1.4459998607635498
9,1,7,local_search,reopt_pwldr,85144.65432530707,85144.65432530707,0.06399989128112793,1.4459998607635498
9,1,8,black_box,obj_pwldr,86058.31808747785,86055.10070659904,0.05200004577636719,4.784999847412109
9,1,8,black_box,dr_pwldr,86024.38417767704,86020.98150589595,0.05200004577636719,4.784999847412109
9,1,8,black_box,reopt_pwldr,85144.65432530707,85144.65432530706,0.05200004577636719,4.784999847412109
9,1,8,local_search,obj_pwldr,86058.31808747785,86055.08670930828,0.05200004577636719,0.6670000553131104
9,1,8,local_search,dr_pwldr,86024.38417767704,86020.97137666208,0.05200004577636719,0.6670000553131104
9,1,8,local_search,reopt_pwldr,85144.65432530707,85144.65432530707,0.05200004577636719,0.6670000553131104
9,1,9,black_box,obj_pwldr,86059.35787204423,86055.07687721156,0.05099987983703613,5.327000141143799
9,1,9,black_box,dr_pwldr,86025.443232798,86020.96169461025,0.05099987983703613,5.327000141143799
9,1,9,black_box,reopt_pwldr,85144.6543253071,85144.6543253071,0.05099987983703613,5.327000141143799
9,1,9,local_search,obj_pwldr,86059.35787204423,86055.07687721154,0.05099987983703613,1.2259998321533203
9,1,9,local_search,dr_pwldr,86025.443232798,86020.96169461025,0.05099987983703613,1.2259998321533203
9,1,9,local_search,reopt_pwldr,85144.6543253071,85144.6543253071,0.05099987983703613,1.2259998321533203
9,1,10,black_box,obj_pwldr,86059.37572100517,86055.07816577099,0.05099987983703613,6.177000045776367
9,1,10,black_box,dr_pwldr,86025.41881811593,86020.96121229867,0.05099987983703613,6.177000045776367
9,1,10,black_box,reopt_pwldr,85144.65432530707,85144.65432530707,0.05099987983703613,6.177000045776367
9,1,10,local_search,obj_pwldr,86059.37572100517,86055.07380899975,0.05099987983703613,1.0140001773834229
9,1,10,local_search,dr_pwldr,86025.41881811593,86020.9582833959,0.05099987983703613,1.0140001773834229
9,1,10,local_search,reopt_pwldr,85144.65432530707,85144.65432530707,0.05099987983703613,1.0140001773834229
9,2,1,black_box,obj_pwldr,86180.1119527866,86067.48533471479,0.02200007438659668,1.25
9,2,1,black_box,dr_pwldr,86149.86827712624,86037.16901017108,0.02200007438659668,1.25
9,2,1,black_box,reopt_pwldr,85144.6543253071,85144.65432530707,0.02200007438659668,1.25
9,2,1,local_search,obj_pwldr,86180.1119527866,86065.46461797193,0.02200007438659668,0.09600019454956055
9,2,1,local_search,dr_pwldr,86149.86827712624,86035.22599177482,0.02200007438659668,0.09600019454956055
9,2,1,local_search,reopt_pwldr,85144.6543253071,85144.65432530707,0.02200007438659668,0.09600019454956055
9,2,2,black_box,obj_pwldr,86128.42472956251,86064.63300607858,0.029999971389770508,1.6600000858306885
9,2,2,black_box,dr_pwldr,86097.27062475005,86034.41586056782,0.029999971389770508,1.6600000858306885
9,2,2,black_box,reopt_pwldr,85144.6543253071,85144.65432530707,0.029999971389770508,1.6600000858306885
9,2,2,local_search,obj_pwldr,86128.42472956251,86064.63300607858,0.029999971389770508,0.09000015258789062
9,2,2,local_search,dr_pwldr,86097.27062475005,86034.41586056782,0.029999971389770508,0.09000015258789062
9,2,2,local_search,reopt_pwldr,85144.6543253071,85144.65432530707,0.029999971389770508,0.09000015258789062
9,2,3,black_box,obj_pwldr,86102.58111795048,86064.93416118092,0.039999961853027344,2.0809998512268066
9,2,3,black_box,dr_pwldr,86071.77410808392,86034.72346389631,0.039999961853027344,2.0809998512268066
9,2,3,black_box,reopt_pwldr,85144.65432530707,85144.65432530707,0.039999961853027344,2.0809998512268066
9,2,3,local_search,obj_pwldr,86102.58111795048,86064.80549031009,0.039999961853027344,0.20099997520446777
9,2,3,local_search,dr_pwldr,86071.77410808392,86034.58517451999,0.039999961853027344,0.20099997520446777
9,2,3,local_search,reopt_pwldr,85144.65432530707,85144.65432530707,0.039999961853027344,0.20099997520446777
9,2,4,black_box,obj_pwldr,86087.07495098327,86064.60064810589,0.03500008583068848,2.51200008392334
9,2,4,black_box,dr_pwldr,86056.68044953051,86034.38510929873,0.03500008583068848,2.51200008392334
9,2,4,black_box,reopt_pwldr,85144.65432530707,85144.65432530707,0.03500008583068848,2.51200008392334
9,2,4,local_search,obj_pwldr,86087.07495098327,86064.52416761764,0.03500008583068848,0.3429999351501465
9,2,4,local_search,dr_pwldr,86056.68044953051,86034.30894066136,0.03500008583068848,0.3429999351501465
9,2,4,local_search,reopt_pwldr,85144.65432530707,85144.65432530707,0.03500008583068848,0.3429999351501465
9,2,5,black_box,obj_pwldr,86076.73750633842,86064.15707582176,0.03899979591369629,2.9069998264312744
9,2,5,black_box,dr_pwldr,86046.4904811246,86033.94754634662,0.03899979591369629,2.9069998264312744
9,2,5,black_box,reopt_pwldr,85144.6543253071,85144.6543253071,0.03899979591369629,2.9069998264312744
9,2,5,local_search,obj_pwldr,86076.73750633842,86064.15707582176,0.03899979591369629,0.2049999237060547
9,2,5,local_search,dr_pwldr,86046.4904811246,86033.94754634662,0.03899979591369629,0.2049999237060547
9,2,5,local_search,reopt_pwldr,85144.6543253071,85144.6543253071,0.03899979591369629,0.2049999237060547
9,2,6,black_box,obj_pwldr,86069.35361730642,86064.32014781228,0.04200005531311035,3.364000082015991
9,2,6,black_box,dr_pwldr,86038.98956229459,86034.10889526086,0.04200005531311035,3.364000082015991
9,2,6,black_box,reopt_pwldr,85144.6543253071,85144.6543253071,0.04200005531311035,3.364000082015991
9,2,6,local_search,obj_pwldr,86069.35361730642,86064.32014781228,0.04200005531311035,0.2630000114440918
9,2,6,local_search,dr_pwldr,86038.98956229459,86034.10889526086,0.04200005531311035,0.2630000114440918
9,2,6,local_search,reopt_pwldr,85144.6543253071,85144.6543253071,0.04200005531311035,0.2630000114440918
9,2,7,black_box,obj_pwldr,86064.45909087975,86064.4530540971,0.042999982833862305,3.7980000972747803
9,2,7,black_box,dr_pwldr,86034.24493799404,86034.17213487145,0.042999982833862305,3.7980000972747803
9,2,7,black_box,reopt_pwldr,85144.65432530707,85144.65432530707,0.042999982833862305,3.7980000972747803
9,2,7,local_search,obj_pwldr,86064.45909087975,86064.19401119342,0.042999982833862305,0.7730000019073486
9,2,7,local_search,dr_pwldr,86034.24493799404,86033.97320107953,0.042999982833862305,0.7730000019073486
9,2,7,local_search,reopt_pwldr,85144.65432530707,85144.65432530707,0.042999982833862305,0.7730000019073486
9,2,8,black_box,obj_pwldr,86067.67415613927,86064.20174662747,0.04200005531311035,4.315999984741211
9,2,8,black_box,dr_pwldr,86037.30787252448,86033.99107932366,0.04200005531311035,4.315999984741211
9,2,8,black_box,reopt_pwldr,85144.65432530707,85144.65432530707,0.04200005531311035,4.315999984741211
9,2,8,local_search,obj_pwldr,86067.67415613927,86064.20174662747,0.04200005531311035,0.4530000686645508
9,2,8,local_search,dr_pwldr,86037.30787252448,86033.99107932366,0.04200005531311035,0.4530000686645508
9,2,8,local_search,reopt_pwldr,85144.65432530707,85144.65432530707,0.04200005531311035,0.4530000686645508
9,2,9,black_box,obj_pwldr,86068.87932044487,86064.1502431841,0.04999995231628418,4.89300012588501
9,2,9,black_box,dr_pwldr,86038.41763648624,86033.94104142094,0.04999995231628418,4.89300012588501
9,2,9,black_box,reopt_pwldr,85144.65432530707,85144.65432530707,0.04999995231628418,4.89300012588501
9,2,9,local_search,obj_pwldr,86068.87932044487,86064.1502431841,0.04999995231628418,0.557999849319458
9,2,9,local_search,dr_pwldr,86038.41763648624,86033.94104142094,0.04999995231628418,0.557999849319458
9,2,9,local_search,reopt_pwldr,85144.65432530707,85144.65432530707,0.04999995231628418,0.557999849319458
9,2,10,black_box,obj_pwldr,86068.9616364291,86064.18032456574,0.0559999942779541,5.536999940872192
9,2,10,black_box,dr_pwldr,86038.48937164359,86033.9596167283,0.0559999942779541,5.536999940872192
9,2,10,black_box,reopt_pwldr,85144.65432530707,85144.65432530707,0.0559999942779541,5.536999940872192
9,2,10,local_search,obj_pwldr,86068.9616364291,86064.14475086363,0.0559999942779541,0.934999942779541
9,2,10,local_search,dr_pwldr,86038.48937164359,86033.93386684591,0.0559999942779541,0.934999942779541
9,2,10,local_search,reopt_pwldr,85144.65432530707,85144.65432530707,0.0559999942779541,0.934999942779541
9,3,1,black_box,obj_pwldr,86179.26813784758,86035.94716742555,0.023000001907348633,1.9029998779296875
9,3,1,black_box,dr_pwldr,86145.74219203666,86003.80477510275,0.023000001907348633,1.9029998779296875
9,3,1,black_box,reopt_pwldr,85144.65432530707,85144.65432530707,0.023000001907348633,1.9029998779296875
9,3,1,local_search,obj_pwldr,86179.26813784758,86035.94716742555,0.023000001907348633,0.1380000114440918
9,3,1,local_search,dr_pwldr,86145.74219203666,86003.80477510275,0.023000001907348633,0.1380000114440918
9,3,1,local_search,reopt_pwldr,85144.65432530707,85144.65432530707,0.023000001907348633,0.1380000114440918
9,3,2,black_box,obj_pwldr,86111.54787892892,86035.84306322718,0.040000200271606445,3.9850001335144043
9,3,2,black_box,dr_pwldr,86077.20303517161,86003.71078870114,0.040000200271606445,3.9850001335144043
9,3,2,black_box,reopt_pwldr,85144.65432530707,85144.65432530707,0.040000200271606445,3.9850001335144043
9,3,2,local_search,obj_pwldr,86111.54787892892,86035.84306322718,0.040000200271606445,0.2089998722076416
9,3,2,local_search,dr_pwldr,86077.20303517161,86003.71078870114,0.040000200271606445,0.2089998722076416
9,3,2,local_search,reopt_pwldr,85144.65432530707,85144.65432530707,0.040000200271606445,0.2089998722076416
9,3,3,black_box,obj_pwldr,86072.66008150918,86035.56754448937,0.06200003623962402,6.9019999504089355
9,3,3,black_box,dr_pwldr,86038.23611826327,86003.46157593791,0.06200003623962402,6.9019999504089355
9,3,3,black_box,reopt_pwldr,85144.65432530707,85144.65432530707,0.06200003623962402,6.9019999504089355
9,3,3,local_search,obj_pwldr,86072.66008150918,86035.56754448937,0.06200003623962402,0.3859999179840088
9,3,3,local_search,dr_pwldr,86038.23611826327,86003.46157593791,0.06200003623962402,0.3859999179840088
9,3,3,local_search,reopt_pwldr,85144.65432530707,85144.65432530707,0.06200003623962402,0.3859999179840088
9,3,4,black_box,obj_pwldr,86053.66209081102,86035.97746035451,0.07699990272521973,9.958000183105469
9,3,4,black_box,dr_pwldr,86020.74638163872,86003.83254115126,0.07699990272521973,9.958000183105469
9,3,4,black_box,reopt_pwldr,85144.65432530707,85144.65432530707,0.07699990272521973,9.958000183105469
9,3,4,local_search,obj_pwldr,86053.66209081102,86035.53999230744,0.07699990272521973,1.0160000324249268
9,3,4,local_search,dr_pwldr,86020.74638163872,86003.4361793889,0.07699990272521973,1.0160000324249268
9,3,4,local_search,reopt_pwldr,85144.65432530707,85144.65432530707,0.07699990272521973,1.0160000324249268
9,3,5,black_box,obj_pwldr,86043.95207174984,86035.59220150126,0.09600019454956055,13.717000007629395
9,3,5,black_box,dr_pwldr,86011.64850076335,86003.4842100412,0.09600019454956055,13.717000007629395
9,3,5,black_box,reopt_pwldr,85144.6543253071,85144.6543253071,0.09600019454956055,13.717000007629395
9,3,5,local_search,obj_pwldr,86043.95207174984,86035.59220150126,0.09600019454956055,0.994999885559082
9,3,5,local_search,dr_pwldr,86011.64850076335,86003.4842100412,0.09600019454956055,0.994999885559082
9,3,5,local_search,reopt_pwldr,85144.6543253071,85144.6543253071,0.09600019454956055,0.994999885559082
9,3,6,black_box,obj_pwldr,86038.53048572053,86035.43340529926,0.10700011253356934,16.664999961853027
9,3,6,black_box,dr_pwldr,86006.23797799683,86003.33778293262,0.10700011253356934,16.664999961853027
9,3,6,black_box,reopt_pwldr,85144.65432530707,85144.65432530707,0.10700011253356934,16.664999961853027
9,3,6,local_search,obj_pwldr,86038.53048572053,86035.43340529926,0.10700011253356934,1.7089998722076416
9,3,6,local_search,dr_pwldr,86006.23797799683,86003.33778293262,0.10700011253356934,1.7089998722076416
9,3,6,local_search,reopt_pwldr,85144.65432530707,85144.65432530707,0.10700011253356934,1.7089998722076416
9,3,7,black_box,obj_pwldr,86035.86215697016,86035.43391366993,0.15400004386901855,19.95300006866455
9,3,7,black_box,dr_pwldr,86003.74519594609,86003.33946387633,0.15400004386901855,19.95300006866455
9,3,7,black_box,reopt_pwldr,85144.65432530707,85144.6543253071,0.15400004386901855,19.95300006866455
9,3,7,local_search,obj_pwldr,86035.86215697016,86035.43391366993,0.15400004386901855,1.815999984741211
9,3,7,local_search,dr_pwldr,86003.74519594609,86003.33946387633,0.15400004386901855,1.815999984741211
9,3,7,local_search,reopt_pwldr,85144.65432530707,85144.6543253071,0.15400004386901855,1.815999984741211
9,3,8,black_box,obj_pwldr,86039.83148276356,86035.43007234429,0.1530001163482666,24.292999982833862
9,3,8,black_box,dr_pwldr,86007.48644791981,86003.33597082259,0.1530001163482666,24.292999982833862
9,3,8,black_box,reopt_pwldr,85144.6543253071,85144.6543253071,0.1530001163482666,24.292999982833862
9,3,8,local_search,obj_pwldr,86039.83148276356,86035.43007234429,0.1530001163482666,2.690000057220459
9,3,8,local_search,dr_pwldr,86007.48644791981,86003.33597082259,0.1530001163482666,2.690000057220459
9,3,8,local_search,reopt_pwldr,85144.6543253071,85144.6543253071,0.1530001163482666,2.690000057220459
9,3,9,black_box,obj_pwldr,86040.73688714312,86035.44665333531,0.18199992179870605,26.539000034332275
9,3,9,black_box,dr_pwldr,86008.40165191183,86003.34986388605,0.18199992179870605,26.539000034332275
9,3,9,black_box,reopt_pwldr,85144.65432530707,85144.65432530707,0.18199992179870605,26.539000034332275
9,3,9,local_search,obj_pwldr,86040.73688714312,86035.44665333531,0.18199992179870605,3.203000068664551
9,3,9,local_search,dr_pwldr,86008.40165191183,86003.34986388605,0.18199992179870605,3.203000068664551
9,3,9,local_search,reopt_pwldr,85144.65432530707,85144.65432530707,0.18199992179870605,3.203000068664551
9,3,10,black_box,obj_pwldr,86040.32089934123,86035.49177607385,0.18400001525878906,30.949000120162964
9,3,10,black_box,dr_pwldr,86008.06419468993,86003.40527624672,0.18400001525878906,30.949000120162964
9,3,10,black_box,reopt_pwldr,85144.65432530707,85144.65432530707,0.18400001525878906,30.949000120162964
9,3,10,local_search,obj_pwldr,86040.32089934123,86035.45127160408,0.18400001525878906,4.840000152587891
9,3,10,local_search,dr_pwldr,86008.06419468993,86003.35361096774,0.18400001525878906,4.840000152587891
9,3,10,local_search,reopt_pwldr,85144.65432530707,85144.65432530707,0.18400001525878906,4.840000152587891
9,4,1,black_box,obj_pwldr,86115.88652105788,86030.2338079816,0.02200007438659668,1.2240002155303955
9,4,1,black_box,dr_pwldr,86084.11347231506,85999.92694793711,0.02200007438659668,1.2240002155303955
9,4,1,black_box,reopt_pwldr,85144.65432530707,85144.65432530707,0.02200007438659668,1.2240002155303955
9,4,1,local_search,obj_pwldr,86115.88652105788,86029.82195007933,0.02200007438659668,0.1400001049041748
9,4,1,local_search,dr_pwldr,86084.11347231506,85999.39149017638,0.02200007438659668,0.1400001049041748
9,4,1,local_search,reopt_pwldr,85144.65432530707,85144.65432530707,0.02200007438659668,0.1400001049041748
9,4,2,black_box,obj_pwldr,86058.27533220655,86029.86958240646,0.03400015830993652,1.6929998397827148
9,4,2,black_box,dr_pwldr,86027.370820882,85999.45201953931,0.03400015830993652,1.6929998397827148
9,4,2,black_box,reopt_pwldr,85144.65432530707,85144.65432530707,0.03400015830993652,1.6929998397827148
9,4,2,local_search,obj_pwldr,86058.27533220655,86029.61237262089,0.03400015830993652,0.1399998664855957
9,4,2,local_search,dr_pwldr,86027.370820882,85999.12471403934,0.03400015830993652,0.1399998664855957
9,4,2,local_search,reopt_pwldr,85144.65432530707,85144.65432530707,0.03400015830993652,0.1399998664855957
9,4,3,black_box,obj_pwldr,86041.97605837243,86029.65746444499,0.029999971389770508,2.118000030517578
9,4,3,black_box,dr_pwldr,86011.58351707712,85999.18399260708,0.029999971389770508,2.118000030517578
9,4,3,black_box,reopt_pwldr,85144.65432530707,85144.65432530707,0.029999971389770508,2.118000030517578
9,4,3,local_search,obj_pwldr,86041.97605837243,86029.65746444499,0.029999971389770508,0.15200018882751465
9,4,3,local_search,dr_pwldr,86011.58351707712,85999.18399260708,0.029999971389770508,0.15200018882751465
9,4,3,local_search,reopt_pwldr,85144.65432530707,85144.65432530707,0.029999971389770508,0.15200018882751465
9,4,4,black_box,obj_pwldr,86035.58285841295,86029.69512475123,0.0409998893737793,2.6080000400543213
9,4,4,black_box,dr_pwldr,86005.33306921975,85999.17620585172,0.0409998893737793,2.6080000400543213
9,4,4,black_box,reopt_pwldr,85144.6543253071,85144.65432530707,0.0409998893737793,2.6080000400543213
9,4,4,local_search,obj_pwldr,86035.58285841295,86029.593326985,0.0409998893737793,0.28799986839294434
9,4,4,local_search,dr_pwldr,86005.33306921975,85999.09225472317,0.0409998893737793,0.28799986839294434
9,4,4,local_search,reopt_pwldr,85144.6543253071,85144.65432530707,0.0409998893737793,0.28799986839294434
9,4,5,black_box,obj_pwldr,86032.43869076406,86029.60371597935,0.039999961853027344,3.1529998779296875
9,4,5,black_box,dr_pwldr,86002.28933237385,85999.11336505871,0.039999961853027344,3.1529998779296875
9,4,5,black_box,reopt_pwldr,85144.65432530707,85144.65432530707,0.039999961853027344,3.1529998779296875
9,4,5,local_search,obj_pwldr,86032.43869076406,86029.58923429906,0.039999961853027344,0.3600001335144043
9,4,5,local_search,dr_pwldr,86002.28933237385,85999.0946253851,0.039999961853027344,0.3600001335144043
9,4,5,local_search,reopt_pwldr,85144.65432530707,85144.65432530707,0.039999961853027344,0.3600001335144043
9,4,6,black_box,obj_pwldr,86030.64375225767,86029.58855583456,0.04700016975402832,3.669999837875366
9,4,6,black_box,dr_pwldr,86000.42421002002,85999.09374472815,0.04700016975402832,3.669999837875366
9,4,6,black_box,reopt_pwldr,85144.65432530707,85144.65432530707,0.04700016975402832,3.669999837875366
9,4,6,local_search,obj_pwldr,86030.64375225767,86029.58855583456,0.04700016975402832,0.27900004386901855
9,4,6,local_search,dr_pwldr,86000.42421002002,85999.09374472815,0.04700016975402832,0.27900004386901855
9,4,6,local_search,reopt_pwldr,85144.65432530707,85144.65432530707,0.04700016975402832,0.27900004386901855
9,4,7,black_box,obj_pwldr,86029.71571203017,86029.57149856772,0.04500007629394531,4.263999938964844
9,4,7,black_box,dr_pwldr,85999.1994985055,85999.07155739295,0.04500007629394531,4.263999938964844
9,4,7,black_box,reopt_pwldr,85144.65432530707,85144.6543253071,0.04500007629394531,4.263999938964844
9,4,7,local_search,obj_pwldr,86029.71571203017,86029.57149856772,0.04500007629394531,0.3680000305175781
9,4,7,local_search,dr_pwldr,85999.1994985055,85999.07155739295,0.04500007629394531,0.3680000305175781
9,4,7,local_search,reopt_pwldr,85144.65432530707,85144.6543253071,0.04500007629394531,0.3680000305175781
9,4,8,black_box,obj_pwldr,86030.96806210387,86029.64172205258,0.046000003814697266,4.81499981880188
9,4,8,black_box,dr_pwldr,86000.3686710219,85999.1631300754,0.046000003814697266,4.81499981880188
9,4,8,black_box,reopt_pwldr,85144.6543253071,85144.6543253071,0.046000003814697266,4.81499981880188
9,4,8,local_search,obj_pwldr,86030.96806210387,86029.57136645833,0.046000003814697266,1.2359998226165771
9,4,8,local_search,dr_pwldr,86000.3686710219,85999.07155707465,0.046000003814697266,1.2359998226165771
9,4,8,local_search,reopt_pwldr,85144.6543253071,85144.6543253071,0.046000003814697266,1.2359998226165771
9,4,9,black_box,obj_pwldr,86031.24057361795,86029.57495371485,0.0559999942779541,5.504999876022339
9,4,9,black_box,dr_pwldr,86000.69028640921,85999.07621638023,0.0559999942779541,5.504999876022339
9,4,9,black_box,reopt_pwldr,85144.65432530707,85144.65432530707,0.0559999942779541,5.504999876022339
9,4,9,local_search,obj_pwldr,86031.24057361795,86029.57238920941,0.0559999942779541,0.8159999847412109
9,4,9,local_search,dr_pwldr,86000.69028640921,85999.07217189381,0.0559999942779541,0.8159999847412109
9,4,9,local_search,reopt_pwldr,85144.65432530707,85144.65432530707,0.0559999942779541,0.8159999847412109
9,4,10,black_box,obj_pwldr,86031.11331892278,86029.575106097,0.053999900817871094,6.134999990463257
9,4,10,black_box,dr_pwldr,86000.63882833761,85999.07623646795,0.053999900817871094,6.134999990463257
9,4,10,black_box,reopt_pwldr,85144.65432530707,85144.6543253071,0.053999900817871094,6.134999990463257
9,4,10,local_search,obj_pwldr,86031.11331892278,86029.57510609699,0.053999900817871094,1.4649999141693115
9,4,10,local_search,dr_pwldr,86000.63882833761,85999.07623646795,0.053999900817871094,1.4649999141693115
9,4,10,local_search,reopt_pwldr,85144.65432530707,85144.6543253071,0.053999900817871094,1.4649999141693115
10,1,1,black_box,obj_pwldr,74708.62205970533,74572.39334487813,0.023000001907348633,1.249000072479248
10,1,1,black_box,dr_pwldr,74700.61209909973,74563.19738870257,0.023000001907348633,1.249000072479248
10,1,1,black_box,reopt_pwldr,73051.97057324719,73051.97057324719,0.023000001907348633,1.249000072479248
10,1,1,local_search,obj_pwldr,74708.62205970533,74572.39334487813,0.023000001907348633,0.06399989128112793
10,1,1,local_search,dr_pwldr,74700.61209909973,74563.19738870257,0.023000001907348633,0.06399989128112793
10,1,1,local_search,reopt_pwldr,73051.97057324719,73051.97057324719,0.023000001907348633,0.06399989128112793
10,1,2,black_box,obj_pwldr,74578.3112018147,74572.45040190397,0.029000043869018555,2.427000045776367
10,1,2,black_box,dr_pwldr,74569.33591262257,74563.24729607049,0.029000043869018555,2.427000045776367
10,1,2,black_box,reopt_pwldr,73051.97057324719,73051.97057324719,0.029000043869018555,2.427000045776367
10,1,2,local_search,obj_pwldr,74578.3112018147,74572.45040190397,0.029000043869018555,0.07699990272521973
10,1,2,local_search,dr_pwldr,74569.33591262257,74563.24729607049,0.029000043869018555,0.07699990272521973
10,1,2,local_search,reopt_pwldr,73051.97057324719,73051.97057324719,0.029000043869018555,0.07699990272521973
10,1,3,black_box,obj_pwldr,74616.35823224332,74572.73414065284,0.031000137329101562,2.177999973297119
10,1,3,black_box,dr_pwldr,74606.8722601143,74563.5490460297,0.031000137329101562,2.177999973297119
10,1,3,black_box,reopt_pwldr,73051.97057324719,73051.97057324719,0.031000137329101562,2.177999973297119
10,1,3,local_search,obj_pwldr,74616.35823224332,74572.73414065283,0.031000137329101562,0.12600016593933105
10,1,3,local_search,dr_pwldr,74606.8722601143,74563.54904602966,0.031000137329101562,0.12600016593933105
10,1,3,local_search,reopt_pwldr,73051.97057324719,73051.97057324716,0.031000137329101562,0.12600016593933105
10,1,4,black_box,obj_pwldr,74598.56296649146,74572.56990889805,0.0410001277923584,2.881999969482422
10,1,4,black_box,dr_pwldr,74589.45880680004,74563.36687893594,0.0410001277923584,2.881999969482422
10,1,4,black_box,reopt_pwldr,73051.97057324718,73051.97057324709,0.0410001277923584,2.881999969482422
10,1,4,local_search,obj_pwldr,74598.56296649146,74572.56990889813,0.0410001277923584,0.15400004386901855
10,1,4,local_search,dr_pwldr,74589.45880680004,74563.36687893604,0.0410001277923584,0.15400004386901855
10,1,4,local_search,reopt_pwldr,73051.97057324718,73051.97057324719,0.0410001277923584,0.15400004386901855
10,1,5,black_box,obj_pwldr,74576.28960611255,74572.60303712748,0.04399991035461426,3.246000051498413
10,1,5,black_box,dr_pwldr,74567.26165412576,74563.40228270933,0.04399991035461426,3.246000051498413
10,1,5,black_box,reopt_pwldr,73051.97057324719,73051.97057324718,0.04399991035461426,3.246000051498413
10,1,5,local_search,obj_pwldr,74576.28960611255,74572.60303712748,0.04399991035461426,0.23099994659423828
10,1,5,local_search,dr_pwldr,74567.26165412576,74563.40228270933,0.04399991035461426,0.23099994659423828
10,1,5,local_search,reopt_pwldr,73051.97057324719,73051.97057324718,0.04399991035461426,0.23099994659423828
10,1,6,black_box,obj_pwldr,74585.17212149934,74572.49046516718,0.042999982833862305,3.639000177383423
10,1,6,black_box,dr_pwldr,74575.47049601443,74563.28358131995,0.042999982833862305,3.639000177383423
10,1,6,black_box,reopt_pwldr,73051.97057324719,73051.97057324719,0.042999982833862305,3.639000177383423
10,1,6,local_search,obj_pwldr,74585.17212149934,74572.49046516718,0.042999982833862305,0.3190000057220459
10,1,6,local_search,dr_pwldr,74575.47049601443,74563.28358131995,0.042999982833862305,0.3190000057220459
10,1,6,local_search,reopt_pwldr,73051.97057324719,73051.97057324719,0.042999982833862305,0.3190000057220459
10,1,7,black_box,obj_pwldr,74583.3124472659,74572.61709494497,0.04799985885620117,4.259999990463257
10,1,7,black_box,dr_pwldr,74573.91394680676,74563.4385568086,0.04799985885620117,4.259999990463257
10,1,7,black_box,reopt_pwldr,73051.97057324719,73051.97057324719,0.04799985885620117,4.259999990463257
10,1,7,local_search,obj_pwldr,74583.3124472659,74572.50368328347,0.04799985885620117,0.875999927520752
10,1,7,local_search,dr_pwldr,74573.91394680676,74563.3019602466,0.04799985885620117,0.875999927520752
10,1,7,local_search,reopt_pwldr,73051.97057324719,73051.97057324719,0.04799985885620117,0.875999927520752
10,1,8,black_box,obj_pwldr,74575.16222834258,74572.34512600998,0.05299997329711914,4.834000110626221
10,1,8,black_box,dr_pwldr,74566.06933465198,74563.1469354238,0.05299997329711914,4.834000110626221
10,1,8,black_box,reopt_pwldr,73051.97057324719,73051.97057324719,0.05299997329711914,4.834000110626221
10,1,8,local_search,obj_pwldr,74575.16222834258,74572.34512600998,0.05299997329711914,0.4660000801086426
10,1,8,local_search,dr_pwldr,74566.06933465198,74563.1469354238,0.05299997329711914,0.4660000801086426
10,1,8,local_search,reopt_pwldr,73051.97057324719,73051.97057324719,0.05299997329711914,0.4660000801086426
10,1,9,black_box,obj_pwldr,74577.94208082648,74572.37277596844,0.046000003814697266,5.501999855041504
10,1,9,black_box,dr_pwldr,74568.53066233717,74563.17301276905,0.046000003814697266,5.501999855041504
10,1,9,black_box,reopt_pwldr,73051.97057324719,73051.97057324719,0.046000003814697266,5.501999855041504
10,1,9,local_search,obj_pwldr,74577.94208082648,74572.37277596844,0.046000003814697266,0.6349999904632568
10,1,9,local_search,dr_pwldr,74568.53066233717,74563.17301276905,0.046000003814697266,0.6349999904632568
10,1,9,local_search,reopt_pwldr,73051.97057324719,73051.97057324719,0.046000003814697266,0.6349999904632568
10,1,10,black_box,obj_pwldr,74578.3545690396,74572.46731919942,0.05800008773803711,6.16700005531311
10,1,10,black_box,dr_pwldr,74568.7413545631,74563.27181466542,0.05800008773803711,6.16700005531311
10,1,10,black_box,reopt_pwldr,73051.97057324718,73051.97057324719,0.05800008773803711,6.16700005531311
10,1,10,local_search,obj_pwldr,74578.3545690396,74572.46731919942,0.05800008773803711,0.75
10,1,10,local_search,dr_pwldr,74568.7413545631,74563.27181466542,0.05800008773803711,0.75
10,1,10,local_search,reopt_pwldr,73051.97057324718,73051.97057324719,0.05800008773803711,0.75
10,2,1,black_box,obj_pwldr,74825.73830144486,74705.75087134185,0.021000146865844727,1.2839999198913574
10,2,1,black_box,dr_pwldr,74831.63171223042,74709.60658344209,0.021000146865844727,1.2839999198913574
10,2,1,black_box,reopt_pwldr,73051.97057324719,73051.97057324719,0.021000146865844727,1.2839999198913574
10,2,1,local_search,obj_pwldr,74825.73830144486,74700.0439247296,0.021000146865844727,0.09800004959106445
10,2,1,local_search,dr_pwldr,74831.63171223042,74702.7072524413,0.021000146865844727,0.09800004959106445
10,2,1,local_search,reopt_pwldr,73051.97057324719,73051.97057324719,0.021000146865844727,0.09800004959106445
10,2,2,black_box,obj_pwldr,74703.9872029815,74696.73224426963,0.026000022888183594,1.6710000038146973
10,2,2,black_box,dr_pwldr,74707.66779732944,74699.60139904683,0.026000022888183594,1.6710000038146973
10,2,2,black_box,reopt_pwldr,73051.97057324719,73051.97057324719,0.026000022888183594,1.6710000038146973
10,2,2,local_search,obj_pwldr,74703.9872029815,74696.73224426963,0.026000022888183594,0.0840001106262207
10,2,2,local_search,dr_pwldr,74707.66779732944,74699.60139904683,0.026000022888183594,0.0840001106262207
10,2,2,local_search,reopt_pwldr,73051.97057324719,73051.97057324719,0.026000022888183594,0.0840001106262207
10,2,3,black_box,obj_pwldr,74727.44844672343,74696.33896459496,0.04900002479553223,2.1589999198913574
10,2,3,black_box,dr_pwldr,74729.77179563523,74699.2433848275,0.04900002479553223,2.1589999198913574
10,2,3,black_box,reopt_pwldr,73051.97057324719,73051.9705732473,0.04900002479553223,2.1589999198913574
10,2,3,local_search,obj_pwldr,74727.44844672343,74696.3389645949,0.04900002479553223,0.20099997520446777
10,2,3,local_search,dr_pwldr,74729.77179563523,74699.24338482747,0.04900002479553223,0.20099997520446777
10,2,3,local_search,reopt_pwldr,73051.97057324719,73051.97057324719,0.04900002479553223,0.20099997520446777
10,2,4,black_box,obj_pwldr,74718.64713407298,74696.4249358866,0.04700016975402832,2.5439999103546143
10,2,4,black_box,dr_pwldr,74723.06395333639,74699.35804143966,0.04700016975402832,2.5439999103546143
10,2,4,black_box,reopt_pwldr,73051.97057324719,73051.97057324719,0.04700016975402832,2.5439999103546143
10,2,4,local_search,obj_pwldr,74718.64713407298,74696.4249358866,0.04700016975402832,0.1699998378753662
10,2,4,local_search,dr_pwldr,74723.06395333639,74699.35804143966,0.04700016975402832,0.1699998378753662
10,2,4,local_search,reopt_pwldr,73051.97057324719,73051.97057324719,0.04700016975402832,0.1699998378753662
10,2,5,black_box,obj_pwldr,74700.22175523656,74696.33161346329,0.04800009727478027,3.1090002059936523
10,2,5,black_box,dr_pwldr,74703.6587344296,74699.24221768824,0.04800009727478027,3.1090002059936523
10,2,5,black_box,reopt_pwldr,73051.97057324718,73051.97057324719,0.04800009727478027,3.1090002059936523
10,2,5,local_search,obj_pwldr,74700.22175523656,74696.28570136351,0.04800009727478027,0.3080000877380371
10,2,5,local_search,dr_pwldr,74703.6587344296,74699.19737745919,0.04800009727478027,0.3080000877380371
10,2,5,local_search,reopt_pwldr,73051.97057324718,73051.97057324719,0.04800009727478027,0.3080000877380371
10,2,6,black_box,obj_pwldr,74705.64554878342,74696.46816863828,0.039999961853027344,3.677000045776367
10,2,6,black_box,dr_pwldr,74708.46691591873,74699.37495303758,0.039999961853027344,3.677000045776367
10,2,6,black_box,reopt_pwldr,73051.97057324719,73051.97057324718,0.039999961853027344,3.677000045776367
10,2,6,local_search,obj_pwldr,74705.64554878342,74696.26481639862,0.039999961853027344,0.3789999485015869
10,2,6,local_search,dr_pwldr,74708.46691591873,74699.17629867114,0.039999961853027344,0.3789999485015869
10,2,6,local_search,reopt_pwldr,73051.97057324719,73051.97057324718,0.039999961853027344,0.3789999485015869
10,2,7,black_box,obj_pwldr,74705.30192420221,74696.29916588076,0.04400014877319336,4.443999767303467
10,2,7,black_box,dr_pwldr,74709.08510858704,74699.21414818676,0.04400014877319336,4.443999767303467
10,2,7,black_box,reopt_pwldr,73051.97057324719,73051.97057324719,0.04400014877319336,4.443999767303467
10,2,7,local_search,obj_pwldr,74705.30192420221,74696.29916588076,0.04400014877319336,0.39999985694885254
10,2,7,local_search,dr_pwldr,74709.08510858704,74699.21414818676,0.04400014877319336,0.39999985694885254
10,2,7,local_search,reopt_pwldr,73051.97057324719,73051.97057324719,0.04400014877319336,0.39999985694885254
10,2,8,black_box,obj_pwldr,74698.84681857702,74696.30604154748,0.04900002479553223,5.0249998569488525
10,2,8,black_box,dr_pwldr,74702.1456813714,74699.22487594423,0.04900002479553223,5.0249998569488525
10,2,8,black_box,reopt_pwldr,73051.97057324719,73051.97057324719,0.04900002479553223,5.0249998569488525
10,2,8,local_search,obj_pwldr,74698.84681857702,74696.30604154748,0.04900002479553223,0.5120000839233398
10,2,8,local_search,dr_pwldr,74702.1456813714,74699.22487594423,0.04900002479553223,0.5120000839233398
10,2,8,local_search,reopt_pwldr,73051.97057324719,73051.97057324719,0.04900002479553223,0.5120000839233398
10,2,9,black_box,obj_pwldr,74700.42055722859,74696.29105296932,0.04900002479553223,5.647000074386597
10,2,9,black_box,dr_pwldr,74703.24460880079,74699.20366392328,0.04900002479553223,5.647000074386597
10,2,9,black_box,reopt_pwldr,73051.97057324719,73051.97057324719,0.04900002479553223,5.647000074386597
10,2,9,local_search,obj_pwldr,74700.42055722859,74696.2910529693,0.04900002479553223,1.2829999923706055
10,2,9,local_search,dr_pwldr,74703.24460880079,74699.20366392328,0.04900002479553223,1.2829999923706055
10,2,9,local_search,reopt_pwldr,73051.97057324719,73051.97057324719,0.04900002479553223,1.2829999923706055
10,2,10,black_box,obj_pwldr,74701.1327692196,74696.25135647944,0.06299996376037598,6.206000089645386
10,2,10,black_box,dr_pwldr,74704.52922616257,74699.1606473883,0.06299996376037598,6.206000089645386
10,2,10,black_box,reopt_pwldr,73051.97057324719,73051.97057324719,0.06299996376037598,6.206000089645386
10,2,10,local_search,obj_pwldr,74701.1327692196,74696.25135647944,0.06299996376037598,0.687999963760376
10,2,10,local_search,dr_pwldr,74704.52922616257,74699.1606473883,0.06299996376037598,0.687999963760376
10,2,10,local_search,reopt_pwldr,73051.97057324719,73051.97057324719,0.06299996376037598,0.687999963760376
10,3,1,black_box,obj_pwldr,74851.98505955035,74686.83684785511,0.021999835968017578,2.077000141143799
10,3,1,black_box,dr_pwldr,74844.02442962816,74676.8992575537,0.021999835968017578,2.077000141143799
10,3,1,black_box,reopt_pwldr,73051.97057324719,73051.97057324719,0.021999835968017578,2.077000141143799
10,3,1,local_search,obj_pwldr,74851.98505955035,74686.83684785511,0.021999835968017578,0.07000017166137695
10,3,1,local_search,dr_pwldr,74844.02442962816,74676.8992575537,0.021999835968017578,0.07000017166137695
10,3,1,local_search,reopt_pwldr,73051.97057324719,73051.97057324719,0.021999835968017578,0.07000017166137695
10,3,2,black_box,obj_pwldr,74698.8084768028,74686.8777761266,0.039999961853027344,4.019999980926514
10,3,2,black_box,dr_pwldr,74688.99855793352,74676.90051653712,0.039999961853027344,4.019999980926514
10,3,2,black_box,reopt_pwldr,73051.97057324719,73051.97057324718,0.039999961853027344,4.019999980926514
10,3,2,local_search,obj_pwldr,74698.8084768028,74686.64790623295,0.039999961853027344,0.3039999008178711
10,3,2,local_search,dr_pwldr,74688.99855793352,74676.70854563189,0.039999961853027344,0.3039999008178711
10,3,2,local_search,reopt_pwldr,73051.97057324719,73051.97057324718,0.039999961853027344,0.3039999008178711
10,3,3,black_box,obj_pwldr,74718.90420795392,74686.7406496957,0.0559999942779541,7.019999980926514
10,3,3,black_box,dr_pwldr,74710.4064721576,74676.80246829701,0.0559999942779541,7.019999980926514
10,3,3,black_box,reopt_pwldr,73051.97057324719,73051.97057324718,0.0559999942779541,7.019999980926514
10,3,3,local_search,obj_pwldr,74718.90420795392,74686.74064969571,0.0559999942779541,0.372999906539917
10,3,3,local_search,dr_pwldr,74710.4064721576,74676.80246829701,0.0559999942779541,0.372999906539917
10,3,3,local_search,reopt_pwldr,73051.97057324719,73051.97057324718,0.0559999942779541,0.372999906539917
10,3,4,black_box,obj_pwldr,74719.89463905334,74687.07109984563,0.0710000991821289,9.917999982833862
10,3,4,black_box,dr_pwldr,74711.49305640388,74677.13532724879,0.0710000991821289,9.917999982833862
10,3,4,black_box,reopt_pwldr,73051.97057324719,73051.97057324719,0.0710000991821289,9.917999982833862
10,3,4,local_search,obj_pwldr,74719.89463905334,74687.07109984562,0.0710000991821289,1.3220000267028809
10,3,4,local_search,dr_pwldr,74711.49305640388,74677.13532724879,0.0710000991821289,1.3220000267028809
10,3,4,local_search,reopt_pwldr,73051.97057324719,73051.97057324718,0.0710000991821289,1.3220000267028809
10,3,5,black_box,obj_pwldr,74693.51942274446,74686.86571647055,0.09200000762939453,13.092000007629395
10,3,5,black_box,dr_pwldr,74683.82626939462,74676.9283093463,0.09200000762939453,13.092000007629395
10,3,5,black_box,reopt_pwldr,73051.97057324719,73051.97057324719,0.09200000762939453,13.092000007629395
10,3,5,local_search,obj_pwldr,74693.51942274446,74686.86571647055,0.09200000762939453,1.0130000114440918
10,3,5,local_search,dr_pwldr,74683.82626939462,74676.9283093463,0.09200000762939453,1.0130000114440918
10,3,5,local_search,reopt_pwldr,73051.97057324719,73051.97057324719,0.09200000762939453,1.0130000114440918
10,3,6,black_box,obj_pwldr,74697.38463111926,74686.67268416514,0.10599994659423828,17.092000007629395
10,3,6,black_box,dr_pwldr,74687.93736641994,74676.72777862927,0.10599994659423828,17.092000007629395
10,3,6,black_box,reopt_pwldr,73051.97057324719,73051.97057324719,0.10599994659423828,17.092000007629395
10,3,6,local_search,obj_pwldr,74697.38463111926,74686.67268416514,0.10599994659423828,1.3949999809265137
10,3,6,local_search,dr_pwldr,74687.93736641994,74676.72777862927,0.10599994659423828,1.3949999809265137
10,3,6,local_search,reopt_pwldr,73051.97057324719,73051.97057324719,0.10599994659423828,1.3949999809265137
10,3,7,black_box,obj_pwldr,74699.81647214845,74686.72540191216,0.1510000228881836,20.09599995613098
10,3,7,black_box,dr_pwldr,74690.66303651068,74676.78802342048,0.1510000228881836,20.09599995613098
10,3,7,black_box,reopt_pwldr,73051.97057324718,73051.9705732472,0.1510000228881836,20.09599995613098
10,3,7,local_search,obj_pwldr,74699.81647214845,74686.72540191216,0.1510000228881836,1.809000015258789
10,3,7,local_search,dr_pwldr,74690.66303651068,74676.78802342046,0.1510000228881836,1.809000015258789
10,3,7,local_search,reopt_pwldr,73051.97057324718,73051.97057324719,0.1510000228881836,1.809000015258789
10,3,8,black_box,obj_pwldr,74690.97602776534,74686.6569748259,0.14899992942810059,23.255000114440918
10,3,8,black_box,dr_pwldr,74681.31744317996,74676.71804208377,0.14899992942810059,23.255000114440918
10,3,8,black_box,reopt_pwldr,73051.97057324719,73051.97057324719,0.14899992942810059,23.255000114440918
10,3,8,local_search,obj_pwldr,74690.97602776534,74686.6569748259,0.14899992942810059,5.5340001583099365
10,3,8,local_search,dr_pwldr,74681.31744317996,74676.71804208377,0.14899992942810059,5.5340001583099365
10,3,8,local_search,reopt_pwldr,73051.97057324719,73051.97057324719,0.14899992942810059,5.5340001583099365
10,3,9,black_box,obj_pwldr,74691.63331270352,74686.64658676978,0.16200017929077148,27.08400011062622
10,3,9,black_box,dr_pwldr,74681.75852907018,74676.70718207506,0.16200017929077148,27.08400011062622
10,3,9,black_box,reopt_pwldr,73051.97057324719,73051.97057324719,0.16200017929077148,27.08400011062622
10,3,9,local_search,obj_pwldr,74691.63331270352,74686.64658676978,0.16200017929077148,3.2839999198913574
10,3,9,local_search,dr_pwldr,74681.75852907018,74676.70718207506,0.16200017929077148,3.2839999198913574
10,3,9,local_search,reopt_pwldr,73051.97057324719,73051.97057324719,0.16200017929077148,3.2839999198913574
10,3,10,black_box,obj_pwldr,74693.61952001396,74686.70763894018,0.17799997329711914,30.40499997138977
10,3,10,black_box,dr_pwldr,74683.95933816246,74676.76993026696,0.17799997329711914,30.40499997138977
10,3,10,black_box,reopt_pwldr,73051.97057324718,73051.97057324719,0.17799997329711914,30.40499997138977
10,3,10,local_search,obj_pwldr,74693.61952001396,74686.70763894018,0.17799997329711914,3.9079999923706055
10,3,10,local_search,dr_pwldr,74683.95933816246,74676.76993026696,0.17799997329711914,3.9079999923706055
10,3,10,local_search,reopt_pwldr,73051.97057324718,73051.97057324719,0.17799997329711914,3.9079999923706055
10,4,1,black_box,obj_pwldr,74853.8936861695,74729.68395478478,0.03299999237060547,1.2569999694824219
10,4,1,black_box,dr_pwldr,74846.5446618033,74712.93307015966,0.03299999237060547,1.2569999694824219
10,4,1,black_box,reopt_pwldr,73051.97057324718,73051.97057324716,0.03299999237060547,1.2569999694824219
10,4,1,local_search,obj_pwldr,74853.8936861695,74729.6839547848,0.03299999237060547,0.05099987983703613
10,4,1,local_search,dr_pwldr,74846.5446618033,74712.93307015968,0.03299999237060547,0.05099987983703613
10,4,1,local_search,reopt_pwldr,73051.97057324718,73051.97057324718,0.03299999237060547,0.05099987983703613
10,4,2,black_box,obj_pwldr,74736.98225742433,74730.0588403133,0.02500009536743164,1.7190001010894775
10,4,2,black_box,dr_pwldr,74720.96999787635,74713.36768009761,0.02500009536743164,1.7190001010894775
10,4,2,black_box,reopt_pwldr,73051.97057324719,73051.97057324719,0.02500009536743164,1.7190001010894775
10,4,2,local_search,obj_pwldr,74736.98225742433,74729.67360005912,0.02500009536743164,0.14300012588500977
10,4,2,local_search,dr_pwldr,74720.96999787635,74712.94959962682,0.02500009536743164,0.14300012588500977
10,4,2,local_search,reopt_pwldr,73051.97057324719,73051.97057324719,0.02500009536743164,0.14300012588500977
10,4,3,black_box,obj_pwldr,74757.11047972759,74729.21212964162,0.029000043869018555,2.0820000171661377
10,4,3,black_box,dr_pwldr,74742.29768163328,74712.46846452728,0.029000043869018555,2.0820000171661377
10,4,3,black_box,reopt_pwldr,73051.97057324719,73051.97057324719,0.029000043869018555,2.0820000171661377
10,4,3,local_search,obj_pwldr,74757.11047972759,74729.21212964162,0.029000043869018555,0.12199997901916504
10,4,3,local_search,dr_pwldr,74742.29768163328,74712.46846452728,0.029000043869018555,0.12199997901916504
10,4,3,local_search,reopt_pwldr,73051.97057324719,73051.97057324719,0.029000043869018555,0.12199997901916504
10,4,4,black_box,obj_pwldr,74749.86431969839,74729.16665504636,0.031999826431274414,2.365999937057495
10,4,4,black_box,dr_pwldr,74735.61134505435,74712.41850516426,0.031999826431274414,2.365999937057495
10,4,4,black_box,reopt_pwldr,73051.97057324718,73051.97057324718,0.031999826431274414,2.365999937057495
10,4,4,local_search,obj_pwldr,74749.86431969839,74729.16665504636,0.031999826431274414,0.17199993133544922
10,4,4,local_search,dr_pwldr,74735.61134505435,74712.41850516426,0.031999826431274414,0.17199993133544922
10,4,4,local_search,reopt_pwldr,73051.97057324718,73051.97057324718,0.031999826431274414,0.17199993133544922
10,4,5,black_box,obj_pwldr,74732.93797525408,74729.18436516168,0.0410001277923584,2.883000135421753
10,4,5,black_box,dr_pwldr,74716.74644810193,74712.43854086012,0.0410001277923584,2.883000135421753
10,4,5,black_box,reopt_pwldr,73051.97057324718,73051.9705732472,0.0410001277923584,2.883000135421753
10,4,5,local_search,obj_pwldr,74732.93797525408,74729.18436516165,0.0410001277923584,0.4140000343322754
10,4,5,local_search,dr_pwldr,74716.74644810193,74712.4385408601,0.0410001277923584,0.4140000343322754
10,4,5,local_search,reopt_pwldr,73051.97057324718,73051.97057324718,0.0410001277923584,0.4140000343322754
10,4,6,black_box,obj_pwldr,74737.61211947729,74729.25399935347,0.04500007629394531,3.3359999656677246
10,4,6,black_box,dr_pwldr,74721.36853064173,74712.49634770126,0.04500007629394531,3.3359999656677246
10,4,6,black_box,reopt_pwldr,73051.97057324719,73051.97057324719,0.04500007629394531,3.3359999656677246
10,4,6,local_search,obj_pwldr,74737.61211947729,74729.25399935347,0.04500007629394531,0.2839999198913574
10,4,6,local_search,dr_pwldr,74721.36853064173,74712.49634770126,0.04500007629394531,0.2839999198913574
10,4,6,local_search,reopt_pwldr,73051.97057324719,73051.97057324719,0.04500007629394531,0.2839999198913574
10,4,7,black_box,obj_pwldr,74737.46449555863,74729.17640465785,0.042999982833862305,3.756999969482422
10,4,7,black_box,dr_pwldr,74721.73485089555,74712.42972478448,0.042999982833862305,3.756999969482422
10,4,7,black_box,reopt_pwldr,73051.97057324719,73051.97057324718,0.042999982833862305,3.756999969482422
10,4,7,local_search,obj_pwldr,74737.46449555863,74729.17640465785,0.042999982833862305,0.3320000171661377
10,4,7,local_search,dr_pwldr,74721.73485089555,74712.42972478448,0.042999982833862305,0.3320000171661377
10,4,7,local_search,reopt_pwldr,73051.97057324719,73051.97057324718,0.042999982833862305,0.3320000171661377
10,4,8,black_box,obj_pwldr,74731.58988119736,74729.1905091143,0.04200005531311035,4.2870001792907715
10,4,8,black_box,dr_pwldr,74715.17988557542,74712.44367579413,0.04200005531311035,4.2870001792907715
10,4,8,black_box,reopt_pwldr,73051.97057324718,73051.97057324719,0.04200005531311035,4.2870001792907715
10,4,8,local_search,obj_pwldr,74731.58988119736,74729.1905091143,0.04200005531311035,0.939000129699707
10,4,8,local_search,dr_pwldr,74715.17988557542,74712.44367579413,0.04200005531311035,0.939000129699707
10,4,8,local_search,reopt_pwldr,73051.97057324718,73051.97057324719,0.04200005531311035,0.939000129699707
10,4,9,black_box,obj_pwldr,74732.92306508642,74729.1813480248,0.04499983787536621,4.89300012588501
10,4,9,black_box,dr_pwldr,74716.4274587423,74712.43606086905,0.04499983787536621,4.89300012588501
10,4,9,black_box,reopt_pwldr,73051.97057324719,73051.97057324719,0.04499983787536621,4.89300012588501
10,4,9,local_search,obj_pwldr,74732.92306508642,74729.1813480248,0.04499983787536621,0.5460000038146973
10,4,9,local_search,dr_pwldr,74716.4274587423,74712.43606086905,0.04499983787536621,0.5460000038146973
10,4,9,local_search,reopt_pwldr,73051.97057324719,73051.97057324719,0.04499983787536621,0.5460000038146973
10,4,10,black_box,obj_pwldr,74733.62755301285,74729.17712608325,0.04900002479553223,5.674000024795532
10,4,10,black_box,dr_pwldr,74717.31917567566,74712.43072368084,0.04900002479553223,5.674000024795532
10,4,10,black_box,reopt_pwldr,73051.97057324719,73051.97057324719,0.04900002479553223,5.674000024795532
10,4,10,local_search,obj_pwldr,74733.62755301285,74729.17712608325,0.04900002479553223,0.6710000038146973
10,4,10,local_search,dr_pwldr,74717.31917567566,74712.43072368084,0.04900002479553223,0.6710000038146973
10,4,10,local_search,reopt_pwldr,73051.97057324719,73051.97057324719,0.04900002479553223,0.6710000038146973
11,1,1,black_box,obj_pwldr,66546.87056934305,66437.08640184134,0.03299999237060547,1.305999994277954
11,1,1,black_box,dr_pwldr,66634.44024736846,66522.94869412843,0.03299999237060547,1.305999994277954
11,1,1,black_box,reopt_pwldr,65445.014704188936,65445.014704188936,0.03299999237060547,1.305999994277954
11,1,1,local_search,obj_pwldr,66546.87056934305,66436.5751995792,0.03299999237060547,0.11599993705749512
11,1,1,local_search,dr_pwldr,66634.44024736846,66522.49815007,0.03299999237060547,0.11599993705749512
11,1,1,local_search,reopt_pwldr,65445.014704188936,65445.014704188936,0.03299999237060547,0.11599993705749512
11,1,2,black_box,obj_pwldr,66473.13790802869,66436.73360649847,0.02499985694885254,1.684999942779541
11,1,2,black_box,dr_pwldr,66558.48949460301,66522.6609925779,0.02499985694885254,1.684999942779541
11,1,2,black_box,reopt_pwldr,65445.014704188936,65445.014704188936,0.02499985694885254,1.684999942779541
11,1,2,local_search,obj_pwldr,66473.13790802869,66436.73360649847,0.02499985694885254,0.09200000762939453
11,1,2,local_search,dr_pwldr,66558.48949460301,66522.6609925779,0.02499985694885254,0.09200000762939453
11,1,2,local_search,reopt_pwldr,65445.014704188936,65445.014704188936,0.02499985694885254,0.09200000762939453
11,1,3,black_box,obj_pwldr,66452.27757063163,66436.59342289368,0.032000064849853516,2.132999897003174
11,1,3,black_box,dr_pwldr,66536.83261040342,66522.50503423896,0.032000064849853516,2.132999897003174
11,1,3,black_box,reopt_pwldr,65445.014704188936,65445.014704188936,0.032000064849853516,2.132999897003174
11,1,3,local_search,obj_pwldr,66452.27757063163,66436.59342289368,0.032000064849853516,0.14700007438659668
11,1,3,local_search,dr_pwldr,66536.83261040342,66522.50503423896,0.032000064849853516,0.14700007438659668
11,1,3,local_search,reopt_pwldr,65445.014704188936,65445.014704188936,0.032000064849853516,0.14700007438659668
11,1,4,black_box,obj_pwldr,66444.0953467143,66436.63023595884,0.03500008583068848,2.5809998512268066
11,1,4,black_box,dr_pwldr,66529.33645774896,66522.5481918688,0.03500008583068848,2.5809998512268066
11,1,4,black_box,reopt_pwldr,65445.014704188936,65445.014704188936,0.03500008583068848,2.5809998512268066
11,1,4,local_search,obj_pwldr,66444.0953467143,66436.60302212082,0.03500008583068848,0.3970000743865967
11,1,4,local_search,dr_pwldr,66529.33645774896,66522.52394867534,0.03500008583068848,0.3970000743865967
11,1,4,local_search,reopt_pwldr,65445.014704188936,65445.014704188936,0.03500008583068848,0.3970000743865967
11,1,5,black_box,obj_pwldr,66440.0713393471,66436.55786948928,0.03699994087219238,3.059000015258789
11,1,5,black_box,dr_pwldr,66525.53278650634,66522.48258006861,0.03699994087219238,3.059000015258789
11,1,5,black_box,reopt_pwldr,65445.014704188936,65445.014704188936,0.03699994087219238,3.059000015258789
11,1,5,local_search,obj_pwldr,66440.0713393471,66436.55786948928,0.03699994087219238,0.24000000953674316
11,1,5,local_search,dr_pwldr,66525.53278650634,66522.48258006861,0.03699994087219238,0.24000000953674316
11,1,5,local_search,reopt_pwldr,65445.014704188936,65445.014704188936,0.03699994087219238,0.24000000953674316
11,1,6,black_box,obj_pwldr,66437.77411903949,66436.63726530742,0.04799985885620117,3.622999906539917
11,1,6,black_box,dr_pwldr,66523.47543078284,66522.55323475944,0.04799985885620117,3.622999906539917
11,1,6,black_box,reopt_pwldr,65445.014704188936,65445.014704188936,0.04799985885620117,3.622999906539917
11,1,6,local_search,obj_pwldr,66437.77411903949,66436.63726530742,0.04799985885620117,0.31800007820129395
11,1,6,local_search,dr_pwldr,66523.47543078284,66522.55323475944,0.04799985885620117,0.31800007820129395
11,1,6,local_search,reopt_pwldr,65445.014704188936,65445.014704188936,0.04799985885620117,0.31800007820129395
11,1,7,black_box,obj_pwldr,66437.04683005034,66436.56029876877,0.04200005531311035,4.544000148773193
11,1,7,black_box,dr_pwldr,66522.9320550259,66522.48476766353,0.04200005531311035,4.544000148773193
11,1,7,black_box,reopt_pwldr,65445.014704188936,65445.014704188936,0.04200005531311035,4.544000148773193
11,1,7,local_search,obj_pwldr,66437.04683005034,66436.56029876877,0.04200005531311035,0.4290001392364502
11,1,7,local_search,dr_pwldr,66522.9320550259,66522.48476766353,0.04200005531311035,0.4290001392364502
11,1,7,local_search,reopt_pwldr,65445.014704188936,65445.014704188936,0.04200005531311035,0.4290001392364502
11,1,8,black_box,obj_pwldr,66438.49830565487,66436.55076642141,0.04799985885620117,5.74399995803833
11,1,8,black_box,dr_pwldr,66524.21668928005,66522.47624486209,0.04799985885620117,5.74399995803833
11,1,8,black_box,reopt_pwldr,65445.014704188936,65445.014704188936,0.04799985885620117,5.74399995803833
11,1,8,local_search,obj_pwldr,66438.49830565487,66436.55076642141,0.04799985885620117,0.5060000419616699
11,1,8,local_search,dr_pwldr,66524.21668928005,66522.47624486209,0.04799985885620117,0.5060000419616699
11,1,8,local_search,reopt_pwldr,65445.014704188936,65445.014704188936,0.04799985885620117,0.5060000419616699
11,1,9,black_box,obj_pwldr,66438.75661766021,66436.54802798697,0.054000139236450195,5.638000011444092
11,1,9,black_box,dr_pwldr,66524.41059145576,66522.47370079263,0.054000139236450195,5.638000011444092
11,1,9,black_box,reopt_pwldr,65445.014704188936,65445.014704188936,0.054000139236450195,5.638000011444092
11,1,9,local_search,obj_pwldr,66438.75661766021,66436.54802798697,0.054000139236450195,0.6329998970031738
11,1,9,local_search,dr_pwldr,66524.41059145576,66522.47370079263,0.054000139236450195,0.6329998970031738
11,1,9,local_search,reopt_pwldr,65445.014704188936,65445.014704188936,0.054000139236450195,0.6329998970031738
11,1,10,black_box,obj_pwldr,66438.53632955962,66436.54986839683,0.05500006675720215,6.125999927520752
11,1,10,black_box,dr_pwldr,66524.15107506292,66522.47322313781,0.05500006675720215,6.125999927520752
11,1,10,black_box,reopt_pwldr,65445.014704188936,65445.014704188936,0.05500006675720215,6.125999927520752
11,1,10,local_search,obj_pwldr,66438.53632955962,66436.54986839683,0.05500006675720215,0.7339999675750732
11,1,10,local_search,dr_pwldr,66524.15107506292,66522.47322313781,0.05500006675720215,0.7339999675750732
11,1,10,local_search,reopt_pwldr,65445.014704188936,65445.014704188936,0.05500006675720215,0.7339999675750732
11,2,1,black_box,obj_pwldr,66629.06835244458,66481.72350153414,0.021000146865844727,1.2230000495910645
11,2,1,black_box,dr_pwldr,66714.37733915423,66569.08874962523,0.021000146865844727,1.2230000495910645
11,2,1,black_box,reopt_pwldr,65445.014704188936,65445.014704188936,0.021000146865844727,1.2230000495910645
11,2,1,local_search,obj_pwldr,66629.06835244458,66481.72350153414,0.021000146865844727,0.06699991226196289
11,2,1,local_search,dr_pwldr,66714.37733915423,66569.08874962523,0.021000146865844727,0.06699991226196289
11,2,1,local_search,reopt_pwldr,65445.014704188936,65445.014704188936,0.021000146865844727,0.06699991226196289
11,2,2,black_box,obj_pwldr,66562.91737378492,66482.99840077093,0.021999835968017578,1.4679999351501465
11,2,2,black_box,dr_pwldr,66647.55654831554,66570.26021376358,0.021999835968017578,1.4679999351501465
11,2,2,black_box,reopt_pwldr,65445.014704188936,65445.014704188936,0.021999835968017578,1.4679999351501465
11,2,2,local_search,obj_pwldr,66562.91737378492,66481.55386218375,0.021999835968017578,0.12299990653991699
11,2,2,local_search,dr_pwldr,66647.55654831554,66568.94823561255,0.021999835968017578,0.12299990653991699
11,2,2,local_search,reopt_pwldr,65445.014704188936,65445.014704188936,0.021999835968017578,0.12299990653991699
11,2,3,black_box,obj_pwldr,66529.84188445512,66481.76179306935,0.03299999237060547,1.928999900817871
11,2,3,black_box,dr_pwldr,66614.67680054391,66569.11923691262,0.03299999237060547,1.928999900817871
11,2,3,black_box,reopt_pwldr,65445.014704188936,65445.014704188936,0.03299999237060547,1.928999900817871
11,2,3,local_search,obj_pwldr,66529.84188445512,66481.76179306935,0.03299999237060547,0.10700011253356934
11,2,3,local_search,dr_pwldr,66614.67680054391,66569.11923691262,0.03299999237060547,0.10700011253356934
11,2,3,local_search,reopt_pwldr,65445.014704188936,65445.014704188936,0.03299999237060547,0.10700011253356934
11,2,4,black_box,obj_pwldr,66509.9965908572,66481.48135397967,0.029000043869018555,2.390000104904175
11,2,4,black_box,dr_pwldr,66595.19880033041,66568.83887816573,0.029000043869018555,2.390000104904175
11,2,4,black_box,reopt_pwldr,65445.014704188936,65445.014704188936,0.029000043869018555,2.390000104904175
11,2,4,local_search,obj_pwldr,66509.9965908572,66481.40463298603,0.029000043869018555,0.22099995613098145
11,2,4,local_search,dr_pwldr,66595.19880033041,66568.79070472138,0.029000043869018555,0.22099995613098145
11,2,4,local_search,reopt_pwldr,65445.014704188936,65445.014704188936,0.029000043869018555,0.22099995613098145
11,2,5,black_box,obj_pwldr,66496.76639512528,66481.64159318755,0.04999995231628418,2.8489999771118164
11,2,5,black_box,dr_pwldr,66582.48580818021,66568.94181931365,0.04999995231628418,2.8489999771118164
11,2,5,black_box,reopt_pwldr,65445.014704188936,65445.014704188936,0.04999995231628418,2.8489999771118164
11,2,5,local_search,obj_pwldr,66496.76639512528,66481.4926615789,0.04999995231628418,0.2720000743865967
11,2,5,local_search,dr_pwldr,66582.48580818021,66568.84438364842,0.04999995231628418,0.2720000743865967
11,2,5,local_search,reopt_pwldr,65445.014704188936,65445.014704188936,0.04999995231628418,0.2720000743865967
11,2,6,black_box,obj_pwldr,66487.31625531675,66481.62263713003,0.04800009727478027,3.2760000228881836
11,2,6,black_box,dr_pwldr,66574.05986597289,66569.01528261017,0.04800009727478027,3.2760000228881836
11,2,6,black_box,reopt_pwldr,65445.014704188936,65445.014704188936,0.04800009727478027,3.2760000228881836
11,2,6,local_search,obj_pwldr,66487.31625531675,66481.60691195916,0.04800009727478027,0.5690000057220459
11,2,6,local_search,dr_pwldr,66574.05986597289,66568.9996598816,0.04800009727478027,0.5690000057220459
11,2,6,local_search,reopt_pwldr,65445.014704188936,65445.014704188936,0.04800009727478027,0.5690000057220459
11,2,7,black_box,obj_pwldr,66482.4837847294,66481.48189546191,0.039999961853027344,3.7279999256134033
11,2,7,black_box,dr_pwldr,66569.84165082875,66568.84798879467,0.039999961853027344,3.7279999256134033
11,2,7,black_box,reopt_pwldr,65445.014704188936,65445.014704188936,0.039999961853027344,3.7279999256134033
11,2,7,local_search,obj_pwldr,66482.4837847294,66481.41388603837,0.039999961853027344,0.6050000190734863
11,2,7,local_search,dr_pwldr,66569.84165082875,66568.79438981364,0.039999961853027344,0.6050000190734863
11,2,7,local_search,reopt_pwldr,65445.014704188936,65445.014704188936,0.039999961853027344,0.6050000190734863
11,2,8,black_box,obj_pwldr,66486.29804837616,66481.40933941907,0.05000019073486328,4.370999813079834
11,2,8,black_box,dr_pwldr,66573.23903562695,66568.80087349121,0.05000019073486328,4.370999813079834
11,2,8,black_box,reopt_pwldr,65445.014704188936,65445.014704188936,0.05000019073486328,4.370999813079834
11,2,8,local_search,obj_pwldr,66486.29804837616,66481.40933941907,0.05000019073486328,0.4759998321533203
11,2,8,local_search,dr_pwldr,66573.23903562695,66568.8008734912,0.05000019073486328,0.4759998321533203
11,2,8,local_search,reopt_pwldr,65445.014704188936,65445.014704188936,0.05000019073486328,0.4759998321533203
11,2,9,black_box,obj_pwldr,66487.62552447186,66481.39879249367,0.04500007629394531,4.962000131607056
11,2,9,black_box,dr_pwldr,66574.09437196681,66568.78781973859,0.04500007629394531,4.962000131607056
11,2,9,black_box,reopt_pwldr,65445.014704188936,65445.014704188936,0.04500007629394531,4.962000131607056
11,2,9,local_search,obj_pwldr,66487.62552447186,66481.38588801354,0.04500007629394531,0.8680000305175781
11,2,9,local_search,dr_pwldr,66574.09437196681,66568.77954352382,0.04500007629394531,0.8680000305175781
11,2,9,local_search,reopt_pwldr,65445.014704188936,65445.014704188936,0.04500007629394531,0.8680000305175781
11,2,10,black_box,obj_pwldr,66487.57184965984,66481.38756387813,0.0559999942779541,5.546000003814697
11,2,10,black_box,dr_pwldr,66573.87793261743,66568.78095832372,0.0559999942779541,5.546000003814697
11,2,10,black_box,reopt_pwldr,65445.014704188936,65445.014704188936,0.0559999942779541,5.546000003814697
11,2,10,local_search,obj_pwldr,66487.57184965984,66481.38756387813,0.0559999942779541,0.6699998378753662
11,2,10,local_search,dr_pwldr,66573.87793261743,66568.78095832372,0.0559999942779541,0.6699998378753662
11,2,10,local_search,reopt_pwldr,65445.014704188936,65445.014704188936,0.0559999942779541,0.6699998378753662
11,3,1,black_box,obj_pwldr,66613.13743556106,66473.71559009032,0.021000146865844727,1.4100000858306885
11,3,1,black_box,dr_pwldr,66700.00295338842,66564.21473420499,0.021000146865844727,1.4100000858306885
11,3,1,black_box,reopt_pwldr,65445.014704188936,65445.014704188936,0.021000146865844727,1.4100000858306885
11,3,1,local_search,obj_pwldr,66613.13743556106,66471.37984002437,0.021000146865844727,0.12100005149841309
11,3,1,local_search,dr_pwldr,66700.00295338842,66561.97477024808,0.021000146865844727,0.12100005149841309
11,3,1,local_search,reopt_pwldr,65445.014704188936,65445.014704188936,0.021000146865844727,0.12100005149841309
11,3,2,black_box,obj_pwldr,66544.24806860452,66470.05621879209,0.02499985694885254,1.8629999160766602
11,3,2,black_box,dr_pwldr,66634.4720330141,66560.61112045532,0.02499985694885254,1.8629999160766602
11,3,2,black_box,reopt_pwldr,65445.014704188936,65445.014704188936,0.02499985694885254,1.8629999160766602
11,3,2,local_search,obj_pwldr,66544.24806860452,66470.05621879209,0.02499985694885254,0.10100007057189941
11,3,2,local_search,dr_pwldr,66634.4720330141,66560.6111204553,0.02499985694885254,0.10100007057189941
11,3,2,local_search,reopt_pwldr,65445.014704188936,65445.014704188936,0.02499985694885254,0.10100007057189941
11,3,3,black_box,obj_pwldr,66512.366284431,66469.66753960129,0.029999971389770508,2.180999994277954
11,3,3,black_box,dr_pwldr,66602.73283692649,66560.21507476777,0.029999971389770508,2.180999994277954
11,3,3,black_box,reopt_pwldr,65445.014704188936,65445.014704188936,0.029999971389770508,2.180999994277954
11,3,3,local_search,obj_pwldr,66512.366284431,66469.66753960129,0.029999971389770508,0.13700008392333984
11,3,3,local_search,dr_pwldr,66602.73283692649,66560.21507476777,0.029999971389770508,0.13700008392333984
11,3,3,local_search,reopt_pwldr,65445.014704188936,65445.014704188936,0.029999971389770508,0.13700008392333984
11,3,4,black_box,obj_pwldr,66494.26307549575,66469.70375579242,0.03600001335144043,2.7730000019073486
11,3,4,black_box,dr_pwldr,66584.35941992936,66560.25096952016,0.03600001335144043,2.7730000019073486
11,3,4,black_box,reopt_pwldr,65445.014704188936,65445.014704188936,0.03600001335144043,2.7730000019073486
11,3,4,local_search,obj_pwldr,66494.26307549575,66469.70375579242,0.03600001335144043,0.19899988174438477
11,3,4,local_search,dr_pwldr,66584.35941992936,66560.25096952016,0.03600001335144043,0.19899988174438477
11,3,4,local_search,reopt_pwldr,65445.014704188936,65445.014704188936,0.03600001335144043,0.19899988174438477
11,3,5,black_box,obj_pwldr,66482.65789192186,66469.82278118707,0.03699994087219238,3.0850000381469727
11,3,5,black_box,dr_pwldr,66572.794936715,66560.3659913787,0.03699994087219238,3.0850000381469727
11,3,5,black_box,reopt_pwldr,65445.014704188936,65445.014704188936,0.03699994087219238,3.0850000381469727
11,3,5,local_search,obj_pwldr,66482.65789192186,66469.7573043263,0.03699994087219238,0.3399999141693115
11,3,5,local_search,dr_pwldr,66572.794936715,66560.34329493283,0.03699994087219238,0.3399999141693115
11,3,5,local_search,reopt_pwldr,65445.014704188936,65445.014704188936,0.03699994087219238,0.3399999141693115
11,3,6,black_box,obj_pwldr,66474.60466123349,66469.66868272008,0.04999995231628418,3.694999933242798
11,3,6,black_box,dr_pwldr,66565.12321197953,66560.21540785838,0.04999995231628418,3.694999933242798
11,3,6,black_box,reopt_pwldr,65445.014704188936,65445.014704188936,0.04999995231628418,3.694999933242798
11,3,6,local_search,obj_pwldr,66474.60466123349,66469.66868272008,0.04999995231628418,0.32899999618530273
11,3,6,local_search,dr_pwldr,66565.12321197953,66560.21540785838,0.04999995231628418,0.32899999618530273
11,3,6,local_search,reopt_pwldr,65445.014704188936,65445.014704188936,0.04999995231628418,0.32899999618530273
11,3,7,black_box,obj_pwldr,66470.6817640751,66469.72626322138,0.046000003814697266,4.146000146865845
11,3,7,black_box,dr_pwldr,66561.22760956122,66560.27375711323,0.046000003814697266,4.146000146865845
11,3,7,black_box,reopt_pwldr,65445.014704188936,65445.014704188936,0.046000003814697266,4.146000146865845
11,3,7,local_search,obj_pwldr,66470.6817640751,66469.72626322138,0.046000003814697266,0.41300010681152344
11,3,7,local_search,dr_pwldr,66561.22760956122,66560.27375711323,0.046000003814697266,0.41300010681152344
11,3,7,local_search,reopt_pwldr,65445.014704188936,65445.014704188936,0.046000003814697266,0.41300010681152344
11,3,8,black_box,obj_pwldr,66474.1680585133,66469.67877470306,0.05500006675720215,4.730999946594238
11,3,8,black_box,dr_pwldr,66564.8059286797,66560.25012041263,0.05500006675720215,4.730999946594238
11,3,8,black_box,reopt_pwldr,65445.014704188936,65445.014704188936,0.05500006675720215,4.730999946594238
11,3,8,local_search,obj_pwldr,66474.1680585133,66469.66377601915,0.05500006675720215,0.8090000152587891
11,3,8,local_search,dr_pwldr,66564.8059286797,66560.2181411425,0.05500006675720215,0.8090000152587891
11,3,8,local_search,reopt_pwldr,65445.014704188936,65445.014704188936,0.05500006675720215,0.8090000152587891
11,3,9,black_box,obj_pwldr,66475.30007709855,66469.66165759439,0.05500006675720215,5.510999917984009
11,3,9,black_box,dr_pwldr,66565.94886344403,66560.2091285446,0.05500006675720215,5.510999917984009
11,3,9,black_box,reopt_pwldr,65445.014704188936,65445.014704188936,0.05500006675720215,5.510999917984009
11,3,9,local_search,obj_pwldr,66475.30007709855,66469.66165759439,0.05500006675720215,0.6469998359680176
11,3,9,local_search,dr_pwldr,66565.94886344403,66560.2091285446,0.05500006675720215,0.6469998359680176
11,3,9,local_search,reopt_pwldr,65445.014704188936,65445.014704188936,0.05500006675720215,0.6469998359680176
11,3,10,black_box,obj_pwldr,66475.17893128637,66469.65457276253,0.051999807357788086,6.121999979019165
11,3,10,black_box,dr_pwldr,66565.72881497219,66560.202440441,0.051999807357788086,6.121999979019165
11,3,10,black_box,reopt_pwldr,65445.014704188936,65445.014704188936,0.051999807357788086,6.121999979019165
11,3,10,local_search,obj_pwldr,66475.17893128637,66469.65457276253,0.051999807357788086,0.7690000534057617
11,3,10,local_search,dr_pwldr,66565.72881497219,66560.202440441,0.051999807357788086,0.7690000534057617
11,3,10,local_search,reopt_pwldr,65445.014704188936,65445.014704188936,0.051999807357788086,0.7690000534057617
11,4,1,black_box,obj_pwldr,66627.98841081605,66447.75320485634,0.023999929428100586,2.187000036239624
11,4,1,black_box,dr_pwldr,66716.60608929313,66539.66166723659,0.023999929428100586,2.187000036239624
11,4,1,black_box,reopt_pwldr,65445.014704188936,65445.014704188936,0.023999929428100586,2.187000036239624
11,4,1,local_search,obj_pwldr,66627.98841081605,66444.56968621825,0.023999929428100586,0.38700008392333984
11,4,1,local_search,dr_pwldr,66716.60608929313,66536.43410917305,0.023999929428100586,0.38700008392333984
11,4,1,local_search,reopt_pwldr,65445.014704188936,65445.014704188936,0.023999929428100586,0.38700008392333984
11,4,2,black_box,obj_pwldr,66541.3178349344,66444.68065509987,0.03900003433227539,4.186999797821045
11,4,2,black_box,dr_pwldr,66632.45526363587,66536.5419369546,0.03900003433227539,4.186999797821045
11,4,2,black_box,reopt_pwldr,65445.014704188936,65445.014704188936,0.03900003433227539,4.186999797821045
11,4,2,local_search,obj_pwldr,66541.3178349344,66444.68065509987,0.03900003433227539,0.2090001106262207
11,4,2,local_search,dr_pwldr,66632.45526363587,66536.5419369546,0.03900003433227539,0.2090001106262207
11,4,2,local_search,reopt_pwldr,65445.014704188936,65445.014704188936,0.03900003433227539,0.2090001106262207
11,4,3,black_box,obj_pwldr,66491.54797505851,66444.39748753949,0.06699991226196289,7.002000093460083
11,4,3,black_box,dr_pwldr,66584.33832996093,66536.2664067,0.06699991226196289,7.002000093460083
11,4,3,black_box,reopt_pwldr,65445.014704188936,65445.014704188936,0.06699991226196289,7.002000093460083
11,4,3,local_search,obj_pwldr,66491.54797505851,66444.39748753949,0.06699991226196289,0.4159998893737793
11,4,3,local_search,dr_pwldr,66584.33832996093,66536.26640670002,0.06699991226196289,0.4159998893737793
11,4,3,local_search,reopt_pwldr,65445.014704188936,65445.014704188936,0.06699991226196289,0.4159998893737793
11,4,4,black_box,obj_pwldr,66467.2337326044,66444.82403291552,0.07000017166137695,10.39300012588501
11,4,4,black_box,dr_pwldr,66559.36839446903,66536.68392784758,0.07000017166137695,10.39300012588501
11,4,4,black_box,reopt_pwldr,65445.014704188936,65445.014704188936,0.07000017166137695,10.39300012588501
11,4,4,local_search,obj_pwldr,66467.2337326044,66444.55419684233,0.07000017166137695,1.2119998931884766
11,4,4,local_search,dr_pwldr,66559.36839446903,66536.42241481949,0.07000017166137695,1.2119998931884766
11,4,4,local_search,reopt_pwldr,65445.014704188936,65445.014704188936,0.07000017166137695,1.2119998931884766
11,4,5,black_box,obj_pwldr,66454.80653641094,66444.32440347126,0.08800005912780762,13.5
11,4,5,black_box,dr_pwldr,66546.8346882325,66536.19061064221,0.08800005912780762,13.5
11,4,5,black_box,reopt_pwldr,65445.014704188936,65445.014704188936,0.08800005912780762,13.5
11,4,5,local_search,obj_pwldr,66454.80653641094,66444.32440347126,0.08800005912780762,0.9500000476837158
11,4,5,local_search,dr_pwldr,66546.8346882325,66536.19061064221,0.08800005912780762,0.9500000476837158
11,4,5,local_search,reopt_pwldr,65445.014704188936,65445.014704188936,0.08800005912780762,0.9500000476837158
11,4,6,black_box,obj_pwldr,66447.86781540108,66444.2999305824,0.11599993705749512,16.486999988555908
11,4,6,black_box,dr_pwldr,66539.77982548883,66536.17138440364,0.11599993705749512,16.486999988555908
11,4,6,black_box,reopt_pwldr,65445.014704188936,65445.014704188936,0.11599993705749512,16.486999988555908
11,4,6,local_search,obj_pwldr,66447.86781540108,66444.2999305824,0.11599993705749512,1.5959999561309814
11,4,6,local_search,dr_pwldr,66539.77982548883,66536.17138440364,0.11599993705749512,1.5959999561309814
11,4,6,local_search,reopt_pwldr,65445.014704188936,65445.014704188936,0.11599993705749512,1.5959999561309814
11,4,7,black_box,obj_pwldr,66445.83477683889,66444.33816907267,0.1360001564025879,19.92799997329712
11,4,7,black_box,dr_pwldr,66537.76593748863,66536.20858339443,0.1360001564025879,19.92799997329712
11,4,7,black_box,reopt_pwldr,65445.014704188936,65445.014704188936,0.1360001564025879,19.92799997329712
11,4,7,local_search,obj_pwldr,66445.83477683889,66444.33816907267,0.1360001564025879,2.115000009536743
11,4,7,local_search,dr_pwldr,66537.76593748863,66536.20858339443,0.1360001564025879,2.115000009536743
11,4,7,local_search,reopt_pwldr,65445.014704188936,65445.014704188936,0.1360001564025879,2.115000009536743
11,4,8,black_box,obj_pwldr,66450.46503600798,66444.35173998366,0.15600013732910156,23.911999940872192
11,4,8,black_box,dr_pwldr,66542.44819372104,66536.22315938714,0.15600013732910156,23.911999940872192
11,4,8,black_box,reopt_pwldr,65445.014704188936,65445.014704188936,0.15600013732910156,23.911999940872192
11,4,8,local_search,obj_pwldr,66450.46503600798,66444.35173998366,0.15600013732910156,2.6069998741149902
11,4,8,local_search,dr_pwldr,66542.44819372104,66536.22315938714,0.15600013732910156,2.6069998741149902
11,4,8,local_search,reopt_pwldr,65445.014704188936,65445.014704188936,0.15600013732910156,2.6069998741149902
11,4,9,black_box,obj_pwldr,66451.34252242137,66444.3138837883,0.17600011825561523,26.7260000705719
11,4,9,black_box,dr_pwldr,66543.35159832217,66536.18483034814,0.17600011825561523,26.7260000705719
11,4,9,black_box,reopt_pwldr,65445.014704188936,65445.014704188936,0.17600011825561523,26.7260000705719
11,4,9,local_search,obj_pwldr,66451.34252242137,66444.3138837883,0.17600011825561523,2.9119999408721924
11,4,9,local_search,dr_pwldr,66543.35159832217,66536.18483034814,0.17600011825561523,2.9119999408721924
11,4,9,local_search,reopt_pwldr,65445.014704188936,65445.014704188936,0.17600011825561523,2.9119999408721924
11,4,10,black_box,obj_pwldr,66450.62875856723,66444.2891173116,0.1830000877380371,30.588000059127808
11,4,10,black_box,dr_pwldr,66542.67723949478,66536.16131110526,0.1830000877380371,30.588000059127808
11,4,10,black_box,reopt_pwldr,65445.014704188936,65445.014704188936,0.1830000877380371,30.588000059127808
11,4,10,local_search,obj_pwldr,66450.62875856723,66444.2891173116,0.1830000877380371,3.822000026702881
11,4,10,local_search,dr_pwldr,66542.67723949478,66536.16131110526,0.1830000877380371,3.822000026702881
11,4,10,local_search,reopt_pwldr,65445.014704188936,65445.014704188936,0.1830000877380371,3.822000026702881
12,1,1,black_box,obj_pwldr,68599.93602752278,68399.25396649678,0.023000001907348633,2.0789999961853027
12,1,1,black_box,dr_pwldr,68513.12674091365,68318.24385329131,0.023000001907348633,2.0789999961853027
12,1,1,black_box,reopt_pwldr,66989.74042521606,66989.74042521606,0.023000001907348633,2.0789999961853027
12,1,1,local_search,obj_pwldr,68599.93602752278,68399.25396649678,0.023000001907348633,0.13300013542175293
12,1,1,local_search,dr_pwldr,68513.12674091365,68318.24385329131,0.023000001907348633,0.13300013542175293
12,1,1,local_search,reopt_pwldr,66989.74042521606,66989.74042521606,0.023000001907348633,0.13300013542175293
12,1,2,black_box,obj_pwldr,68489.98772625318,68397.82966350437,0.04799985885620117,4.181999921798706
12,1,2,black_box,dr_pwldr,68404.9774508484,68316.87233654532,0.04799985885620117,4.181999921798706
12,1,2,black_box,reopt_pwldr,66989.74042521606,66989.74042521606,0.04799985885620117,4.181999921798706
12,1,2,local_search,obj_pwldr,68489.98772625318,68397.82966350437,0.04799985885620117,0.36299991607666016
12,1,2,local_search,dr_pwldr,68404.9774508484,68316.87233654532,0.04799985885620117,0.36299991607666016
12,1,2,local_search,reopt_pwldr,66989.74042521606,66989.74042521606,0.04799985885620117,0.36299991607666016
12,1,3,black_box,obj_pwldr,68426.85082549865,68397.57387462817,0.05500006675720215,6.873999834060669
12,1,3,black_box,dr_pwldr,68344.7333233958,68316.62500977081,0.05500006675720215,6.873999834060669
12,1,3,black_box,reopt_pwldr,66989.74042521606,66989.74042521606,0.05500006675720215,6.873999834060669
12,1,3,local_search,obj_pwldr,68426.85082549865,68397.57387462817,0.05500006675720215,0.38300013542175293
12,1,3,local_search,dr_pwldr,68344.7333233958,68316.62500977081,0.05500006675720215,0.38300013542175293
12,1,3,local_search,reopt_pwldr,66989.74042521606,66989.74042521606,0.05500006675720215,0.38300013542175293
12,1,4,black_box,obj_pwldr,68398.65574044314,68397.03752883147,0.07000017166137695,10.0
12,1,4,black_box,dr_pwldr,68317.66161118555,68316.10356662338,0.07000017166137695,10.0
12,1,4,black_box,reopt_pwldr,66989.74042521606,66989.74042521606,0.07000017166137695,10.0
12,1,4,local_search,obj_pwldr,68398.65574044314,68397.03752883147,0.07000017166137695,0.693000078201294
12,1,4,local_search,dr_pwldr,68317.66161118555,68316.10356662338,0.07000017166137695,0.693000078201294
12,1,4,local_search,reopt_pwldr,66989.74042521606,66989.74042521606,0.07000017166137695,0.693000078201294
12,1,5,black_box,obj_pwldr,68418.50784233936,68397.0528171168,0.07700014114379883,13.090999841690063
12,1,5,black_box,dr_pwldr,68336.35820671043,68316.11159934616,0.07700014114379883,13.090999841690063
12,1,5,black_box,reopt_pwldr,66989.74042521606,66989.74042521606,0.07700014114379883,13.090999841690063
12,1,5,local_search,obj_pwldr,68418.50784233936,68397.0528171168,0.07700014114379883,0.9209997653961182
12,1,5,local_search,dr_pwldr,68336.35820671043,68316.11159934616,0.07700014114379883,0.9209997653961182
12,1,5,local_search,reopt_pwldr,66989.74042521606,66989.74042521606,0.07700014114379883,0.9209997653961182
12,1,6,black_box,obj_pwldr,68419.07471429843,68397.19605880819,0.11300015449523926,16.807000160217285
12,1,6,black_box,dr_pwldr,68336.97033089476,68316.25684342932,0.11300015449523926,16.807000160217285
12,1,6,black_box,reopt_pwldr,66989.74042521606,66989.74042521606,0.11300015449523926,16.807000160217285
12,1,6,local_search,obj_pwldr,68419.07471429843,68397.19605880819,0.11300015449523926,1.25600004196167
12,1,6,local_search,dr_pwldr,68336.97033089476,68316.25684342932,0.11300015449523926,1.25600004196167
12,1,6,local_search,reopt_pwldr,66989.74042521606,66989.74042521606,0.11300015449523926,1.25600004196167
12,1,7,black_box,obj_pwldr,68412.3620600041,68397.02161251068,0.14499998092651367,19.889000177383423
12,1,7,black_box,dr_pwldr,68330.74118996262,68316.08690701656,0.14499998092651367,19.889000177383423
12,1,7,black_box,reopt_pwldr,66989.74042521606,66989.74042521606,0.14499998092651367,19.889000177383423
12,1,7,local_search,obj_pwldr,68412.3620600041,68397.01312958963,0.14499998092651367,2.259999990463257
12,1,7,local_search,dr_pwldr,68330.74118996262,68316.07961278816,0.14499998092651367,2.259999990463257
12,1,7,local_search,reopt_pwldr,66989.74042521606,66989.74042521606,0.14499998092651367,2.259999990463257
12,1,8,black_box,obj_pwldr,68404.07666308647,68397.00977751652,0.15799999237060547,23.41100001335144
12,1,8,black_box,dr_pwldr,68322.82011534668,68316.07748107985,0.15799999237060547,23.41100001335144
12,1,8,black_box,reopt_pwldr,66989.74042521606,66989.74042521606,0.15799999237060547,23.41100001335144
12,1,8,local_search,obj_pwldr,68404.07666308647,68397.00977751652,0.15799999237060547,2.36299991607666
12,1,8,local_search,dr_pwldr,68322.82011534668,68316.07748107985,0.15799999237060547,2.36299991607666
12,1,8,local_search,reopt_pwldr,66989.74042521606,66989.74042521606,0.15799999237060547,2.36299991607666
12,1,9,black_box,obj_pwldr,68397.88229947597,68397.02203410966,0.18799996376037598,26.825999975204468
12,1,9,black_box,dr_pwldr,68316.89295093517,68316.08833983405,0.18799996376037598,26.825999975204468
12,1,9,black_box,reopt_pwldr,66989.74042521606,66989.74042521606,0.18799996376037598,26.825999975204468
12,1,9,local_search,obj_pwldr,68397.88229947597,68397.01130658417,0.18799996376037598,4.604000091552734
12,1,9,local_search,dr_pwldr,68316.89295093517,68316.07805020179,0.18799996376037598,4.604000091552734
12,1,9,local_search,reopt_pwldr,66989.74042521606,66989.74042521606,0.18799996376037598,4.604000091552734
12,1,10,black_box,obj_pwldr,68403.66001685716,68397.06761698311,0.17999982833862305,30.14900016784668
12,1,10,black_box,dr_pwldr,68322.31459171274,68316.13419586125,0.17999982833862305,30.14900016784668
12,1,10,black_box,reopt_pwldr,66989.74042521606,66989.74042521606,0.17999982833862305,30.14900016784668
12,1,10,local_search,obj_pwldr,68403.66001685716,68397.06761698311,0.17999982833862305,4.158999919891357
12,1,10,local_search,dr_pwldr,68322.31459171274,68316.13419586125,0.17999982833862305,4.158999919891357
12,1,10,local_search,reopt_pwldr,66989.74042521606,66989.74042521606,0.17999982833862305,4.158999919891357
12,2,1,black_box,obj_pwldr,68601.3060166606,68454.38475148323,0.03299999237060547,1.2589998245239258
12,2,1,black_box,dr_pwldr,68517.04694245852,68365.60916101611,0.03299999237060547,1.2589998245239258
12,2,1,black_box,reopt_pwldr,66989.74042521606,66989.74042521606,0.03299999237060547,1.2589998245239258
12,2,1,local_search,obj_pwldr,68601.3060166606,68454.38475148323,0.03299999237060547,0.0710000991821289
12,2,1,local_search,dr_pwldr,68517.04694245852,68365.60916101611,0.03299999237060547,0.0710000991821289
12,2,1,local_search,reopt_pwldr,66989.74042521606,66989.74042521606,0.03299999237060547,0.0710000991821289
12,2,2,black_box,obj_pwldr,68517.38840498024,68452.26626743026,0.0279998779296875,1.6710000038146973
12,2,2,black_box,dr_pwldr,68429.70078073932,68363.47421149677,0.0279998779296875,1.6710000038146973
12,2,2,black_box,reopt_pwldr,66989.74042521606,66989.74042521606,0.0279998779296875,1.6710000038146973
12,2,2,local_search,obj_pwldr,68517.38840498024,68452.26626743026,0.0279998779296875,0.0840001106262207
12,2,2,local_search,dr_pwldr,68429.70078073932,68363.47421149677,0.0279998779296875,0.0840001106262207
12,2,2,local_search,reopt_pwldr,66989.74042521606,66989.74042521606,0.0279998779296875,0.0840001106262207
12,2,3,black_box,obj_pwldr,68475.42959914007,68451.27451191074,0.03599977493286133,2.053999900817871
12,2,3,black_box,dr_pwldr,68386.97370351166,68362.49583339923,0.03599977493286133,2.053999900817871
12,2,3,black_box,reopt_pwldr,66989.74042521606,66989.74042521606,0.03599977493286133,2.053999900817871
12,2,3,local_search,obj_pwldr,68475.42959914007,68451.27451191074,0.03599977493286133,0.13299989700317383
12,2,3,local_search,dr_pwldr,68386.97370351166,68362.49583339923,0.03599977493286133,0.13299989700317383
12,2,3,local_search,reopt_pwldr,66989.74042521606,66989.74042521606,0.03599977493286133,0.13299989700317383
12,2,4,black_box,obj_pwldr,68452.10887266413,68451.24109294407,0.0280001163482666,3.1669998168945312
12,2,4,black_box,dr_pwldr,68363.34675726062,68362.4621877858,0.0280001163482666,3.1669998168945312
12,2,4,black_box,reopt_pwldr,66989.74042521606,66989.74042521606,0.0280001163482666,3.1669998168945312
12,2,4,local_search,obj_pwldr,68452.10887266413,68451.24109294407,0.0280001163482666,0.17300009727478027
12,2,4,local_search,dr_pwldr,68363.34675726062,68362.4621877858,0.0280001163482666,0.17300009727478027
12,2,4,local_search,reopt_pwldr,66989.74042521606,66989.74042521606,0.0280001163482666,0.17300009727478027
12,2,5,black_box,obj_pwldr,68462.73121735179,68451.22393342348,0.0410001277923584,2.7870001792907715
12,2,5,black_box,dr_pwldr,68374.25844263892,68362.44561793821,0.0410001277923584,2.7870001792907715
12,2,5,black_box,reopt_pwldr,66989.74042521606,66989.74042521606,0.0410001277923584,2.7870001792907715
12,2,5,local_search,obj_pwldr,68462.73121735179,68451.22393342348,0.0410001277923584,0.21900010108947754
12,2,5,local_search,dr_pwldr,68374.25844263892,68362.44561793821,0.0410001277923584,0.21900010108947754
12,2,5,local_search,reopt_pwldr,66989.74042521606,66989.74042521606,0.0410001277923584,0.21900010108947754
12,2,6,black_box,obj_pwldr,68463.5312693054,68451.26636780759,0.04700016975402832,3.361999988555908
12,2,6,black_box,dr_pwldr,68374.95057009299,68362.47375921663,0.04700016975402832,3.361999988555908
12,2,6,black_box,reopt_pwldr,66989.74042521606,66989.74042521606,0.04700016975402832,3.361999988555908
12,2,6,local_search,obj_pwldr,68463.5312693054,68451.21068982763,0.04700016975402832,0.3539998531341553
12,2,6,local_search,dr_pwldr,68374.95057009299,68362.43390107033,0.04700016975402832,0.3539998531341553
12,2,6,local_search,reopt_pwldr,66989.74042521606,66989.74042521606,0.04700016975402832,0.3539998531341553
12,2,7,black_box,obj_pwldr,68460.41948328914,68451.28870164338,0.04799985885620117,3.76200008392334
12,2,7,black_box,dr_pwldr,68371.6858401575,68362.51202669548,0.04799985885620117,3.76200008392334
12,2,7,black_box,reopt_pwldr,66989.74042521606,66989.74042521606,0.04799985885620117,3.76200008392334
12,2,7,local_search,obj_pwldr,68460.41948328914,68451.2161515402,0.04799985885620117,0.6629998683929443
12,2,7,local_search,dr_pwldr,68371.6858401575,68362.429248701,0.04799985885620117,0.6629998683929443
12,2,7,local_search,reopt_pwldr,66989.74042521606,66989.74042521606,0.04799985885620117,0.6629998683929443
12,2,8,black_box,obj_pwldr,68455.79960528745,68451.31259485144,0.04700016975402832,4.397000074386597
12,2,8,black_box,dr_pwldr,68366.94344617946,68362.53435634331,0.04700016975402832,4.397000074386597
12,2,8,black_box,reopt_pwldr,66989.74042521606,66989.74042521606,0.04700016975402832,4.397000074386597
12,2,8,local_search,obj_pwldr,68455.79960528745,68451.26387817423,0.04700016975402832,0.6359999179840088
12,2,8,local_search,dr_pwldr,68366.94344617946,68362.47108853696,0.04700016975402832,0.6359999179840088
12,2,8,local_search,reopt_pwldr,66989.74042521606,66989.74042521606,0.04700016975402832,0.6359999179840088
12,2,9,black_box,obj_pwldr,68451.6452334071,68451.19868540199,0.04900002479553223,5.0269999504089355
12,2,9,black_box,dr_pwldr,68362.87425736034,68362.41930639991,0.04900002479553223,5.0269999504089355
12,2,9,black_box,reopt_pwldr,66989.74042521606,66989.74042521606,0.04900002479553223,5.0269999504089355
12,2,9,local_search,obj_pwldr,68451.6452334071,68451.19868540199,0.04900002479553223,0.5320000648498535
12,2,9,local_search,dr_pwldr,68362.87425736034,68362.41930639991,0.04900002479553223,0.5320000648498535
12,2,9,local_search,reopt_pwldr,66989.74042521606,66989.74042521606,0.04900002479553223,0.5320000648498535
12,2,10,black_box,obj_pwldr,68454.73279756306,68451.19515486628,0.05299997329711914,5.620999813079834
12,2,10,black_box,dr_pwldr,68366.02385149602,68362.41347070223,0.05299997329711914,5.620999813079834
12,2,10,black_box,reopt_pwldr,66989.74042521606,66989.74042521606,0.05299997329711914,5.620999813079834
12,2,10,local_search,obj_pwldr,68454.73279756306,68451.19515486628,0.05299997329711914,0.6640000343322754
12,2,10,local_search,dr_pwldr,68366.02385149602,68362.41347070223,0.05299997329711914,0.6640000343322754
12,2,10,local_search,reopt_pwldr,66989.74042521606,66989.74042521606,0.05299997329711914,0.6640000343322754
12,3,1,black_box,obj_pwldr,68581.09642152186,68431.2665339773,0.02200007438659668,1.1989998817443848
12,3,1,black_box,dr_pwldr,68492.8474526356,68335.04553799077,0.02200007438659668,1.1989998817443848
12,3,1,black_box,reopt_pwldr,66989.74042521606,66989.74042521606,0.02200007438659668,1.1989998817443848
12,3,1,local_search,obj_pwldr,68581.09642152186,68431.2665339773,0.02200007438659668,0.05200004577636719
12,3,1,local_search,dr_pwldr,68492.8474526356,68335.04553799077,0.02200007438659668,0.05200004577636719
12,3,1,local_search,reopt_pwldr,66989.74042521606,66989.74042521606,0.02200007438659668,0.05200004577636719
12,3,2,black_box,obj_pwldr,68493.7049533637,68432.0574652632,0.031000137329101562,1.6470000743865967
12,3,2,black_box,dr_pwldr,68400.62615979626,68335.85156422893,0.031000137329101562,1.6470000743865967
12,3,2,black_box,reopt_pwldr,66989.74042521606,66989.74042521606,0.031000137329101562,1.6470000743865967
12,3,2,local_search,obj_pwldr,68493.7049533637,68432.0574652632,0.031000137329101562,0.08800005912780762
12,3,2,local_search,dr_pwldr,68400.62615979626,68335.85156422893,0.031000137329101562,0.08800005912780762
12,3,2,local_search,reopt_pwldr,66989.74042521606,66989.74042521606,0.031000137329101562,0.08800005912780762
12,3,3,black_box,obj_pwldr,68453.26045445896,68431.15192074394,0.04200005531311035,2.0450000762939453
12,3,3,black_box,dr_pwldr,68357.68020562599,68334.93119568875,0.04200005531311035,2.0450000762939453
12,3,3,black_box,reopt_pwldr,66989.74042521606,66989.74042521606,0.04200005531311035,2.0450000762939453
12,3,3,local_search,obj_pwldr,68453.26045445896,68431.15192074394,0.04200005531311035,0.12200021743774414
12,3,3,local_search,dr_pwldr,68357.68020562599,68334.93119568875,0.04200005531311035,0.12200021743774414
12,3,3,local_search,reopt_pwldr,66989.74042521606,66989.74042521606,0.04200005531311035,0.12200021743774414
12,3,4,black_box,obj_pwldr,68432.09025455998,68431.16816470644,0.037000179290771484,2.560999870300293
12,3,4,black_box,dr_pwldr,68335.94616733666,68334.94854198267,0.037000179290771484,2.560999870300293
12,3,4,black_box,reopt_pwldr,66989.74042521606,66989.74042521606,0.037000179290771484,2.560999870300293
12,3,4,local_search,obj_pwldr,68432.09025455998,68431.16816470644,0.037000179290771484,0.17100000381469727
12,3,4,local_search,dr_pwldr,68335.94616733666,68334.94854198267,0.037000179290771484,0.17100000381469727
12,3,4,local_search,reopt_pwldr,66989.74042521606,66989.74042521606,0.037000179290771484,0.17100000381469727
12,3,5,black_box,obj_pwldr,68442.81612433624,68431.14835198587,0.03900003433227539,3.062000036239624
12,3,5,black_box,dr_pwldr,68347.45351984279,68334.92508170604,0.03900003433227539,3.062000036239624
12,3,5,black_box,reopt_pwldr,66989.74042521606,66989.74042521606,0.03900003433227539,3.062000036239624
12,3,5,local_search,obj_pwldr,68442.81612433624,68431.14835198587,0.03900003433227539,0.2330000400543213
12,3,5,local_search,dr_pwldr,68347.45351984279,68334.92508170604,0.03900003433227539,0.2330000400543213
12,3,5,local_search,reopt_pwldr,66989.74042521606,66989.74042521606,0.03900003433227539,0.2330000400543213
12,3,6,black_box,obj_pwldr,68443.30871696761,68431.14441115315,0.039999961853027344,3.7679998874664307
12,3,6,black_box,dr_pwldr,68347.44885049276,68334.92078552466,0.039999961853027344,3.7679998874664307
12,3,6,black_box,reopt_pwldr,66989.74042521606,66989.74042521606,0.039999961853027344,3.7679998874664307
12,3,6,local_search,obj_pwldr,68443.30871696761,68431.13241104435,0.039999961853027344,0.39499998092651367
12,3,6,local_search,dr_pwldr,68347.44885049276,68334.91001212523,0.039999961853027344,0.39499998092651367
12,3,6,local_search,reopt_pwldr,66989.74042521606,66989.74042521606,0.039999961853027344,0.39499998092651367
12,3,7,black_box,obj_pwldr,68440.04857553313,68431.17366515215,0.054000139236450195,4.141000032424927
12,3,7,black_box,dr_pwldr,68343.9849227454,68334.94756343019,0.054000139236450195,4.141000032424927
12,3,7,black_box,reopt_pwldr,66989.74042521606,66989.74042521606,0.054000139236450195,4.141000032424927
12,3,7,local_search,obj_pwldr,68440.04857553313,68431.13033052668,0.054000139236450195,0.6039998531341553
12,3,7,local_search,dr_pwldr,68343.9849227454,68334.90739999177,0.054000139236450195,0.6039998531341553
12,3,7,local_search,reopt_pwldr,66989.74042521606,66989.74042521606,0.054000139236450195,0.6039998531341553
12,3,8,black_box,obj_pwldr,68435.50777880572,68431.19193628686,0.054000139236450195,5.216000080108643
12,3,8,black_box,dr_pwldr,68339.23836152813,68334.97319381892,0.054000139236450195,5.216000080108643
12,3,8,black_box,reopt_pwldr,66989.74042521606,66989.74042521606,0.054000139236450195,5.216000080108643
12,3,8,local_search,obj_pwldr,68435.50777880572,68431.15582384015,0.054000139236450195,0.7149999141693115
12,3,8,local_search,dr_pwldr,68339.23836152813,68334.93634963197,0.054000139236450195,0.7149999141693115
12,3,8,local_search,reopt_pwldr,66989.74042521606,66989.74042521606,0.054000139236450195,0.7149999141693115
12,3,9,black_box,obj_pwldr,68431.59143928684,68431.13911979803,0.05200004577636719,5.855999946594238
12,3,9,black_box,dr_pwldr,68335.4020514161,68334.91710717152,0.05200004577636719,5.855999946594238
12,3,9,black_box,reopt_pwldr,66989.74042521606,66989.74042521606,0.05200004577636719,5.855999946594238
12,3,9,local_search,obj_pwldr,68431.59143928684,68431.13911979803,0.05200004577636719,0.630000114440918
12,3,9,local_search,dr_pwldr,68335.4020514161,68334.91710717152,0.05200004577636719,0.630000114440918
12,3,9,local_search,reopt_pwldr,66989.74042521606,66989.74042521606,0.05200004577636719,0.630000114440918
12,3,10,black_box,obj_pwldr,68434.6630664798,68431.13990893694,0.06100010871887207,6.117000102996826
12,3,10,black_box,dr_pwldr,68338.59685331924,68334.91778896736,0.06100010871887207,6.117000102996826
12,3,10,black_box,reopt_pwldr,66989.74042521606,66989.740425216,0.06100010871887207,6.117000102996826
12,3,10,local_search,obj_pwldr,68434.6630664798,68431.13990893694,0.06100010871887207,0.7630000114440918
12,3,10,local_search,dr_pwldr,68338.59685331924,68334.91778896736,0.06100010871887207,0.7630000114440918
12,3,10,local_search,reopt_pwldr,66989.74042521606,66989.740425216,0.06100010871887207,0.7630000114440918
12,4,1,black_box,obj_pwldr,68497.03179754755,68367.27833712002,0.02200007438659668,1.3249998092651367
12,4,1,black_box,dr_pwldr,68413.57855326358,68277.94493398609,0.02200007438659668,1.3249998092651367
12,4,1,black_box,reopt_pwldr,66989.74042521606,66989.74042521606,0.02200007438659668,1.3249998092651367
12,4,1,local_search,obj_pwldr,68497.03179754755,68367.27833712002,0.02200007438659668,0.07999992370605469
12,4,1,local_search,dr_pwldr,68413.57855326358,68277.94493398609,0.02200007438659668,0.07999992370605469
12,4,1,local_search,reopt_pwldr,66989.74042521606,66989.74042521606,0.02200007438659668,0.07999992370605469
12,4,2,black_box,obj_pwldr,68403.49623744386,68367.89465080186,0.02500009536743164,1.6619999408721924
12,4,2,black_box,dr_pwldr,68315.55970844766,68278.59059309257,0.02500009536743164,1.6619999408721924
12,4,2,black_box,reopt_pwldr,66989.74042521606,66989.74042521606,0.02500009536743164,1.6619999408721924
12,4,2,local_search,obj_pwldr,68403.49623744386,68367.89465080186,0.02500009536743164,0.08800005912780762
12,4,2,local_search,dr_pwldr,68315.55970844766,68278.59059309257,0.02500009536743164,0.08800005912780762
12,4,2,local_search,reopt_pwldr,66989.74042521606,66989.74042521606,0.02500009536743164,0.08800005912780762
12,4,3,black_box,obj_pwldr,68377.03329269722,68366.99217147635,0.03600001335144043,2.065000057220459
12,4,3,black_box,dr_pwldr,68287.91110328399,68277.66304330008,0.03600001335144043,2.065000057220459
12,4,3,black_box,reopt_pwldr,66989.74042521606,66989.740425216,0.03600001335144043,2.065000057220459
12,4,3,local_search,obj_pwldr,68377.03329269722,68366.99217147635,0.03600001335144043,0.12199997901916504
12,4,3,local_search,dr_pwldr,68287.91110328399,68277.66304330008,0.03600001335144043,0.12199997901916504
12,4,3,local_search,reopt_pwldr,66989.74042521606,66989.740425216,0.03600001335144043,0.12199997901916504
12,4,4,black_box,obj_pwldr,68367.90102133801,68366.99827666208,0.04200005531311035,2.6560001373291016
12,4,4,black_box,dr_pwldr,68278.6361023778,68277.6818040869,0.04200005531311035,2.6560001373291016
12,4,4,black_box,reopt_pwldr,66989.74042521606,66989.74042521606,0.04200005531311035,2.6560001373291016
12,4,4,local_search,obj_pwldr,68367.90102133801,68366.99827666208,0.04200005531311035,0.16499996185302734
12,4,4,local_search,dr_pwldr,68278.6361023778,68277.6818040869,0.04200005531311035,0.16499996185302734
12,4,4,local_search,reopt_pwldr,66989.74042521606,66989.74042521606,0.04200005531311035,0.16499996185302734
12,4,5,black_box,obj_pwldr,68376.17501430736,68367.02321420156,0.051000118255615234,3.13100004196167
12,4,5,black_box,dr_pwldr,68287.6030812203,68277.69374862556,0.051000118255615234,3.13100004196167
12,4,5,black_box,reopt_pwldr,66989.74042521606,66989.74042521606,0.051000118255615234,3.13100004196167
12,4,5,local_search,obj_pwldr,68376.17501430736,68367.02321420156,0.051000118255615234,0.24499988555908203
12,4,5,local_search,dr_pwldr,68287.6030812203,68277.69374862556,0.051000118255615234,0.24499988555908203
12,4,5,local_search,reopt_pwldr,66989.74042521606,66989.74042521606,0.051000118255615234,0.24499988555908203
12,4,6,black_box,obj_pwldr,68375.1204887326,68367.00469781118,0.046000003814697266,3.5850000381469727
12,4,6,black_box,dr_pwldr,68286.2938280725,68277.69737291543,0.046000003814697266,3.5850000381469727
12,4,6,black_box,reopt_pwldr,66989.74042521606,66989.74042521606,0.046000003814697266,3.5850000381469727
12,4,6,local_search,obj_pwldr,68375.1204887326,68366.99130792092,0.046000003814697266,0.37599992752075195
12,4,6,local_search,dr_pwldr,68286.2938280725,68277.6621963649,0.046000003814697266,0.37599992752075195
12,4,6,local_search,reopt_pwldr,66989.74042521606,66989.74042521606,0.046000003814697266,0.37599992752075195
12,4,7,black_box,obj_pwldr,68372.2059203587,68366.98729544482,0.04200005531311035,4.2230000495910645
12,4,7,black_box,dr_pwldr,68283.19430977807,68277.65838070074,0.04200005531311035,4.2230000495910645
12,4,7,black_box,reopt_pwldr,66989.74042521606,66989.74042521606,0.04200005531311035,4.2230000495910645
12,4,7,local_search,obj_pwldr,68372.2059203587,68366.98729544482,0.04200005531311035,0.4099998474121094
12,4,7,local_search,dr_pwldr,68283.19430977807,68277.65838070074,0.04200005531311035,0.4099998474121094
12,4,7,local_search,reopt_pwldr,66989.74042521606,66989.74042521606,0.04200005531311035,0.4099998474121094
12,4,8,black_box,obj_pwldr,68369.28388372848,68366.99437982841,0.04399991035461426,4.880999803543091
12,4,8,black_box,dr_pwldr,68280.18177335539,68277.67974653303,0.04399991035461426,4.880999803543091
12,4,8,black_box,reopt_pwldr,66989.74042521606,66989.74042521606,0.04399991035461426,4.880999803543091
12,4,8,local_search,obj_pwldr,68369.28388372848,68366.98793249925,0.04399991035461426,0.6449999809265137
12,4,8,local_search,dr_pwldr,68280.18177335539,68277.67025791295,0.04399991035461426,0.6449999809265137
12,4,8,local_search,reopt_pwldr,66989.74042521606,66989.74042521606,0.04399991035461426,0.6449999809265137
12,4,9,black_box,obj_pwldr,68367.33667989293,68367.01242994532,0.07299995422363281,5.608999967575073
12,4,9,black_box,dr_pwldr,68278.03761576007,68277.68322362806,0.07299995422363281,5.608999967575073
12,4,9,black_box,reopt_pwldr,66989.74042521606,66989.74042521606,0.07299995422363281,5.608999967575073
12,4,9,local_search,obj_pwldr,68367.33667989293,68367.01242994532,0.07299995422363281,0.5989999771118164
12,4,9,local_search,dr_pwldr,68278.03761576007,68277.68322362806,0.07299995422363281,0.5989999771118164
12,4,9,local_search,reopt_pwldr,66989.74042521606,66989.74042521606,0.07299995422363281,0.5989999771118164
12,4,10,black_box,obj_pwldr,68369.4607378917,68367.00135529308,0.05500006675720215,6.1570000648498535
12,4,10,black_box,dr_pwldr,68280.38279644107,68277.6729180248,0.05500006675720215,6.1570000648498535
12,4,10,black_box,reopt_pwldr,66989.74042521606,66989.74042521606,0.05500006675720215,6.1570000648498535
12,4,10,local_search,obj_pwldr,68369.4607378917,68367.00135529308,0.05500006675720215,0.7820000648498535
12,4,10,local_search,dr_pwldr,68280.38279644107,68277.6729180248,0.05500006675720215,0.7820000648498535
12,4,10,local_search,reopt_pwldr,66989.74042521606,66989.74042521606,0.05500006675720215,0.7820000648498535
13,1,1,black_box,obj_pwldr,70702.6123269861,70507.79371587995,0.024000167846679688,1.383000135421753
13,1,1,black_box,dr_pwldr,70649.66575274721,70450.56260902881,0.024000167846679688,1.383000135421753
13,1,1,black_box,reopt_pwldr,68201.65067360857,68201.65067360857,0.024000167846679688,1.383000135421753
13,1,1,local_search,obj_pwldr,70702.6123269861,70507.79371587995,0.024000167846679688,0.05200004577636719
13,1,1,local_search,dr_pwldr,70649.66575274721,70450.56260902881,0.024000167846679688,0.05200004577636719
13,1,1,local_search,reopt_pwldr,68201.65067360857,68201.65067360857,0.024000167846679688,0.05200004577636719
13,1,2,black_box,obj_pwldr,70510.95077963694,70498.7549348676,0.03699994087219238,1.813999891281128
13,1,2,black_box,dr_pwldr,70453.84637246236,70441.19250995027,0.03699994087219238,1.813999891281128
13,1,2,black_box,reopt_pwldr,68201.65067360856,68201.65067360856,0.03699994087219238,1.813999891281128
13,1,2,local_search,obj_pwldr,70510.95077963694,70498.7549348676,0.03699994087219238,0.08700013160705566
13,1,2,local_search,dr_pwldr,70453.84637246236,70441.19250995027,0.03699994087219238,0.08700013160705566
13,1,2,local_search,reopt_pwldr,68201.65067360856,68201.65067360856,0.03699994087219238,0.08700013160705566
13,1,3,black_box,obj_pwldr,70561.0213003356,70499.00278132265,0.04200005531311035,2.242000102996826
13,1,3,black_box,dr_pwldr,70504.93330428694,70441.46891448314,0.04200005531311035,2.242000102996826
13,1,3,black_box,reopt_pwldr,68201.65067360857,68201.65067360857,0.04200005531311035,2.242000102996826
13,1,3,local_search,obj_pwldr,70561.0213003356,70499.00278132265,0.04200005531311035,0.1549999713897705
13,1,3,local_search,dr_pwldr,70504.93330428694,70441.46891448314,0.04200005531311035,0.1549999713897705
13,1,3,local_search,reopt_pwldr,68201.65067360857,68201.65067360857,0.04200005531311035,0.1549999713897705
13,1,4,black_box,obj_pwldr,70538.0775971912,70498.45736596093,0.03699994087219238,2.7919998168945312
13,1,4,black_box,dr_pwldr,70482.18120839096,70440.8881485933,0.03699994087219238,2.7919998168945312
13,1,4,black_box,reopt_pwldr,68201.65067360857,68201.65067360857,0.03699994087219238,2.7919998168945312
13,1,4,local_search,obj_pwldr,70538.0775971912,70498.45736596093,0.03699994087219238,0.21799993515014648
13,1,4,local_search,dr_pwldr,70482.18120839096,70440.8881485933,0.03699994087219238,0.21799993515014648
13,1,4,local_search,reopt_pwldr,68201.65067360857,68201.65067360857,0.03699994087219238,0.21799993515014648
13,1,5,black_box,obj_pwldr,70506.60497730991,70498.92620597403,0.03399991989135742,3.132999897003174
13,1,5,black_box,dr_pwldr,70449.31438816544,70441.359104063,0.03399991989135742,3.132999897003174
13,1,5,black_box,reopt_pwldr,68201.65067360856,68201.65067360856,0.03399991989135742,3.132999897003174
13,1,5,local_search,obj_pwldr,70506.60497730991,70498.92620597403,0.03399991989135742,0.22099995613098145
13,1,5,local_search,dr_pwldr,70449.31438816544,70441.359104063,0.03399991989135742,0.22099995613098145
13,1,5,local_search,reopt_pwldr,68201.65067360856,68201.65067360856,0.03399991989135742,0.22099995613098145
13,1,6,black_box,obj_pwldr,70515.69466677906,70498.84456124288,0.04399991035461426,3.6610000133514404
13,1,6,black_box,dr_pwldr,70459.3288751086,70441.28375161883,0.04399991035461426,3.6610000133514404
13,1,6,black_box,reopt_pwldr,68201.65067360857,68201.65067360857,0.04399991035461426,3.6610000133514404
13,1,6,local_search,obj_pwldr,70515.69466677906,70498.84456124288,0.04399991035461426,0.28600001335144043
13,1,6,local_search,dr_pwldr,70459.3288751086,70441.28375161883,0.04399991035461426,0.28600001335144043
13,1,6,local_search,reopt_pwldr,68201.65067360857,68201.65067360857,0.04399991035461426,0.28600001335144043
13,1,7,black_box,obj_pwldr,70515.01526073185,70498.5090372492,0.04400014877319336,4.216000080108643
13,1,7,black_box,dr_pwldr,70458.52868831424,70440.95178962607,0.04400014877319336,4.216000080108643
13,1,7,black_box,reopt_pwldr,68201.65067360857,68201.65067360857,0.04400014877319336,4.216000080108643
13,1,7,local_search,obj_pwldr,70515.01526073185,70498.48136600874,0.04400014877319336,0.49200010299682617
13,1,7,local_search,dr_pwldr,70458.52868831424,70440.9149062636,0.04400014877319336,0.49200010299682617
13,1,7,local_search,reopt_pwldr,68201.65067360857,68201.65067360857,0.04400014877319336,0.49200010299682617
13,1,8,black_box,obj_pwldr,70504.18146556074,70498.45784948788,0.054000139236450195,4.7769999504089355
13,1,8,black_box,dr_pwldr,70446.82707657389,70440.88873445478,0.054000139236450195,4.7769999504089355
13,1,8,black_box,reopt_pwldr,68201.65067360856,68201.65067360856,0.054000139236450195,4.7769999504089355
13,1,8,local_search,obj_pwldr,70504.18146556074,70498.4578494879,0.054000139236450195,0.46399998664855957
13,1,8,local_search,dr_pwldr,70446.82707657389,70440.8887344548,0.054000139236450195,0.46399998664855957
13,1,8,local_search,reopt_pwldr,68201.65067360856,68201.65067360857,0.054000139236450195,0.46399998664855957
13,1,9,black_box,obj_pwldr,70505.34213864457,70498.49329137366,0.04800009727478027,5.555000066757202
13,1,9,black_box,dr_pwldr,70448.33230081435,70440.92787434971,0.04800009727478027,5.555000066757202
13,1,9,black_box,reopt_pwldr,68201.65067360857,68201.65067360857,0.04800009727478027,5.555000066757202
13,1,9,local_search,obj_pwldr,70505.34213864457,70498.49329137366,0.04800009727478027,0.620999813079834
13,1,9,local_search,dr_pwldr,70448.33230081435,70440.92787434971,0.04800009727478027,0.620999813079834
13,1,9,local_search,reopt_pwldr,68201.65067360857,68201.65067360857,0.04800009727478027,0.620999813079834
13,1,10,black_box,obj_pwldr,70507.43847000532,70498.60202214148,0.05299997329711914,6.2190001010894775
13,1,10,black_box,dr_pwldr,70450.73870235469,70441.0491715757,0.05299997329711914,6.2190001010894775
13,1,10,black_box,reopt_pwldr,68201.65067360857,68201.65067360856,0.05299997329711914,6.2190001010894775
13,1,10,local_search,obj_pwldr,70507.43847000532,70498.6020221415,0.05299997329711914,0.7960000038146973
13,1,10,local_search,dr_pwldr,70450.73870235469,70441.0491715757,0.05299997329711914,0.7960000038146973
13,1,10,local_search,reopt_pwldr,68201.65067360857,68201.65067360857,0.05299997329711914,0.7960000038146973
13,2,1,black_box,obj_pwldr,70916.2782115082,70735.41006736418,0.023000001907348633,1.2999999523162842
13,2,1,black_box,dr_pwldr,70872.21480945272,70685.54826181737,0.023000001907348633,1.2999999523162842
13,2,1,black_box,reopt_pwldr,68201.65067360856,68201.65067360857,0.023000001907348633,1.2999999523162842
13,2,1,local_search,obj_pwldr,70916.2782115082,70735.41006736418,0.023000001907348633,0.06099987030029297
13,2,1,local_search,dr_pwldr,70872.21480945272,70685.54826181737,0.023000001907348633,0.06099987030029297
13,2,1,local_search,reopt_pwldr,68201.65067360856,68201.65067360857,0.023000001907348633,0.06099987030029297
13,2,2,black_box,obj_pwldr,70744.32457925683,70728.00541146206,0.024000167846679688,1.5810000896453857
13,2,2,black_box,dr_pwldr,70696.12241891326,70678.47352266609,0.024000167846679688,1.5810000896453857
13,2,2,black_box,reopt_pwldr,68201.65067360857,68201.65067360857,0.024000167846679688,1.5810000896453857
13,2,2,local_search,obj_pwldr,70744.32457925683,70728.00541146204,0.024000167846679688,0.15600013732910156
13,2,2,local_search,dr_pwldr,70696.12241891326,70678.47352266603,0.024000167846679688,0.15600013732910156
13,2,2,local_search,reopt_pwldr,68201.65067360857,68201.65067360856,0.024000167846679688,0.15600013732910156
13,2,3,black_box,obj_pwldr,70767.75160103051,70728.00746021447,0.04199981689453125,2.0179998874664307
13,2,3,black_box,dr_pwldr,70717.5710459606,70678.49956670763,0.04199981689453125,2.0179998874664307
13,2,3,black_box,reopt_pwldr,68201.65067360859,68201.65067360857,0.04199981689453125,2.0179998874664307
13,2,3,local_search,obj_pwldr,70767.75160103051,70728.00746021447,0.04199981689453125,0.11399984359741211
13,2,3,local_search,dr_pwldr,70717.5710459606,70678.49956670763,0.04199981689453125,0.11399984359741211
13,2,3,local_search,reopt_pwldr,68201.65067360859,68201.65067360857,0.04199981689453125,0.11399984359741211
13,2,4,black_box,obj_pwldr,70759.31787319198,70728.27653363027,0.03900003433227539,2.3570001125335693
13,2,4,black_box,dr_pwldr,70710.70585585608,70678.83527113595,0.03900003433227539,2.3570001125335693
13,2,4,black_box,reopt_pwldr,68201.65067360857,68201.65067360857,0.03900003433227539,2.3570001125335693
13,2,4,local_search,obj_pwldr,70759.31787319198,70728.27653363027,0.03900003433227539,0.16900014877319336
13,2,4,local_search,dr_pwldr,70710.70585585608,70678.83527113596,0.03900003433227539,0.16900014877319336
13,2,4,local_search,reopt_pwldr,68201.65067360857,68201.65067360857,0.03900003433227539,0.16900014877319336
13,2,5,black_box,obj_pwldr,70735.63062979498,70727.78061666508,0.046000003814697266,2.8380000591278076
13,2,5,black_box,dr_pwldr,70686.72233486283,70678.23679012926,0.046000003814697266,2.8380000591278076
13,2,5,black_box,reopt_pwldr,68201.65067360857,68201.65067360857,0.046000003814697266,2.8380000591278076
13,2,5,local_search,obj_pwldr,70735.63062979498,70727.78061666508,0.046000003814697266,0.19699978828430176
13,2,5,local_search,dr_pwldr,70686.72233486283,70678.23679012926,0.046000003814697266,0.19699978828430176
13,2,5,local_search,reopt_pwldr,68201.65067360857,68201.65067360857,0.046000003814697266,0.19699978828430176
13,2,6,black_box,obj_pwldr,70739.19943613693,70727.78305925774,0.03800010681152344,3.3359999656677246
13,2,6,black_box,dr_pwldr,70689.80281339538,70678.23660608559,0.03800010681152344,3.3359999656677246
13,2,6,black_box,reopt_pwldr,68201.65067360857,68201.65067360856,0.03800010681152344,3.3359999656677246
13,2,6,local_search,obj_pwldr,70739.19943613693,70727.78305925774,0.03800010681152344,0.26799988746643066
13,2,6,local_search,dr_pwldr,70689.80281339538,70678.23660608559,0.03800010681152344,0.26799988746643066
13,2,6,local_search,reopt_pwldr,68201.65067360857,68201.65067360856,0.03800010681152344,0.26799988746643066
13,2,7,black_box,obj_pwldr,70740.40064155562,70727.78793161649,0.039999961853027344,3.88700008392334
13,2,7,black_box,dr_pwldr,70691.59573631987,70678.24170711734,0.039999961853027344,3.88700008392334
13,2,7,black_box,reopt_pwldr,68201.65067360856,68201.65067360856,0.039999961853027344,3.88700008392334
13,2,7,local_search,obj_pwldr,70740.40064155562,70727.78793161649,0.039999961853027344,0.40400004386901855
13,2,7,local_search,dr_pwldr,70691.59573631987,70678.24170711734,0.039999961853027344,0.40400004386901855
13,2,7,local_search,reopt_pwldr,68201.65067360856,68201.65067360856,0.039999961853027344,0.40400004386901855
13,2,8,black_box,obj_pwldr,70732.732646641,70727.87711583868,0.04499983787536621,4.677000045776367
13,2,8,black_box,dr_pwldr,70683.5987454497,70678.3793304496,0.04499983787536621,4.677000045776367
13,2,8,black_box,reopt_pwldr,68201.65067360859,68201.65067360856,0.04499983787536621,4.677000045776367
13,2,8,local_search,obj_pwldr,70732.732646641,70727.80371726968,0.04499983787536621,0.9200000762939453
13,2,8,local_search,dr_pwldr,70683.5987454497,70678.26070114049,0.04499983787536621,0.9200000762939453
13,2,8,local_search,reopt_pwldr,68201.65067360859,68201.65067360856,0.04499983787536621,0.9200000762939453
13,2,9,black_box,obj_pwldr,70732.42379370928,70727.82397965131,0.04699993133544922,5.75600004196167
13,2,9,black_box,dr_pwldr,70683.00381416215,70678.28320390232,0.04699993133544922,5.75600004196167
13,2,9,black_box,reopt_pwldr,68201.65067360857,68201.65067360857,0.04699993133544922,5.75600004196167
13,2,9,local_search,obj_pwldr,70732.42379370928,70727.82397965131,0.04699993133544922,0.5799999237060547
13,2,9,local_search,dr_pwldr,70683.00381416215,70678.28320390232,0.04699993133544922,0.5799999237060547
13,2,9,local_search,reopt_pwldr,68201.65067360857,68201.65067360857,0.04699993133544922,0.5799999237060547
13,2,10,black_box,obj_pwldr,70734.48921930019,70727.79818410914,0.05299997329711914,5.670000076293945
13,2,10,black_box,dr_pwldr,70685.61910602252,70678.27280968684,0.05299997329711914,5.670000076293945
13,2,10,black_box,reopt_pwldr,68201.65067360857,68201.65067360856,0.05299997329711914,5.670000076293945
13,2,10,local_search,obj_pwldr,70734.48921930019,70727.79246138697,0.05299997329711914,1.7039999961853027
13,2,10,local_search,dr_pwldr,70685.61910602252,70678.25243519223,0.05299997329711914,1.7039999961853027
13,2,10,local_search,reopt_pwldr,68201.65067360857,68201.65067360856,0.05299997329711914,1.7039999961853027
13,3,1,black_box,obj_pwldr,70913.47099853259,70665.99065800614,0.029000043869018555,1.6640000343322754
13,3,1,black_box,dr_pwldr,70861.15677376236,70608.67927394506,0.029000043869018555,1.6640000343322754
13,3,1,black_box,reopt_pwldr,68201.65067360856,68201.65067360856,0.029000043869018555,1.6640000343322754
13,3,1,local_search,obj_pwldr,70913.47099853259,70665.9906580061,0.029000043869018555,0.05500006675720215
13,3,1,local_search,dr_pwldr,70861.15677376236,70608.67927394506,0.029000043869018555,0.05500006675720215
13,3,1,local_search,reopt_pwldr,68201.65067360856,68201.65067360856,0.029000043869018555,0.05500006675720215
13,3,2,black_box,obj_pwldr,70688.17848383148,70663.78406729248,0.03699994087219238,4.170000076293945
13,3,2,black_box,dr_pwldr,70631.69999042575,70606.4317054214,0.03699994087219238,4.170000076293945
13,3,2,black_box,reopt_pwldr,68201.65067360856,68201.65067360856,0.03699994087219238,4.170000076293945
13,3,2,local_search,obj_pwldr,70688.17848383148,70663.78406729248,0.03699994087219238,0.29599976539611816
13,3,2,local_search,dr_pwldr,70631.69999042575,70606.4317054214,0.03699994087219238,0.29599976539611816
13,3,2,local_search,reopt_pwldr,68201.65067360856,68201.65067360856,0.03699994087219238,0.29599976539611816
13,3,3,black_box,obj_pwldr,70709.24085847239,70662.45585345349,0.051000118255615234,6.891999959945679
13,3,3,black_box,dr_pwldr,70652.59265340034,70604.9882014164,0.051000118255615234,6.891999959945679
13,3,3,black_box,reopt_pwldr,68201.65067360857,68201.65067360857,0.051000118255615234,6.891999959945679
13,3,3,local_search,obj_pwldr,70709.24085847239,70662.45585345349,0.051000118255615234,0.3769998550415039
13,3,3,local_search,dr_pwldr,70652.59265340034,70604.9882014164,0.051000118255615234,0.3769998550415039
13,3,3,local_search,reopt_pwldr,68201.65067360857,68201.65067360857,0.051000118255615234,0.3769998550415039
13,3,4,black_box,obj_pwldr,70713.54387731332,70662.60369116727,0.07299995422363281,9.937000036239624
13,3,4,black_box,dr_pwldr,70658.36902709547,70605.12746544817,0.07299995422363281,9.937000036239624
13,3,4,black_box,reopt_pwldr,68201.65067360856,68201.65067360856,0.07299995422363281,9.937000036239624
13,3,4,local_search,obj_pwldr,70713.54387731332,70662.60369116727,0.07299995422363281,0.6119999885559082
13,3,4,local_search,dr_pwldr,70658.36902709547,70605.12746544817,0.07299995422363281,0.6119999885559082
13,3,4,local_search,reopt_pwldr,68201.65067360856,68201.65067360856,0.07299995422363281,0.6119999885559082
13,3,5,black_box,obj_pwldr,70676.8086617596,70662.55211262431,0.08599996566772461,13.164999961853027
13,3,5,black_box,dr_pwldr,70619.93302163934,70605.1016333073,0.08599996566772461,13.164999961853027
13,3,5,black_box,reopt_pwldr,68201.65067360857,68201.65067360857,0.08599996566772461,13.164999961853027
13,3,5,local_search,obj_pwldr,70676.8086617596,70662.55211262431,0.08599996566772461,1.186000108718872
13,3,5,local_search,dr_pwldr,70619.93302163934,70605.1016333073,0.08599996566772461,1.186000108718872
13,3,5,local_search,reopt_pwldr,68201.65067360857,68201.65067360857,0.08599996566772461,1.186000108718872
13,3,6,black_box,obj_pwldr,70677.15626012001,70663.29472560828,0.10199999809265137,17.252000093460083
13,3,6,black_box,dr_pwldr,70620.00433779163,70605.7780006988,0.10199999809265137,17.252000093460083
13,3,6,black_box,reopt_pwldr,68201.65067360857,68201.65067360857,0.10199999809265137,17.252000093460083
13,3,6,local_search,obj_pwldr,70677.15626012001,70663.06962021494,0.10199999809265137,2.5889999866485596
13,3,6,local_search,dr_pwldr,70620.00433779163,70605.68787376172,0.10199999809265137,2.5889999866485596
13,3,6,local_search,reopt_pwldr,68201.65067360857,68201.65067360857,0.10199999809265137,2.5889999866485596
13,3,7,black_box,obj_pwldr,70682.66708726337,70662.60088098668,0.14100003242492676,19.836999893188477
13,3,7,black_box,dr_pwldr,70626.8006545628,70605.12459887973,0.14100003242492676,19.836999893188477
13,3,7,black_box,reopt_pwldr,68201.65067360857,68201.65067360856,0.14100003242492676,19.836999893188477
13,3,7,local_search,obj_pwldr,70682.66708726337,70662.60088098668,0.14100003242492676,1.875999927520752
13,3,7,local_search,dr_pwldr,70626.8006545628,70605.12459887973,0.14100003242492676,1.875999927520752
13,3,7,local_search,reopt_pwldr,68201.65067360857,68201.65067360856,0.14100003242492676,1.875999927520752
13,3,8,black_box,obj_pwldr,70671.3411531933,70662.4604214596,0.15899991989135742,23.58399987220764
13,3,8,black_box,dr_pwldr,70614.48282886816,70604.99668181468,0.15899991989135742,23.58399987220764
13,3,8,black_box,reopt_pwldr,68201.65067360856,68201.65067360857,0.15899991989135742,23.58399987220764
13,3,8,local_search,obj_pwldr,70671.3411531933,70662.4604214596,0.15899991989135742,2.3939998149871826
13,3,8,local_search,dr_pwldr,70614.48282886816,70604.99668181468,0.15899991989135742,2.3939998149871826
13,3,8,local_search,reopt_pwldr,68201.65067360856,68201.65067360857,0.15899991989135742,2.3939998149871826
13,3,9,black_box,obj_pwldr,70668.6792923374,70662.44340614484,0.17300009727478027,27.161999940872192
13,3,9,black_box,dr_pwldr,70611.30396391865,70604.977223867,0.17300009727478027,27.161999940872192
13,3,9,black_box,reopt_pwldr,68201.65067360857,68201.65067360857,0.17300009727478027,27.161999940872192
13,3,9,local_search,obj_pwldr,70668.6792923374,70662.44340614483,0.17300009727478027,6.104000091552734
13,3,9,local_search,dr_pwldr,70611.30396391865,70604.977223867,0.17300009727478027,6.104000091552734
13,3,9,local_search,reopt_pwldr,68201.65067360857,68201.65067360857,0.17300009727478027,6.104000091552734
13,3,10,black_box,obj_pwldr,70673.03105750475,70662.53152523356,0.18599987030029297,30.176999807357788
13,3,10,black_box,dr_pwldr,70616.62558482419,70605.06137863394,0.18599987030029297,30.176999807357788
13,3,10,black_box,reopt_pwldr,68201.65067360857,68201.65067360857,0.18599987030029297,30.176999807357788
13,3,10,local_search,obj_pwldr,70673.03105750475,70662.45798595912,0.18599987030029297,4.239999771118164
13,3,10,local_search,dr_pwldr,70616.62558482419,70604.97816560719,0.18599987030029297,4.239999771118164
13,3,10,local_search,reopt_pwldr,68201.65067360857,68201.65067360857,0.18599987030029297,4.239999771118164
13,4,1,black_box,obj_pwldr,70874.8671987202,70681.03980726437,0.023999929428100586,1.2109999656677246
13,4,1,black_box,dr_pwldr,70814.8226997586,70609.79676913728,0.023999929428100586,1.2109999656677246
13,4,1,black_box,reopt_pwldr,68201.65067360857,68201.65067360857,0.023999929428100586,1.2109999656677246
13,4,1,local_search,obj_pwldr,70874.8671987202,70681.03980726437,0.023999929428100586,0.07700014114379883
13,4,1,local_search,dr_pwldr,70814.8226997586,70609.79676913728,0.023999929428100586,0.07700014114379883
13,4,1,local_search,reopt_pwldr,68201.65067360857,68201.65067360857,0.023999929428100586,0.07700014114379883
13,4,2,black_box,obj_pwldr,70695.79536771032,70679.60629713199,0.029000043869018555,1.812999963760376
13,4,2,black_box,dr_pwldr,70625.6745466022,70608.27695972857,0.029000043869018555,1.812999963760376
13,4,2,black_box,reopt_pwldr,68201.65067360857,68201.65067360857,0.029000043869018555,1.812999963760376
13,4,2,local_search,obj_pwldr,70695.79536771032,70679.60629713199,0.029000043869018555,0.10099983215332031
13,4,2,local_search,dr_pwldr,70625.6745466022,70608.27695972857,0.029000043869018555,0.10099983215332031
13,4,2,local_search,reopt_pwldr,68201.65067360857,68201.65067360857,0.029000043869018555,0.10099983215332031
13,4,3,black_box,obj_pwldr,70724.02843750507,70679.5713551286,0.05200004577636719,2.183000087738037
13,4,3,black_box,dr_pwldr,70656.38291424392,70608.25504553545,0.05200004577636719,2.183000087738037
13,4,3,black_box,reopt_pwldr,68201.65067360857,68201.65067360857,0.05200004577636719,2.183000087738037
13,4,3,local_search,obj_pwldr,70724.02843750507,70679.5713551286,0.05200004577636719,0.12199997901916504
13,4,3,local_search,dr_pwldr,70656.38291424392,70608.25504553545,0.05200004577636719,0.12199997901916504
13,4,3,local_search,reopt_pwldr,68201.65067360857,68201.65067360857,0.05200004577636719,0.12199997901916504
13,4,4,black_box,obj_pwldr,70713.53027839455,70679.89728716578,0.05299997329711914,2.5139999389648438
13,4,4,black_box,dr_pwldr,70646.22663756929,70608.58502827617,0.05299997329711914,2.5139999389648438
13,4,4,black_box,reopt_pwldr,68201.65067360857,68201.65067360857,0.05299997329711914,2.5139999389648438
13,4,4,local_search,obj_pwldr,70713.53027839455,70679.89728716578,0.05299997329711914,0.16700005531311035
13,4,4,local_search,dr_pwldr,70646.22663756929,70608.58502827617,0.05299997329711914,0.16700005531311035
13,4,4,local_search,reopt_pwldr,68201.65067360857,68201.65067360857,0.05299997329711914,0.16700005531311035
13,4,5,black_box,obj_pwldr,70687.7008255845,70679.66264699123,0.032000064849853516,3.0850000381469727
13,4,5,black_box,dr_pwldr,70617.46859693463,70608.33660488715,0.032000064849853516,3.0850000381469727
13,4,5,black_box,reopt_pwldr,68201.65067360857,68201.65067360857,0.032000064849853516,3.0850000381469727
13,4,5,local_search,obj_pwldr,70687.7008255845,70679.66264699123,0.032000064849853516,0.23200011253356934
13,4,5,local_search,dr_pwldr,70617.46859693463,70608.33660488715,0.032000064849853516,0.23200011253356934
13,4,5,local_search,reopt_pwldr,68201.65067360857,68201.65067360857,0.032000064849853516,0.23200011253356934
13,4,6,black_box,obj_pwldr,70692.13617888371,70679.47088119548,0.042999982833862305,3.6559998989105225
13,4,6,black_box,dr_pwldr,70622.46718206535,70608.13452649649,0.042999982833862305,3.6559998989105225
13,4,6,black_box,reopt_pwldr,68201.65067360857,68201.65067360856,0.042999982833862305,3.6559998989105225
13,4,6,local_search,obj_pwldr,70692.13617888371,70679.47088119548,0.042999982833862305,0.29399991035461426
13,4,6,local_search,dr_pwldr,70622.46718206535,70608.13452649649,0.042999982833862305,0.29399991035461426
13,4,6,local_search,reopt_pwldr,68201.65067360857,68201.65067360856,0.042999982833862305,0.29399991035461426
13,4,7,black_box,obj_pwldr,70693.19625140652,70679.64101282907,0.046000003814697266,4.101999998092651
13,4,7,black_box,dr_pwldr,70624.00186935523,70608.31983392185,0.046000003814697266,4.101999998092651
13,4,7,black_box,reopt_pwldr,68201.65067360857,68201.65067360857,0.046000003814697266,4.101999998092651
13,4,7,local_search,obj_pwldr,70693.19625140652,70679.64101282904,0.046000003814697266,0.7170000076293945
13,4,7,local_search,dr_pwldr,70624.00186935523,70608.31983392184,0.046000003814697266,0.7170000076293945
13,4,7,local_search,reopt_pwldr,68201.65067360857,68201.65067360856,0.046000003814697266,0.7170000076293945
13,4,8,black_box,obj_pwldr,70684.74513917882,70679.6140314593,0.046000003814697266,4.789999961853027
13,4,8,black_box,dr_pwldr,70614.28435729287,70608.30115673011,0.046000003814697266,4.789999961853027
13,4,8,black_box,reopt_pwldr,68201.65067360857,68201.65067360857,0.046000003814697266,4.789999961853027
13,4,8,local_search,obj_pwldr,70684.74513917882,70679.6140314593,0.046000003814697266,0.4810001850128174
13,4,8,local_search,dr_pwldr,70614.28435729287,70608.30115673011,0.046000003814697266,0.4810001850128174
13,4,8,local_search,reopt_pwldr,68201.65067360857,68201.65067360857,0.046000003814697266,0.4810001850128174
13,4,9,black_box,obj_pwldr,70684.59576217495,70679.44300189885,0.051000118255615234,5.458000183105469
13,4,9,black_box,dr_pwldr,70613.91304054458,70608.10421831727,0.051000118255615234,5.458000183105469
13,4,9,black_box,reopt_pwldr,68201.65067360857,68201.65067360856,0.051000118255615234,5.458000183105469
13,4,9,local_search,obj_pwldr,70684.59576217495,70679.44300189885,0.051000118255615234,0.6430001258850098
13,4,9,local_search,dr_pwldr,70613.91304054458,70608.10421831727,0.051000118255615234,0.6430001258850098
13,4,9,local_search,reopt_pwldr,68201.65067360857,68201.65067360856,0.051000118255615234,0.6430001258850098
13,4,10,black_box,obj_pwldr,70686.78026717519,70679.49062997547,0.054000139236450195,6.046000003814697
13,4,10,black_box,dr_pwldr,70616.80276699712,70608.1706717713,0.054000139236450195,6.046000003814697
13,4,10,black_box,reopt_pwldr,68201.65067360857,68201.65067360857,0.054000139236450195,6.046000003814697
13,4,10,local_search,obj_pwldr,70686.78026717519,70679.49062997547,0.054000139236450195,0.7349998950958252
13,4,10,local_search,dr_pwldr,70616.80276699712,70608.1706717713,0.054000139236450195,0.7349998950958252
13,4,10,local_search,reopt_pwldr,68201.65067360857,68201.65067360857,0.054000139236450195,0.7349998950958252
14,1,1,black_box,obj_pwldr,77824.33720211565,77587.03142852827,0.01900005340576172,2.053999900817871
14,1,1,black_box,dr_pwldr,77821.89079912877,77584.5924114512,0.01900005340576172,2.053999900817871
14,1,1,black_box,reopt_pwldr,74644.2849486961,74644.2849486961,0.01900005340576172,2.053999900817871
14,1,1,local_search,obj_pwldr,77824.33720211565,77587.03142852828,0.01900005340576172,0.06400012969970703
14,1,1,local_search,dr_pwldr,77821.89079912877,77584.5924114512,0.01900005340576172,0.06400012969970703
14,1,1,local_search,reopt_pwldr,74644.2849486961,74644.2849486961,0.01900005340576172,0.06400012969970703
14,1,2,black_box,obj_pwldr,77594.78144565236,77581.62123218218,0.0409998893737793,4.121000051498413
14,1,2,black_box,dr_pwldr,77592.11649282924,77579.10428181005,0.0409998893737793,4.121000051498413
14,1,2,black_box,reopt_pwldr,74644.2849486961,74644.2849486961,0.0409998893737793,4.121000051498413
14,1,2,local_search,obj_pwldr,77594.78144565236,77581.24401146972,0.0409998893737793,0.34999990463256836
14,1,2,local_search,dr_pwldr,77592.11649282924,77578.84634874387,0.0409998893737793,0.34999990463256836
14,1,2,local_search,reopt_pwldr,74644.2849486961,74644.2849486961,0.0409998893737793,0.34999990463256836
14,1,3,black_box,obj_pwldr,77639.3154319787,77581.20027380495,0.06500005722045898,6.885999917984009
14,1,3,black_box,dr_pwldr,77639.33220899713,77578.70672629564,0.06500005722045898,6.885999917984009
14,1,3,black_box,reopt_pwldr,74644.2849486961,74644.2849486961,0.06500005722045898,6.885999917984009
14,1,3,local_search,obj_pwldr,77639.3154319787,77581.20027380495,0.06500005722045898,0.46199989318847656
14,1,3,local_search,dr_pwldr,77639.33220899713,77578.70672629564,0.06500005722045898,0.46199989318847656
14,1,3,local_search,reopt_pwldr,74644.2849486961,74644.2849486961,0.06500005722045898,0.46199989318847656
14,1,4,black_box,obj_pwldr,77618.84354809798,77580.33330249257,0.0690000057220459,10.417999982833862
14,1,4,black_box,dr_pwldr,77617.48086747764,77577.85033539169,0.0690000057220459,10.417999982833862
14,1,4,black_box,reopt_pwldr,74644.2849486961,74644.2849486961,0.0690000057220459,10.417999982833862
14,1,4,local_search,obj_pwldr,77618.84354809798,77580.33330249257,0.0690000057220459,0.6940000057220459
14,1,4,local_search,dr_pwldr,77617.48086747764,77577.85033539169,0.0690000057220459,0.6940000057220459
14,1,4,local_search,reopt_pwldr,74644.2849486961,74644.2849486961,0.0690000057220459,0.6940000057220459
14,1,5,black_box,obj_pwldr,77589.27575160972,77580.80717693668,0.08299994468688965,13.263000011444092
14,1,5,black_box,dr_pwldr,77586.87575386217,77578.36100488743,0.08299994468688965,13.263000011444092
14,1,5,black_box,reopt_pwldr,74644.2849486961,74644.2849486961,0.08299994468688965,13.263000011444092
14,1,5,local_search,obj_pwldr,77589.27575160972,77580.8071769367,0.08299994468688965,0.9749999046325684
14,1,5,local_search,dr_pwldr,77586.87575386217,77578.36100488743,0.08299994468688965,0.9749999046325684
14,1,5,local_search,reopt_pwldr,74644.2849486961,74644.2849486961,0.08299994468688965,0.9749999046325684
14,1,6,black_box,obj_pwldr,77602.01698867616,77580.3668925218,0.12400007247924805,16.479000091552734
14,1,6,black_box,dr_pwldr,77601.5172029507,77577.86929226936,0.12400007247924805,16.479000091552734
14,1,6,black_box,reopt_pwldr,74644.2849486961,74644.2849486961,0.12400007247924805,16.479000091552734
14,1,6,local_search,obj_pwldr,77602.01698867616,77580.3668925218,0.12400007247924805,1.2609999179840088
14,1,6,local_search,dr_pwldr,77601.5172029507,77577.86929226936,0.12400007247924805,1.2609999179840088
14,1,6,local_search,reopt_pwldr,74644.2849486961,74644.2849486961,0.12400007247924805,1.2609999179840088
14,1,7,black_box,obj_pwldr,77591.43289870425,77580.38528426249,0.13700008392333984,19.758000135421753
14,1,7,black_box,dr_pwldr,77589.59773131378,77577.88174750618,0.13700008392333984,19.758000135421753
14,1,7,black_box,reopt_pwldr,74644.2849486961,74644.2849486961,0.13700008392333984,19.758000135421753
14,1,7,local_search,obj_pwldr,77591.43289870425,77580.38528426249,0.13700008392333984,1.7790000438690186
14,1,7,local_search,dr_pwldr,77589.59773131378,77577.88174750618,0.13700008392333984,1.7790000438690186
14,1,7,local_search,reopt_pwldr,74644.2849486961,74644.2849486961,0.13700008392333984,1.7790000438690186
14,1,8,black_box,obj_pwldr,77586.9873193216,77580.27897566662,0.16899991035461426,24.038000106811523
14,1,8,black_box,dr_pwldr,77584.68028976671,77577.79475741087,0.16899991035461426,24.038000106811523
14,1,8,black_box,reopt_pwldr,74644.2849486961,74644.2849486961,0.16899991035461426,24.038000106811523
14,1,8,local_search,obj_pwldr,77586.9873193216,77580.27897566662,0.16899991035461426,2.4750001430511475
14,1,8,local_search,dr_pwldr,77584.68028976671,77577.79475741087,0.16899991035461426,2.4750001430511475
14,1,8,local_search,reopt_pwldr,74644.2849486961,74644.2849486961,0.16899991035461426,2.4750001430511475
14,1,9,black_box,obj_pwldr,77591.27959268882,77580.3330283948,0.1640000343322754,26.522000074386597
14,1,9,black_box,dr_pwldr,77590.04771311335,77577.86172352603,0.1640000343322754,26.522000074386597
14,1,9,black_box,reopt_pwldr,74644.28494869613,74644.28494869612,0.1640000343322754,26.522000074386597
14,1,9,local_search,obj_pwldr,77591.27959268882,77580.3330283948,0.1640000343322754,3.315000057220459
14,1,9,local_search,dr_pwldr,77590.04771311335,77577.86172352603,0.1640000343322754,3.315000057220459
14,1,9,local_search,reopt_pwldr,74644.28494869613,74644.28494869612,0.1640000343322754,3.315000057220459
14,1,10,black_box,obj_pwldr,77583.80639004408,77580.33451022029,0.18799996376037598,30.439000129699707
14,1,10,black_box,dr_pwldr,77581.56132780055,77577.86242172174,0.18799996376037598,30.439000129699707
14,1,10,black_box,reopt_pwldr,74644.28494869613,74644.28494869613,0.18799996376037598,30.439000129699707
14,1,10,local_search,obj_pwldr,77583.80639004408,77580.33451022027,0.18799996376037598,6.9049999713897705
14,1,10,local_search,dr_pwldr,77581.56132780055,77577.86242172173,0.18799996376037598,6.9049999713897705
14,1,10,local_search,reopt_pwldr,74644.28494869613,74644.28494869612,0.18799996376037598,6.9049999713897705
14,2,1,black_box,obj_pwldr,77774.69414454598,77580.21410262336,0.020999908447265625,1.2709999084472656
14,2,1,black_box,dr_pwldr,77788.39938546407,77587.54062786313,0.020999908447265625,1.2709999084472656
14,2,1,black_box,reopt_pwldr,74644.28494869612,74644.2849486961,0.020999908447265625,1.2709999084472656
14,2,1,local_search,obj_pwldr,77774.69414454598,77580.21410262336,0.020999908447265625,0.053999900817871094
14,2,1,local_search,dr_pwldr,77788.39938546407,77587.54062786313,0.020999908447265625,0.053999900817871094
14,2,1,local_search,reopt_pwldr,74644.28494869612,74644.2849486961,0.020999908447265625,0.053999900817871094
14,2,2,black_box,obj_pwldr,77603.96051962805,77577.50537347433,0.032000064849853516,1.620999813079834
14,2,2,black_box,dr_pwldr,77611.26081964023,77584.80033272247,0.032000064849853516,1.620999813079834
14,2,2,black_box,reopt_pwldr,74644.2849486961,74644.2849486961,0.032000064849853516,1.620999813079834
14,2,2,local_search,obj_pwldr,77603.96051962805,77577.50537347433,0.032000064849853516,0.09600019454956055
14,2,2,local_search,dr_pwldr,77611.26081964023,77584.80033272247,0.032000064849853516,0.09600019454956055
14,2,2,local_search,reopt_pwldr,74644.2849486961,74644.2849486961,0.032000064849853516,0.09600019454956055
14,2,3,black_box,obj_pwldr,77638.04215675876,77574.79831564924,0.029999971389770508,2.117000102996826
14,2,3,black_box,dr_pwldr,77647.51724677061,77582.05091073466,0.029999971389770508,2.117000102996826
14,2,3,black_box,reopt_pwldr,74644.2849486961,74644.2849486961,0.029999971389770508,2.117000102996826
14,2,3,local_search,obj_pwldr,77638.04215675876,77574.79831564924,0.029999971389770508,0.12299990653991699
14,2,3,local_search,dr_pwldr,77647.51724677061,77582.05091073466,0.029999971389770508,0.12299990653991699
14,2,3,local_search,reopt_pwldr,74644.2849486961,74644.2849486961,0.029999971389770508,0.12299990653991699
14,2,4,black_box,obj_pwldr,77602.18617333905,77574.21834029423,0.03500008583068848,2.496999979019165
14,2,4,black_box,dr_pwldr,77609.26047721745,77581.46327132864,0.03500008583068848,2.496999979019165
14,2,4,black_box,reopt_pwldr,74644.2849486961,74644.2849486961,0.03500008583068848,2.496999979019165
14,2,4,local_search,obj_pwldr,77602.18617333905,77574.21834029423,0.03500008583068848,0.16499996185302734
14,2,4,local_search,dr_pwldr,77609.26047721745,77581.46327132864,0.03500008583068848,0.16499996185302734
14,2,4,local_search,reopt_pwldr,74644.2849486961,74644.2849486961,0.03500008583068848,0.16499996185302734
14,2,5,black_box,obj_pwldr,77587.85755835145,77574.25655068393,0.0559999942779541,3.0759999752044678
14,2,5,black_box,dr_pwldr,77596.02854937688,77581.50117509213,0.0559999942779541,3.0759999752044678
14,2,5,black_box,reopt_pwldr,74644.2849486961,74644.28494869613,0.0559999942779541,3.0759999752044678
14,2,5,local_search,obj_pwldr,77587.85755835145,77574.25655068393,0.0559999942779541,0.44299983978271484
14,2,5,local_search,dr_pwldr,77596.02854937688,77581.50117509213,0.0559999942779541,0.44299983978271484
14,2,5,local_search,reopt_pwldr,74644.2849486961,74644.28494869613,0.0559999942779541,0.44299983978271484
14,2,6,black_box,obj_pwldr,77595.42641858256,77574.25592854904,0.0409998893737793,3.631999969482422
14,2,6,black_box,dr_pwldr,77603.29846882596,77581.50248913761,0.0409998893737793,3.631999969482422
14,2,6,black_box,reopt_pwldr,74644.2849486961,74644.28494869612,0.0409998893737793,3.631999969482422
14,2,6,local_search,obj_pwldr,77595.42641858256,77574.25592854904,0.0409998893737793,0.2999999523162842
14,2,6,local_search,dr_pwldr,77603.29846882596,77581.50248913761,0.0409998893737793,0.2999999523162842
14,2,6,local_search,reopt_pwldr,74644.2849486961,74644.28494869612,0.0409998893737793,0.2999999523162842
14,2,7,black_box,obj_pwldr,77582.48650509102,77574.30649886339,0.04999995231628418,4.156999826431274
14,2,7,black_box,dr_pwldr,77589.42223948543,77581.55936107611,0.04999995231628418,4.156999826431274
14,2,7,black_box,reopt_pwldr,74644.2849486961,74644.2849486961,0.04999995231628418,4.156999826431274
14,2,7,local_search,obj_pwldr,77582.48650509102,77574.12589966886,0.04999995231628418,0.5439999103546143
14,2,7,local_search,dr_pwldr,77589.42223948543,77581.37088215101,0.04999995231628418,0.5439999103546143
14,2,7,local_search,reopt_pwldr,74644.2849486961,74644.2849486961,0.04999995231628418,0.5439999103546143
14,2,8,black_box,obj_pwldr,77582.51192536243,77574.19292875341,0.04800009727478027,4.773000001907349
14,2,8,black_box,dr_pwldr,77590.31675960541,77581.4388740139,0.04800009727478027,4.773000001907349
14,2,8,black_box,reopt_pwldr,74644.2849486961,74644.2849486961,0.04800009727478027,4.773000001907349
14,2,8,local_search,obj_pwldr,77582.51192536243,77574.19292875341,0.04800009727478027,0.5080001354217529
14,2,8,local_search,dr_pwldr,77590.31675960541,77581.4388740139,0.04800009727478027,0.5080001354217529
14,2,8,local_search,reopt_pwldr,74644.2849486961,74644.2849486961,0.04800009727478027,0.5080001354217529
14,2,9,black_box,obj_pwldr,77584.40935192654,77574.17495610508,0.05799984931945801,5.671000003814697
14,2,9,black_box,dr_pwldr,77591.68275643075,77581.4139036882,0.05799984931945801,5.671000003814697
14,2,9,black_box,reopt_pwldr,74644.2849486961,74644.2849486961,0.05799984931945801,5.671000003814697
14,2,9,local_search,obj_pwldr,77584.40935192654,77574.17495610508,0.05799984931945801,0.6419999599456787
14,2,9,local_search,dr_pwldr,77591.68275643075,77581.4139036882,0.05799984931945801,0.6419999599456787
14,2,9,local_search,reopt_pwldr,74644.2849486961,74644.2849486961,0.05799984931945801,0.6419999599456787
14,2,10,black_box,obj_pwldr,77576.83040028885,77574.12879430545,0.053999900817871094,6.450999975204468
14,2,10,black_box,dr_pwldr,77583.98832489584,77581.37671696786,0.053999900817871094,6.450999975204468
14,2,10,black_box,reopt_pwldr,74644.2849486961,74644.28494869612,0.053999900817871094,6.450999975204468
14,2,10,local_search,obj_pwldr,77576.83040028885,77574.12879430545,0.053999900817871094,0.7439999580383301
14,2,10,local_search,dr_pwldr,77583.98832489584,77581.37671696786,0.053999900817871094,0.7439999580383301
14,2,10,local_search,reopt_pwldr,74644.2849486961,74644.28494869612,0.053999900817871094,0.7439999580383301
14,3,1,black_box,obj_pwldr,77827.94717408826,77637.07890718104,0.023999929428100586,1.2699999809265137
14,3,1,black_box,dr_pwldr,77819.43683462044,77630.41291532852,0.023999929428100586,1.2699999809265137
14,3,1,black_box,reopt_pwldr,74644.2849486961,74644.2849486961,0.023999929428100586,1.2699999809265137
14,3,1,local_search,obj_pwldr,77827.94717408826,77637.07890718104,0.023999929428100586,0.06400012969970703
14,3,1,local_search,dr_pwldr,77819.43683462044,77630.41291532852,0.023999929428100586,0.06400012969970703
14,3,1,local_search,reopt_pwldr,74644.2849486961,74644.2849486961,0.023999929428100586,0.06400012969970703
14,3,2,black_box,obj_pwldr,77662.44286357006,77636.72803868355,0.024000167846679688,1.5980000495910645
14,3,2,black_box,dr_pwldr,77655.42935504188,77630.06094297381,0.024000167846679688,1.5980000495910645
14,3,2,black_box,reopt_pwldr,74644.28494869612,74644.2849486961,0.024000167846679688,1.5980000495910645
14,3,2,local_search,obj_pwldr,77662.44286357006,77636.72803868355,0.024000167846679688,0.07599997520446777
14,3,2,local_search,dr_pwldr,77655.42935504188,77630.06094297381,0.024000167846679688,0.07599997520446777
14,3,2,local_search,reopt_pwldr,74644.28494869612,74644.2849486961,0.024000167846679688,0.07599997520446777
14,3,3,black_box,obj_pwldr,77693.38987331509,77636.78761752318,0.04799985885620117,1.9660000801086426
14,3,3,black_box,dr_pwldr,77686.28568256799,77630.11228614069,0.04799985885620117,1.9660000801086426
14,3,3,black_box,reopt_pwldr,74644.2849486961,74644.2849486961,0.04799985885620117,1.9660000801086426
14,3,3,local_search,obj_pwldr,77693.38987331509,77636.7876175232,0.04799985885620117,0.12000012397766113
14,3,3,local_search,dr_pwldr,77686.28568256799,77630.11228614069,0.04799985885620117,0.12000012397766113
14,3,3,local_search,reopt_pwldr,74644.2849486961,74644.2849486961,0.04799985885620117,0.12000012397766113
14,3,4,black_box,obj_pwldr,77662.22513946859,77636.6053188001,0.0280001163482666,2.4000000953674316
14,3,4,black_box,dr_pwldr,77656.12817468113,77629.99520264627,0.0280001163482666,2.4000000953674316
14,3,4,black_box,reopt_pwldr,74644.2849486961,74644.2849486961,0.0280001163482666,2.4000000953674316
14,3,4,local_search,obj_pwldr,77662.22513946859,77636.6053188001,0.0280001163482666,0.16499996185302734
14,3,4,local_search,dr_pwldr,77656.12817468113,77629.99520264627,0.0280001163482666,0.16499996185302734
14,3,4,local_search,reopt_pwldr,74644.2849486961,74644.2849486961,0.0280001163482666,0.16499996185302734
14,3,5,black_box,obj_pwldr,77648.53743972404,77636.58343973191,0.04900002479553223,3.50600004196167
14,3,5,black_box,dr_pwldr,77641.52742309417,77629.91294611002,0.04900002479553223,3.50600004196167
14,3,5,black_box,reopt_pwldr,74644.2849486961,74644.2849486961,0.04900002479553223,3.50600004196167
14,3,5,local_search,obj_pwldr,77648.53743972404,77636.58343973191,0.04900002479553223,0.21399998664855957
14,3,5,local_search,dr_pwldr,77641.52742309417,77629.91294611002,0.04900002479553223,0.21399998664855957
14,3,5,local_search,reopt_pwldr,74644.2849486961,74644.2849486961,0.04900002479553223,0.21399998664855957
14,3,6,black_box,obj_pwldr,77655.52096000187,77636.5817554255,0.046000003814697266,3.2839999198913574
14,3,6,black_box,dr_pwldr,77649.13673195282,77629.91461617783,0.046000003814697266,3.2839999198913574
14,3,6,black_box,reopt_pwldr,74644.2849486961,74644.2849486961,0.046000003814697266,3.2839999198913574
14,3,6,local_search,obj_pwldr,77655.52096000187,77636.5817554255,0.046000003814697266,0.28600001335144043
14,3,6,local_search,dr_pwldr,77649.13673195282,77629.91461617783,0.046000003814697266,0.28600001335144043
14,3,6,local_search,reopt_pwldr,74644.2849486961,74644.2849486961,0.046000003814697266,0.28600001335144043
14,3,7,black_box,obj_pwldr,77644.10694629501,77636.51893450064,0.04900002479553223,3.9280002117156982
14,3,7,black_box,dr_pwldr,77637.89083162494,77629.85367400054,0.04900002479553223,3.9280002117156982
14,3,7,black_box,reopt_pwldr,74644.2849486961,74644.28494869612,0.04900002479553223,3.9280002117156982
14,3,7,local_search,obj_pwldr,77644.10694629501,77636.51893450064,0.04900002479553223,0.35900020599365234
14,3,7,local_search,dr_pwldr,77637.89083162494,77629.85367400054,0.04900002479553223,0.35900020599365234
14,3,7,local_search,reopt_pwldr,74644.2849486961,74644.28494869612,0.04900002479553223,0.35900020599365234
14,3,8,black_box,obj_pwldr,77643.90229844203,77636.57892699086,0.04399991035461426,4.384000062942505
14,3,8,black_box,dr_pwldr,77637.20662262532,77629.90854030674,0.04399991035461426,4.384000062942505
14,3,8,black_box,reopt_pwldr,74644.2849486961,74644.2849486961,0.04399991035461426,4.384000062942505
14,3,8,local_search,obj_pwldr,77643.90229844203,77636.57892699086,0.04399991035461426,0.4760000705718994
14,3,8,local_search,dr_pwldr,77637.20662262532,77629.90854030674,0.04399991035461426,0.4760000705718994
14,3,8,local_search,reopt_pwldr,74644.2849486961,74644.2849486961,0.04399991035461426,0.4760000705718994
14,3,9,black_box,obj_pwldr,77645.70192392945,77636.63825121168,0.04999995231628418,4.914000034332275
14,3,9,black_box,dr_pwldr,77639.28660438735,77629.96803699265,0.04999995231628418,4.914000034332275
14,3,9,black_box,reopt_pwldr,74644.28494869612,74644.2849486961,0.04999995231628418,4.914000034332275
14,3,9,local_search,obj_pwldr,77645.70192392945,77636.63825121168,0.04999995231628418,0.5529999732971191
14,3,9,local_search,dr_pwldr,77639.28660438735,77629.96803699265,0.04999995231628418,0.5529999732971191
14,3,9,local_search,reopt_pwldr,74644.28494869612,74644.2849486961,0.04999995231628418,0.5529999732971191
14,3,10,black_box,obj_pwldr,77638.95402417233,77636.50724492845,0.05099987983703613,5.616000175476074
14,3,10,black_box,dr_pwldr,77632.42556488159,77629.83990598908,0.05099987983703613,5.616000175476074
14,3,10,black_box,reopt_pwldr,74644.2849486961,74644.2849486961,0.05099987983703613,5.616000175476074
14,3,10,local_search,obj_pwldr,77638.95402417233,77636.50724492845,0.05099987983703613,0.7139999866485596
14,3,10,local_search,dr_pwldr,77632.42556488159,77629.83990598908,0.05099987983703613,0.7139999866485596
14,3,10,local_search,reopt_pwldr,74644.2849486961,74644.2849486961,0.05099987983703613,0.7139999866485596
14,4,1,black_box,obj_pwldr,77553.18075581986,77347.20925888365,0.01900005340576172,1.309000015258789
14,4,1,black_box,dr_pwldr,77545.60360845682,77336.68612223242,0.01900005340576172,1.309000015258789
14,4,1,black_box,reopt_pwldr,74644.2849486961,74644.2849486961,0.01900005340576172,1.309000015258789
14,4,1,local_search,obj_pwldr,77553.18075581986,77347.20925888365,0.01900005340576172,0.11399984359741211
14,4,1,local_search,dr_pwldr,77545.60360845682,77336.68612223242,0.01900005340576172,0.11399984359741211
14,4,1,local_search,reopt_pwldr,74644.2849486961,74644.2849486961,0.01900005340576172,0.11399984359741211
14,4,2,black_box,obj_pwldr,77381.20510219956,77331.49107697308,0.03699994087219238,1.687999963760376
14,4,2,black_box,dr_pwldr,77373.24435042155,77321.52688446669,0.03699994087219238,1.687999963760376
14,4,2,black_box,reopt_pwldr,74644.28494869612,74644.2849486961,0.03699994087219238,1.687999963760376
14,4,2,local_search,obj_pwldr,77381.20510219956,77331.49107697309,0.03699994087219238,0.09400010108947754
14,4,2,local_search,dr_pwldr,77373.24435042155,77321.52688446669,0.03699994087219238,0.09400010108947754
14,4,2,local_search,reopt_pwldr,74644.28494869612,74644.2849486961,0.03699994087219238,0.09400010108947754
14,4,3,black_box,obj_pwldr,77424.90672937766,77334.30602385475,0.042999982833862305,2.1389999389648438
14,4,3,black_box,dr_pwldr,77417.98820234789,77324.18552692475,0.042999982833862305,2.1389999389648438
14,4,3,black_box,reopt_pwldr,74644.2849486961,74644.28494869612,0.042999982833862305,2.1389999389648438
14,4,3,local_search,obj_pwldr,77424.90672937766,77334.30602385475,0.042999982833862305,0.23099994659423828
14,4,3,local_search,dr_pwldr,77417.98820234789,77324.18552692475,0.042999982833862305,0.23099994659423828
14,4,3,local_search,reopt_pwldr,74644.2849486961,74644.28494869612,0.042999982833862305,0.23099994659423828
14,4,4,black_box,obj_pwldr,77365.8942414484,77331.66612222695,0.037000179290771484,2.5480000972747803
14,4,4,black_box,dr_pwldr,77355.96768772729,77321.8004528384,0.037000179290771484,2.5480000972747803
14,4,4,black_box,reopt_pwldr,74644.28494869612,74644.2849486961,0.037000179290771484,2.5480000972747803
14,4,4,local_search,obj_pwldr,77365.8942414484,77331.37802545029,0.037000179290771484,0.32199978828430176
14,4,4,local_search,dr_pwldr,77355.96768772729,77321.422888863,0.037000179290771484,0.32199978828430176
14,4,4,local_search,reopt_pwldr,74644.28494869612,74644.2849486961,0.037000179290771484,0.32199978828430176
14,4,5,black_box,obj_pwldr,77353.20854908292,77331.46174148603,0.042999982833862305,3.32099986076355
14,4,5,black_box,dr_pwldr,77344.99229483053,77321.5018842599,0.042999982833862305,3.32099986076355
14,4,5,black_box,reopt_pwldr,74644.2849486961,74644.2849486961,0.042999982833862305,3.32099986076355
14,4,5,local_search,obj_pwldr,77353.20854908292,77331.46174148603,0.042999982833862305,0.24300003051757812
14,4,5,local_search,dr_pwldr,77344.99229483053,77321.5018842599,0.042999982833862305,0.24300003051757812
14,4,5,local_search,reopt_pwldr,74644.2849486961,74644.2849486961,0.042999982833862305,0.24300003051757812
14,4,6,black_box,obj_pwldr,77361.6665135347,77331.51399022035,0.05299997329711914,3.760000228881836
14,4,6,black_box,dr_pwldr,77353.18375206464,77321.5837265018,0.05299997329711914,3.760000228881836
14,4,6,black_box,reopt_pwldr,74644.28494869612,74644.28494869612,0.05299997329711914,3.760000228881836
14,4,6,local_search,obj_pwldr,77361.6665135347,77331.51399022035,0.05299997329711914,0.3100001811981201
14,4,6,local_search,dr_pwldr,77353.18375206464,77321.5837265018,0.05299997329711914,0.3100001811981201
14,4,6,local_search,reopt_pwldr,74644.28494869612,74644.28494869612,0.05299997329711914,0.3100001811981201
14,4,7,black_box,obj_pwldr,77342.00973651861,77331.42536725271,0.05000019073486328,4.463000059127808
14,4,7,black_box,dr_pwldr,77331.90858545239,77321.46431536804,0.05000019073486328,4.463000059127808
14,4,7,black_box,reopt_pwldr,74644.2849486961,74644.2849486961,0.05000019073486328,4.463000059127808
14,4,7,local_search,obj_pwldr,77342.00973651861,77331.42536725271,0.05000019073486328,0.3680000305175781
14,4,7,local_search,dr_pwldr,77331.90858545239,77321.46431536804,0.05000019073486328,0.3680000305175781
14,4,7,local_search,reopt_pwldr,74644.2849486961,74644.2849486961,0.05000019073486328,0.3680000305175781
14,4,8,black_box,obj_pwldr,77344.14337946246,77331.3952424146,0.04900002479553223,4.736999988555908
14,4,8,black_box,dr_pwldr,77335.58833851939,77321.4378542456,0.04900002479553223,4.736999988555908
14,4,8,black_box,reopt_pwldr,74644.2849486961,74644.2849486961,0.04900002479553223,4.736999988555908
14,4,8,local_search,obj_pwldr,77344.14337946246,77331.3952424146,0.04900002479553223,0.4930000305175781
14,4,8,local_search,dr_pwldr,77335.58833851939,77321.4378542456,0.04900002479553223,0.4930000305175781
14,4,8,local_search,reopt_pwldr,74644.2849486961,74644.2849486961,0.04900002479553223,0.4930000305175781
14,4,9,black_box,obj_pwldr,77345.78219270972,77331.37220725362,0.04999995231628418,5.523000001907349
14,4,9,black_box,dr_pwldr,77336.501204704,77321.41455563114,0.04999995231628418,5.523000001907349
14,4,9,black_box,reopt_pwldr,74644.2849486961,74644.2849486961,0.04999995231628418,5.523000001907349
14,4,9,local_search,obj_pwldr,77345.78219270972,77331.37220725362,0.04999995231628418,0.749000072479248
14,4,9,local_search,dr_pwldr,77336.501204704,77321.41455563114,0.04999995231628418,0.749000072479248
14,4,9,local_search,reopt_pwldr,74644.2849486961,74644.2849486961,0.04999995231628418,0.749000072479248
14,4,10,black_box,obj_pwldr,77334.8677327697,77331.40031314934,0.056999921798706055,7.00600004196167
14,4,10,black_box,dr_pwldr,77324.76014257377,77321.44320623556,0.056999921798706055,7.00600004196167
14,4,10,black_box,reopt_pwldr,74644.2849486961,74644.2849486961,0.056999921798706055,7.00600004196167
14,4,10,local_search,obj_pwldr,77334.8677327697,77331.40031314934,0.056999921798706055,0.7639999389648438
14,4,10,local_search,dr_pwldr,77324.76014257377,77321.44320623556,0.056999921798706055,0.7639999389648438
14,4,10,local_search,reopt_pwldr,74644.2849486961,74644.2849486961,0.056999921798706055,0.7639999389648438
15,1,1,black_box,obj_pwldr,65640.78842881836,65426.046812683606,0.03099989891052246,2.052999973297119
15,1,1,black_box,dr_pwldr,65616.51612240647,65391.61466870993,0.03099989891052246,2.052999973297119
15,1,1,black_box,reopt_pwldr,64033.539900217205,64033.53990021721,0.03099989891052246,2.052999973297119
15,1,1,local_search,obj_pwldr,65640.78842881836,65426.0468126836,0.03099989891052246,0.26800012588500977
15,1,1,local_search,dr_pwldr,65616.51612240647,65391.61466870993,0.03099989891052246,0.26800012588500977
15,1,1,local_search,reopt_pwldr,64033.539900217205,64033.539900217205,0.03099989891052246,0.26800012588500977
15,1,2,black_box,obj_pwldr,65528.428161675925,65423.34492077182,0.048999786376953125,4.167999982833862
15,1,2,black_box,dr_pwldr,65499.17218674124,65388.74459924443,0.048999786376953125,4.167999982833862
15,1,2,black_box,reopt_pwldr,64033.539900217205,64033.539900217205,0.048999786376953125,4.167999982833862
15,1,2,local_search,obj_pwldr,65528.428161675925,65423.34492077182,0.048999786376953125,0.19900012016296387
15,1,2,local_search,dr_pwldr,65499.17218674124,65388.74459924443,0.048999786376953125,0.19900012016296387
15,1,2,local_search,reopt_pwldr,64033.539900217205,64033.539900217205,0.048999786376953125,0.19900012016296387
15,1,3,black_box,obj_pwldr,65463.90620950925,65423.4810874236,0.05299997329711914,6.797999858856201
15,1,3,black_box,dr_pwldr,65431.891819638855,65388.890929538815,0.05299997329711914,6.797999858856201
15,1,3,black_box,reopt_pwldr,64033.539900217205,64033.539900217205,0.05299997329711914,6.797999858856201
15,1,3,local_search,obj_pwldr,65463.90620950925,65423.4810874236,0.05299997329711914,0.4010000228881836
15,1,3,local_search,dr_pwldr,65431.891819638855,65388.890929538815,0.05299997329711914,0.4010000228881836
15,1,3,local_search,reopt_pwldr,64033.539900217205,64033.539900217205,0.05299997329711914,0.4010000228881836
15,1,4,black_box,obj_pwldr,65432.38507618668,65423.24113734601,0.07400012016296387,9.921000003814697
15,1,4,black_box,dr_pwldr,65398.3712918264,65388.63556068382,0.07400012016296387,9.921000003814697
15,1,4,black_box,reopt_pwldr,64033.539900217205,64033.539900217205,0.07400012016296387,9.921000003814697
15,1,4,local_search,obj_pwldr,65432.38507618668,65423.24113734601,0.07400012016296387,0.6600000858306885
15,1,4,local_search,dr_pwldr,65398.3712918264,65388.63556068382,0.07400012016296387,0.6600000858306885
15,1,4,local_search,reopt_pwldr,64033.539900217205,64033.539900217205,0.07400012016296387,0.6600000858306885
15,1,5,black_box,obj_pwldr,65435.13346835004,65423.20331568006,0.0820000171661377,13.953999996185303
15,1,5,black_box,dr_pwldr,65401.21581366232,65388.59595540691,0.0820000171661377,13.953999996185303
15,1,5,black_box,reopt_pwldr,64033.539900217205,64033.53990021721,0.0820000171661377,13.953999996185303
15,1,5,local_search,obj_pwldr,65435.13346835004,65423.20331568006,0.0820000171661377,1.0460000038146973
15,1,5,local_search,dr_pwldr,65401.21581366232,65388.59595540691,0.0820000171661377,1.0460000038146973
15,1,5,local_search,reopt_pwldr,64033.539900217205,64033.53990021721,0.0820000171661377,1.0460000038146973
15,1,6,black_box,obj_pwldr,65443.07395175348,65423.19227726016,0.10799980163574219,16.72000002861023
15,1,6,black_box,dr_pwldr,65409.862274356106,65388.58482568581,0.10799980163574219,16.72000002861023
15,1,6,black_box,reopt_pwldr,64033.53990021721,64033.539900217205,0.10799980163574219,16.72000002861023
15,1,6,local_search,obj_pwldr,65443.07395175348,65423.19227726016,0.10799980163574219,1.4059998989105225
15,1,6,local_search,dr_pwldr,65409.862274356106,65388.58482568581,0.10799980163574219,1.4059998989105225
15,1,6,local_search,reopt_pwldr,64033.53990021721,64033.539900217205,0.10799980163574219,1.4059998989105225
15,1,7,black_box,obj_pwldr,65440.69362059374,65423.62118867893,0.1419999599456787,19.884999990463257
15,1,7,black_box,dr_pwldr,65407.43956913422,65389.05207324426,0.1419999599456787,19.884999990463257
15,1,7,black_box,reopt_pwldr,64033.539900217205,64033.53990021721,0.1419999599456787,19.884999990463257
15,1,7,local_search,obj_pwldr,65440.69362059374,65423.15768922541,0.1419999599456787,5.309999942779541
15,1,7,local_search,dr_pwldr,65407.43956913422,65388.54617351147,0.1419999599456787,5.309999942779541
15,1,7,local_search,reopt_pwldr,64033.539900217205,64033.539900217205,0.1419999599456787,5.309999942779541
15,1,8,black_box,obj_pwldr,65434.962486023556,65423.1565278152,0.1549999713897705,23.858999967575073
15,1,8,black_box,dr_pwldr,65401.3441100925,65388.54683798501,0.1549999713897705,23.858999967575073
15,1,8,black_box,reopt_pwldr,64033.539900217205,64033.53990021721,0.1549999713897705,23.858999967575073
15,1,8,local_search,obj_pwldr,65434.962486023556,65423.1565278152,0.1549999713897705,2.1449999809265137
15,1,8,local_search,dr_pwldr,65401.3441100925,65388.54683798501,0.1549999713897705,2.1449999809265137
15,1,8,local_search,reopt_pwldr,64033.539900217205,64033.53990021721,0.1549999713897705,2.1449999809265137
15,1,9,black_box,obj_pwldr,65428.76259332825,65423.1760219206,0.1700000762939453,26.888000011444092
15,1,9,black_box,dr_pwldr,65394.55222475694,65388.56727807164,0.1700000762939453,26.888000011444092
15,1,9,black_box,reopt_pwldr,64033.53990021721,64033.53990021721,0.1700000762939453,26.888000011444092
15,1,9,local_search,obj_pwldr,65428.76259332825,65423.1760219206,0.1700000762939453,3.3610000610351562
15,1,9,local_search,dr_pwldr,65394.55222475694,65388.56727807164,0.1700000762939453,3.3610000610351562
15,1,9,local_search,reopt_pwldr,64033.53990021721,64033.53990021721,0.1700000762939453,3.3610000610351562
15,1,10,black_box,obj_pwldr,65423.22244348777,65423.18437258063,0.1919999122619629,30.805000066757202
15,1,10,black_box,dr_pwldr,65388.61797129343,65388.57776789225,0.1919999122619629,30.805000066757202
15,1,10,black_box,reopt_pwldr,64033.539900217205,64033.539900217205,0.1919999122619629,30.805000066757202
15,1,10,local_search,obj_pwldr,65423.22244348777,65423.18437258063,0.1919999122619629,3.4709999561309814
15,1,10,local_search,dr_pwldr,65388.61797129343,65388.57776789225,0.1919999122619629,3.4709999561309814
15,1,10,local_search,reopt_pwldr,64033.539900217205,64033.539900217205,0.1919999122619629,3.4709999561309814
15,2,1,black_box,obj_pwldr,65621.53553324219,65460.40164037627,0.020999908447265625,1.24399995803833
15,2,1,black_box,dr_pwldr,65597.41571280904,65438.83545541981,0.020999908447265625,1.24399995803833
15,2,1,black_box,reopt_pwldr,64033.53990021721,64033.539900217205,0.020999908447265625,1.24399995803833
15,2,1,local_search,obj_pwldr,65621.53553324219,65460.40164037627,0.020999908447265625,0.05500006675720215
15,2,1,local_search,dr_pwldr,65597.41571280904,65438.83545541981,0.020999908447265625,0.05500006675720215
15,2,1,local_search,reopt_pwldr,64033.53990021721,64033.539900217205,0.020999908447265625,0.05500006675720215
15,2,2,black_box,obj_pwldr,65532.226934611426,65461.65649207698,0.02500009536743164,1.690999984741211
15,2,2,black_box,dr_pwldr,65507.62791831118,65439.994815148515,0.02500009536743164,1.690999984741211
15,2,2,black_box,reopt_pwldr,64033.539900217205,64033.539900217205,0.02500009536743164,1.690999984741211
15,2,2,local_search,obj_pwldr,65532.226934611426,65460.16368605294,0.02500009536743164,0.125
15,2,2,local_search,dr_pwldr,65507.62791831118,65438.69519371021,0.02500009536743164,0.125
15,2,2,local_search,reopt_pwldr,64033.539900217205,64033.539900217205,0.02500009536743164,0.125
15,2,3,black_box,obj_pwldr,65490.895193703174,65460.420728920784,0.03900003433227539,2.0450000762939453
15,2,3,black_box,dr_pwldr,65467.407227292424,65438.95166228515,0.03900003433227539,2.0450000762939453
15,2,3,black_box,reopt_pwldr,64033.53990021721,64033.53990021721,0.03900003433227539,2.0450000762939453
15,2,3,local_search,obj_pwldr,65490.895193703174,65460.420728920784,0.03900003433227539,0.12400007247924805
15,2,3,local_search,dr_pwldr,65467.407227292424,65438.95166228515,0.03900003433227539,0.12400007247924805
15,2,3,local_search,reopt_pwldr,64033.53990021721,64033.53990021721,0.03900003433227539,0.12400007247924805
15,2,4,black_box,obj_pwldr,65467.426082399725,65459.45193469992,0.03800010681152344,2.552000045776367
15,2,4,black_box,dr_pwldr,65445.304137591964,65437.956043614104,0.03800010681152344,2.552000045776367
15,2,4,black_box,reopt_pwldr,64033.539900217205,64033.539900217205,0.03800010681152344,2.552000045776367
15,2,4,local_search,obj_pwldr,65467.426082399725,65459.45193469993,0.03800010681152344,0.15700006484985352
15,2,4,local_search,dr_pwldr,65445.304137591964,65437.956043614104,0.03800010681152344,0.15700006484985352
15,2,4,local_search,reopt_pwldr,64033.539900217205,64033.539900217205,0.03800010681152344,0.15700006484985352
15,2,5,black_box,obj_pwldr,65465.80744093184,65459.64681059097,0.03600001335144043,3.064000129699707
15,2,5,black_box,dr_pwldr,65444.07291425337,65438.13643838372,0.03600001335144043,3.064000129699707
15,2,5,black_box,reopt_pwldr,64033.539900217205,64033.53990021721,0.03600001335144043,3.064000129699707
15,2,5,local_search,obj_pwldr,65465.80744093184,65459.64681059097,0.03600001335144043,0.23600006103515625
15,2,5,local_search,dr_pwldr,65444.07291425337,65438.13643838372,0.03600001335144043,0.23600006103515625
15,2,5,local_search,reopt_pwldr,64033.539900217205,64033.53990021721,0.03600001335144043,0.23600006103515625
15,2,6,black_box,obj_pwldr,65470.45906552718,65459.382300604455,0.03800010681152344,3.5220000743865967
15,2,6,black_box,dr_pwldr,65448.240738557055,65437.87658378179,0.03800010681152344,3.5220000743865967
15,2,6,black_box,reopt_pwldr,64033.53990021721,64033.53990021721,0.03800010681152344,3.5220000743865967
15,2,6,local_search,obj_pwldr,65470.45906552718,65459.382300604455,0.03800010681152344,0.3100001811981201
15,2,6,local_search,dr_pwldr,65448.240738557055,65437.87658378179,0.03800010681152344,0.3100001811981201
15,2,6,local_search,reopt_pwldr,64033.53990021721,64033.53990021721,0.03800010681152344,0.3100001811981201
15,2,7,black_box,obj_pwldr,65469.7283168963,65459.27253245354,0.0409998893737793,4.039999961853027
15,2,7,black_box,dr_pwldr,65447.23454079776,65437.78503709082,0.0409998893737793,4.039999961853027
15,2,7,black_box,reopt_pwldr,64033.539900217205,64033.539900217205,0.0409998893737793,4.039999961853027
15,2,7,local_search,obj_pwldr,65469.7283168963,65459.27253245354,0.0409998893737793,0.40799999237060547
15,2,7,local_search,dr_pwldr,65447.23454079776,65437.78503709082,0.0409998893737793,0.40799999237060547
15,2,7,local_search,reopt_pwldr,64033.539900217205,64033.539900217205,0.0409998893737793,0.40799999237060547
15,2,8,black_box,obj_pwldr,65466.81993121845,65459.310932769884,0.05299997329711914,4.758999824523926
15,2,8,black_box,dr_pwldr,65444.261173075836,65437.809874775056,0.05299997329711914,4.758999824523926
15,2,8,black_box,reopt_pwldr,64033.539900217205,64033.539900217205,0.05299997329711914,4.758999824523926
15,2,8,local_search,obj_pwldr,65466.81993121845,65459.22971497997,0.05299997329711914,0.6840000152587891
15,2,8,local_search,dr_pwldr,65444.261173075836,65437.74773293024,0.05299997329711914,0.6840000152587891
15,2,8,local_search,reopt_pwldr,64033.539900217205,64033.539900217205,0.05299997329711914,0.6840000152587891
15,2,9,black_box,obj_pwldr,65463.10336966436,65459.358298522784,0.05499982833862305,5.375
15,2,9,black_box,dr_pwldr,65441.04807089165,65437.84160729132,0.05499982833862305,5.375
15,2,9,black_box,reopt_pwldr,64033.539900217205,64033.539900217205,0.05499982833862305,5.375
15,2,9,local_search,obj_pwldr,65463.10336966436,65459.236314803515,0.05499982833862305,0.9550001621246338
15,2,9,local_search,dr_pwldr,65441.04807089165,65437.75324043057,0.05499982833862305,0.9550001621246338
15,2,9,local_search,reopt_pwldr,64033.539900217205,64033.539900217205,0.05499982833862305,0.9550001621246338
15,2,10,black_box,obj_pwldr,65459.26251484651,65459.22639539316,0.05299997329711914,6.11299991607666
15,2,10,black_box,dr_pwldr,65437.78124519482,65437.746246309514,0.05299997329711914,6.11299991607666
15,2,10,black_box,reopt_pwldr,64033.539900217205,64033.539900217205,0.05299997329711914,6.11299991607666
15,2,10,local_search,obj_pwldr,65459.26251484651,65459.22639539316,0.05299997329711914,0.80899977684021
15,2,10,local_search,dr_pwldr,65437.78124519482,65437.746246309514,0.05299997329711914,0.80899977684021
15,2,10,local_search,reopt_pwldr,64033.539900217205,64033.539900217205,0.05299997329711914,0.80899977684021
15,3,1,black_box,obj_pwldr,65535.62676068352,65401.731800795045,0.02200007438659668,1.2660000324249268
15,3,1,black_box,dr_pwldr,65513.99015487959,65377.218408779045,0.02200007438659668,1.2660000324249268
15,3,1,black_box,reopt_pwldr,64033.539900217205,64033.539900217205,0.02200007438659668,1.2660000324249268
15,3,1,local_search,obj_pwldr,65535.62676068352,65400.17854722139,0.02200007438659668,0.09200000762939453
15,3,1,local_search,dr_pwldr,65513.99015487959,65375.77620169874,0.02200007438659668,0.09200000762939453
15,3,1,local_search,reopt_pwldr,64033.539900217205,64033.539900217205,0.02200007438659668,0.09200000762939453
15,3,2,black_box,obj_pwldr,65440.03928548644,65399.488830369024,0.03800010681152344,1.6489999294281006
15,3,2,black_box,dr_pwldr,65417.08155577022,65375.15786286948,0.03800010681152344,1.6489999294281006
15,3,2,black_box,reopt_pwldr,64033.539900217205,64033.53990021721,0.03800010681152344,1.6489999294281006
15,3,2,local_search,obj_pwldr,65440.03928548644,65399.488830369024,0.03800010681152344,0.09200000762939453
15,3,2,local_search,dr_pwldr,65417.08155577022,65375.15786286948,0.03800010681152344,0.09200000762939453
15,3,2,local_search,reopt_pwldr,64033.539900217205,64033.53990021721,0.03800010681152344,0.09200000762939453
15,3,3,black_box,obj_pwldr,65412.99581590325,65399.40839375917,0.032000064849853516,2.1019999980926514
15,3,3,black_box,dr_pwldr,65389.23897409006,65375.088737835846,0.032000064849853516,2.1019999980926514
15,3,3,black_box,reopt_pwldr,64033.539900217205,64033.539900217205,0.032000064849853516,2.1019999980926514
15,3,3,local_search,obj_pwldr,65412.99581590325,65399.40839375918,0.032000064849853516,0.1529998779296875
15,3,3,local_search,dr_pwldr,65389.23897409006,65375.088737835846,0.032000064849853516,0.1529998779296875
15,3,3,local_search,reopt_pwldr,64033.539900217205,64033.539900217205,0.032000064849853516,0.1529998779296875
15,3,4,black_box,obj_pwldr,65402.388330539026,65399.53523213311,0.039999961853027344,2.8470001220703125
15,3,4,black_box,dr_pwldr,65377.8599267926,65375.24098954163,0.039999961853027344,2.8470001220703125
15,3,4,black_box,reopt_pwldr,64033.539900217205,64033.539900217205,0.039999961853027344,2.8470001220703125
15,3,4,local_search,obj_pwldr,65402.388330539026,65399.417953167016,0.039999961853027344,0.42100000381469727
15,3,4,local_search,dr_pwldr,65377.8599267926,65375.09857923473,0.039999961853027344,0.42100000381469727
15,3,4,local_search,reopt_pwldr,64033.539900217205,64033.539900217205,0.039999961853027344,0.42100000381469727
15,3,5,black_box,obj_pwldr,65404.379950380615,65399.42546160818,0.03099989891052246,3.320000171661377
15,3,5,black_box,dr_pwldr,65380.582473418115,65375.10320289274,0.03099989891052246,3.320000171661377
15,3,5,black_box,reopt_pwldr,64033.539900217205,64033.539900217205,0.03099989891052246,3.320000171661377
15,3,5,local_search,obj_pwldr,65404.379950380615,65399.42546160818,0.03099989891052246,0.25800013542175293
15,3,5,local_search,dr_pwldr,65380.582473418115,65375.10320289274,0.03099989891052246,0.25800013542175293
15,3,5,local_search,reopt_pwldr,64033.539900217205,64033.539900217205,0.03099989891052246,0.25800013542175293
15,3,6,black_box,obj_pwldr,65406.58155202731,65399.40511623549,0.03900003433227539,3.746999979019165
15,3,6,black_box,dr_pwldr,65383.136596990604,65375.0880135512,0.03900003433227539,3.746999979019165
15,3,6,black_box,reopt_pwldr,64033.53990021721,64033.53990021721,0.03900003433227539,3.746999979019165
15,3,6,local_search,obj_pwldr,65406.58155202731,65399.40511623548,0.03900003433227539,0.5780000686645508
15,3,6,local_search,dr_pwldr,65383.136596990604,65375.0880135512,0.03900003433227539,0.5780000686645508
15,3,6,local_search,reopt_pwldr,64033.53990021721,64033.53990021721,0.03900003433227539,0.5780000686645508
15,3,7,black_box,obj_pwldr,65405.2618367952,65399.43936854989,0.04399991035461426,4.146000146865845
15,3,7,black_box,dr_pwldr,65381.729256016,65375.130121393006,0.04399991035461426,4.146000146865845
15,3,7,black_box,reopt_pwldr,64033.539900217205,64033.539900217205,0.04399991035461426,4.146000146865845
15,3,7,local_search,obj_pwldr,65405.2618367952,65399.43936854989,0.04399991035461426,0.3990001678466797
15,3,7,local_search,dr_pwldr,65381.729256016,65375.130121393006,0.04399991035461426,0.3990001678466797
15,3,7,local_search,reopt_pwldr,64033.539900217205,64033.539900217205,0.04399991035461426,0.3990001678466797
15,3,8,black_box,obj_pwldr,65403.19613059252,65399.40409404896,0.04399991035461426,4.853999853134155
15,3,8,black_box,dr_pwldr,65379.12774727455,65375.08565598751,0.04399991035461426,4.853999853134155
15,3,8,black_box,reopt_pwldr,64033.539900217205,64033.539900217205,0.04399991035461426,4.853999853134155
15,3,8,local_search,obj_pwldr,65403.19613059252,65399.40409404896,0.04399991035461426,0.5120000839233398
15,3,8,local_search,dr_pwldr,65379.12774727455,65375.08565598751,0.04399991035461426,0.5120000839233398
15,3,8,local_search,reopt_pwldr,64033.539900217205,64033.539900217205,0.04399991035461426,0.5120000839233398
15,3,9,black_box,obj_pwldr,65401.171339871784,65399.42178972643,0.04800009727478027,6.087000131607056
15,3,9,black_box,dr_pwldr,65376.80882147946,65375.10351166905,0.04800009727478027,6.087000131607056
15,3,9,black_box,reopt_pwldr,64033.539900217205,64033.539900217205,0.04800009727478027,6.087000131607056
15,3,9,local_search,obj_pwldr,65401.171339871784,65399.42178972645,0.04800009727478027,0.621999979019165
15,3,9,local_search,dr_pwldr,65376.80882147946,65375.103511669055,0.04800009727478027,0.621999979019165
15,3,9,local_search,reopt_pwldr,64033.539900217205,64033.53990021721,0.04800009727478027,0.621999979019165
15,3,10,black_box,obj_pwldr,65399.427747861824,65399.41426680501,0.05499982833862305,6.067000150680542
15,3,10,black_box,dr_pwldr,65375.114205897,65375.096834148106,0.05499982833862305,6.067000150680542
15,3,10,black_box,reopt_pwldr,64033.539900217205,64033.539900217205,0.05499982833862305,6.067000150680542
15,3,10,local_search,obj_pwldr,65399.427747861824,65399.41426680501,0.05499982833862305,0.7589998245239258
15,3,10,local_search,dr_pwldr,65375.114205897,65375.096834148106,0.05499982833862305,0.7589998245239258
15,3,10,local_search,reopt_pwldr,64033.539900217205,64033.539900217205,0.05499982833862305,0.7589998245239258
15,4,1,black_box,obj_pwldr,65642.18847178154,65480.525657669066,0.023999929428100586,1.188999891281128
15,4,1,black_box,dr_pwldr,65620.608705534,65462.17766818012,0.023999929428100586,1.188999891281128
15,4,1,black_box,reopt_pwldr,64033.539900217205,64033.539900217205,0.023999929428100586,1.188999891281128
15,4,1,local_search,obj_pwldr,65642.18847178154,65480.525657669066,0.023999929428100586,0.0559999942779541
15,4,1,local_search,dr_pwldr,65620.608705534,65462.17766818012,0.023999929428100586,0.0559999942779541
15,4,1,local_search,reopt_pwldr,64033.539900217205,64033.539900217205,0.023999929428100586,0.0559999942779541
15,4,2,black_box,obj_pwldr,65556.42993656562,65479.341506244244,0.023999929428100586,1.5570001602172852
15,4,2,black_box,dr_pwldr,65535.85976885891,65461.073744292145,0.023999929428100586,1.5570001602172852
15,4,2,black_box,reopt_pwldr,64033.539900217205,64033.539900217205,0.023999929428100586,1.5570001602172852
15,4,2,local_search,obj_pwldr,65556.42993656562,65479.341506244244,0.023999929428100586,0.08700013160705566
15,4,2,local_search,dr_pwldr,65535.85976885891,65461.073744292145,0.023999929428100586,0.08700013160705566
15,4,2,local_search,reopt_pwldr,64033.539900217205,64033.539900217205,0.023999929428100586,0.08700013160705566
15,4,3,black_box,obj_pwldr,65513.550668957665,65478.66663630176,0.03099989891052246,1.9029998779296875
15,4,3,black_box,dr_pwldr,65493.795879188496,65460.39885409156,0.03099989891052246,1.9029998779296875
15,4,3,black_box,reopt_pwldr,64033.539900217205,64033.53990021721,0.03099989891052246,1.9029998779296875
15,4,3,local_search,obj_pwldr,65513.550668957665,65478.66663630176,0.03099989891052246,0.10500001907348633
15,4,3,local_search,dr_pwldr,65493.795879188496,65460.39885409156,0.03099989891052246,0.10500001907348633
15,4,3,local_search,reopt_pwldr,64033.539900217205,64033.53990021721,0.03099989891052246,0.10500001907348633
15,4,4,black_box,obj_pwldr,65487.82310839289,65478.75411784299,0.03900003433227539,2.361999988555908
15,4,4,black_box,dr_pwldr,65469.18989685912,65460.483379757025,0.03900003433227539,2.361999988555908
15,4,4,black_box,reopt_pwldr,64033.539900217205,64033.539900217205,0.03900003433227539,2.361999988555908
15,4,4,local_search,obj_pwldr,65487.82310839289,65478.75411784299,0.03900003433227539,0.16499996185302734
15,4,4,local_search,dr_pwldr,65469.18989685912,65460.483379757025,0.03900003433227539,0.16499996185302734
15,4,4,local_search,reopt_pwldr,64033.539900217205,64033.539900217205,0.03900003433227539,0.16499996185302734
15,4,5,black_box,obj_pwldr,65485.09202611238,65478.60886160829,0.04500007629394531,2.8389999866485596
15,4,5,black_box,dr_pwldr,65466.48931878328,65460.340955213665,0.04500007629394531,2.8389999866485596
15,4,5,black_box,reopt_pwldr,64033.539900217205,64033.53990021721,0.04500007629394531,2.8389999866485596
15,4,5,local_search,obj_pwldr,65485.09202611238,65478.60886160829,0.04500007629394531,0.22300004959106445
15,4,5,local_search,dr_pwldr,65466.48931878328,65460.340955213665,0.04500007629394531,0.22300004959106445
15,4,5,local_search,reopt_pwldr,64033.539900217205,64033.53990021721,0.04500007629394531,0.22300004959106445
15,4,6,black_box,obj_pwldr,65490.0170170137,65478.56587367196,0.05000019073486328,3.2810001373291016
15,4,6,black_box,dr_pwldr,65470.62612798624,65460.30177148189,0.05000019073486328,3.2810001373291016
15,4,6,black_box,reopt_pwldr,64033.539900217205,64033.53990021721,0.05000019073486328,3.2810001373291016
15,4,6,local_search,obj_pwldr,65490.0170170137,65478.56587367196,0.05000019073486328,0.3259999752044678
15,4,6,local_search,dr_pwldr,65470.62612798624,65460.30177148189,0.05000019073486328,0.3259999752044678
15,4,6,local_search,reopt_pwldr,64033.539900217205,64033.53990021721,0.05000019073486328,0.3259999752044678
15,4,7,black_box,obj_pwldr,65489.5028196807,65478.583738019,0.04499983787536621,3.7990000247955322
15,4,7,black_box,dr_pwldr,65470.00905367879,65460.31734226418,0.04499983787536621,3.7990000247955322
15,4,7,black_box,reopt_pwldr,64033.53990021721,64033.53990021721,0.04499983787536621,3.7990000247955322
15,4,7,local_search,obj_pwldr,65489.5028196807,65478.583738019,0.04499983787536621,0.36699986457824707
15,4,7,local_search,dr_pwldr,65470.00905367879,65460.31734226418,0.04499983787536621,0.36699986457824707
15,4,7,local_search,reopt_pwldr,64033.53990021721,64033.53990021721,0.04499983787536621,0.36699986457824707
15,4,8,black_box,obj_pwldr,65486.60929404599,65478.548516263436,0.04900002479553223,4.325000047683716
15,4,8,black_box,dr_pwldr,65467.411431631925,65460.28468426683,0.04900002479553223,4.325000047683716
15,4,8,black_box,reopt_pwldr,64033.539900217205,64033.53990021721,0.04900002479553223,4.325000047683716
15,4,8,local_search,obj_pwldr,65486.60929404599,65478.54851626342,0.04900002479553223,0.9409999847412109
15,4,8,local_search,dr_pwldr,65467.411431631925,65460.28468426681,0.04900002479553223,0.9409999847412109
15,4,8,local_search,reopt_pwldr,64033.539900217205,64033.539900217205,0.04900002479553223,0.9409999847412109
15,4,9,black_box,obj_pwldr,65482.723509081545,65478.54685404654,0.04900002479553223,5.367000102996826
15,4,9,black_box,dr_pwldr,65463.97964142001,65460.2833547351,0.04900002479553223,5.367000102996826
15,4,9,black_box,reopt_pwldr,64033.539900217205,64033.53990021721,0.04900002479553223,5.367000102996826
15,4,9,local_search,obj_pwldr,65482.723509081545,65478.54685404654,0.04900002479553223,0.5950000286102295
15,4,9,local_search,dr_pwldr,65463.97964142001,65460.2833547351,0.04900002479553223,0.5950000286102295
15,4,9,local_search,reopt_pwldr,64033.539900217205,64033.53990021721,0.04900002479553223,0.5950000286102295
15,4,10,black_box,obj_pwldr,65478.5814652163,65478.544659196225,0.06399989128112793,6.003999948501587
15,4,10,black_box,dr_pwldr,65460.31607793159,65460.28140125326,0.06399989128112793,6.003999948501587
15,4,10,black_box,reopt_pwldr,64033.539900217205,64033.53990021721,0.06399989128112793,6.003999948501587
15,4,10,local_search,obj_pwldr,65478.5814652163,65478.544659196225,0.06399989128112793,0.6699998378753662
15,4,10,local_search,dr_pwldr,65460.31607793159,65460.28140125326,0.06399989128112793,0.6699998378753662
15,4,10,local_search,reopt_pwldr,64033.539900217205,64033.53990021721,0.06399989128112793,0.6699998378753662
16,1,1,black_box,obj_pwldr,71086.8201518878,70905.84534914723,0.029000043869018555,1.2869999408721924
16,1,1,black_box,dr_pwldr,71083.76450923854,70903.06931568049,0.029000043869018555,1.2869999408721924
16,1,1,black_box,reopt_pwldr,68391.48868153976,68391.48868153976,0.029000043869018555,1.2869999408721924
16,1,1,local_search,obj_pwldr,71086.8201518878,70905.84534914723,0.029000043869018555,0.051000118255615234
16,1,1,local_search,dr_pwldr,71083.76450923854,70903.06931568049,0.029000043869018555,0.051000118255615234
16,1,1,local_search,reopt_pwldr,68391.48868153976,68391.48868153976,0.029000043869018555,0.051000118255615234
16,1,2,black_box,obj_pwldr,70994.1809632369,70903.48148414236,0.03299999237060547,1.7579998970031738
16,1,2,black_box,dr_pwldr,70992.71775697681,70900.68956243446,0.03299999237060547,1.7579998970031738
16,1,2,black_box,reopt_pwldr,68391.48868153976,68391.48868153976,0.03299999237060547,1.7579998970031738
16,1,2,local_search,obj_pwldr,70994.1809632369,70903.48148414236,0.03299999237060547,0.09499979019165039
16,1,2,local_search,dr_pwldr,70992.71775697681,70900.68956243446,0.03299999237060547,0.09499979019165039
16,1,2,local_search,reopt_pwldr,68391.48868153976,68391.48868153976,0.03299999237060547,0.09499979019165039
16,1,3,black_box,obj_pwldr,70991.29670272316,70901.20842981455,0.034999847412109375,2.186000108718872
16,1,3,black_box,dr_pwldr,70989.12309326165,70898.43269554726,0.034999847412109375,2.186000108718872
16,1,3,black_box,reopt_pwldr,68391.48868153976,68391.48868153976,0.034999847412109375,2.186000108718872
16,1,3,local_search,obj_pwldr,70991.29670272316,70901.20842981455,0.034999847412109375,0.12100005149841309
16,1,3,local_search,dr_pwldr,70989.12309326165,70898.43269554726,0.034999847412109375,0.12100005149841309
16,1,3,local_search,reopt_pwldr,68391.48868153976,68391.48868153976,0.034999847412109375,0.12100005149841309
16,1,4,black_box,obj_pwldr,70916.46930031473,70901.30911136116,0.034999847412109375,2.5450000762939453
16,1,4,black_box,dr_pwldr,70913.7956367606,70898.53442574495,0.034999847412109375,2.5450000762939453
16,1,4,black_box,reopt_pwldr,68391.48868153976,68391.48868153976,0.034999847412109375,2.5450000762939453
16,1,4,local_search,obj_pwldr,70916.46930031473,70901.30911136116,0.034999847412109375,0.1809999942779541
16,1,4,local_search,dr_pwldr,70913.7956367606,70898.53442574495,0.034999847412109375,0.1809999942779541
16,1,4,local_search,reopt_pwldr,68391.48868153976,68391.48868153976,0.034999847412109375,0.1809999942779541
16,1,5,black_box,obj_pwldr,70937.90430778134,70901.3238130033,0.04199981689453125,3.0929999351501465
16,1,5,black_box,dr_pwldr,70935.97136091682,70898.56109862232,0.04199981689453125,3.0929999351501465
16,1,5,black_box,reopt_pwldr,68391.48868153976,68391.48868153976,0.04199981689453125,3.0929999351501465
16,1,5,local_search,obj_pwldr,70937.90430778134,70901.32381300331,0.04199981689453125,0.24399995803833008
16,1,5,local_search,dr_pwldr,70935.97136091682,70898.56109862232,0.04199981689453125,0.24399995803833008
16,1,5,local_search,reopt_pwldr,68391.48868153976,68391.48868153976,0.04199981689453125,0.24399995803833008
16,1,6,black_box,obj_pwldr,70926.28716282212,70901.25426460509,0.05500006675720215,3.677999973297119
16,1,6,black_box,dr_pwldr,70924.00070044506,70898.47850470914,0.05500006675720215,3.677999973297119
16,1,6,black_box,reopt_pwldr,68391.48868153976,68391.48868153976,0.05500006675720215,3.677999973297119
16,1,6,local_search,obj_pwldr,70926.28716282212,70901.25426460509,0.05500006675720215,0.312000036239624
16,1,6,local_search,dr_pwldr,70924.00070044506,70898.47850470914,0.05500006675720215,0.312000036239624
16,1,6,local_search,reopt_pwldr,68391.48868153976,68391.48868153976,0.05500006675720215,0.312000036239624
16,1,7,black_box,obj_pwldr,70907.02324326886,70901.31404365122,0.04200005531311035,4.181999921798706
16,1,7,black_box,dr_pwldr,70904.27831881293,70898.53966946506,0.04200005531311035,4.181999921798706
16,1,7,black_box,reopt_pwldr,68391.48868153976,68391.48868153976,0.04200005531311035,4.181999921798706
16,1,7,local_search,obj_pwldr,70907.02324326886,70901.31404365123,0.04200005531311035,0.3880000114440918
16,1,7,local_search,dr_pwldr,70904.27831881293,70898.53966946506,0.04200005531311035,0.3880000114440918
16,1,7,local_search,reopt_pwldr,68391.48868153976,68391.48868153976,0.04200005531311035,0.3880000114440918
16,1,8,black_box,obj_pwldr,70919.68215645963,70901.30304223292,0.04699993133544922,4.791000127792358
16,1,8,black_box,dr_pwldr,70917.66415472886,70898.52810137844,0.04699993133544922,4.791000127792358
16,1,8,black_box,reopt_pwldr,68391.48868153976,68391.48868153976,0.04699993133544922,4.791000127792358
16,1,8,local_search,obj_pwldr,70919.68215645963,70901.30304223292,0.04699993133544922,0.46700000762939453
16,1,8,local_search,dr_pwldr,70917.66415472886,70898.52810137844,0.04699993133544922,0.46700000762939453
16,1,8,local_search,reopt_pwldr,68391.48868153976,68391.48868153976,0.04699993133544922,0.46700000762939453
16,1,9,black_box,obj_pwldr,70909.20287074885,70901.27069182422,0.057000160217285156,5.53000020980835
16,1,9,black_box,dr_pwldr,70906.62591253506,70898.49986615428,0.057000160217285156,5.53000020980835
16,1,9,black_box,reopt_pwldr,68391.48868153976,68391.48868153976,0.057000160217285156,5.53000020980835
16,1,9,local_search,obj_pwldr,70909.20287074885,70901.27069182422,0.057000160217285156,0.6370000839233398
16,1,9,local_search,dr_pwldr,70906.62591253506,70898.49986615428,0.057000160217285156,0.6370000839233398
16,1,9,local_search,reopt_pwldr,68391.48868153976,68391.48868153976,0.057000160217285156,0.6370000839233398
16,1,10,black_box,obj_pwldr,70909.80058368524,70901.50363544258,0.04799985885620117,5.999000072479248
16,1,10,black_box,dr_pwldr,70907.33090651254,70898.76435808076,0.04799985885620117,5.999000072479248
16,1,10,black_box,reopt_pwldr,68391.48868153976,68391.48868153976,0.04799985885620117,5.999000072479248
16,1,10,local_search,obj_pwldr,70909.80058368524,70901.29315883387,0.04799985885620117,1.2369999885559082
16,1,10,local_search,dr_pwldr,70907.33090651254,70898.51895465584,0.04799985885620117,1.2369999885559082
16,1,10,local_search,reopt_pwldr,68391.48868153976,68391.48868153976,0.04799985885620117,1.2369999885559082
16,2,1,black_box,obj_pwldr,71357.02924741543,71207.02287992957,0.01699995994567871,1.1480000019073486
16,2,1,black_box,dr_pwldr,71368.77961486345,71222.10950882552,0.01699995994567871,1.1480000019073486
16,2,1,black_box,reopt_pwldr,68391.48868153976,68391.48868153976,0.01699995994567871,1.1480000019073486
16,2,1,local_search,obj_pwldr,71357.02924741543,71207.02287992957,0.01699995994567871,0.06200003623962402
16,2,1,local_search,dr_pwldr,71368.77961486345,71222.10950882552,0.01699995994567871,0.06200003623962402
16,2,1,local_search,reopt_pwldr,68391.48868153976,68391.48868153976,0.01699995994567871,0.06200003623962402
16,2,2,black_box,obj_pwldr,71251.37760277507,71204.08036487982,0.040000200271606445,1.5789999961853027
16,2,2,black_box,dr_pwldr,71263.57217784383,71219.26432093559,0.040000200271606445,1.5789999961853027
16,2,2,black_box,reopt_pwldr,68391.48868153976,68391.48868153976,0.040000200271606445,1.5789999961853027
16,2,2,local_search,obj_pwldr,71251.37760277507,71204.08036487982,0.040000200271606445,0.07799983024597168
16,2,2,local_search,dr_pwldr,71263.57217784383,71219.26432093559,0.040000200271606445,0.07799983024597168
16,2,2,local_search,reopt_pwldr,68391.48868153976,68391.48868153976,0.040000200271606445,0.07799983024597168
16,2,3,black_box,obj_pwldr,71256.8267525173,71203.88505250363,0.031000137329101562,1.9670000076293945
16,2,3,black_box,dr_pwldr,71271.01923235822,71219.02273734316,0.031000137329101562,1.9670000076293945
16,2,3,black_box,reopt_pwldr,68391.48868153976,68391.48868153976,0.031000137329101562,1.9670000076293945
16,2,3,local_search,obj_pwldr,71256.8267525173,71203.88505250363,0.031000137329101562,0.12400007247924805
16,2,3,local_search,dr_pwldr,71271.01923235822,71219.02273734316,0.031000137329101562,0.12400007247924805
16,2,3,local_search,reopt_pwldr,68391.48868153976,68391.48868153976,0.031000137329101562,0.12400007247924805
16,2,4,black_box,obj_pwldr,71214.61463668781,71204.0936158789,0.04399991035461426,2.550999879837036
16,2,4,black_box,dr_pwldr,71229.59491464746,71219.2065512055,0.04399991035461426,2.550999879837036
16,2,4,black_box,reopt_pwldr,68391.48868153976,68391.48868153976,0.04399991035461426,2.550999879837036
16,2,4,local_search,obj_pwldr,71214.61463668781,71204.0936158789,0.04399991035461426,0.19700002670288086
16,2,4,local_search,dr_pwldr,71229.59491464746,71219.2065512055,0.04399991035461426,0.19700002670288086
16,2,4,local_search,reopt_pwldr,68391.48868153976,68391.48868153976,0.04399991035461426,0.19700002670288086
16,2,5,black_box,obj_pwldr,71223.42592088459,71203.85047520469,0.04199981689453125,3.050999879837036
16,2,5,black_box,dr_pwldr,71237.21598987529,71218.99312289554,0.04199981689453125,3.050999879837036
16,2,5,black_box,reopt_pwldr,68391.48868153976,68391.48868153976,0.04199981689453125,3.050999879837036
16,2,5,local_search,obj_pwldr,71223.42592088459,71203.79985195458,0.04199981689453125,0.2760000228881836
16,2,5,local_search,dr_pwldr,71237.21598987529,71218.96876947515,0.04199981689453125,0.2760000228881836
16,2,5,local_search,reopt_pwldr,68391.48868153976,68391.48868153976,0.04199981689453125,0.2760000228881836
16,2,6,black_box,obj_pwldr,71218.93036772295,71203.84444388567,0.05299997329711914,3.5159997940063477
16,2,6,black_box,dr_pwldr,71233.68041254276,71218.99925068469,0.05299997329711914,3.5159997940063477
16,2,6,black_box,reopt_pwldr,68391.48868153976,68391.48868153976,0.05299997329711914,3.5159997940063477
16,2,6,local_search,obj_pwldr,71218.93036772295,71203.77833976033,0.05299997329711914,0.46399998664855957
16,2,6,local_search,dr_pwldr,71233.68041254276,71218.950038856,0.05299997329711914,0.46399998664855957
16,2,6,local_search,reopt_pwldr,68391.48868153976,68391.48868153976,0.05299997329711914,0.46399998664855957
16,2,7,black_box,obj_pwldr,71206.72550506823,71203.76613442761,0.039999961853027344,3.763000011444092
16,2,7,black_box,dr_pwldr,71221.65479214667,71218.94559569412,0.039999961853027344,3.763000011444092
16,2,7,black_box,reopt_pwldr,68391.48868153976,68391.48868153976,0.039999961853027344,3.763000011444092
16,2,7,local_search,obj_pwldr,71206.72550506823,71203.76613442761,0.039999961853027344,0.3640000820159912
16,2,7,local_search,dr_pwldr,71221.65479214667,71218.94559569412,0.039999961853027344,0.3640000820159912
16,2,7,local_search,reopt_pwldr,68391.48868153976,68391.48868153976,0.039999961853027344,0.3640000820159912
16,2,8,black_box,obj_pwldr,71214.10869358775,71203.72029145014,0.042999982833862305,4.358000040054321
16,2,8,black_box,dr_pwldr,71228.27812388018,71218.90582916618,0.042999982833862305,4.358000040054321
16,2,8,black_box,reopt_pwldr,68391.48868153976,68391.48868153976,0.042999982833862305,4.358000040054321
16,2,8,local_search,obj_pwldr,71214.10869358775,71203.72029145014,0.042999982833862305,0.44500017166137695
16,2,8,local_search,dr_pwldr,71228.27812388018,71218.90582916618,0.042999982833862305,0.44500017166137695
16,2,8,local_search,reopt_pwldr,68391.48868153976,68391.48868153976,0.042999982833862305,0.44500017166137695
16,2,9,black_box,obj_pwldr,71208.64484298468,71203.77087021612,0.051000118255615234,4.974999904632568
16,2,9,black_box,dr_pwldr,71223.70855391475,71218.94571883822,0.051000118255615234,4.974999904632568
16,2,9,black_box,reopt_pwldr,68391.48868153976,68391.48868153976,0.051000118255615234,4.974999904632568
16,2,9,local_search,obj_pwldr,71208.64484298468,71203.72494049215,0.051000118255615234,0.6380000114440918
16,2,9,local_search,dr_pwldr,71223.70855391475,71218.90806781565,0.051000118255615234,0.6380000114440918
16,2,9,local_search,reopt_pwldr,68391.48868153976,68391.48868153976,0.051000118255615234,0.6380000114440918
16,2,10,black_box,obj_pwldr,71208.35549094006,71203.77165298053,0.04900002479553223,5.539999961853027
16,2,10,black_box,dr_pwldr,71222.92737685812,71218.94958127398,0.04900002479553223,5.539999961853027
16,2,10,black_box,reopt_pwldr,68391.48868153976,68391.48868153976,0.04900002479553223,5.539999961853027
16,2,10,local_search,obj_pwldr,71208.35549094006,71203.77165298052,0.04900002479553223,1.3859999179840088
16,2,10,local_search,dr_pwldr,71222.92737685812,71218.94958127398,0.04900002479553223,1.3859999179840088
16,2,10,local_search,reopt_pwldr,68391.48868153976,68391.48868153976,0.04900002479553223,1.3859999179840088
16,3,1,black_box,obj_pwldr,71304.65948171621,71146.07452991839,0.02200007438659668,1.2239999771118164
16,3,1,black_box,dr_pwldr,71311.43511625407,71150.84561395696,0.02200007438659668,1.2239999771118164
16,3,1,black_box,reopt_pwldr,68391.48868153976,68391.48868153976,0.02200007438659668,1.2239999771118164
16,3,1,local_search,obj_pwldr,71304.65948171621,71146.07452991839,0.02200007438659668,0.07200002670288086
16,3,1,local_search,dr_pwldr,71311.43511625407,71150.84561395696,0.02200007438659668,0.07200002670288086
16,3,1,local_search,reopt_pwldr,68391.48868153976,68391.48868153976,0.02200007438659668,0.07200002670288086
16,3,2,black_box,obj_pwldr,71197.89452048593,71143.35084143403,0.026999950408935547,1.6029999256134033
16,3,2,black_box,dr_pwldr,71200.9109499188,71148.04132558528,0.026999950408935547,1.6029999256134033
16,3,2,black_box,reopt_pwldr,68391.48868153976,68391.48868153976,0.026999950408935547,1.6029999256134033
16,3,2,local_search,obj_pwldr,71197.89452048593,71143.35084143403,0.026999950408935547,0.08700013160705566
16,3,2,local_search,dr_pwldr,71200.9109499188,71148.04132558528,0.026999950408935547,0.08700013160705566
16,3,2,local_search,reopt_pwldr,68391.48868153976,68391.48868153976,0.026999950408935547,0.08700013160705566
16,3,3,black_box,obj_pwldr,71202.89710962355,71143.28272137405,0.029999971389770508,2.125
16,3,3,black_box,dr_pwldr,71207.10548455219,71147.97111888551,0.029999971389770508,2.125
16,3,3,black_box,reopt_pwldr,68391.48868153976,68391.48868153976,0.029999971389770508,2.125
16,3,3,local_search,obj_pwldr,71202.89710962355,71143.28272137404,0.029999971389770508,0.26799988746643066
16,3,3,local_search,dr_pwldr,71207.10548455219,71147.97111888551,0.029999971389770508,0.26799988746643066
16,3,3,local_search,reopt_pwldr,68391.48868153976,68391.48868153976,0.029999971389770508,0.26799988746643066
16,3,4,black_box,obj_pwldr,71154.9125415858,71143.08240911763,0.03600001335144043,2.572999954223633
16,3,4,black_box,dr_pwldr,71159.71463064155,71147.78039399661,0.03600001335144043,2.572999954223633
16,3,4,black_box,reopt_pwldr,68391.48868153976,68391.48868153976,0.03600001335144043,2.572999954223633
16,3,4,local_search,obj_pwldr,71154.9125415858,71142.960794496,0.03600001335144043,0.2929999828338623
16,3,4,local_search,dr_pwldr,71159.71463064155,71147.63823322847,0.03600001335144043,0.2929999828338623
16,3,4,local_search,reopt_pwldr,68391.48868153976,68391.48868153976,0.03600001335144043,0.2929999828338623
16,3,5,black_box,obj_pwldr,71165.5255070648,71143.33958172807,0.03800010681152344,2.996000051498413
16,3,5,black_box,dr_pwldr,71170.15364510739,71148.06611245005,0.03800010681152344,2.996000051498413
16,3,5,black_box,reopt_pwldr,68391.48868153976,68391.48868153976,0.03800010681152344,2.996000051498413
16,3,5,local_search,obj_pwldr,71165.5255070648,71143.33958172807,0.03800010681152344,0.2200000286102295
16,3,5,local_search,dr_pwldr,71170.15364510739,71148.06611245005,0.03800010681152344,0.2200000286102295
16,3,5,local_search,reopt_pwldr,68391.48868153976,68391.48868153976,0.03800010681152344,0.2200000286102295
16,3,6,black_box,obj_pwldr,71160.07561983606,71143.33601416837,0.054000139236450195,3.7100000381469727
16,3,6,black_box,dr_pwldr,71164.86659837714,71148.02223170266,0.054000139236450195,3.7100000381469727
16,3,6,black_box,reopt_pwldr,68391.48868153976,68391.48868153976,0.054000139236450195,3.7100000381469727
16,3,6,local_search,obj_pwldr,71160.07561983606,71143.33601416837,0.054000139236450195,0.3269999027252197
16,3,6,local_search,dr_pwldr,71164.86659837714,71148.02223170266,0.054000139236450195,0.3269999027252197
16,3,6,local_search,reopt_pwldr,68391.48868153976,68391.48868153976,0.054000139236450195,0.3269999027252197
16,3,7,black_box,obj_pwldr,71146.41898180725,71142.99981659575,0.04999995231628418,4.246000051498413
16,3,7,black_box,dr_pwldr,71151.04649215892,71147.68485739746,0.04999995231628418,4.246000051498413
16,3,7,black_box,reopt_pwldr,68391.48868153976,68391.48868153976,0.04999995231628418,4.246000051498413
16,3,7,local_search,obj_pwldr,71146.41898180725,71142.99981659575,0.04999995231628418,0.39999985694885254
16,3,7,local_search,dr_pwldr,71151.04649215892,71147.68485739746,0.04999995231628418,0.39999985694885254
16,3,7,local_search,reopt_pwldr,68391.48868153976,68391.48868153976,0.04999995231628418,0.39999985694885254
16,3,8,black_box,obj_pwldr,71154.78010049052,71142.98003702541,0.04199981689453125,4.7179999351501465
16,3,8,black_box,dr_pwldr,71159.60788044464,71147.66018784113,0.04199981689453125,4.7179999351501465
16,3,8,black_box,reopt_pwldr,68391.48868153976,68391.48868153976,0.04199981689453125,4.7179999351501465
16,3,8,local_search,obj_pwldr,71154.78010049052,71142.96678825904,0.04199981689453125,0.8059999942779541
16,3,8,local_search,dr_pwldr,71159.60788044464,71147.64853002128,0.04199981689453125,0.8059999942779541
16,3,8,local_search,reopt_pwldr,68391.48868153976,68391.48868153976,0.04199981689453125,0.8059999942779541
16,3,9,black_box,obj_pwldr,71148.4898234243,71142.96143894944,0.04999995231628418,5.85699987411499
16,3,9,black_box,dr_pwldr,71153.26517994051,71147.64049114822,0.04999995231628418,5.85699987411499
16,3,9,black_box,reopt_pwldr,68391.48868153976,68391.48868153976,0.04999995231628418,5.85699987411499
16,3,9,local_search,obj_pwldr,71148.4898234243,71142.96143894944,0.04999995231628418,0.6640000343322754
16,3,9,local_search,dr_pwldr,71153.26517994051,71147.64049114822,0.04999995231628418,0.6640000343322754
16,3,9,local_search,reopt_pwldr,68391.48868153976,68391.48868153976,0.04999995231628418,0.6640000343322754
16,3,10,black_box,obj_pwldr,71148.26444103848,71142.96392459873,0.08699989318847656,6.172999858856201
16,3,10,black_box,dr_pwldr,71152.9683317372,71147.64173048346,0.08699989318847656,6.172999858856201
16,3,10,black_box,reopt_pwldr,68391.48868153976,68391.48868153976,0.08699989318847656,6.172999858856201
16,3,10,local_search,obj_pwldr,71148.26444103848,71142.96392459873,0.08699989318847656,0.7569999694824219
16,3,10,local_search,dr_pwldr,71152.9683317372,71147.64173048346,0.08699989318847656,0.7569999694824219
16,3,10,local_search,reopt_pwldr,68391.48868153976,68391.48868153976,0.08699989318847656,0.7569999694824219
16,4,1,black_box,obj_pwldr,71353.47915105453,71167.46303505599,0.023999929428100586,2.0490000247955322
16,4,1,black_box,dr_pwldr,71342.25642839394,71153.16044480081,0.023999929428100586,2.0490000247955322
16,4,1,black_box,reopt_pwldr,68391.48868153976,68391.48868153976,0.023999929428100586,2.0490000247955322
16,4,1,local_search,obj_pwldr,71353.47915105453,71167.46303505599,0.023999929428100586,0.06599998474121094
16,4,1,local_search,dr_pwldr,71342.25642839394,71153.16044480081,0.023999929428100586,0.06599998474121094
16,4,1,local_search,reopt_pwldr,68391.48868153976,68391.48868153976,0.023999929428100586,0.06599998474121094
16,4,2,black_box,obj_pwldr,71189.50010371517,71165.51168481015,0.04999995231628418,4.300000190734863
16,4,2,black_box,dr_pwldr,71176.63813394574,71151.1984513577,0.04999995231628418,4.300000190734863
16,4,2,black_box,reopt_pwldr,68391.48868153976,68391.48868153976,0.04999995231628418,4.300000190734863
16,4,2,local_search,obj_pwldr,71189.50010371517,71165.51168481015,0.04999995231628418,0.19900012016296387
16,4,2,local_search,dr_pwldr,71176.63813394574,71151.1984513577,0.04999995231628418,0.19900012016296387
16,4,2,local_search,reopt_pwldr,68391.48868153976,68391.48868153976,0.04999995231628418,0.19900012016296387
16,4,3,black_box,obj_pwldr,71215.69663853635,71165.64573382768,0.056999921798706055,6.91700005531311
16,4,3,black_box,dr_pwldr,71202.86004665025,71151.35494625586,0.056999921798706055,6.91700005531311
16,4,3,black_box,reopt_pwldr,68391.48868153976,68391.48868153976,0.056999921798706055,6.91700005531311
16,4,3,local_search,obj_pwldr,71215.69663853635,71165.64573382768,0.056999921798706055,0.40200018882751465
16,4,3,local_search,dr_pwldr,71202.86004665025,71151.35494625586,0.056999921798706055,0.40200018882751465
16,4,3,local_search,reopt_pwldr,68391.48868153976,68391.48868153976,0.056999921798706055,0.40200018882751465
16,4,4,black_box,obj_pwldr,71180.76387541955,71165.43539431224,0.0690000057220459,9.944000005722046
16,4,4,black_box,dr_pwldr,71166.48951967186,71151.12439350632,0.0690000057220459,9.944000005722046
16,4,4,black_box,reopt_pwldr,68391.48868153976,68391.48868153976,0.0690000057220459,9.944000005722046
16,4,4,local_search,obj_pwldr,71180.76387541955,71165.43539431224,0.0690000057220459,0.6809999942779541
16,4,4,local_search,dr_pwldr,71166.48951967186,71151.12439350632,0.0690000057220459,0.6809999942779541
16,4,4,local_search,reopt_pwldr,68391.48868153976,68391.48868153976,0.0690000057220459,0.6809999942779541
16,4,5,black_box,obj_pwldr,71178.43295393458,71165.44017666517,0.07800006866455078,13.766999959945679
16,4,5,black_box,dr_pwldr,71164.89826240059,71151.12908059903,0.07800006866455078,13.766999959945679
16,4,5,black_box,reopt_pwldr,68391.48868153976,68391.48868153976,0.07800006866455078,13.766999959945679
16,4,5,local_search,obj_pwldr,71178.43295393458,71165.44017666517,0.07800006866455078,0.9340000152587891
16,4,5,local_search,dr_pwldr,71164.89826240059,71151.12908059903,0.07800006866455078,0.9340000152587891
16,4,5,local_search,reopt_pwldr,68391.48868153976,68391.48868153976,0.07800006866455078,0.9340000152587891
16,4,6,black_box,obj_pwldr,71181.27124577093,71165.69191202101,0.10599994659423828,17.39900016784668
16,4,6,black_box,dr_pwldr,71166.90174767505,71151.38768761723,0.10599994659423828,17.39900016784668
16,4,6,black_box,reopt_pwldr,68391.48868153976,68391.48868153976,0.10599994659423828,17.39900016784668
16,4,6,local_search,obj_pwldr,71181.27124577093,71165.69191202101,0.10599994659423828,1.4110000133514404
16,4,6,local_search,dr_pwldr,71166.90174767505,71151.38768761723,0.10599994659423828,1.4110000133514404
16,4,6,local_search,reopt_pwldr,68391.48868153976,68391.48868153976,0.10599994659423828,1.4110000133514404
16,4,7,black_box,obj_pwldr,71167.0190377296,71165.43305848782,0.13499999046325684,19.64400005340576
16,4,7,black_box,dr_pwldr,71152.88363288062,71151.12168086525,0.13499999046325684,19.64400005340576
16,4,7,black_box,reopt_pwldr,68391.48868153976,68391.48868153976,0.13499999046325684,19.64400005340576
16,4,7,local_search,obj_pwldr,71167.0190377296,71165.43305848783,0.13499999046325684,2.005000114440918
16,4,7,local_search,dr_pwldr,71152.88363288062,71151.12168086525,0.13499999046325684,2.005000114440918
16,4,7,local_search,reopt_pwldr,68391.48868153976,68391.48868153976,0.13499999046325684,2.005000114440918
16,4,8,black_box,obj_pwldr,71173.83291210535,71165.4929434634,0.1510000228881836,23.141000032424927
16,4,8,black_box,dr_pwldr,71159.80604579294,71151.18938687316,0.1510000228881836,23.141000032424927
16,4,8,black_box,reopt_pwldr,68391.48868153976,68391.48868153976,0.1510000228881836,23.141000032424927
16,4,8,local_search,obj_pwldr,71173.83291210535,71165.4929434634,0.1510000228881836,2.2690000534057617
16,4,8,local_search,dr_pwldr,71159.80604579294,71151.18938687316,0.1510000228881836,2.2690000534057617
16,4,8,local_search,reopt_pwldr,68391.48868153976,68391.48868153976,0.1510000228881836,2.2690000534057617
16,4,9,black_box,obj_pwldr,71170.80509184954,71165.50311805023,0.16700005531311035,27.04200005531311
16,4,9,black_box,dr_pwldr,71156.38836060779,71151.18197034157,0.16700005531311035,27.04200005531311
16,4,9,black_box,reopt_pwldr,68391.48868153976,68391.48868153976,0.16700005531311035,27.04200005531311
16,4,9,local_search,obj_pwldr,71170.80509184954,71165.50311805024,0.16700005531311035,3.115000009536743
16,4,9,local_search,dr_pwldr,71156.38836060779,71151.18197034155,0.16700005531311035,3.115000009536743
16,4,9,local_search,reopt_pwldr,68391.48868153976,68391.48868153976,0.16700005531311035,3.115000009536743
16,4,10,black_box,obj_pwldr,71168.54098920766,71165.44626972417,0.18400001525878906,30.294000148773193
16,4,10,black_box,dr_pwldr,71154.29003566196,71151.13141061692,0.18400001525878906,30.294000148773193
16,4,10,black_box,reopt_pwldr,68391.48868153976,68391.48868153976,0.18400001525878906,30.294000148773193
16,4,10,local_search,obj_pwldr,71168.54098920766,71165.44626972417,0.18400001525878906,3.617000102996826
16,4,10,local_search,dr_pwldr,71154.29003566196,71151.13141061692,0.18400001525878906,3.617000102996826
16,4,10,local_search,reopt_pwldr,68391.48868153976,68391.48868153976,0.18400001525878906,3.617000102996826
17,1,1,black_box,obj_pwldr,57699.46207541885,57569.08970091875,0.020999908447265625,1.2840001583099365
17,1,1,black_box,dr_pwldr,57678.78874375576,57543.94852455237,0.020999908447265625,1.2840001583099365
17,1,1,black_box,reopt_pwldr,56196.59411534101,56196.59411534101,0.020999908447265625,1.2840001583099365
17,1,1,local_search,obj_pwldr,57699.46207541885,57569.08970091875,0.020999908447265625,0.07799983024597168
17,1,1,local_search,dr_pwldr,57678.78874375576,57543.94852455237,0.020999908447265625,0.07799983024597168
17,1,1,local_search,reopt_pwldr,56196.59411534101,56196.59411534101,0.020999908447265625,0.07799983024597168
17,1,2,black_box,obj_pwldr,57608.51061094781,57568.81127642169,0.034999847412109375,1.694000005722046
17,1,2,black_box,dr_pwldr,57584.528118801514,57543.61166445885,0.034999847412109375,1.694000005722046
17,1,2,black_box,reopt_pwldr,56196.59411534101,56196.59411534101,0.034999847412109375,1.694000005722046
17,1,2,local_search,obj_pwldr,57608.51061094781,57566.89437264297,0.034999847412109375,0.24300003051757812
17,1,2,local_search,dr_pwldr,57584.528118801514,57541.81508562663,0.034999847412109375,0.24300003051757812
17,1,2,local_search,reopt_pwldr,56196.59411534101,56196.594115341024,0.034999847412109375,0.24300003051757812
17,1,3,black_box,obj_pwldr,57566.41855685244,57566.37243188121,0.0280001163482666,2.2339999675750732
17,1,3,black_box,dr_pwldr,57541.32587850015,57541.25778576987,0.0280001163482666,2.2339999675750732
17,1,3,black_box,reopt_pwldr,56196.59411534101,56196.594115341024,0.0280001163482666,2.2339999675750732
17,1,3,local_search,obj_pwldr,57566.41855685244,57566.3724318812,0.0280001163482666,0.21799993515014648
17,1,3,local_search,dr_pwldr,57541.32587850015,57541.25778576987,0.0280001163482666,0.21799993515014648
17,1,3,local_search,reopt_pwldr,56196.59411534101,56196.594115341024,0.0280001163482666,0.21799993515014648
17,1,4,black_box,obj_pwldr,57582.92909403165,57566.43196349818,0.039999961853027344,2.800999879837036
17,1,4,black_box,dr_pwldr,57558.31403023259,57541.3495446327,0.039999961853027344,2.800999879837036
17,1,4,black_box,reopt_pwldr,56196.59411534099,56196.59411534101,0.039999961853027344,2.800999879837036
17,1,4,local_search,obj_pwldr,57582.92909403165,57566.43196349818,0.039999961853027344,0.17299985885620117
17,1,4,local_search,dr_pwldr,57558.31403023259,57541.3495446327,0.039999961853027344,0.17299985885620117
17,1,4,local_search,reopt_pwldr,56196.59411534099,56196.59411534101,0.039999961853027344,0.17299985885620117
17,1,5,black_box,obj_pwldr,57581.294634913735,57566.30033567223,0.03900003433227539,3.313999891281128
17,1,5,black_box,dr_pwldr,57556.87563542953,57541.20526868147,0.03900003433227539,3.313999891281128
17,1,5,black_box,reopt_pwldr,56196.59411534101,56196.59411534101,0.03900003433227539,3.313999891281128
17,1,5,local_search,obj_pwldr,57581.294634913735,57566.30033567223,0.03900003433227539,0.22600007057189941
17,1,5,local_search,dr_pwldr,57556.87563542953,57541.20526868147,0.03900003433227539,0.22600007057189941
17,1,5,local_search,reopt_pwldr,56196.59411534101,56196.59411534101,0.03900003433227539,0.22600007057189941
17,1,6,black_box,obj_pwldr,57574.39800824564,57566.2980844461,0.04699993133544922,3.5759999752044678
17,1,6,black_box,dr_pwldr,57549.5456508461,57541.20789349841,0.04699993133544922,3.5759999752044678
17,1,6,black_box,reopt_pwldr,56196.59411534101,56196.594115341024,0.04699993133544922,3.5759999752044678
17,1,6,local_search,obj_pwldr,57574.39800824564,57566.2980844461,0.04699993133544922,0.31800007820129395
17,1,6,local_search,dr_pwldr,57549.5456508461,57541.20789349841,0.04699993133544922,0.31800007820129395
17,1,6,local_search,reopt_pwldr,56196.59411534101,56196.594115341024,0.04699993133544922,0.31800007820129395
17,1,7,black_box,obj_pwldr,57566.35948569012,57566.30555199118,0.051000118255615234,4.226000070571899
17,1,7,black_box,dr_pwldr,57541.26808929888,57541.215317937334,0.051000118255615234,4.226000070571899
17,1,7,black_box,reopt_pwldr,56196.59411534101,56196.59411534101,0.051000118255615234,4.226000070571899
17,1,7,local_search,obj_pwldr,57566.35948569012,57566.30555199118,0.051000118255615234,0.41299986839294434
17,1,7,local_search,dr_pwldr,57541.26808929888,57541.215317937334,0.051000118255615234,0.41299986839294434
17,1,7,local_search,reopt_pwldr,56196.59411534101,56196.59411534101,0.051000118255615234,0.41299986839294434
17,1,8,black_box,obj_pwldr,57571.35684113483,57566.3108237788,0.05299997329711914,4.75
17,1,8,black_box,dr_pwldr,57546.44099018958,57541.21871411353,0.05299997329711914,4.75
17,1,8,black_box,reopt_pwldr,56196.59411534101,56196.594115341024,0.05299997329711914,4.75
17,1,8,local_search,obj_pwldr,57571.35684113483,57566.3108237788,0.05299997329711914,0.5129997730255127
17,1,8,local_search,dr_pwldr,57546.44099018958,57541.21871411353,0.05299997329711914,0.5129997730255127
17,1,8,local_search,reopt_pwldr,56196.59411534101,56196.594115341024,0.05299997329711914,0.5129997730255127
17,1,9,black_box,obj_pwldr,57571.69983621898,57566.31886597958,0.046000003814697266,5.421000003814697
17,1,9,black_box,dr_pwldr,57546.56239714212,57541.22787178912,0.046000003814697266,5.421000003814697
17,1,9,black_box,reopt_pwldr,56196.59411534101,56196.59411534101,0.046000003814697266,5.421000003814697
17,1,9,local_search,obj_pwldr,57571.69983621898,57566.318865979585,0.046000003814697266,0.628000020980835
17,1,9,local_search,dr_pwldr,57546.56239714212,57541.22787178912,0.046000003814697266,0.628000020980835
17,1,9,local_search,reopt_pwldr,56196.59411534101,56196.59411534101,0.046000003814697266,0.628000020980835
17,1,10,black_box,obj_pwldr,57569.61765376939,57566.29372044892,0.054000139236450195,6.145999908447266
17,1,10,black_box,dr_pwldr,57544.445070405774,57541.20288402596,0.054000139236450195,6.145999908447266
17,1,10,black_box,reopt_pwldr,56196.594115341024,56196.594115341024,0.054000139236450195,6.145999908447266
17,1,10,local_search,obj_pwldr,57569.61765376939,57566.29372044892,0.054000139236450195,1.4130001068115234
17,1,10,local_search,dr_pwldr,57544.445070405774,57541.20288402596,0.054000139236450195,1.4130001068115234
17,1,10,local_search,reopt_pwldr,56196.594115341024,56196.594115341024,0.054000139236450195,1.4130001068115234
17,2,1,black_box,obj_pwldr,57720.49493266425,57601.102694643385,0.019999980926513672,1.248999834060669
17,2,1,black_box,dr_pwldr,57703.338961626396,57580.60979977843,0.019999980926513672,1.248999834060669
17,2,1,black_box,reopt_pwldr,56196.594115341024,56196.59411534101,0.019999980926513672,1.248999834060669
17,2,1,local_search,obj_pwldr,57720.49493266425,57593.90219593712,0.019999980926513672,0.13199996948242188
17,2,1,local_search,dr_pwldr,57703.338961626396,57573.67570483356,0.019999980926513672,0.13199996948242188
17,2,1,local_search,reopt_pwldr,56196.594115341024,56196.59411534101,0.019999980926513672,0.13199996948242188
17,2,2,black_box,obj_pwldr,57633.158836382754,57589.37770475274,0.026999950408935547,1.5240001678466797
17,2,2,black_box,dr_pwldr,57613.75102356974,57569.096580879064,0.026999950408935547,1.5240001678466797
17,2,2,black_box,reopt_pwldr,56196.59411534101,56196.59411534099,0.026999950408935547,1.5240001678466797
17,2,2,local_search,obj_pwldr,57633.158836382754,57589.37770475274,0.026999950408935547,0.07800006866455078
17,2,2,local_search,dr_pwldr,57613.75102356974,57569.096580879064,0.026999950408935547,0.07800006866455078
17,2,2,local_search,reopt_pwldr,56196.59411534101,56196.59411534099,0.026999950408935547,0.07800006866455078
17,2,3,black_box,obj_pwldr,57589.490788241994,57589.415091043906,0.029999971389770508,1.9720001220703125
17,2,3,black_box,dr_pwldr,57569.206541850064,57569.13416465194,0.029999971389770508,1.9720001220703125
17,2,3,black_box,reopt_pwldr,56196.59411534101,56196.59411534101,0.029999971389770508,1.9720001220703125
17,2,3,local_search,obj_pwldr,57589.490788241994,57589.415091043906,0.029999971389770508,0.12400007247924805
17,2,3,local_search,dr_pwldr,57569.206541850064,57569.13416465194,0.029999971389770508,0.12400007247924805
17,2,3,local_search,reopt_pwldr,56196.59411534101,56196.59411534101,0.029999971389770508,0.12400007247924805
17,2,4,black_box,obj_pwldr,57605.039480912106,57589.36231208854,0.04200005531311035,2.361999988555908
17,2,4,black_box,dr_pwldr,57585.98871779498,57569.08580759909,0.04200005531311035,2.361999988555908
17,2,4,black_box,reopt_pwldr,56196.59411534101,56196.59411534101,0.04200005531311035,2.361999988555908
17,2,4,local_search,obj_pwldr,57605.039480912106,57589.36231208854,0.04200005531311035,0.1549999713897705
17,2,4,local_search,dr_pwldr,57585.98871779498,57569.08580759909,0.04200005531311035,0.1549999713897705
17,2,4,local_search,reopt_pwldr,56196.59411534101,56196.59411534101,0.04200005531311035,0.1549999713897705
17,2,5,black_box,obj_pwldr,57603.92749549685,57589.44904486334,0.031999826431274414,2.930999994277954
17,2,5,black_box,dr_pwldr,57584.25823013552,57569.18225164156,0.031999826431274414,2.930999994277954
17,2,5,black_box,reopt_pwldr,56196.59411534101,56196.59411534099,0.031999826431274414,2.930999994277954
17,2,5,local_search,obj_pwldr,57603.92749549685,57589.44904486334,0.031999826431274414,0.20800018310546875
17,2,5,local_search,dr_pwldr,57584.25823013552,57569.18225164156,0.031999826431274414,0.20800018310546875
17,2,5,local_search,reopt_pwldr,56196.59411534101,56196.59411534099,0.031999826431274414,0.20800018310546875
17,2,6,black_box,obj_pwldr,57597.423794706345,57589.38262339482,0.03900003433227539,3.3450000286102295
17,2,6,black_box,dr_pwldr,57576.88660850793,57569.10913070486,0.03900003433227539,3.3450000286102295
17,2,6,black_box,reopt_pwldr,56196.59411534101,56196.59411534099,0.03900003433227539,3.3450000286102295
17,2,6,local_search,obj_pwldr,57597.423794706345,57589.38262339482,0.03900003433227539,0.2819998264312744
17,2,6,local_search,dr_pwldr,57576.88660850793,57569.10913070486,0.03900003433227539,0.2819998264312744
17,2,6,local_search,reopt_pwldr,56196.59411534101,56196.59411534099,0.03900003433227539,0.2819998264312744
17,2,7,black_box,obj_pwldr,57589.42367704646,57589.4660581788,0.04799985885620117,3.816999912261963
17,2,7,black_box,dr_pwldr,57569.13805443644,57569.17478515621,0.04799985885620117,3.816999912261963
17,2,7,black_box,reopt_pwldr,56196.59411534101,56196.59411534101,0.04799985885620117,3.816999912261963
17,2,7,local_search,obj_pwldr,57589.42367704646,57589.4660581788,0.04799985885620117,0.3510000705718994
17,2,7,local_search,dr_pwldr,57569.13805443644,57569.17478515621,0.04799985885620117,0.3510000705718994
17,2,7,local_search,reopt_pwldr,56196.59411534101,56196.59411534101,0.04799985885620117,0.3510000705718994
17,2,8,black_box,obj_pwldr,57594.18371520156,57589.382334907175,0.0560002326965332,4.414000034332275
17,2,8,black_box,dr_pwldr,57574.49972270676,57569.11168518938,0.0560002326965332,4.414000034332275
17,2,8,black_box,reopt_pwldr,56196.59411534101,56196.59411534101,0.0560002326965332,4.414000034332275
17,2,8,local_search,obj_pwldr,57594.18371520156,57589.35916704551,0.0560002326965332,0.5940001010894775
17,2,8,local_search,dr_pwldr,57574.49972270676,57569.08156806697,0.0560002326965332,0.5940001010894775
17,2,8,local_search,reopt_pwldr,56196.59411534101,56196.59411534101,0.0560002326965332,0.5940001010894775
17,2,9,black_box,obj_pwldr,57594.60210052348,57589.37538620193,0.04500007629394531,5.433000087738037
17,2,9,black_box,dr_pwldr,57574.52950022195,57569.093640778585,0.04500007629394531,5.433000087738037
17,2,9,black_box,reopt_pwldr,56196.594115341024,56196.59411534099,0.04500007629394531,5.433000087738037
17,2,9,local_search,obj_pwldr,57594.60210052348,57589.372178162586,0.04500007629394531,0.8229999542236328
17,2,9,local_search,dr_pwldr,57574.52950022195,57569.09747168419,0.04500007629394531,0.8229999542236328
17,2,9,local_search,reopt_pwldr,56196.594115341024,56196.59411534099,0.04500007629394531,0.8229999542236328
17,2,10,black_box,obj_pwldr,57592.63233438847,57589.40460620911,0.05799984931945801,5.726999998092651
17,2,10,black_box,dr_pwldr,57572.26053679447,57569.129128210014,0.05799984931945801,5.726999998092651
17,2,10,black_box,reopt_pwldr,56196.59411534101,56196.59411534101,0.05799984931945801,5.726999998092651
17,2,10,local_search,obj_pwldr,57592.63233438847,57589.39661124242,0.05799984931945801,0.7799999713897705
17,2,10,local_search,dr_pwldr,57572.26053679447,57569.126856921044,0.05799984931945801,0.7799999713897705
17,2,10,local_search,reopt_pwldr,56196.59411534101,56196.59411534101,0.05799984931945801,0.7799999713897705
17,3,1,black_box,obj_pwldr,57719.06913537511,57541.121758913,0.020999908447265625,1.9639999866485596
17,3,1,black_box,dr_pwldr,57695.66456648577,57513.23116570961,0.020999908447265625,1.9639999866485596
17,3,1,black_box,reopt_pwldr,56196.59411534101,56196.594115341024,0.020999908447265625,1.9639999866485596
17,3,1,local_search,obj_pwldr,57719.06913537511,57541.12175891299,0.020999908447265625,0.13899993896484375
17,3,1,local_search,dr_pwldr,57695.66456648577,57513.23116570958,0.020999908447265625,0.13899993896484375
17,3,1,local_search,reopt_pwldr,56196.59411534101,56196.59411534101,0.020999908447265625,0.13899993896484375
17,3,2,black_box,obj_pwldr,57604.64195813077,57539.6152085861,0.051000118255615234,4.263000011444092
17,3,2,black_box,dr_pwldr,57577.0063846662,57511.785085081545,0.051000118255615234,4.263000011444092
17,3,2,black_box,reopt_pwldr,56196.59411534101,56196.59411534101,0.051000118255615234,4.263000011444092
17,3,2,local_search,obj_pwldr,57604.64195813077,57539.6152085861,0.051000118255615234,0.15199995040893555
17,3,2,local_search,dr_pwldr,57577.0063846662,57511.785085081545,0.051000118255615234,0.15199995040893555
17,3,2,local_search,reopt_pwldr,56196.59411534101,56196.59411534101,0.051000118255615234,0.15199995040893555
17,3,3,black_box,obj_pwldr,57538.9330999686,57538.90441891379,0.04699993133544922,6.955000162124634
17,3,3,black_box,dr_pwldr,57511.05164320893,57511.02323770438,0.04699993133544922,6.955000162124634
17,3,3,black_box,reopt_pwldr,56196.59411534101,56196.59411534101,0.04699993133544922,6.955000162124634
17,3,3,local_search,obj_pwldr,57538.9330999686,57538.90441891379,0.04699993133544922,0.5080001354217529
17,3,3,local_search,dr_pwldr,57511.05164320893,57511.02323770438,0.04699993133544922,0.5080001354217529
17,3,3,local_search,reopt_pwldr,56196.59411534101,56196.59411534101,0.04699993133544922,0.5080001354217529
17,3,4,black_box,obj_pwldr,57566.475132368236,57538.75531912082,0.06700015068054199,10.210000038146973
17,3,4,black_box,dr_pwldr,57539.14364737054,57510.875609006405,0.06700015068054199,10.210000038146973
17,3,4,black_box,reopt_pwldr,56196.59411534101,56196.59411534101,0.06700015068054199,10.210000038146973
17,3,4,local_search,obj_pwldr,57566.475132368236,57538.75531912082,0.06700015068054199,0.7559998035430908
17,3,4,local_search,dr_pwldr,57539.14364737054,57510.875609006405,0.06700015068054199,0.7559998035430908
17,3,4,local_search,reopt_pwldr,56196.59411534101,56196.59411534101,0.06700015068054199,0.7559998035430908
17,3,5,black_box,obj_pwldr,57566.41363091842,57539.10921476564,0.07800006866455078,13.33299994468689
17,3,5,black_box,dr_pwldr,57538.65513972991,57511.25104931894,0.07800006866455078,13.33299994468689
17,3,5,black_box,reopt_pwldr,56196.59411534101,56196.59411534101,0.07800006866455078,13.33299994468689
17,3,5,local_search,obj_pwldr,57566.41363091842,57539.10921476564,0.07800006866455078,1.0089998245239258
17,3,5,local_search,dr_pwldr,57538.65513972991,57511.25104931894,0.07800006866455078,1.0089998245239258
17,3,5,local_search,reopt_pwldr,56196.59411534101,56196.59411534101,0.07800006866455078,1.0089998245239258
17,3,6,black_box,obj_pwldr,57553.85555139843,57538.77444255708,0.10800004005432129,17.366999864578247
17,3,6,black_box,dr_pwldr,57525.80774012602,57510.89613379552,0.10800004005432129,17.366999864578247
17,3,6,black_box,reopt_pwldr,56196.59411534099,56196.59411534101,0.10800004005432129,17.366999864578247
17,3,6,local_search,obj_pwldr,57553.85555139843,57538.77444255708,0.10800004005432129,1.6459999084472656
17,3,6,local_search,dr_pwldr,57525.80774012602,57510.89613379552,0.10800004005432129,1.6459999084472656
17,3,6,local_search,reopt_pwldr,56196.59411534099,56196.59411534101,0.10800004005432129,1.6459999084472656
17,3,7,black_box,obj_pwldr,57538.868319764115,57538.81258965882,0.14800000190734863,20.130000114440918
17,3,7,black_box,dr_pwldr,57510.98708407098,57510.93677923395,0.14800000190734863,20.130000114440918
17,3,7,black_box,reopt_pwldr,56196.594115341024,56196.59411534099,0.14800000190734863,20.130000114440918
17,3,7,local_search,obj_pwldr,57538.868319764115,57538.81258965882,0.14800000190734863,3.6399998664855957
17,3,7,local_search,dr_pwldr,57510.98708407098,57510.93677923395,0.14800000190734863,3.6399998664855957
17,3,7,local_search,reopt_pwldr,56196.594115341024,56196.59411534099,0.14800000190734863,3.6399998664855957
17,3,8,black_box,obj_pwldr,57548.030431499246,57538.756346667884,0.1549999713897705,23.613999843597412
17,3,8,black_box,dr_pwldr,57520.22182818856,57510.877270711426,0.1549999713897705,23.613999843597412
17,3,8,black_box,reopt_pwldr,56196.59411534101,56196.59411534101,0.1549999713897705,23.613999843597412
17,3,8,local_search,obj_pwldr,57548.030431499246,57538.756346667884,0.1549999713897705,2.6000001430511475
17,3,8,local_search,dr_pwldr,57520.22182818856,57510.877270711426,0.1549999713897705,2.6000001430511475
17,3,8,local_search,reopt_pwldr,56196.59411534101,56196.59411534101,0.1549999713897705,2.6000001430511475
17,3,9,black_box,obj_pwldr,57549.06354036066,57538.800504779785,0.182999849319458,27.265000104904175
17,3,9,black_box,dr_pwldr,57520.97107404047,57510.91302200692,0.182999849319458,27.265000104904175
17,3,9,black_box,reopt_pwldr,56196.594115341024,56196.59411534101,0.182999849319458,27.265000104904175
17,3,9,local_search,obj_pwldr,57549.06354036066,57538.79811087607,0.182999849319458,4.650000095367432
17,3,9,local_search,dr_pwldr,57520.97107404047,57510.91088066856,0.182999849319458,4.650000095367432
17,3,9,local_search,reopt_pwldr,56196.594115341024,56196.59411534101,0.182999849319458,4.650000095367432
17,3,10,black_box,obj_pwldr,57545.133662227694,57538.768137981264,0.1809999942779541,30.204999923706055
17,3,10,black_box,dr_pwldr,57517.02148149786,57510.88832905637,0.1809999942779541,30.204999923706055
17,3,10,black_box,reopt_pwldr,56196.594115341024,56196.59411534101,0.1809999942779541,30.204999923706055
17,3,10,local_search,obj_pwldr,57545.133662227694,57538.768137981264,0.1809999942779541,4.605999946594238
17,3,10,local_search,dr_pwldr,57517.02148149786,57510.88832905637,0.1809999942779541,4.605999946594238
17,3,10,local_search,reopt_pwldr,56196.594115341024,56196.59411534101,0.1809999942779541,4.605999946594238
17,4,1,black_box,obj_pwldr,57611.97297812121,57487.22453417793,0.023000001907348633,1.928999900817871
17,4,1,black_box,dr_pwldr,57590.24578373193,57463.130165811854,0.023000001907348633,1.928999900817871
17,4,1,black_box,reopt_pwldr,56196.59411534101,56196.59411534101,0.023000001907348633,1.928999900817871
17,4,1,local_search,obj_pwldr,57611.97297812121,57487.224534177934,0.023000001907348633,0.0710000991821289
17,4,1,local_search,dr_pwldr,57590.24578373193,57463.13016581186,0.023000001907348633,0.0710000991821289
17,4,1,local_search,reopt_pwldr,56196.59411534101,56196.59411534101,0.023000001907348633,0.0710000991821289
17,4,2,black_box,obj_pwldr,57514.627134747156,57487.24527317417,0.03099989891052246,2.4100000858306885
17,4,2,black_box,dr_pwldr,57492.50252229401,57463.14358977169,0.03099989891052246,2.4100000858306885
17,4,2,black_box,reopt_pwldr,56196.59411534101,56196.59411534101,0.03099989891052246,2.4100000858306885
17,4,2,local_search,obj_pwldr,57514.627134747156,57487.24527317417,0.03099989891052246,0.12400007247924805
17,4,2,local_search,dr_pwldr,57492.50252229401,57463.14358977169,0.03099989891052246,0.12400007247924805
17,4,2,local_search,reopt_pwldr,56196.59411534101,56196.59411534101,0.03099989891052246,0.12400007247924805
17,4,3,black_box,obj_pwldr,57487.08619019444,57487.957094709454,0.03400015830993652,3.1440000534057617
17,4,3,black_box,dr_pwldr,57462.98525160931,57463.90266484713,0.03400015830993652,3.1440000534057617
17,4,3,black_box,reopt_pwldr,56196.594115341024,56196.594115341024,0.03400015830993652,3.1440000534057617
17,4,3,local_search,obj_pwldr,57487.08619019444,57487.957094709454,0.03400015830993652,0.13899993896484375
17,4,3,local_search,dr_pwldr,57462.98525160931,57463.90266484713,0.03400015830993652,0.13899993896484375
17,4,3,local_search,reopt_pwldr,56196.594115341024,56196.594115341024,0.03400015830993652,0.13899993896484375
17,4,4,black_box,obj_pwldr,57504.36734011433,57487.032048474524,0.03900003433227539,3.7950000762939453
17,4,4,black_box,dr_pwldr,57481.24254773408,57462.935773695506,0.03900003433227539,3.7950000762939453
17,4,4,black_box,reopt_pwldr,56196.59411534101,56196.59411534101,0.03900003433227539,3.7950000762939453
17,4,4,local_search,obj_pwldr,57504.36734011433,57487.032048474524,0.03900003433227539,0.2219998836517334
17,4,4,local_search,dr_pwldr,57481.24254773408,57462.935773695506,0.03900003433227539,0.2219998836517334
17,4,4,local_search,reopt_pwldr,56196.59411534101,56196.59411534101,0.03900003433227539,0.2219998836517334
17,4,5,black_box,obj_pwldr,57500.01540623396,57487.046290929466,0.04700016975402832,4.180000066757202
17,4,5,black_box,dr_pwldr,57477.49959585167,57462.94845717431,0.04700016975402832,4.180000066757202
17,4,5,black_box,reopt_pwldr,56196.59411534101,56196.59411534101,0.04700016975402832,4.180000066757202
17,4,5,local_search,obj_pwldr,57500.01540623396,57487.046290929466,0.04700016975402832,0.26999998092651367
17,4,5,local_search,dr_pwldr,57477.49959585167,57462.94845717431,0.04700016975402832,0.26999998092651367
17,4,5,local_search,reopt_pwldr,56196.59411534101,56196.59411534101,0.04700016975402832,0.26999998092651367
17,4,6,black_box,obj_pwldr,57493.060725589785,57487.16043394246,0.039999961853027344,4.050000190734863
17,4,6,black_box,dr_pwldr,57469.87538973014,57463.082259572446,0.039999961853027344,4.050000190734863
17,4,6,black_box,reopt_pwldr,56196.59411534101,56196.59411534101,0.039999961853027344,4.050000190734863
17,4,6,local_search,obj_pwldr,57493.060725589785,57487.16043394246,0.039999961853027344,0.3269999027252197
17,4,6,local_search,dr_pwldr,57469.87538973014,57463.082259572446,0.039999961853027344,0.3269999027252197
17,4,6,local_search,reopt_pwldr,56196.59411534101,56196.59411534101,0.039999961853027344,0.3269999027252197
17,4,7,black_box,obj_pwldr,57487.06460670155,57487.1341945086,0.04500007629394531,4.860000133514404
17,4,7,black_box,dr_pwldr,57462.965029167,57463.06958644878,0.04500007629394531,4.860000133514404
17,4,7,black_box,reopt_pwldr,56196.59411534101,56196.59411534101,0.04500007629394531,4.860000133514404
17,4,7,local_search,obj_pwldr,57487.06460670155,57487.0522600987,0.04500007629394531,0.6189999580383301
17,4,7,local_search,dr_pwldr,57462.965029167,57462.961330898135,0.04500007629394531,0.6189999580383301
17,4,7,local_search,reopt_pwldr,56196.59411534101,56196.59411534101,0.04500007629394531,0.6189999580383301
17,4,8,black_box,obj_pwldr,57491.86692338484,57487.02645826148,0.05200004577636719,5.580999851226807
17,4,8,black_box,dr_pwldr,57468.52851534439,57462.9236360684,0.05200004577636719,5.580999851226807
17,4,8,black_box,reopt_pwldr,56196.59411534101,56196.59411534101,0.05200004577636719,5.580999851226807
17,4,8,local_search,obj_pwldr,57491.86692338484,57487.02645826148,0.05200004577636719,0.5269999504089355
17,4,8,local_search,dr_pwldr,57468.52851534439,57462.9236360684,0.05200004577636719,0.5269999504089355
17,4,8,local_search,reopt_pwldr,56196.59411534101,56196.59411534101,0.05200004577636719,0.5269999504089355
17,4,9,black_box,obj_pwldr,57491.66296652656,57487.03997707727,0.05500006675720215,6.343000173568726
17,4,9,black_box,dr_pwldr,57468.53594370246,57462.94127320794,0.05500006675720215,6.343000173568726
17,4,9,black_box,reopt_pwldr,56196.59411534099,56196.59411534101,0.05500006675720215,6.343000173568726
17,4,9,local_search,obj_pwldr,57491.66296652656,57487.03997707727,0.05500006675720215,0.619999885559082
17,4,9,local_search,dr_pwldr,57468.53594370246,57462.94127320794,0.05500006675720215,0.619999885559082
17,4,9,local_search,reopt_pwldr,56196.59411534099,56196.59411534101,0.05500006675720215,0.619999885559082
17,4,10,black_box,obj_pwldr,57489.61723144104,57487.04214321179,0.06200003623962402,6.269000053405762
17,4,10,black_box,dr_pwldr,57465.945912759336,57462.94099604764,0.06200003623962402,6.269000053405762
17,4,10,black_box,reopt_pwldr,56196.59411534101,56196.59411534101,0.06200003623962402,6.269000053405762
17,4,10,local_search,obj_pwldr,57489.61723144104,57487.04214321179,0.06200003623962402,0.7770001888275146
17,4,10,local_search,dr_pwldr,57465.945912759336,57462.94099604764,0.06200003623962402,0.7770001888275146
17,4,10,local_search,reopt_pwldr,56196.59411534101,56196.59411534101,0.06200003623962402,0.7770001888275146
18,1,1,black_box,obj_pwldr,61933.10721802869,61786.565668208335,0.029000043869018555,2.2290000915527344
18,1,1,black_box,dr_pwldr,61942.05667244204,61801.70114933333,0.029000043869018555,2.2290000915527344
18,1,1,black_box,reopt_pwldr,60929.10907628395,60929.10907628393,0.029000043869018555,2.2290000915527344
18,1,1,local_search,obj_pwldr,61933.10721802869,61786.565668208365,0.029000043869018555,0.17199993133544922
18,1,1,local_search,dr_pwldr,61942.05667244204,61801.70114933335,0.029000043869018555,0.17199993133544922
18,1,1,local_search,reopt_pwldr,60929.10907628395,60929.10907628395,0.029000043869018555,0.17199993133544922
18,1,2,black_box,obj_pwldr,61865.095789411906,61786.44332994754,0.039999961853027344,4.182000160217285
18,1,2,black_box,dr_pwldr,61876.004745482394,61801.57734426941,0.039999961853027344,4.182000160217285
18,1,2,black_box,reopt_pwldr,60929.10907628395,60929.10907628395,0.039999961853027344,4.182000160217285
18,1,2,local_search,obj_pwldr,61865.095789411906,61786.44332994754,0.039999961853027344,0.3970000743865967
18,1,2,local_search,dr_pwldr,61876.004745482394,61801.57734426941,0.039999961853027344,0.3970000743865967
18,1,2,local_search,reopt_pwldr,60929.10907628395,60929.10907628395,0.039999961853027344,0.3970000743865967
18,1,3,black_box,obj_pwldr,61826.040790206185,61786.00583170056,0.0559999942779541,6.892999887466431
18,1,3,black_box,dr_pwldr,61839.185308506254,61801.114784362195,0.0559999942779541,6.892999887466431
18,1,3,black_box,reopt_pwldr,60929.10907628395,60929.10907628395,0.0559999942779541,6.892999887466431
18,1,3,local_search,obj_pwldr,61826.040790206185,61786.00583170056,0.0559999942779541,0.4030001163482666
18,1,3,local_search,dr_pwldr,61839.185308506254,61801.114784362195,0.0559999942779541,0.4030001163482666
18,1,3,local_search,reopt_pwldr,60929.10907628395,60929.10907628395,0.0559999942779541,0.4030001163482666
18,1,4,black_box,obj_pwldr,61806.961115839,61786.00316739903,0.06800007820129395,10.704999923706055
18,1,4,black_box,dr_pwldr,61821.1272257082,61801.113801730906,0.06800007820129395,10.704999923706055
18,1,4,black_box,reopt_pwldr,60929.10907628395,60929.10907628395,0.06800007820129395,10.704999923706055
18,1,4,local_search,obj_pwldr,61806.961115839,61786.00316739904,0.06800007820129395,0.6419999599456787
18,1,4,local_search,dr_pwldr,61821.1272257082,61801.113801730906,0.06800007820129395,0.6419999599456787
18,1,4,local_search,reopt_pwldr,60929.10907628395,60929.10907628395,0.06800007820129395,0.6419999599456787
18,1,5,black_box,obj_pwldr,61797.20934762676,61786.00611484256,0.07800006866455078,13.503999948501587
18,1,5,black_box,dr_pwldr,61811.85095242995,61801.117659895404,0.07800006866455078,13.503999948501587
18,1,5,black_box,reopt_pwldr,60929.10907628395,60929.10907628395,0.07800006866455078,13.503999948501587
18,1,5,local_search,obj_pwldr,61797.20934762676,61786.00611484256,0.07800006866455078,0.9890000820159912
18,1,5,local_search,dr_pwldr,61811.85095242995,61801.117659895404,0.07800006866455078,0.9890000820159912
18,1,5,local_search,reopt_pwldr,60929.10907628395,60929.10907628395,0.07800006866455078,0.9890000820159912
18,1,6,black_box,obj_pwldr,61791.76445097236,61786.164112037295,0.125,17.149999856948853
18,1,6,black_box,dr_pwldr,61806.697124265214,61801.26214695567,0.125,17.149999856948853
18,1,6,black_box,reopt_pwldr,60929.10907628395,60929.10907628395,0.125,17.149999856948853
18,1,6,local_search,obj_pwldr,61791.76445097236,61786.164112037295,0.125,1.50600004196167
18,1,6,local_search,dr_pwldr,61806.697124265214,61801.26214695567,0.125,1.50600004196167
18,1,6,local_search,reopt_pwldr,60929.10907628395,60929.10907628395,0.125,1.50600004196167
18,1,7,black_box,obj_pwldr,61788.460935954994,61786.0677964073,0.14699983596801758,20.11299991607666
18,1,7,black_box,dr_pwldr,61803.534967281936,61801.15929349076,0.14699983596801758,20.11299991607666
18,1,7,black_box,reopt_pwldr,60929.10907628395,60929.10907628395,0.14699983596801758,20.11299991607666
18,1,7,local_search,obj_pwldr,61788.460935954994,61785.990821388754,0.14699983596801758,2.7319998741149902
18,1,7,local_search,dr_pwldr,61803.534967281936,61801.10172138482,0.14699983596801758,2.7319998741149902
18,1,7,local_search,reopt_pwldr,60929.10907628395,60929.10907628395,0.14699983596801758,2.7319998741149902
18,1,8,black_box,obj_pwldr,61786.31329516224,61785.99063898684,0.1640000343322754,24.04800009727478
18,1,8,black_box,dr_pwldr,61801.44296772531,61801.1015309632,0.1640000343322754,24.04800009727478
18,1,8,black_box,reopt_pwldr,60929.10907628395,60929.10907628395,0.1640000343322754,24.04800009727478
18,1,8,local_search,obj_pwldr,61786.31329516224,61785.99063898684,0.1640000343322754,2.248999834060669
18,1,8,local_search,dr_pwldr,61801.44296772531,61801.1015309632,0.1640000343322754,2.248999834060669
18,1,8,local_search,reopt_pwldr,60929.10907628395,60929.10907628395,0.1640000343322754,2.248999834060669
18,1,9,black_box,obj_pwldr,61788.402320432804,61785.99132995273,0.1700000762939453,26.86899995803833
18,1,9,black_box,dr_pwldr,61803.288845706964,61801.102252268254,0.1700000762939453,26.86899995803833
18,1,9,black_box,reopt_pwldr,60929.10907628395,60929.10907628395,0.1700000762939453,26.86899995803833
18,1,9,local_search,obj_pwldr,61788.402320432804,61785.99132995274,0.1700000762939453,3.3459999561309814
18,1,9,local_search,dr_pwldr,61803.288845706964,61801.102252268254,0.1700000762939453,3.3459999561309814
18,1,9,local_search,reopt_pwldr,60929.10907628395,60929.10907628395,0.1700000762939453,3.3459999561309814
18,1,10,black_box,obj_pwldr,61789.53886428966,61785.99672338168,0.19099998474121094,30.825999975204468
18,1,10,black_box,dr_pwldr,61804.31096838465,61801.1070146771,0.19099998474121094,30.825999975204468
18,1,10,black_box,reopt_pwldr,60929.10907628395,60929.10907628395,0.19099998474121094,30.825999975204468
18,1,10,local_search,obj_pwldr,61789.53886428966,61785.99672338168,0.19099998474121094,3.616999864578247
18,1,10,local_search,dr_pwldr,61804.31096838465,61801.1070146771,0.19099998474121094,3.616999864578247
18,1,10,local_search,reopt_pwldr,60929.10907628395,60929.10907628395,0.19099998474121094,3.616999864578247
18,2,1,black_box,obj_pwldr,61869.4530859456,61783.17233870619,0.023000001907348633,1.2799999713897705
18,2,1,black_box,dr_pwldr,61881.19483609252,61793.2036840659,0.023000001907348633,1.2799999713897705
18,2,1,black_box,reopt_pwldr,60929.10907628395,60929.10907628396,0.023000001907348633,1.2799999713897705
18,2,1,local_search,obj_pwldr,61869.4530859456,61781.825765356225,0.023000001907348633,0.21500015258789062
18,2,1,local_search,dr_pwldr,61881.19483609252,61791.87539984062,0.023000001907348633,0.21500015258789062
18,2,1,local_search,reopt_pwldr,60929.10907628395,60929.10907628395,0.023000001907348633,0.21500015258789062
18,2,2,black_box,obj_pwldr,61811.594192304976,61781.9823339331,0.029000043869018555,1.7269999980926514
18,2,2,black_box,dr_pwldr,61823.81568672306,61791.99820077597,0.029000043869018555,1.7269999980926514
18,2,2,black_box,reopt_pwldr,60929.10907628395,60929.10907628395,0.029000043869018555,1.7269999980926514
18,2,2,local_search,obj_pwldr,61811.594192304976,61781.84378138555,0.029000043869018555,0.12400007247924805
18,2,2,local_search,dr_pwldr,61823.81568672306,61791.9045164314,0.029000043869018555,0.12400007247924805
18,2,2,local_search,reopt_pwldr,60929.10907628395,60929.10907628395,0.029000043869018555,0.12400007247924805
18,2,3,black_box,obj_pwldr,61795.224838191774,61781.90363245386,0.03299999237060547,2.072999954223633
18,2,3,black_box,dr_pwldr,61806.66084883117,61791.93769770634,0.03299999237060547,2.072999954223633
18,2,3,black_box,reopt_pwldr,60929.10907628395,60929.10907628395,0.03299999237060547,2.072999954223633
18,2,3,local_search,obj_pwldr,61795.224838191774,61781.90363245386,0.03299999237060547,0.24300003051757812
18,2,3,local_search,dr_pwldr,61806.66084883117,61791.93769770634,0.03299999237060547,0.24300003051757812
18,2,3,local_search,reopt_pwldr,60929.10907628395,60929.10907628395,0.03299999237060547,0.24300003051757812
18,2,4,black_box,obj_pwldr,61788.80415006065,61781.81185477094,0.03900003433227539,2.759000062942505
18,2,4,black_box,dr_pwldr,61799.60191561754,61791.86306684531,0.03900003433227539,2.759000062942505
18,2,4,black_box,reopt_pwldr,60929.10907628395,60929.10907628395,0.03900003433227539,2.759000062942505
18,2,4,local_search,obj_pwldr,61788.80415006065,61781.81185477094,0.03900003433227539,0.17100000381469727
18,2,4,local_search,dr_pwldr,61799.60191561754,61791.86306684531,0.03900003433227539,0.17100000381469727
18,2,4,local_search,reopt_pwldr,60929.10907628395,60929.10907628395,0.03900003433227539,0.17100000381469727
18,2,5,black_box,obj_pwldr,61785.64646376373,61781.815523476114,0.0410001277923584,3.0920000076293945
18,2,5,black_box,dr_pwldr,61796.16261161619,61791.87314241313,0.0410001277923584,3.0920000076293945
18,2,5,black_box,reopt_pwldr,60929.10907628395,60929.10907628395,0.0410001277923584,3.0920000076293945
18,2,5,local_search,obj_pwldr,61785.64646376373,61781.815523476114,0.0410001277923584,0.21700000762939453
18,2,5,local_search,dr_pwldr,61796.16261161619,61791.87314241313,0.0410001277923584,0.21700000762939453
18,2,5,local_search,reopt_pwldr,60929.10907628395,60929.10907628395,0.0410001277923584,0.21700000762939453
18,2,6,black_box,obj_pwldr,61783.84380774841,61781.80954256117,0.03600001335144043,3.6040000915527344
18,2,6,black_box,dr_pwldr,61794.012916707106,61791.86267078523,0.03600001335144043,3.6040000915527344
18,2,6,black_box,reopt_pwldr,60929.10907628395,60929.10907628395,0.03600001335144043,3.6040000915527344
18,2,6,local_search,obj_pwldr,61783.84380774841,61781.80745422376,0.03600001335144043,0.38499999046325684
18,2,6,local_search,dr_pwldr,61794.012916707106,61791.86075794052,0.03600001335144043,0.38499999046325684
18,2,6,local_search,reopt_pwldr,60929.10907628395,60929.10907628395,0.03600001335144043,0.38499999046325684
18,2,7,black_box,obj_pwldr,61782.703968213835,61781.828693642485,0.04700016975402832,4.130000114440918
18,2,7,black_box,dr_pwldr,61792.65641327922,61791.877788310754,0.04700016975402832,4.130000114440918
18,2,7,black_box,reopt_pwldr,60929.10907628395,60929.10907628395,0.04700016975402832,4.130000114440918
18,2,7,local_search,obj_pwldr,61782.703968213835,61781.8286936425,0.04700016975402832,0.4090001583099365
18,2,7,local_search,dr_pwldr,61792.65641327922,61791.877788310754,0.04700016975402832,0.4090001583099365
18,2,7,local_search,reopt_pwldr,60929.10907628395,60929.10907628395,0.04700016975402832,0.4090001583099365
18,2,8,black_box,obj_pwldr,61781.9285033539,61781.809887155265,0.05799984931945801,4.776000022888184
18,2,8,black_box,dr_pwldr,61791.957077884326,61791.86363711438,0.05799984931945801,4.776000022888184
18,2,8,black_box,reopt_pwldr,60929.10907628395,60929.10907628395,0.05799984931945801,4.776000022888184
18,2,8,local_search,obj_pwldr,61781.9285033539,61781.80642132112,0.05799984931945801,0.7189998626708984
18,2,8,local_search,dr_pwldr,61791.957077884326,61791.85959748437,0.05799984931945801,0.7189998626708984
18,2,8,local_search,reopt_pwldr,60929.10907628395,60929.10907628395,0.05799984931945801,0.7189998626708984
18,2,9,black_box,obj_pwldr,61782.56923282637,61781.81198323272,0.05499982833862305,5.493000030517578
18,2,9,black_box,dr_pwldr,61792.832773116425,61791.86410924215,0.05499982833862305,5.493000030517578
18,2,9,black_box,reopt_pwldr,60929.10907628395,60929.10907628395,0.05499982833862305,5.493000030517578
18,2,9,local_search,obj_pwldr,61782.56923282637,61781.811983232714,0.05499982833862305,1.2699999809265137
18,2,9,local_search,dr_pwldr,61792.832773116425,61791.86410924215,0.05499982833862305,1.2699999809265137
18,2,9,local_search,reopt_pwldr,60929.10907628395,60929.10907628395,0.05499982833862305,1.2699999809265137
18,2,10,black_box,obj_pwldr,61782.93354534568,61781.806327092534,0.06200003623962402,6.805999994277954
18,2,10,black_box,dr_pwldr,61793.32646167354,61791.85946080079,0.06200003623962402,6.805999994277954
18,2,10,black_box,reopt_pwldr,60929.10907628395,60929.10907628395,0.06200003623962402,6.805999994277954
18,2,10,local_search,obj_pwldr,61782.93354534568,61781.806327092534,0.06200003623962402,0.7070000171661377
18,2,10,local_search,dr_pwldr,61793.32646167354,61791.85946080079,0.06200003623962402,0.7070000171661377
18,2,10,local_search,reopt_pwldr,60929.10907628395,60929.10907628395,0.06200003623962402,0.7070000171661377
18,3,1,black_box,obj_pwldr,61921.45348164619,61804.784733359054,0.020999908447265625,1.3340001106262207
18,3,1,black_box,dr_pwldr,61934.13919639038,61814.990066073755,0.020999908447265625,1.3340001106262207
18,3,1,black_box,reopt_pwldr,60929.10907628395,60929.10907628395,0.020999908447265625,1.3340001106262207
18,3,1,local_search,obj_pwldr,61921.45348164619,61804.78473335905,0.020999908447265625,0.05099987983703613
18,3,1,local_search,dr_pwldr,61934.13919639038,61814.990066073755,0.020999908447265625,0.05099987983703613
18,3,1,local_search,reopt_pwldr,60929.10907628395,60929.10907628395,0.020999908447265625,0.05099987983703613
18,3,2,black_box,obj_pwldr,61867.39517851897,61804.86385061756,0.03299999237060547,1.6579999923706055
18,3,2,black_box,dr_pwldr,61877.974240807,61815.06347486833,0.03299999237060547,1.6579999923706055
18,3,2,black_box,reopt_pwldr,60929.10907628395,60929.10907628395,0.03299999237060547,1.6579999923706055
18,3,2,local_search,obj_pwldr,61867.39517851897,61804.03162396131,0.03299999237060547,0.14499998092651367
18,3,2,local_search,dr_pwldr,61877.974240807,61814.29495992435,0.03299999237060547,0.14499998092651367
18,3,2,local_search,reopt_pwldr,60929.10907628395,60929.10907628395,0.03299999237060547,0.14499998092651367
18,3,3,black_box,obj_pwldr,61842.377164430174,61804.022244251595,0.029999971389770508,2.0889999866485596
18,3,3,black_box,dr_pwldr,61851.94047207354,61814.281483321734,0.029999971389770508,2.0889999866485596
18,3,3,black_box,reopt_pwldr,60929.10907628395,60929.10907628395,0.029999971389770508,2.0889999866485596
18,3,3,local_search,obj_pwldr,61842.377164430174,61804.022244251595,0.029999971389770508,0.13899993896484375
18,3,3,local_search,dr_pwldr,61851.94047207354,61814.281483321734,0.029999971389770508,0.13899993896484375
18,3,3,local_search,reopt_pwldr,60929.10907628395,60929.10907628395,0.029999971389770508,0.13899993896484375
18,3,4,black_box,obj_pwldr,61828.171361714434,61804.3538764645,0.03900003433227539,2.496999979019165
18,3,4,black_box,dr_pwldr,61837.25717292925,61814.59751674518,0.03900003433227539,2.496999979019165
18,3,4,black_box,reopt_pwldr,60929.10907628395,60929.10907628395,0.03900003433227539,2.496999979019165
18,3,4,local_search,obj_pwldr,61828.171361714434,61804.017986441526,0.03900003433227539,0.27499985694885254
18,3,4,local_search,dr_pwldr,61837.25717292925,61814.278997458336,0.03900003433227539,0.27499985694885254
18,3,4,local_search,reopt_pwldr,60929.10907628395,60929.10907628395,0.03900003433227539,0.27499985694885254
18,3,5,black_box,obj_pwldr,61819.06463655206,61804.06860744472,0.03699994087219238,3.0759999752044678
18,3,5,black_box,dr_pwldr,61828.22337642213,61814.320405341496,0.03699994087219238,3.0759999752044678
18,3,5,black_box,reopt_pwldr,60929.10907628395,60929.10907628395,0.03699994087219238,3.0759999752044678
18,3,5,local_search,obj_pwldr,61819.06463655206,61804.00734462362,0.03699994087219238,0.40199995040893555
18,3,5,local_search,dr_pwldr,61828.22337642213,61814.26878833784,0.03699994087219238,0.40199995040893555
18,3,5,local_search,reopt_pwldr,60929.10907628395,60929.10907628395,0.03699994087219238,0.40199995040893555
18,3,6,black_box,obj_pwldr,61812.7451709373,61804.40233895432,0.03699994087219238,3.7730000019073486
18,3,6,black_box,dr_pwldr,61822.128482671855,61814.62895579282,0.03699994087219238,3.7730000019073486
18,3,6,black_box,reopt_pwldr,60929.10907628395,60929.10907628395,0.03699994087219238,3.7730000019073486
18,3,6,local_search,obj_pwldr,61812.7451709373,61804.02062681837,0.03699994087219238,0.4270000457763672
18,3,6,local_search,dr_pwldr,61822.128482671855,61814.277515020876,0.03699994087219238,0.4270000457763672
18,3,6,local_search,reopt_pwldr,60929.10907628395,60929.10907628395,0.03699994087219238,0.4270000457763672
18,3,7,black_box,obj_pwldr,61808.10920111723,61804.022001473575,0.0410001277923584,4.111999988555908
18,3,7,black_box,dr_pwldr,61817.94592373596,61814.27782590759,0.0410001277923584,4.111999988555908
18,3,7,black_box,reopt_pwldr,60929.10907628395,60929.10907628395,0.0410001277923584,4.111999988555908
18,3,7,local_search,obj_pwldr,61808.10920111723,61803.98166432262,0.0410001277923584,0.6389999389648438
18,3,7,local_search,dr_pwldr,61817.94592373596,61814.24948910554,0.0410001277923584,0.6389999389648438
18,3,7,local_search,reopt_pwldr,60929.10907628395,60929.10907628395,0.0410001277923584,0.6389999389648438
18,3,8,black_box,obj_pwldr,61804.56570922968,61803.99162263696,0.04500007629394531,4.742000102996826
18,3,8,black_box,dr_pwldr,61814.784556361956,61814.250414390066,0.04500007629394531,4.742000102996826
18,3,8,black_box,reopt_pwldr,60929.10907628395,60929.10907628395,0.04500007629394531,4.742000102996826
18,3,8,local_search,obj_pwldr,61804.56570922968,61803.99162263696,0.04500007629394531,0.4960000514984131
18,3,8,local_search,dr_pwldr,61814.784556361956,61814.250414390066,0.04500007629394531,0.4960000514984131
18,3,8,local_search,reopt_pwldr,60929.10907628395,60929.10907628395,0.04500007629394531,0.4960000514984131
18,3,9,black_box,obj_pwldr,61806.025130968716,61803.97714019202,0.05299997329711914,5.424999952316284
18,3,9,black_box,dr_pwldr,61816.31189756267,61814.24266156655,0.05299997329711914,5.424999952316284
18,3,9,black_box,reopt_pwldr,60929.10907628395,60929.10907628395,0.05299997329711914,5.424999952316284
18,3,9,local_search,obj_pwldr,61806.025130968716,61803.97714019202,0.05299997329711914,0.5910000801086426
18,3,9,local_search,dr_pwldr,61816.31189756267,61814.24266156655,0.05299997329711914,0.5910000801086426
18,3,9,local_search,reopt_pwldr,60929.10907628395,60929.10907628395,0.05299997329711914,0.5910000801086426
18,3,10,black_box,obj_pwldr,61807.2770354864,61803.98111364517,0.05200004577636719,6.045000076293945
18,3,10,black_box,dr_pwldr,61817.43663318345,61814.24688693845,0.05200004577636719,6.045000076293945
18,3,10,black_box,reopt_pwldr,60929.10907628395,60929.10907628395,0.05200004577636719,6.045000076293945
18,3,10,local_search,obj_pwldr,61807.2770354864,61803.98111364517,0.05200004577636719,0.7100000381469727
18,3,10,local_search,dr_pwldr,61817.43663318345,61814.24688693845,0.05200004577636719,0.7100000381469727
18,3,10,local_search,reopt_pwldr,60929.10907628395,60929.10907628395,0.05200004577636719,0.7100000381469727
18,4,1,black_box,obj_pwldr,61933.95466103032,61813.44079721957,0.023999929428100586,1.178999900817871
18,4,1,black_box,dr_pwldr,61945.99967783197,61823.8061656902,0.023999929428100586,1.178999900817871
18,4,1,black_box,reopt_pwldr,60929.10907628395,60929.10907628395,0.023999929428100586,1.178999900817871
18,4,1,local_search,obj_pwldr,61933.95466103032,61813.44079721958,0.023999929428100586,0.056999921798706055
18,4,1,local_search,dr_pwldr,61945.99967783197,61823.8061656902,0.023999929428100586,0.056999921798706055
18,4,1,local_search,reopt_pwldr,60929.10907628395,60929.10907628395,0.023999929428100586,0.056999921798706055
18,4,2,black_box,obj_pwldr,61882.04520367094,61812.82761255998,0.03699994087219238,1.556999921798706
18,4,2,black_box,dr_pwldr,61892.361099628855,61823.20800603151,0.03699994087219238,1.556999921798706
18,4,2,black_box,reopt_pwldr,60929.10907628395,60929.10907628395,0.03699994087219238,1.556999921798706
18,4,2,local_search,obj_pwldr,61882.04520367094,61812.82761255998,0.03699994087219238,0.08799982070922852
18,4,2,local_search,dr_pwldr,61892.361099628855,61823.20800603151,0.03699994087219238,0.08799982070922852
18,4,2,local_search,reopt_pwldr,60929.10907628395,60929.10907628395,0.03699994087219238,0.08799982070922852
18,4,3,black_box,obj_pwldr,61856.090474991244,61812.81722969815,0.043000221252441406,1.9449999332427979
18,4,3,black_box,dr_pwldr,61865.98318755228,61823.091712871574,0.043000221252441406,1.9449999332427979
18,4,3,black_box,reopt_pwldr,60929.10907628395,60929.10907628395,0.043000221252441406,1.9449999332427979
18,4,3,local_search,obj_pwldr,61856.090474991244,61812.57778444927,0.043000221252441406,0.18500018119812012
18,4,3,local_search,dr_pwldr,61865.98318755228,61822.94790397192,0.043000221252441406,0.18500018119812012
18,4,3,local_search,reopt_pwldr,60929.10907628395,60929.10907628395,0.043000221252441406,0.18500018119812012
18,4,4,black_box,obj_pwldr,61840.517637783436,61812.1454318085,0.037999868392944336,2.3500001430511475
18,4,4,black_box,dr_pwldr,61849.55581515224,61822.49462306053,0.037999868392944336,2.3500001430511475
18,4,4,black_box,reopt_pwldr,60929.10907628395,60929.10907628395,0.037999868392944336,2.3500001430511475
18,4,4,local_search,obj_pwldr,61840.517637783436,61812.1454318085,0.037999868392944336,0.16700005531311035
18,4,4,local_search,dr_pwldr,61849.55581515224,61822.49462306053,0.037999868392944336,0.16700005531311035
18,4,4,local_search,reopt_pwldr,60929.10907628395,60929.10907628395,0.037999868392944336,0.16700005531311035
18,4,5,black_box,obj_pwldr,61830.13574631156,61812.523420925914,0.039999961853027344,2.866000175476074
18,4,5,black_box,dr_pwldr,61839.28230880094,61822.865072388224,0.039999961853027344,2.866000175476074
18,4,5,black_box,reopt_pwldr,60929.10907628395,60929.10907628395,0.039999961853027344,2.866000175476074
18,4,5,local_search,obj_pwldr,61830.13574631156,61812.11558561365,0.039999961853027344,0.4530000686645508
18,4,5,local_search,dr_pwldr,61839.28230880094,61822.464346664325,0.039999961853027344,0.4530000686645508
18,4,5,local_search,reopt_pwldr,60929.10907628395,60929.10907628395,0.039999961853027344,0.4530000686645508
18,4,6,black_box,obj_pwldr,61822.72010954594,61812.33047845857,0.03699994087219238,3.3910000324249268
18,4,6,black_box,dr_pwldr,61832.290303357564,61822.69110005479,0.03699994087219238,3.3910000324249268
18,4,6,black_box,reopt_pwldr,60929.10907628395,60929.10907628395,0.03699994087219238,3.3910000324249268
18,4,6,local_search,obj_pwldr,61822.72010954594,61812.33047845857,0.03699994087219238,0.3470001220703125
18,4,6,local_search,dr_pwldr,61832.290303357564,61822.69110005479,0.03699994087219238,0.3470001220703125
18,4,6,local_search,reopt_pwldr,60929.10907628395,60929.10907628395,0.03699994087219238,0.3470001220703125
18,4,7,black_box,obj_pwldr,61817.15838197172,61812.17020583005,0.05099987983703613,4.134000062942505
18,4,7,black_box,dr_pwldr,61827.22745598574,61822.51373065674,0.05099987983703613,4.134000062942505
18,4,7,black_box,reopt_pwldr,60929.10907628395,60929.10907628395,0.05099987983703613,4.134000062942505
18,4,7,local_search,obj_pwldr,61817.15838197172,61812.17020583005,0.05099987983703613,0.437000036239624
18,4,7,local_search,dr_pwldr,61827.22745598574,61822.51373065674,0.05099987983703613,0.437000036239624
18,4,7,local_search,reopt_pwldr,60929.10907628395,60929.10907628395,0.05099987983703613,0.437000036239624
18,4,8,black_box,obj_pwldr,61812.832593858446,61812.10167088166,0.05800008773803711,4.586000204086304
18,4,8,black_box,dr_pwldr,61823.105408410804,61822.45175685262,0.05800008773803711,4.586000204086304
18,4,8,black_box,reopt_pwldr,60929.10907628396,60929.10907628396,0.05800008773803711,4.586000204086304
18,4,8,local_search,obj_pwldr,61812.832593858446,61812.101670881646,0.05800008773803711,0.9500000476837158
18,4,8,local_search,dr_pwldr,61823.105408410804,61822.45175685262,0.05800008773803711,0.9500000476837158
18,4,8,local_search,reopt_pwldr,60929.10907628396,60929.10907628395,0.05800008773803711,0.9500000476837158
18,4,9,black_box,obj_pwldr,61814.39124216716,61812.14292650205,0.04200005531311035,4.902000188827515
18,4,9,black_box,dr_pwldr,61824.710911505696,61822.48908637227,0.04200005531311035,4.902000188827515
18,4,9,black_box,reopt_pwldr,60929.10907628395,60929.10907628395,0.04200005531311035,4.902000188827515
18,4,9,local_search,obj_pwldr,61814.39124216716,61812.14292650205,0.04200005531311035,0.5720000267028809
18,4,9,local_search,dr_pwldr,61824.710911505696,61822.48908637227,0.04200005531311035,0.5720000267028809
18,4,9,local_search,reopt_pwldr,60929.10907628395,60929.10907628395,0.04200005531311035,0.5720000267028809
18,4,10,black_box,obj_pwldr,61815.836748075875,61812.125312664466,0.05200004577636719,5.4670000076293945
18,4,10,black_box,dr_pwldr,61826.038661410654,61822.472065525675,0.05200004577636719,5.4670000076293945
18,4,10,black_box,reopt_pwldr,60929.10907628395,60929.10907628395,0.05200004577636719,5.4670000076293945
18,4,10,local_search,obj_pwldr,61815.836748075875,61812.125312664466,0.05200004577636719,0.6749999523162842
18,4,10,local_search,dr_pwldr,61826.038661410654,61822.472065525675,0.05200004577636719,0.6749999523162842
18,4,10,local_search,reopt_pwldr,60929.10907628395,60929.10907628395,0.05200004577636719,0.6749999523162842
19,1,1,black_box,obj_pwldr,78410.80469581774,78210.61038931285,0.018000125885009766,1.2099997997283936
19,1,1,black_box,dr_pwldr,78300.84139550607,78103.51966732947,0.018000125885009766,1.2099997997283936
19,1,1,black_box,reopt_pwldr,75026.43633932625,75026.43633932625,0.018000125885009766,1.2099997997283936
19,1,1,local_search,obj_pwldr,78410.80469581774,78210.61038931285,0.018000125885009766,0.06999993324279785
19,1,1,local_search,dr_pwldr,78300.84139550607,78103.51966732947,0.018000125885009766,0.06999993324279785
19,1,1,local_search,reopt_pwldr,75026.43633932625,75026.43633932625,0.018000125885009766,0.06999993324279785
19,1,2,black_box,obj_pwldr,78227.55591291528,78208.53244816617,0.026000022888183594,1.494999885559082
19,1,2,black_box,dr_pwldr,78118.36681816627,78101.31168855059,0.026000022888183594,1.494999885559082
19,1,2,black_box,reopt_pwldr,75026.43633932625,75026.43633932625,0.026000022888183594,1.494999885559082
19,1,2,local_search,obj_pwldr,78227.55591291528,78208.53244816617,0.026000022888183594,0.08599996566772461
19,1,2,local_search,dr_pwldr,78118.36681816627,78101.31168855059,0.026000022888183594,0.08599996566772461
19,1,2,local_search,reopt_pwldr,75026.43633932625,75026.43633932625,0.026000022888183594,0.08599996566772461
19,1,3,black_box,obj_pwldr,78265.61607201296,78208.74627329483,0.039999961853027344,2.4670000076293945
19,1,3,black_box,dr_pwldr,78154.59824916284,78101.52230766964,0.039999961853027344,2.4670000076293945
19,1,3,black_box,reopt_pwldr,75026.43633932625,75026.43633932625,0.039999961853027344,2.4670000076293945
19,1,3,local_search,obj_pwldr,78265.61607201296,78208.21689147664,0.039999961853027344,0.1529998779296875
19,1,3,local_search,dr_pwldr,78154.59824916284,78101.0180460385,0.039999961853027344,0.1529998779296875
19,1,3,local_search,reopt_pwldr,75026.43633932625,75026.43633932625,0.039999961853027344,0.1529998779296875
19,1,4,black_box,obj_pwldr,78237.03050441215,78207.91054514817,0.032000064849853516,2.7260000705718994
19,1,4,black_box,dr_pwldr,78129.1138011872,78100.75438708332,0.032000064849853516,2.7260000705718994
19,1,4,black_box,reopt_pwldr,75026.43633932626,75026.43633932625,0.032000064849853516,2.7260000705718994
19,1,4,local_search,obj_pwldr,78237.03050441215,78207.91054514817,0.032000064849853516,0.1700000762939453
19,1,4,local_search,dr_pwldr,78129.1138011872,78100.75438708332,0.032000064849853516,0.1700000762939453
19,1,4,local_search,reopt_pwldr,75026.43633932626,75026.43633932625,0.032000064849853516,0.1700000762939453
19,1,5,black_box,obj_pwldr,78217.21986407803,78207.91777339463,0.03500008583068848,2.7890000343322754
19,1,5,black_box,dr_pwldr,78109.09779534856,78100.7637207042,0.03500008583068848,2.7890000343322754
19,1,5,black_box,reopt_pwldr,75026.43633932625,75026.43633932625,0.03500008583068848,2.7890000343322754
19,1,5,local_search,obj_pwldr,78217.21986407803,78207.91777339463,0.03500008583068848,0.20000004768371582
19,1,5,local_search,dr_pwldr,78109.09779534856,78100.7637207042,0.03500008583068848,0.20000004768371582
19,1,5,local_search,reopt_pwldr,75026.43633932625,75026.43633932625,0.03500008583068848,0.20000004768371582
19,1,6,black_box,obj_pwldr,78227.32733363625,78207.91119260289,0.046000003814697266,3.241999864578247
19,1,6,black_box,dr_pwldr,78119.38733398968,78100.7551702774,0.046000003814697266,3.241999864578247
19,1,6,black_box,reopt_pwldr,75026.43633932625,75026.43633932625,0.046000003814697266,3.241999864578247
19,1,6,local_search,obj_pwldr,78227.32733363625,78207.91119260289,0.046000003814697266,0.28800010681152344
19,1,6,local_search,dr_pwldr,78119.38733398968,78100.75517027739,0.046000003814697266,0.28800010681152344
19,1,6,local_search,reopt_pwldr,75026.43633932625,75026.43633932625,0.046000003814697266,0.28800010681152344
19,1,7,black_box,obj_pwldr,78217.69086111982,78207.88409220045,0.05500006675720215,3.9010000228881836
19,1,7,black_box,dr_pwldr,78110.0529168422,78100.73122102415,0.05500006675720215,3.9010000228881836
19,1,7,black_box,reopt_pwldr,75026.43633932625,75026.43633932625,0.05500006675720215,3.9010000228881836
19,1,7,local_search,obj_pwldr,78217.69086111982,78207.88409220045,0.05500006675720215,0.3680000305175781
19,1,7,local_search,dr_pwldr,78110.0529168422,78100.73122102415,0.05500006675720215,0.3680000305175781
19,1,7,local_search,reopt_pwldr,75026.43633932625,75026.43633932625,0.05500006675720215,0.3680000305175781
19,1,8,black_box,obj_pwldr,78213.77451446561,78207.89619072675,0.046000003814697266,4.369999885559082
19,1,8,black_box,dr_pwldr,78106.0340964383,78100.7419119316,0.046000003814697266,4.369999885559082
19,1,8,black_box,reopt_pwldr,75026.43633932625,75026.43633932625,0.046000003814697266,4.369999885559082
19,1,8,local_search,obj_pwldr,78213.77451446561,78207.89619072675,0.046000003814697266,0.44300007820129395
19,1,8,local_search,dr_pwldr,78106.0340964383,78100.7419119316,0.046000003814697266,0.44300007820129395
19,1,8,local_search,reopt_pwldr,75026.43633932625,75026.43633932625,0.046000003814697266,0.44300007820129395
19,1,9,black_box,obj_pwldr,78217.52130218476,78207.99960961468,0.053999900817871094,4.95799994468689
19,1,9,black_box,dr_pwldr,78109.95451029204,78100.83809036826,0.053999900817871094,4.95799994468689
19,1,9,black_box,reopt_pwldr,75026.43633932625,75026.43633932625,0.053999900817871094,4.95799994468689
19,1,9,local_search,obj_pwldr,78217.52130218476,78207.900958623,0.053999900817871094,0.681999921798706
19,1,9,local_search,dr_pwldr,78109.95451029204,78100.74733736337,0.053999900817871094,0.681999921798706
19,1,9,local_search,reopt_pwldr,75026.43633932625,75026.43633932625,0.053999900817871094,0.681999921798706
19,1,10,black_box,obj_pwldr,78212.08740733363,78207.98467828536,0.0709998607635498,5.684000015258789
19,1,10,black_box,dr_pwldr,78104.85634597835,78100.83220638336,0.0709998607635498,5.684000015258789
19,1,10,black_box,reopt_pwldr,75026.43633932625,75026.43633932625,0.0709998607635498,5.684000015258789
19,1,10,local_search,obj_pwldr,78212.08740733363,78207.98467828536,0.0709998607635498,0.7300000190734863
19,1,10,local_search,dr_pwldr,78104.85634597835,78100.83220638336,0.0709998607635498,0.7300000190734863
19,1,10,local_search,reopt_pwldr,75026.43633932625,75026.43633932625,0.0709998607635498,0.7300000190734863
19,2,1,black_box,obj_pwldr,78407.13812411162,78152.22014293232,0.024000167846679688,1.9470000267028809
19,2,1,black_box,dr_pwldr,78278.46702254047,78021.73752691681,0.024000167846679688,1.9470000267028809
19,2,1,black_box,reopt_pwldr,75026.43633932625,75026.43633932626,0.024000167846679688,1.9470000267028809
19,2,1,local_search,obj_pwldr,78407.13812411162,78152.22014293232,0.024000167846679688,0.10099983215332031
19,2,1,local_search,dr_pwldr,78278.46702254047,78021.73752691681,0.024000167846679688,0.10099983215332031
19,2,1,local_search,reopt_pwldr,75026.43633932625,75026.43633932626,0.024000167846679688,0.10099983215332031
19,2,2,black_box,obj_pwldr,78157.5969952296,78146.5047910683,0.04699993133544922,4.362000226974487
19,2,2,black_box,dr_pwldr,78027.26479618289,78015.97583309049,0.04699993133544922,4.362000226974487
19,2,2,black_box,reopt_pwldr,75026.43633932625,75026.43633932625,0.04699993133544922,4.362000226974487
19,2,2,local_search,obj_pwldr,78157.5969952296,78146.5047910683,0.04699993133544922,0.11599993705749512
19,2,2,local_search,dr_pwldr,78027.26479618289,78015.9758330905,0.04699993133544922,0.11599993705749512
19,2,2,local_search,reopt_pwldr,75026.43633932625,75026.43633932625,0.04699993133544922,0.11599993705749512
19,2,3,black_box,obj_pwldr,78207.49785170905,78146.70422341536,0.06500005722045898,6.834000110626221
19,2,3,black_box,dr_pwldr,78076.4297786867,78016.16812911835,0.06500005722045898,6.834000110626221
19,2,3,black_box,reopt_pwldr,75026.43633932625,75026.43633932625,0.06500005722045898,6.834000110626221
19,2,3,local_search,obj_pwldr,78207.49785170905,78146.70422341536,0.06500005722045898,0.37999987602233887
19,2,3,local_search,dr_pwldr,78076.4297786867,78016.16812911835,0.06500005722045898,0.37999987602233887
19,2,3,local_search,reopt_pwldr,75026.43633932625,75026.43633932625,0.06500005722045898,0.37999987602233887
19,2,4,black_box,obj_pwldr,78190.63127286709,78146.65104257721,0.06699991226196289,10.065000057220459
19,2,4,black_box,dr_pwldr,78059.54735159175,78016.1195023366,0.06699991226196289,10.065000057220459
19,2,4,black_box,reopt_pwldr,75026.43633932625,75026.43633932625,0.06699991226196289,10.065000057220459
19,2,4,local_search,obj_pwldr,78190.63127286709,78146.65104257721,0.06699991226196289,0.7829999923706055
19,2,4,local_search,dr_pwldr,78059.54735159175,78016.1195023366,0.06699991226196289,0.7829999923706055
19,2,4,local_search,reopt_pwldr,75026.43633932625,75026.43633932625,0.06699991226196289,0.7829999923706055
19,2,5,black_box,obj_pwldr,78153.5045545289,78146.4545182832,0.0820000171661377,12.990000009536743
19,2,5,black_box,dr_pwldr,78023.11507993037,78015.9255688601,0.0820000171661377,12.990000009536743
19,2,5,black_box,reopt_pwldr,75026.43633932625,75026.43633932625,0.0820000171661377,12.990000009536743
19,2,5,local_search,obj_pwldr,78153.5045545289,78146.4545182832,0.0820000171661377,0.9789998531341553
19,2,5,local_search,dr_pwldr,78023.11507993037,78015.9255688601,0.0820000171661377,0.9789998531341553
19,2,5,local_search,reopt_pwldr,75026.43633932625,75026.43633932625,0.0820000171661377,0.9789998531341553
19,2,6,black_box,obj_pwldr,78169.01656310655,78146.710874611,0.11800003051757812,16.568000078201294
19,2,6,black_box,dr_pwldr,78038.19973214279,78016.22107597759,0.11800003051757812,16.568000078201294
19,2,6,black_box,reopt_pwldr,75026.43633932625,75026.43633932625,0.11800003051757812,16.568000078201294
19,2,6,local_search,obj_pwldr,78169.01656310655,78146.710874611,0.11800003051757812,1.5219998359680176
19,2,6,local_search,dr_pwldr,78038.19973214279,78016.22107597759,0.11800003051757812,1.5219998359680176
19,2,6,local_search,reopt_pwldr,75026.43633932625,75026.43633932625,0.11800003051757812,1.5219998359680176
19,2,7,black_box,obj_pwldr,78160.93445452405,78146.32671500428,0.13899993896484375,20.539999961853027
19,2,7,black_box,dr_pwldr,78030.17892875019,78015.79782923925,0.13899993896484375,20.539999961853027
19,2,7,black_box,reopt_pwldr,75026.43633932625,75026.43633932625,0.13899993896484375,20.539999961853027
19,2,7,local_search,obj_pwldr,78160.93445452405,78146.32671500428,0.13899993896484375,1.6480000019073486
19,2,7,local_search,dr_pwldr,78030.17892875019,78015.79782923925,0.13899993896484375,1.6480000019073486
19,2,7,local_search,reopt_pwldr,75026.43633932625,75026.43633932625,0.13899993896484375,1.6480000019073486
19,2,8,black_box,obj_pwldr,78151.80353856906,78146.33528505251,0.14800000190734863,23.757999897003174
19,2,8,black_box,dr_pwldr,78021.35784034629,78015.80679349128,0.14800000190734863,23.757999897003174
19,2,8,black_box,reopt_pwldr,75026.43633932626,75026.43633932625,0.14800000190734863,23.757999897003174
19,2,8,local_search,obj_pwldr,78151.80353856906,78146.33528505251,0.14800000190734863,2.486999988555908
19,2,8,local_search,dr_pwldr,78021.35784034629,78015.80679349128,0.14800000190734863,2.486999988555908
19,2,8,local_search,reopt_pwldr,75026.43633932626,75026.43633932625,0.14800000190734863,2.486999988555908
19,2,9,black_box,obj_pwldr,78158.08610761224,78146.34879778602,0.17299985885620117,26.921000003814697
19,2,9,black_box,dr_pwldr,78027.54959066714,78015.82465437957,0.17299985885620117,26.921000003814697
19,2,9,black_box,reopt_pwldr,75026.43633932625,75026.43633932625,0.17299985885620117,26.921000003814697
19,2,9,local_search,obj_pwldr,78158.08610761224,78146.34879778602,0.17299985885620117,3.4230000972747803
19,2,9,local_search,dr_pwldr,78027.54959066714,78015.82465437957,0.17299985885620117,3.4230000972747803
19,2,9,local_search,reopt_pwldr,75026.43633932625,75026.43633932625,0.17299985885620117,3.4230000972747803
19,2,10,black_box,obj_pwldr,78152.46894524705,78146.6342155987,0.1919999122619629,30.00600004196167
19,2,10,black_box,dr_pwldr,78021.74831191821,78016.09795204733,0.1919999122619629,30.00600004196167
19,2,10,black_box,reopt_pwldr,75026.43633932625,75026.43633932625,0.1919999122619629,30.00600004196167
19,2,10,local_search,obj_pwldr,78152.46894524705,78146.6342155987,0.1919999122619629,3.553999900817871
19,2,10,local_search,dr_pwldr,78021.74831191821,78016.09795204733,0.1919999122619629,3.553999900817871
19,2,10,local_search,reopt_pwldr,75026.43633932625,75026.43633932625,0.1919999122619629,3.553999900817871
19,3,1,black_box,obj_pwldr,78131.73029228664,77904.28018212815,0.02200007438659668,1.2969999313354492
19,3,1,black_box,dr_pwldr,78008.21965447583,77766.23693413292,0.02200007438659668,1.2969999313354492
19,3,1,black_box,reopt_pwldr,75026.43633932625,75026.43633932625,0.02200007438659668,1.2969999313354492
19,3,1,local_search,obj_pwldr,78131.73029228664,77904.28018212815,0.02200007438659668,0.07299995422363281
19,3,1,local_search,dr_pwldr,78008.21965447583,77766.23693413292,0.02200007438659668,0.07299995422363281
19,3,1,local_search,reopt_pwldr,75026.43633932625,75026.43633932625,0.02200007438659668,0.07299995422363281
19,3,2,black_box,obj_pwldr,77936.76848924994,77899.65338375815,0.023000001907348633,1.7650001049041748
19,3,2,black_box,dr_pwldr,77797.68085783935,77761.06432729779,0.023000001907348633,1.7650001049041748
19,3,2,black_box,reopt_pwldr,75026.43633932625,75026.43633932625,0.023000001907348633,1.7650001049041748
19,3,2,local_search,obj_pwldr,77936.76848924994,77899.65338375815,0.023000001907348633,0.08099985122680664
19,3,2,local_search,dr_pwldr,77797.68085783935,77761.06432729779,0.023000001907348633,0.08099985122680664
19,3,2,local_search,reopt_pwldr,75026.43633932625,75026.43633932625,0.023000001907348633,0.08099985122680664
19,3,3,black_box,obj_pwldr,77993.32138201546,77900.47347584584,0.046000003814697266,2.0739998817443848
19,3,3,black_box,dr_pwldr,77858.9082579164,77761.67722044383,0.046000003814697266,2.0739998817443848
19,3,3,black_box,reopt_pwldr,75026.43633932625,75026.43633932625,0.046000003814697266,2.0739998817443848
19,3,3,local_search,obj_pwldr,77993.32138201546,77900.47347584584,0.046000003814697266,0.12199997901916504
19,3,3,local_search,dr_pwldr,77858.9082579164,77761.67722044383,0.046000003814697266,0.12199997901916504
19,3,3,local_search,reopt_pwldr,75026.43633932625,75026.43633932625,0.046000003814697266,0.12199997901916504
19,3,4,black_box,obj_pwldr,77937.83871088205,77899.48222461669,0.054000139236450195,2.56600022315979
19,3,4,black_box,dr_pwldr,77800.76440270302,77760.76390078156,0.054000139236450195,2.56600022315979
19,3,4,black_box,reopt_pwldr,75026.43633932625,75026.43633932625,0.054000139236450195,2.56600022315979
19,3,4,local_search,obj_pwldr,77937.83871088205,77899.48222461669,0.054000139236450195,0.18599987030029297
19,3,4,local_search,dr_pwldr,77800.76440270302,77760.76390078156,0.054000139236450195,0.18599987030029297
19,3,4,local_search,reopt_pwldr,75026.43633932625,75026.43633932625,0.054000139236450195,0.18599987030029297
19,3,5,black_box,obj_pwldr,77915.95835476623,77899.17890330286,0.04199981689453125,3.1059999465942383
19,3,5,black_box,dr_pwldr,77777.55666939027,77760.51430822843,0.04199981689453125,3.1059999465942383
19,3,5,black_box,reopt_pwldr,75026.43633932625,75026.43633932625,0.04199981689453125,3.1059999465942383
19,3,5,local_search,obj_pwldr,77915.95835476623,77899.17890330286,0.04199981689453125,0.23399996757507324
19,3,5,local_search,dr_pwldr,77777.55666939027,77760.51430822843,0.04199981689453125,0.23399996757507324
19,3,5,local_search,reopt_pwldr,75026.43633932625,75026.43633932625,0.04199981689453125,0.23399996757507324
19,3,6,black_box,obj_pwldr,77929.83726639072,77899.1750281965,0.03699994087219238,3.740000009536743
19,3,6,black_box,dr_pwldr,77791.78097674677,77760.51086375804,0.03699994087219238,3.740000009536743
19,3,6,black_box,reopt_pwldr,75026.43633932625,75026.43633932625,0.03699994087219238,3.740000009536743
19,3,6,local_search,obj_pwldr,77929.83726639072,77899.1750281965,0.03699994087219238,0.2840001583099365
19,3,6,local_search,dr_pwldr,77791.78097674677,77760.51086375804,0.03699994087219238,0.2840001583099365
19,3,6,local_search,reopt_pwldr,75026.43633932625,75026.43633932625,0.03699994087219238,0.2840001583099365
19,3,7,black_box,obj_pwldr,77912.70815334993,77899.32565164588,0.046000003814697266,4.53600001335144
19,3,7,black_box,dr_pwldr,77774.90900862533,77760.67877212793,0.046000003814697266,4.53600001335144
19,3,7,black_box,reopt_pwldr,75026.43633932625,75026.43633932625,0.046000003814697266,4.53600001335144
19,3,7,local_search,obj_pwldr,77912.70815334993,77899.32565164588,0.046000003814697266,0.41899991035461426
19,3,7,local_search,dr_pwldr,77774.90900862533,77760.67877212793,0.046000003814697266,0.41899991035461426
19,3,7,local_search,reopt_pwldr,75026.43633932625,75026.43633932625,0.046000003814697266,0.41899991035461426
19,3,8,black_box,obj_pwldr,77909.22011816497,77899.17036180859,0.0559999942779541,5.083999872207642
19,3,8,black_box,dr_pwldr,77770.43289203549,77760.50353414004,0.0559999942779541,5.083999872207642
19,3,8,black_box,reopt_pwldr,75026.43633932625,75026.43633932625,0.0559999942779541,5.083999872207642
19,3,8,local_search,obj_pwldr,77909.22011816497,77899.17036180859,0.0559999942779541,0.9839999675750732
19,3,8,local_search,dr_pwldr,77770.43289203549,77760.50353414004,0.0559999942779541,0.9839999675750732
19,3,8,local_search,reopt_pwldr,75026.43633932625,75026.43633932625,0.0559999942779541,0.9839999675750732
19,3,9,black_box,obj_pwldr,77914.09212081185,77899.35412142672,0.05299997329711914,5.492000102996826
19,3,9,black_box,dr_pwldr,77775.43450210009,77760.65608401198,0.05299997329711914,5.492000102996826
19,3,9,black_box,reopt_pwldr,75026.43633932625,75026.43633932625,0.05299997329711914,5.492000102996826
19,3,9,local_search,obj_pwldr,77914.09212081185,77899.35412142672,0.05299997329711914,0.6089999675750732
19,3,9,local_search,dr_pwldr,77775.43450210009,77760.65608401198,0.05299997329711914,0.6089999675750732
19,3,9,local_search,reopt_pwldr,75026.43633932625,75026.43633932625,0.05299997329711914,0.6089999675750732
19,3,10,black_box,obj_pwldr,77905.06140423758,77899.15594528496,0.0559999942779541,6.293999910354614
19,3,10,black_box,dr_pwldr,77766.91429286508,77760.48324877437,0.0559999942779541,6.293999910354614
19,3,10,black_box,reopt_pwldr,75026.43633932625,75026.43633932625,0.0559999942779541,6.293999910354614
19,3,10,local_search,obj_pwldr,77905.06140423758,77899.1495545508,0.0559999942779541,0.8450000286102295
19,3,10,local_search,dr_pwldr,77766.91429286508,77760.48522223833,0.0559999942779541,0.8450000286102295
19,3,10,local_search,reopt_pwldr,75026.43633932625,75026.43633932625,0.0559999942779541,0.8450000286102295
19,4,1,black_box,obj_pwldr,78356.71672702812,78145.56593682818,0.023000001907348633,1.2989997863769531
19,4,1,black_box,dr_pwldr,78214.02857730596,78005.66699158332,0.023000001907348633,1.2989997863769531
19,4,1,black_box,reopt_pwldr,75026.43633932625,75026.43633932625,0.023000001907348633,1.2989997863769531
19,4,1,local_search,obj_pwldr,78356.71672702812,78145.56593682818,0.023000001907348633,0.04699993133544922
19,4,1,local_search,dr_pwldr,78214.02857730596,78005.66699158332,0.023000001907348633,0.04699993133544922
19,4,1,local_search,reopt_pwldr,75026.43633932625,75026.43633932625,0.023000001907348633,0.04699993133544922
19,4,2,black_box,obj_pwldr,78167.08775230298,78144.68094825928,0.028999805450439453,1.679999828338623
19,4,2,black_box,dr_pwldr,78027.4157308873,78004.78543575217,0.028999805450439453,1.679999828338623
19,4,2,black_box,reopt_pwldr,75026.43633932625,75026.43633932625,0.028999805450439453,1.679999828338623
19,4,2,local_search,obj_pwldr,78167.08775230298,78144.57551194383,0.028999805450439453,0.12800002098083496
19,4,2,local_search,dr_pwldr,78027.4157308873,78004.67861593468,0.028999805450439453,0.12800002098083496
19,4,2,local_search,reopt_pwldr,75026.43633932625,75026.43633932625,0.028999805450439453,0.12800002098083496
19,4,3,black_box,obj_pwldr,78209.26791575583,78144.5680738809,0.037000179290771484,2.116000175476074
19,4,3,black_box,dr_pwldr,78068.95702759094,78004.66072491762,0.037000179290771484,2.116000175476074
19,4,3,black_box,reopt_pwldr,75026.43633932625,75026.43633932625,0.037000179290771484,2.116000175476074
19,4,3,local_search,obj_pwldr,78209.26791575583,78144.5680738809,0.037000179290771484,0.127000093460083
19,4,3,local_search,dr_pwldr,78068.95702759094,78004.66072491762,0.037000179290771484,0.127000093460083
19,4,3,local_search,reopt_pwldr,75026.43633932625,75026.43633932625,0.037000179290771484,0.127000093460083
19,4,4,black_box,obj_pwldr,78176.22501020618,78144.63746387535,0.03299999237060547,2.5410001277923584
19,4,4,black_box,dr_pwldr,78037.45941187895,78004.7357879387,0.03299999237060547,2.5410001277923584
19,4,4,black_box,reopt_pwldr,75026.43633932625,75026.43633932625,0.03299999237060547,2.5410001277923584
19,4,4,local_search,obj_pwldr,78176.22501020618,78144.63746387535,0.03299999237060547,0.19499993324279785
19,4,4,local_search,dr_pwldr,78037.45941187895,78004.7357879387,0.03299999237060547,0.19499993324279785
19,4,4,local_search,reopt_pwldr,75026.43633932625,75026.43633932625,0.03299999237060547,0.19499993324279785
19,4,5,black_box,obj_pwldr,78155.11825061624,78144.53181785089,0.04999995231628418,3.072000026702881
19,4,5,black_box,dr_pwldr,78014.86891921633,78004.62562759519,0.04999995231628418,3.072000026702881
19,4,5,black_box,reopt_pwldr,75026.43633932625,75026.43633932625,0.04999995231628418,3.072000026702881
19,4,5,local_search,obj_pwldr,78155.11825061624,78144.53181785089,0.04999995231628418,0.20799994468688965
19,4,5,local_search,dr_pwldr,78014.86891921633,78004.62562759519,0.04999995231628418,0.20799994468688965
19,4,5,local_search,reopt_pwldr,75026.43633932625,75026.43633932625,0.04999995231628418,0.20799994468688965
19,4,6,black_box,obj_pwldr,78166.22610881868,78144.55938630216,0.03699994087219238,3.5900001525878906
19,4,6,black_box,dr_pwldr,78027.0310020011,78004.65351066564,0.03699994087219238,3.5900001525878906
19,4,6,black_box,reopt_pwldr,75026.43633932625,75026.43633932625,0.03699994087219238,3.5900001525878906
19,4,6,local_search,obj_pwldr,78166.22610881868,78144.55938630216,0.03699994087219238,0.30100011825561523
19,4,6,local_search,dr_pwldr,78027.0310020011,78004.65351066564,0.03699994087219238,0.30100011825561523
19,4,6,local_search,reopt_pwldr,75026.43633932625,75026.43633932625,0.03699994087219238,0.30100011825561523
19,4,7,black_box,obj_pwldr,78155.24279015,78144.49944417295,0.04699993133544922,4.141999959945679
19,4,7,black_box,dr_pwldr,78016.07540810785,78004.59276247724,0.04699993133544922,4.141999959945679
19,4,7,black_box,reopt_pwldr,75026.43633932625,75026.43633932625,0.04699993133544922,4.141999959945679
19,4,7,local_search,obj_pwldr,78155.24279015,78144.49944417295,0.04699993133544922,0.3880000114440918
19,4,7,local_search,dr_pwldr,78016.07540810785,78004.59276247724,0.04699993133544922,0.3880000114440918
19,4,7,local_search,reopt_pwldr,75026.43633932625,75026.43633932625,0.04699993133544922,0.3880000114440918
19,4,8,black_box,obj_pwldr,78151.14478499214,78144.48117507967,0.04900002479553223,4.680999994277954
19,4,8,black_box,dr_pwldr,78011.15108803754,78004.57148469728,0.04900002479553223,4.680999994277954
19,4,8,black_box,reopt_pwldr,75026.43633932625,75026.43633932625,0.04900002479553223,4.680999994277954
19,4,8,local_search,obj_pwldr,78151.14478499214,78144.48117507977,0.04900002479553223,0.4590001106262207
19,4,8,local_search,dr_pwldr,78011.15108803754,78004.57148469743,0.04900002479553223,0.4590001106262207
19,4,8,local_search,reopt_pwldr,75026.43633932625,75026.43633932609,0.04900002479553223,0.4590001106262207
19,4,9,black_box,obj_pwldr,78155.23565719106,78144.49060175181,0.04499983787536621,5.437999963760376
19,4,9,black_box,dr_pwldr,78016.07073377466,78004.58392329095,0.04499983787536621,5.437999963760376
19,4,9,black_box,reopt_pwldr,75026.43633932625,75026.43633932625,0.04499983787536621,5.437999963760376
19,4,9,local_search,obj_pwldr,78155.23565719106,78144.48427014511,0.04499983787536621,0.815000057220459
19,4,9,local_search,dr_pwldr,78016.07073377466,78004.5759188377,0.04499983787536621,0.815000057220459
19,4,9,local_search,reopt_pwldr,75026.43633932625,75026.43633932625,0.04499983787536621,0.815000057220459
19,4,10,black_box,obj_pwldr,78149.10627197416,78144.4813763989,0.05499982833862305,6.539000034332275
19,4,10,black_box,dr_pwldr,78009.57313146694,78004.57168578335,0.05499982833862305,6.539000034332275
19,4,10,black_box,reopt_pwldr,75026.43633932625,75026.43633932625,0.05499982833862305,6.539000034332275
19,4,10,local_search,obj_pwldr,78149.10627197416,78144.4813763989,0.05499982833862305,0.815000057220459
19,4,10,local_search,dr_pwldr,78009.57313146694,78004.57168578335,0.05499982833862305,0.815000057220459
19,4,10,local_search,reopt_pwldr,75026.43633932625,75026.43633932625,0.05499982833862305,0.815000057220459
20,1,1,black_box,obj_pwldr,65469.55369089509,65335.510738880774,0.028999805450439453,1.2929999828338623
20,1,1,black_box,dr_pwldr,65490.460832013676,65357.59948173282,0.028999805450439453,1.2929999828338623
20,1,1,black_box,reopt_pwldr,64023.116610016536,64023.116610016536,0.028999805450439453,1.2929999828338623
20,1,1,local_search,obj_pwldr,65469.55369089509,65335.51073888078,0.028999805450439453,0.10599994659423828
20,1,1,local_search,dr_pwldr,65490.460832013676,65357.59948173283,0.028999805450439453,0.10599994659423828
20,1,1,local_search,reopt_pwldr,64023.116610016536,64023.116610016536,0.028999805450439453,0.10599994659423828
20,1,2,black_box,obj_pwldr,65369.78456512999,65334.70450341642,0.03099989891052246,1.8599998950958252
20,1,2,black_box,dr_pwldr,65393.05567208933,65356.70982421502,0.03099989891052246,1.8599998950958252
20,1,2,black_box,reopt_pwldr,64023.116610016536,64023.116610016536,0.03099989891052246,1.8599998950958252
20,1,2,local_search,obj_pwldr,65369.78456512999,65334.70450341642,0.03099989891052246,0.0840001106262207
20,1,2,local_search,dr_pwldr,65393.05567208933,65356.70982421502,0.03099989891052246,0.0840001106262207
20,1,2,local_search,reopt_pwldr,64023.116610016536,64023.116610016536,0.03099989891052246,0.0840001106262207
20,1,3,black_box,obj_pwldr,65341.558029044514,65334.29327025069,0.032000064849853516,2.174999952316284
20,1,3,black_box,dr_pwldr,65364.07596998322,65356.25174925107,0.032000064849853516,2.174999952316284
20,1,3,black_box,reopt_pwldr,64023.116610016536,64023.116610016536,0.032000064849853516,2.174999952316284
20,1,3,local_search,obj_pwldr,65341.558029044514,65334.29327025069,0.032000064849853516,0.12199997901916504
20,1,3,local_search,dr_pwldr,65364.07596998322,65356.25174925107,0.032000064849853516,0.12199997901916504
20,1,3,local_search,reopt_pwldr,64023.116610016536,64023.116610016536,0.032000064849853516,0.12199997901916504
20,1,4,black_box,obj_pwldr,65343.05936565259,65334.31717827953,0.03800010681152344,2.687000036239624
20,1,4,black_box,dr_pwldr,65364.7913867367,65356.27872706157,0.03800010681152344,2.687000036239624
20,1,4,black_box,reopt_pwldr,64023.116610016536,64023.116610016536,0.03800010681152344,2.687000036239624
20,1,4,local_search,obj_pwldr,65343.05936565259,65334.31717827953,0.03800010681152344,0.3530001640319824
20,1,4,local_search,dr_pwldr,65364.7913867367,65356.27872706157,0.03800010681152344,0.3530001640319824
20,1,4,local_search,reopt_pwldr,64023.116610016536,64023.116610016536,0.03800010681152344,0.3530001640319824
20,1,5,black_box,obj_pwldr,65346.44402807854,65334.33634797492,0.04699993133544922,3.187000036239624
20,1,5,black_box,dr_pwldr,65369.14822833508,65356.321428810676,0.04699993133544922,3.187000036239624
20,1,5,black_box,reopt_pwldr,64023.116610016536,64023.116610016536,0.04699993133544922,3.187000036239624
20,1,5,local_search,obj_pwldr,65346.44402807854,65334.33634797492,0.04699993133544922,0.2539999485015869
20,1,5,local_search,dr_pwldr,65369.14822833508,65356.321428810676,0.04699993133544922,0.2539999485015869
20,1,5,local_search,reopt_pwldr,64023.116610016536,64023.116610016536,0.04699993133544922,0.2539999485015869
20,1,6,black_box,obj_pwldr,65342.86087810363,65334.38948447541,0.042999982833862305,3.69599986076355
20,1,6,black_box,dr_pwldr,65365.524425916185,65356.338614751956,0.042999982833862305,3.69599986076355
20,1,6,black_box,reopt_pwldr,64023.116610016536,64023.116610016536,0.042999982833862305,3.69599986076355
20,1,6,local_search,obj_pwldr,65342.86087810363,65334.38948447541,0.042999982833862305,0.29200005531311035
20,1,6,local_search,dr_pwldr,65365.524425916185,65356.338614751956,0.042999982833862305,0.29200005531311035
20,1,6,local_search,reopt_pwldr,64023.116610016536,64023.116610016536,0.042999982833862305,0.29200005531311035
20,1,7,black_box,obj_pwldr,65338.50853444163,65334.355638262714,0.04800009727478027,4.400000095367432
20,1,7,black_box,dr_pwldr,65360.98219476907,65356.322099839694,0.04800009727478027,4.400000095367432
20,1,7,black_box,reopt_pwldr,64023.116610016536,64023.116610016536,0.04800009727478027,4.400000095367432
20,1,7,local_search,obj_pwldr,65338.50853444163,65334.301186297766,0.04800009727478027,0.4249999523162842
20,1,7,local_search,dr_pwldr,65360.98219476907,65356.2718058847,0.04800009727478027,0.4249999523162842
20,1,7,local_search,reopt_pwldr,64023.116610016536,64023.116610016536,0.04800009727478027,0.4249999523162842
20,1,8,black_box,obj_pwldr,65334.701746593404,65334.33844763852,0.04900002479553223,4.871999979019165
20,1,8,black_box,dr_pwldr,65356.72881604399,65356.32762717511,0.04900002479553223,4.871999979019165
20,1,8,black_box,reopt_pwldr,64023.116610016536,64023.116610016536,0.04900002479553223,4.871999979019165
20,1,8,local_search,obj_pwldr,65334.701746593404,65334.33844763852,0.04900002479553223,0.5499999523162842
20,1,8,local_search,dr_pwldr,65356.72881604399,65356.32762717511,0.04900002479553223,0.5499999523162842
20,1,8,local_search,reopt_pwldr,64023.116610016536,64023.116610016536,0.04900002479553223,0.5499999523162842
20,1,9,black_box,obj_pwldr,65337.371723976146,65334.26392453284,0.04999995231628418,6.334000110626221
20,1,9,black_box,dr_pwldr,65359.46839218824,65356.220455599025,0.04999995231628418,6.334000110626221
20,1,9,black_box,reopt_pwldr,64023.116610016536,64023.116610016536,0.04999995231628418,6.334000110626221
20,1,9,local_search,obj_pwldr,65337.371723976146,65334.26392453284,0.04999995231628418,0.624000072479248
20,1,9,local_search,dr_pwldr,65359.46839218824,65356.220455599025,0.04999995231628418,0.624000072479248
20,1,9,local_search,reopt_pwldr,64023.116610016536,64023.116610016536,0.04999995231628418,0.624000072479248
20,1,10,black_box,obj_pwldr,65337.850901333935,65334.2799394779,0.056999921798706055,6.200000047683716
20,1,10,black_box,dr_pwldr,65360.16964543553,65356.234445945636,0.056999921798706055,6.200000047683716
20,1,10,black_box,reopt_pwldr,64023.116610016536,64023.116610016536,0.056999921798706055,6.200000047683716
20,1,10,local_search,obj_pwldr,65337.850901333935,65334.2799394779,0.056999921798706055,0.7379999160766602
20,1,10,local_search,dr_pwldr,65360.16964543553,65356.234445945636,0.056999921798706055,0.7379999160766602
20,1,10,local_search,reopt_pwldr,64023.116610016536,64023.116610016536,0.056999921798706055,0.7379999160766602
20,2,1,black_box,obj_pwldr,65580.77714077037,65431.2126455329,0.02200007438659668,1.2690000534057617
20,2,1,black_box,dr_pwldr,65599.60507906499,65449.431646408026,0.02200007438659668,1.2690000534057617
20,2,1,black_box,reopt_pwldr,64023.116610016536,64023.116610016536,0.02200007438659668,1.2690000534057617
20,2,1,local_search,obj_pwldr,65580.77714077037,65431.2126455329,0.02200007438659668,0.05099987983703613
20,2,1,local_search,dr_pwldr,65599.60507906499,65449.43164640802,0.02200007438659668,0.05099987983703613
20,2,1,local_search,reopt_pwldr,64023.116610016536,64023.116610016536,0.02200007438659668,0.05099987983703613
20,2,2,black_box,obj_pwldr,65491.26694011124,65430.42016131596,0.02500009536743164,1.5769999027252197
20,2,2,black_box,dr_pwldr,65508.89216959789,65448.67313530263,0.02500009536743164,1.5769999027252197
20,2,2,black_box,reopt_pwldr,64023.116610016536,64023.116610016536,0.02500009536743164,1.5769999027252197
20,2,2,local_search,obj_pwldr,65491.26694011124,65429.97809208842,0.02500009536743164,0.1659998893737793
20,2,2,local_search,dr_pwldr,65508.89216959789,65448.22893480457,0.02500009536743164,0.1659998893737793
20,2,2,local_search,reopt_pwldr,64023.116610016536,64023.116610016536,0.02500009536743164,0.1659998893737793
20,2,3,black_box,obj_pwldr,65446.51183978168,65429.91180628242,0.026999950408935547,1.9240000247955322
20,2,3,black_box,dr_pwldr,65464.275671136405,65448.1670916746,0.026999950408935547,1.9240000247955322
20,2,3,black_box,reopt_pwldr,64023.116610016536,64023.116610016536,0.026999950408935547,1.9240000247955322
20,2,3,local_search,obj_pwldr,65446.51183978168,65429.91180628242,0.026999950408935547,0.12800002098083496
20,2,3,local_search,dr_pwldr,65464.275671136405,65448.1670916746,0.026999950408935547,0.12800002098083496
20,2,3,local_search,reopt_pwldr,64023.116610016536,64023.116610016536,0.026999950408935547,0.12800002098083496
20,2,4,black_box,obj_pwldr,65438.3496907985,65429.91735952615,0.039999961853027344,2.317000150680542
20,2,4,black_box,dr_pwldr,65456.89382954526,65448.170818285966,0.039999961853027344,2.317000150680542
20,2,4,black_box,reopt_pwldr,64023.116610016536,64023.116610016536,0.039999961853027344,2.317000150680542
20,2,4,local_search,obj_pwldr,65438.3496907985,65429.91735952615,0.039999961853027344,0.15999984741210938
20,2,4,local_search,dr_pwldr,65456.89382954526,65448.170818285966,0.039999961853027344,0.15999984741210938
20,2,4,local_search,reopt_pwldr,64023.116610016536,64023.116610016536,0.039999961853027344,0.15999984741210938
20,2,5,black_box,obj_pwldr,65444.573272459726,65429.90294891413,0.039999961853027344,2.8409998416900635
20,2,5,black_box,dr_pwldr,65462.738573665825,65448.15910521307,0.039999961853027344,2.8409998416900635
20,2,5,black_box,reopt_pwldr,64023.116610016536,64023.116610016536,0.039999961853027344,2.8409998416900635
20,2,5,local_search,obj_pwldr,65444.573272459726,65429.90294891413,0.039999961853027344,0.18599987030029297
20,2,5,local_search,dr_pwldr,65462.738573665825,65448.15910521307,0.039999961853027344,0.18599987030029297
20,2,5,local_search,reopt_pwldr,64023.116610016536,64023.116610016536,0.039999961853027344,0.18599987030029297
20,2,6,black_box,obj_pwldr,65442.3474780556,65429.95229359131,0.037999868392944336,3.5360000133514404
20,2,6,black_box,dr_pwldr,65460.30032850402,65448.20961824625,0.037999868392944336,3.5360000133514404
20,2,6,black_box,reopt_pwldr,64023.116610016536,64023.116610016536,0.037999868392944336,3.5360000133514404
20,2,6,local_search,obj_pwldr,65442.3474780556,65429.95229359131,0.037999868392944336,0.312000036239624
20,2,6,local_search,dr_pwldr,65460.30032850402,65448.20961824625,0.037999868392944336,0.312000036239624
20,2,6,local_search,reopt_pwldr,64023.116610016536,64023.116610016536,0.037999868392944336,0.312000036239624
20,2,7,black_box,obj_pwldr,65437.029814351285,65429.902488081745,0.053999900817871094,4.033999919891357
20,2,7,black_box,dr_pwldr,65454.9845651719,65448.16146355045,0.053999900817871094,4.033999919891357
20,2,7,black_box,reopt_pwldr,64023.116610016536,64023.116610016536,0.053999900817871094,4.033999919891357
20,2,7,local_search,obj_pwldr,65437.029814351285,65429.902488081745,0.053999900817871094,0.38699984550476074
20,2,7,local_search,dr_pwldr,65454.9845651719,65448.16146355045,0.053999900817871094,0.38699984550476074
20,2,7,local_search,reopt_pwldr,64023.116610016536,64023.116610016536,0.053999900817871094,0.38699984550476074
20,2,8,black_box,obj_pwldr,65430.73188752874,65429.89760094127,0.05799984931945801,4.411999940872192
20,2,8,black_box,dr_pwldr,65448.95792778379,65448.15186577132,0.05799984931945801,4.411999940872192
20,2,8,black_box,reopt_pwldr,64023.116610016536,64023.116610016536,0.05799984931945801,4.411999940872192
20,2,8,local_search,obj_pwldr,65430.73188752874,65429.89760094127,0.05799984931945801,0.4720001220703125
20,2,8,local_search,dr_pwldr,65448.95792778379,65448.15186577132,0.05799984931945801,0.4720001220703125
20,2,8,local_search,reopt_pwldr,64023.116610016536,64023.116610016536,0.05799984931945801,0.4720001220703125
20,2,9,black_box,obj_pwldr,65433.67696299488,65429.89867491581,0.05299997329711914,4.940999984741211
20,2,9,black_box,dr_pwldr,65451.99550454576,65448.15290632973,0.05299997329711914,4.940999984741211
20,2,9,black_box,reopt_pwldr,64023.116610016536,64023.116610016536,0.05299997329711914,4.940999984741211
20,2,9,local_search,obj_pwldr,65433.67696299488,65429.89867491581,0.05299997329711914,0.5900001525878906
20,2,9,local_search,dr_pwldr,65451.99550454576,65448.15290632973,0.05299997329711914,0.5900001525878906
20,2,9,local_search,reopt_pwldr,64023.116610016536,64023.116610016536,0.05299997329711914,0.5900001525878906
20,2,10,black_box,obj_pwldr,65434.79487300754,65429.91631941458,0.057000160217285156,5.642999887466431
20,2,10,black_box,dr_pwldr,65452.81891376537,65448.16675147219,0.057000160217285156,5.642999887466431
20,2,10,black_box,reopt_pwldr,64023.116610016536,64023.116610016536,0.057000160217285156,5.642999887466431
20,2,10,local_search,obj_pwldr,65434.79487300754,65429.91631941458,0.057000160217285156,0.679999828338623
20,2,10,local_search,dr_pwldr,65452.81891376537,65448.16675147219,0.057000160217285156,0.679999828338623
20,2,10,local_search,reopt_pwldr,64023.116610016536,64023.116610016536,0.057000160217285156,0.679999828338623
20,3,1,black_box,obj_pwldr,65579.3158503431,65374.939541096726,0.02200007438659668,1.8940000534057617
20,3,1,black_box,dr_pwldr,65601.87916635246,65395.036766886325,0.02200007438659668,1.8940000534057617
20,3,1,black_box,reopt_pwldr,64023.116610016536,64023.116610016536,0.02200007438659668,1.8940000534057617
20,3,1,local_search,obj_pwldr,65579.3158503431,65374.939541096726,0.02200007438659668,0.12199997901916504
20,3,1,local_search,dr_pwldr,65601.87916635246,65395.036766886325,0.02200007438659668,0.12199997901916504
20,3,1,local_search,reopt_pwldr,64023.116610016536,64023.116610016536,0.02200007438659668,0.12199997901916504
20,3,2,black_box,obj_pwldr,65462.04017588447,65378.01702978698,0.04900002479553223,4.073999881744385
20,3,2,black_box,dr_pwldr,65482.858202994175,65398.4990708855,0.04900002479553223,4.073999881744385
20,3,2,black_box,reopt_pwldr,64023.116610016536,64023.116610016536,0.04900002479553223,4.073999881744385
20,3,2,local_search,obj_pwldr,65462.04017588447,65373.44846884912,0.04900002479553223,0.34599995613098145
20,3,2,local_search,dr_pwldr,65482.858202994175,65393.5728373448,0.04900002479553223,0.34599995613098145
20,3,2,local_search,reopt_pwldr,64023.116610016536,64023.116610016536,0.04900002479553223,0.34599995613098145
20,3,3,black_box,obj_pwldr,65394.69559180527,65374.7033608188,0.06099987030029297,6.851999998092651
20,3,3,black_box,dr_pwldr,65415.69658680569,65394.766944572875,0.06099987030029297,6.851999998092651
20,3,3,black_box,reopt_pwldr,64023.116610016536,64023.116610016536,0.06099987030029297,6.851999998092651
20,3,3,local_search,obj_pwldr,65394.69559180527,65374.7033608188,0.06099987030029297,0.379000186920166
20,3,3,local_search,dr_pwldr,65415.69658680569,65394.766944572875,0.06099987030029297,0.379000186920166
20,3,3,local_search,reopt_pwldr,64023.116610016536,64023.116610016536,0.06099987030029297,0.379000186920166
20,3,4,black_box,obj_pwldr,65388.49718404155,65373.47152475227,0.08699989318847656,9.971999883651733
20,3,4,black_box,dr_pwldr,65407.90180388162,65393.59049650238,0.08699989318847656,9.971999883651733
20,3,4,black_box,reopt_pwldr,64023.116610016536,64023.116610016536,0.08699989318847656,9.971999883651733
20,3,4,local_search,obj_pwldr,65388.49718404155,65373.47152475227,0.08699989318847656,0.6419999599456787
20,3,4,local_search,dr_pwldr,65407.90180388162,65393.59049650238,0.08699989318847656,0.6419999599456787
20,3,4,local_search,reopt_pwldr,64023.116610016536,64023.116610016536,0.08699989318847656,0.6419999599456787
20,3,5,black_box,obj_pwldr,65400.974868867044,65373.42472432818,0.08599996566772461,13.259999990463257
20,3,5,black_box,dr_pwldr,65420.32749189278,65393.5615658697,0.08599996566772461,13.259999990463257
20,3,5,black_box,reopt_pwldr,64023.116610016536,64023.116610016536,0.08599996566772461,13.259999990463257
20,3,5,local_search,obj_pwldr,65400.974868867044,65373.42472432818,0.08599996566772461,1.0309998989105225
20,3,5,local_search,dr_pwldr,65420.32749189278,65393.5615658697,0.08599996566772461,1.0309998989105225
20,3,5,local_search,reopt_pwldr,64023.116610016536,64023.116610016536,0.08599996566772461,1.0309998989105225
20,3,6,black_box,obj_pwldr,65396.06110373387,65373.42611277814,0.09599995613098145,16.921000003814697
20,3,6,black_box,dr_pwldr,65415.78612173904,65393.561025657684,0.09599995613098145,16.921000003814697
20,3,6,black_box,reopt_pwldr,64023.116610016536,64023.116610016536,0.09599995613098145,16.921000003814697
20,3,6,local_search,obj_pwldr,65396.06110373387,65373.42611277814,0.09599995613098145,1.5460000038146973
20,3,6,local_search,dr_pwldr,65415.78612173904,65393.561025657684,0.09599995613098145,1.5460000038146973
20,3,6,local_search,reopt_pwldr,64023.116610016536,64023.116610016536,0.09599995613098145,1.5460000038146973
20,3,7,black_box,obj_pwldr,65385.54290809259,65373.40650039931,0.14599990844726562,19.82699990272522
20,3,7,black_box,dr_pwldr,65406.08452296246,65393.54096894607,0.14599990844726562,19.82699990272522
20,3,7,black_box,reopt_pwldr,64023.116610016536,64023.116610016536,0.14599990844726562,19.82699990272522
20,3,7,local_search,obj_pwldr,65385.54290809259,65373.40650039932,0.14599990844726562,2.061000108718872
20,3,7,local_search,dr_pwldr,65406.08452296246,65393.54096894607,0.14599990844726562,2.061000108718872
20,3,7,local_search,reopt_pwldr,64023.116610016536,64023.116610016536,0.14599990844726562,2.061000108718872
20,3,8,black_box,obj_pwldr,65374.6542414449,65373.372557802475,0.15899991989135742,23.33400011062622
20,3,8,black_box,dr_pwldr,65394.906489766574,65393.50331602293,0.15899991989135742,23.33400011062622
20,3,8,black_box,reopt_pwldr,64023.116610016536,64023.116610016536,0.15899991989135742,23.33400011062622
20,3,8,local_search,obj_pwldr,65374.6542414449,65373.372557802475,0.15899991989135742,2.437000036239624
20,3,8,local_search,dr_pwldr,65394.906489766574,65393.50331602293,0.15899991989135742,2.437000036239624
20,3,8,local_search,reopt_pwldr,64023.116610016536,64023.116610016536,0.15899991989135742,2.437000036239624
20,3,9,black_box,obj_pwldr,65380.702160093955,65373.36267934171,0.17299985885620117,27.206000089645386
20,3,9,black_box,dr_pwldr,65400.12271764824,65393.48869151324,0.17299985885620117,27.206000089645386
20,3,9,black_box,reopt_pwldr,64023.116610016536,64023.116610016536,0.17299985885620117,27.206000089645386
20,3,9,local_search,obj_pwldr,65380.702160093955,65373.36267934171,0.17299985885620117,3.0929999351501465
20,3,9,local_search,dr_pwldr,65400.12271764824,65393.48869151324,0.17299985885620117,3.0929999351501465
20,3,9,local_search,reopt_pwldr,64023.116610016536,64023.116610016536,0.17299985885620117,3.0929999351501465
20,3,10,black_box,obj_pwldr,65382.69172979667,65373.45191635911,0.17499995231628418,30.246999979019165
20,3,10,black_box,dr_pwldr,65402.25249024235,65393.591254415485,0.17499995231628418,30.246999979019165
20,3,10,black_box,reopt_pwldr,64023.116610016536,64023.11661001646,0.17499995231628418,30.246999979019165
20,3,10,local_search,obj_pwldr,65382.69172979667,65373.45191635912,0.17499995231628418,3.7300000190734863
20,3,10,local_search,dr_pwldr,65402.25249024235,65393.591254415485,0.17499995231628418,3.7300000190734863
20,3,10,local_search,reopt_pwldr,64023.116610016536,64023.11661001646,0.17499995231628418,3.7300000190734863
20,4,1,black_box,obj_pwldr,65559.22070130687,65408.29710727806,0.02499985694885254,1.3989999294281006
20,4,1,black_box,dr_pwldr,65585.29998279337,65441.36819866435,0.02499985694885254,1.3989999294281006
20,4,1,black_box,reopt_pwldr,64023.116610016536,64023.116610016536,0.02499985694885254,1.3989999294281006
20,4,1,local_search,obj_pwldr,65559.22070130687,65408.29710727806,0.02499985694885254,0.059999942779541016
20,4,1,local_search,dr_pwldr,65585.29998279337,65441.36819866435,0.02499985694885254,0.059999942779541016
20,4,1,local_search,reopt_pwldr,64023.116610016536,64023.116610016536,0.02499985694885254,0.059999942779541016
20,4,2,black_box,obj_pwldr,65466.00513315501,65407.73997598619,0.032000064849853516,1.9010000228881836
20,4,2,black_box,dr_pwldr,65497.36348232141,65440.828551504244,0.032000064849853516,1.9010000228881836
20,4,2,black_box,reopt_pwldr,64023.116610016536,64023.116610016536,0.032000064849853516,1.9010000228881836
20,4,2,local_search,obj_pwldr,65466.00513315501,65407.73997598619,0.032000064849853516,0.0969998836517334
20,4,2,local_search,dr_pwldr,65497.36348232141,65440.828551504244,0.032000064849853516,0.0969998836517334
20,4,2,local_search,reopt_pwldr,64023.116610016536,64023.116610016536,0.032000064849853516,0.0969998836517334
20,4,3,black_box,obj_pwldr,65422.86525893753,65407.590892512584,0.03299999237060547,2.234999895095825
20,4,3,black_box,dr_pwldr,65455.46310158342,65440.68405240521,0.03299999237060547,2.234999895095825
20,4,3,black_box,reopt_pwldr,64023.116610016536,64023.116610016536,0.03299999237060547,2.234999895095825
20,4,3,local_search,obj_pwldr,65422.86525893753,65407.590892512584,0.03299999237060547,0.13300013542175293
20,4,3,local_search,dr_pwldr,65455.46310158342,65440.68405240521,0.03299999237060547,0.13300013542175293
20,4,3,local_search,reopt_pwldr,64023.116610016536,64023.116610016536,0.03299999237060547,0.13300013542175293
20,4,4,black_box,obj_pwldr,65416.461280791664,65408.53815099302,0.0409998893737793,2.623999834060669
20,4,4,black_box,dr_pwldr,65449.209618366796,65441.612940466955,0.0409998893737793,2.623999834060669
20,4,4,black_box,reopt_pwldr,64023.116610016536,64023.116610016536,0.0409998893737793,2.623999834060669
20,4,4,local_search,obj_pwldr,65416.461280791664,65407.759859627375,0.0409998893737793,0.3769998550415039
20,4,4,local_search,dr_pwldr,65449.209618366796,65440.84860969829,0.0409998893737793,0.3769998550415039
20,4,4,local_search,reopt_pwldr,64023.116610016536,64023.116610016536,0.0409998893737793,0.3769998550415039
20,4,5,black_box,obj_pwldr,65422.530776480526,65407.665418109194,0.0409998893737793,3.111999988555908
20,4,5,black_box,dr_pwldr,65455.207068049414,65440.75734544291,0.0409998893737793,3.111999988555908
20,4,5,black_box,reopt_pwldr,64023.116610016536,64023.116610016536,0.0409998893737793,3.111999988555908
20,4,5,local_search,obj_pwldr,65422.530776480526,65407.665418109194,0.0409998893737793,0.22500014305114746
20,4,5,local_search,dr_pwldr,65455.207068049414,65440.75734544291,0.0409998893737793,0.22500014305114746
20,4,5,local_search,reopt_pwldr,64023.116610016536,64023.116610016536,0.0409998893737793,0.22500014305114746
20,4,6,black_box,obj_pwldr,65419.94641780067,65407.57921757759,0.04999995231628418,3.69599986076355
20,4,6,black_box,dr_pwldr,65452.61890669846,65440.67239069213,0.04999995231628418,3.69599986076355
20,4,6,black_box,reopt_pwldr,64023.116610016536,64023.116610016536,0.04999995231628418,3.69599986076355
20,4,6,local_search,obj_pwldr,65419.94641780067,65407.57921757759,0.04999995231628418,0.30900001525878906
20,4,6,local_search,dr_pwldr,65452.61890669846,65440.67239069213,0.04999995231628418,0.30900001525878906
20,4,6,local_search,reopt_pwldr,64023.116610016536,64023.116610016536,0.04999995231628418,0.30900001525878906
20,4,7,black_box,obj_pwldr,65414.519195975605,65407.59048794144,0.04500007629394531,4.208000183105469
20,4,7,black_box,dr_pwldr,65447.43553227404,65440.68336922652,0.04500007629394531,4.208000183105469
20,4,7,black_box,reopt_pwldr,64023.116610016536,64023.116610016536,0.04500007629394531,4.208000183105469
20,4,7,local_search,obj_pwldr,65414.519195975605,65407.59048794144,0.04500007629394531,0.38499999046325684
20,4,7,local_search,dr_pwldr,65447.43553227404,65440.68336922652,0.04500007629394531,0.38499999046325684
20,4,7,local_search,reopt_pwldr,64023.116610016536,64023.116610016536,0.04500007629394531,0.38499999046325684
20,4,8,black_box,obj_pwldr,65408.37734575795,65407.577097325775,0.04999995231628418,4.75
20,4,8,black_box,dr_pwldr,65441.44741693866,65440.67076441651,0.04999995231628418,4.75
20,4,8,black_box,reopt_pwldr,64023.116610016536,64023.116610016536,0.04999995231628418,4.75
20,4,8,local_search,obj_pwldr,65408.37734575795,65407.577097325775,0.04999995231628418,0.46200013160705566
20,4,8,local_search,dr_pwldr,65441.44741693866,65440.67076441651,0.04999995231628418,0.46200013160705566
20,4,8,local_search,reopt_pwldr,64023.116610016536,64023.116610016536,0.04999995231628418,0.46200013160705566
20,4,9,black_box,obj_pwldr,65411.43403609599,65407.6373858898,0.04900002479553223,5.436000108718872
20,4,9,black_box,dr_pwldr,65444.45783144452,65440.72964897211,0.04900002479553223,5.436000108718872
20,4,9,black_box,reopt_pwldr,64023.116610016536,64023.116610016536,0.04900002479553223,5.436000108718872
20,4,9,local_search,obj_pwldr,65411.43403609599,65407.6373858898,0.04900002479553223,0.6269998550415039
20,4,9,local_search,dr_pwldr,65444.45783144452,65440.72964897211,0.04900002479553223,0.6269998550415039
20,4,9,local_search,reopt_pwldr,64023.116610016536,64023.116610016536,0.04900002479553223,0.6269998550415039
20,4,10,black_box,obj_pwldr,65412.494725811855,65407.584786183375,0.06400012969970703,6.110999822616577
20,4,10,black_box,dr_pwldr,65445.470223174205,65440.67832197615,0.06400012969970703,6.110999822616577
20,4,10,black_box,reopt_pwldr,64023.116610016536,64023.116610016536,0.06400012969970703,6.110999822616577
20,4,10,local_search,obj_pwldr,65412.494725811855,65407.584786183375,0.06400012969970703,0.75
20,4,10,local_search,dr_pwldr,65445.470223174205,65440.67832197615,0.06400012969970703,0.75
20,4,10,local_search,reopt_pwldr,64023.116610016536,64023.116610016536,0.06400012969970703,0.75
21,1,1,black_box,obj_pwldr,60742.42495978064,60615.18662581006,0.018000125885009766,1.3419997692108154
21,1,1,black_box,dr_pwldr,60749.31216351567,60624.01487269195,0.018000125885009766,1.3419997692108154
21,1,1,black_box,reopt_pwldr,58929.55830190551,58929.55830190552,0.018000125885009766,1.3419997692108154
21,1,1,local_search,obj_pwldr,60742.42495978064,60615.186625810056,0.018000125885009766,0.10400009155273438
21,1,1,local_search,dr_pwldr,60749.31216351567,60624.01487269195,0.018000125885009766,0.10400009155273438
21,1,1,local_search,reopt_pwldr,58929.55830190551,58929.55830190551,0.018000125885009766,0.10400009155273438
21,1,2,black_box,obj_pwldr,60615.54152716174,60612.8610777734,0.03299999237060547,1.6710000038146973
21,1,2,black_box,dr_pwldr,60624.35634037418,60621.76594259329,0.03299999237060547,1.6710000038146973
21,1,2,black_box,reopt_pwldr,58929.55830190551,58929.55830190551,0.03299999237060547,1.6710000038146973
21,1,2,local_search,obj_pwldr,60615.54152716174,60612.8610777734,0.03299999237060547,0.08500003814697266
21,1,2,local_search,dr_pwldr,60624.35634037418,60621.76594259329,0.03299999237060547,0.08500003814697266
21,1,2,local_search,reopt_pwldr,58929.55830190551,58929.55830190551,0.03299999237060547,0.08500003814697266
21,1,3,black_box,obj_pwldr,60645.43289022446,60612.03812949941,0.029999971389770508,2.0959999561309814
21,1,3,black_box,dr_pwldr,60655.273753012756,60620.98270023464,0.029999971389770508,2.0959999561309814
21,1,3,black_box,reopt_pwldr,58929.55830190551,58929.55830190551,0.029999971389770508,2.0959999561309814
21,1,3,local_search,obj_pwldr,60645.43289022446,60612.03812949941,0.029999971389770508,0.12200021743774414
21,1,3,local_search,dr_pwldr,60655.273753012756,60620.98270023464,0.029999971389770508,0.12200021743774414
21,1,3,local_search,reopt_pwldr,58929.55830190551,58929.55830190551,0.029999971389770508,0.12200021743774414
21,1,4,black_box,obj_pwldr,60634.138475515356,60611.992237607315,0.046000003814697266,2.621000051498413
21,1,4,black_box,dr_pwldr,60642.941933661496,60620.93534500588,0.046000003814697266,2.621000051498413
21,1,4,black_box,reopt_pwldr,58929.55830190551,58929.55830190552,0.046000003814697266,2.621000051498413
21,1,4,local_search,obj_pwldr,60634.138475515356,60611.992237607315,0.046000003814697266,0.18799996376037598
21,1,4,local_search,dr_pwldr,60642.941933661496,60620.93534500588,0.046000003814697266,0.18799996376037598
21,1,4,local_search,reopt_pwldr,58929.55830190551,58929.55830190552,0.046000003814697266,0.18799996376037598
21,1,5,black_box,obj_pwldr,60613.834385862276,60612.076622293265,0.046000003814697266,3.1440000534057617
21,1,5,black_box,dr_pwldr,60622.744337481636,60621.023595143204,0.046000003814697266,3.1440000534057617
21,1,5,black_box,reopt_pwldr,58929.55830190551,58929.55830190551,0.046000003814697266,3.1440000534057617
21,1,5,local_search,obj_pwldr,60613.834385862276,60612.076622293265,0.046000003814697266,0.21900010108947754
21,1,5,local_search,dr_pwldr,60622.744337481636,60621.023595143204,0.046000003814697266,0.21900010108947754
21,1,5,local_search,reopt_pwldr,58929.55830190551,58929.55830190551,0.046000003814697266,0.21900010108947754
21,1,6,black_box,obj_pwldr,60622.5586984125,60611.9631264278,0.03800010681152344,3.6470000743865967
21,1,6,black_box,dr_pwldr,60631.639639459485,60620.906365530456,0.03800010681152344,3.6470000743865967
21,1,6,black_box,reopt_pwldr,58929.55830190551,58929.55830190551,0.03800010681152344,3.6470000743865967
21,1,6,local_search,obj_pwldr,60622.5586984125,60611.9631264278,0.03800010681152344,0.2990000247955322
21,1,6,local_search,dr_pwldr,60631.639639459485,60620.906365530456,0.03800010681152344,0.2990000247955322
21,1,6,local_search,reopt_pwldr,58929.55830190551,58929.55830190551,0.03800010681152344,0.2990000247955322
21,1,7,black_box,obj_pwldr,60620.84288326595,60611.961886549834,0.0409998893737793,4.843999862670898
21,1,7,black_box,dr_pwldr,60629.9482759281,60620.90452487153,0.0409998893737793,4.843999862670898
21,1,7,black_box,reopt_pwldr,58929.55830190551,58929.55830190551,0.0409998893737793,4.843999862670898
21,1,7,local_search,obj_pwldr,60620.84288326595,60611.958459304056,0.0409998893737793,0.6489999294281006
21,1,7,local_search,dr_pwldr,60629.9482759281,60620.90007842346,0.0409998893737793,0.6489999294281006
21,1,7,local_search,reopt_pwldr,58929.55830190551,58929.55830190552,0.0409998893737793,0.6489999294281006
21,1,8,black_box,obj_pwldr,60613.2110307357,60611.97798410912,0.05899977684020996,5.059000015258789
21,1,8,black_box,dr_pwldr,60622.18015484207,60620.92058668202,0.05899977684020996,5.059000015258789
21,1,8,black_box,reopt_pwldr,58929.55830190551,58929.55830190551,0.05899977684020996,5.059000015258789
21,1,8,local_search,obj_pwldr,60613.2110307357,60611.97798410912,0.05899977684020996,0.5090000629425049
21,1,8,local_search,dr_pwldr,60622.18015484207,60620.92058668202,0.05899977684020996,0.5090000629425049
21,1,8,local_search,reopt_pwldr,58929.55830190551,58929.55830190551,0.05899977684020996,0.5090000629425049
21,1,9,black_box,obj_pwldr,60616.98811656662,60611.97015465503,0.04800009727478027,5.546000003814697
21,1,9,black_box,dr_pwldr,60625.997511203364,60620.91196094577,0.04800009727478027,5.546000003814697
21,1,9,black_box,reopt_pwldr,58929.55830190551,58929.55830190552,0.04800009727478027,5.546000003814697
21,1,9,local_search,obj_pwldr,60616.98811656662,60611.97015465503,0.04800009727478027,0.625999927520752
21,1,9,local_search,dr_pwldr,60625.997511203364,60620.91196094577,0.04800009727478027,0.625999927520752
21,1,9,local_search,reopt_pwldr,58929.55830190551,58929.55830190552,0.04800009727478027,0.625999927520752
21,1,10,black_box,obj_pwldr,60616.74427062997,60611.9809452412,0.05299997329711914,6.183000087738037
21,1,10,black_box,dr_pwldr,60625.776782232446,60620.92763084998,0.05299997329711914,6.183000087738037
21,1,10,black_box,reopt_pwldr,58929.55830190551,58929.55830190553,0.05299997329711914,6.183000087738037
21,1,10,local_search,obj_pwldr,60616.74427062997,60611.98094524119,0.05299997329711914,1.569000005722046
21,1,10,local_search,dr_pwldr,60625.776782232446,60620.927630849954,0.05299997329711914,1.569000005722046
21,1,10,local_search,reopt_pwldr,58929.55830190551,58929.55830190551,0.05299997329711914,1.569000005722046
21,2,1,black_box,obj_pwldr,60620.37176309587,60482.32120621564,0.023999929428100586,1.4179999828338623
21,2,1,black_box,dr_pwldr,60622.361714356404,60477.25031611851,0.023999929428100586,1.4179999828338623
21,2,1,black_box,reopt_pwldr,58929.55830190551,58929.55830190551,0.023999929428100586,1.4179999828338623
21,2,1,local_search,obj_pwldr,60620.37176309587,60482.32120621564,0.023999929428100586,0.06400012969970703
21,2,1,local_search,dr_pwldr,60622.361714356404,60477.25031611851,0.023999929428100586,0.06400012969970703
21,2,1,local_search,reopt_pwldr,58929.55830190551,58929.55830190551,0.023999929428100586,0.06400012969970703
21,2,2,black_box,obj_pwldr,60484.567740254526,60482.401272394854,0.029000043869018555,1.749000072479248
21,2,2,black_box,dr_pwldr,60479.50197756334,60477.33025962343,0.029000043869018555,1.749000072479248
21,2,2,black_box,reopt_pwldr,58929.55830190551,58929.55830190551,0.029000043869018555,1.749000072479248
21,2,2,local_search,obj_pwldr,60484.567740254526,60482.40127239486,0.029000043869018555,0.09300017356872559
21,2,2,local_search,dr_pwldr,60479.50197756334,60477.33025962343,0.029000043869018555,0.09300017356872559
21,2,2,local_search,reopt_pwldr,58929.55830190551,58929.55830190551,0.029000043869018555,0.09300017356872559
21,2,3,black_box,obj_pwldr,60529.32615522438,60481.82635319254,0.03800010681152344,2.1510000228881836
21,2,3,black_box,dr_pwldr,60528.72563495321,60476.75810894512,0.03800010681152344,2.1510000228881836
21,2,3,black_box,reopt_pwldr,58929.55830190551,58929.55830190551,0.03800010681152344,2.1510000228881836
21,2,3,local_search,obj_pwldr,60529.32615522438,60481.82635319253,0.03800010681152344,0.1400001049041748
21,2,3,local_search,dr_pwldr,60528.72563495321,60476.75810894512,0.03800010681152344,0.1400001049041748
21,2,3,local_search,reopt_pwldr,58929.55830190551,58929.55830190551,0.03800010681152344,0.1400001049041748
21,2,4,black_box,obj_pwldr,60507.97975983875,60481.7688695943,0.039999961853027344,2.626999855041504
21,2,4,black_box,dr_pwldr,60505.382840001745,60476.70136812189,0.039999961853027344,2.626999855041504
21,2,4,black_box,reopt_pwldr,58929.55830190551,58929.55830190551,0.039999961853027344,2.626999855041504
21,2,4,local_search,obj_pwldr,60507.97975983875,60481.7688695943,0.039999961853027344,0.17600011825561523
21,2,4,local_search,dr_pwldr,60505.382840001745,60476.70136812189,0.039999961853027344,0.17600011825561523
21,2,4,local_search,reopt_pwldr,58929.55830190551,58929.55830190551,0.039999961853027344,0.17600011825561523
21,2,5,black_box,obj_pwldr,60483.65120927396,60481.78568562512,0.054000139236450195,3.180000066757202
21,2,5,black_box,dr_pwldr,60478.65750372899,60476.720925197296,0.054000139236450195,3.180000066757202
21,2,5,black_box,reopt_pwldr,58929.55830190551,58929.55830190551,0.054000139236450195,3.180000066757202
21,2,5,local_search,obj_pwldr,60483.65120927396,60481.78568562512,0.054000139236450195,0.22600007057189941
21,2,5,local_search,dr_pwldr,60478.65750372899,60476.720925197296,0.054000139236450195,0.22600007057189941
21,2,5,local_search,reopt_pwldr,58929.55830190551,58929.55830190551,0.054000139236450195,0.22600007057189941
21,2,6,black_box,obj_pwldr,60496.35536825706,60481.77574684774,0.03900003433227539,4.302999973297119
21,2,6,black_box,dr_pwldr,60493.09662360184,60476.70811483719,0.03900003433227539,4.302999973297119
21,2,6,black_box,reopt_pwldr,58929.55830190551,58929.55830190551,0.03900003433227539,4.302999973297119
21,2,6,local_search,obj_pwldr,60496.35536825706,60481.77574684774,0.03900003433227539,0.2949998378753662
21,2,6,local_search,dr_pwldr,60493.09662360184,60476.70811483719,0.03900003433227539,0.2949998378753662
21,2,6,local_search,reopt_pwldr,58929.55830190551,58929.55830190551,0.03900003433227539,0.2949998378753662
21,2,7,black_box,obj_pwldr,60492.63434133955,60481.80878015585,0.04799985885620117,4.269000053405762
21,2,7,black_box,dr_pwldr,60488.65269940183,60476.747374478604,0.04799985885620117,4.269000053405762
21,2,7,black_box,reopt_pwldr,58929.55830190551,58929.55830190551,0.04799985885620117,4.269000053405762
21,2,7,local_search,obj_pwldr,60492.63434133955,60481.80878015585,0.04799985885620117,0.36999988555908203
21,2,7,local_search,dr_pwldr,60488.65269940183,60476.747374478604,0.04799985885620117,0.36999988555908203
21,2,7,local_search,reopt_pwldr,58929.55830190551,58929.55830190551,0.04799985885620117,0.36999988555908203
21,2,8,black_box,obj_pwldr,60483.14008993794,60481.76682564788,0.05299997329711914,4.869999885559082
21,2,8,black_box,dr_pwldr,60478.172566354515,60476.69891431509,0.05299997329711914,4.869999885559082
21,2,8,black_box,reopt_pwldr,58929.55830190551,58929.55830190551,0.05299997329711914,4.869999885559082
21,2,8,local_search,obj_pwldr,60483.14008993794,60481.76269298368,0.05299997329711914,0.7950000762939453
21,2,8,local_search,dr_pwldr,60478.172566354515,60476.69490143733,0.05299997329711914,0.7950000762939453
21,2,8,local_search,reopt_pwldr,58929.55830190551,58929.55830190551,0.05299997329711914,0.7950000762939453
21,2,9,black_box,obj_pwldr,60488.57646793075,60481.80170447395,0.0559999942779541,5.411999940872192
21,2,9,black_box,dr_pwldr,60484.385109869305,60476.745456553625,0.0559999942779541,5.411999940872192
21,2,9,black_box,reopt_pwldr,58929.55830190551,58929.55830190551,0.0559999942779541,5.411999940872192
21,2,9,local_search,obj_pwldr,60488.57646793075,60481.801704473946,0.0559999942779541,1.126000165939331
21,2,9,local_search,dr_pwldr,60484.385109869305,60476.745456553625,0.0559999942779541,1.126000165939331
21,2,9,local_search,reopt_pwldr,58929.55830190551,58929.55830190551,0.0559999942779541,1.126000165939331
21,2,10,black_box,obj_pwldr,60487.71440809606,60481.77152377059,0.05299997329711914,6.766999959945679
21,2,10,black_box,dr_pwldr,60483.1972016645,60476.70430298369,0.05299997329711914,6.766999959945679
21,2,10,black_box,reopt_pwldr,58929.55830190551,58929.55830190551,0.05299997329711914,6.766999959945679
21,2,10,local_search,obj_pwldr,60487.71440809606,60481.77152377059,0.05299997329711914,0.7159998416900635
21,2,10,local_search,dr_pwldr,60483.1972016645,60476.70430298369,0.05299997329711914,0.7159998416900635
21,2,10,local_search,reopt_pwldr,58929.55830190551,58929.55830190551,0.05299997329711914,0.7159998416900635
21,3,1,black_box,obj_pwldr,60769.778131994884,60605.7302240754,0.02500009536743164,1.9639999866485596
21,3,1,black_box,dr_pwldr,60781.39643965248,60617.16704578937,0.02500009536743164,1.9639999866485596
21,3,1,black_box,reopt_pwldr,58929.55830190551,58929.55830190551,0.02500009536743164,1.9639999866485596
21,3,1,local_search,obj_pwldr,60769.778131994884,60605.7302240754,0.02500009536743164,0.05800008773803711
21,3,1,local_search,dr_pwldr,60781.39643965248,60617.16704578937,0.02500009536743164,0.05800008773803711
21,3,1,local_search,reopt_pwldr,58929.55830190551,58929.55830190551,0.02500009536743164,0.05800008773803711
21,3,2,black_box,obj_pwldr,60610.14449532846,60605.07627629746,0.03800010681152344,4.384999990463257
21,3,2,black_box,dr_pwldr,60621.59594790862,60616.51097051891,0.03800010681152344,4.384999990463257
21,3,2,black_box,reopt_pwldr,58929.55830190551,58929.55830190551,0.03800010681152344,4.384999990463257
21,3,2,local_search,obj_pwldr,60610.14449532846,60605.07627629746,0.03800010681152344,0.21700000762939453
21,3,2,local_search,dr_pwldr,60621.59594790862,60616.51097051891,0.03800010681152344,0.21700000762939453
21,3,2,local_search,reopt_pwldr,58929.55830190551,58929.55830190552,0.03800010681152344,0.21700000762939453
21,3,3,black_box,obj_pwldr,60638.45443382464,60605.565558667775,0.06599998474121094,6.942999839782715
21,3,3,black_box,dr_pwldr,60648.92432204872,60617.00120859002,0.06599998474121094,6.942999839782715
21,3,3,black_box,reopt_pwldr,58929.55830190551,58929.55830190551,0.06599998474121094,6.942999839782715
21,3,3,local_search,obj_pwldr,60638.45443382464,60605.56555866778,0.06599998474121094,0.4160001277923584
21,3,3,local_search,dr_pwldr,60648.92432204872,60617.00120859002,0.06599998474121094,0.4160001277923584
21,3,3,local_search,reopt_pwldr,58929.55830190551,58929.55830190551,0.06599998474121094,0.4160001277923584
21,3,4,black_box,obj_pwldr,60637.01808730321,60604.62309842902,0.06699991226196289,10.003999948501587
21,3,4,black_box,dr_pwldr,60647.315983764274,60616.05892794605,0.06699991226196289,10.003999948501587
21,3,4,black_box,reopt_pwldr,58929.55830190551,58929.55830190551,0.06699991226196289,10.003999948501587
21,3,4,local_search,obj_pwldr,60637.01808730321,60604.62309842902,0.06699991226196289,0.5850000381469727
21,3,4,local_search,dr_pwldr,60647.315983764274,60616.05892794605,0.06699991226196289,0.5850000381469727
21,3,4,local_search,reopt_pwldr,58929.55830190551,58929.55830190551,0.06699991226196289,0.5850000381469727
21,3,5,black_box,obj_pwldr,60607.74659653136,60604.55681387856,0.08599996566772461,13.150999784469604
21,3,5,black_box,dr_pwldr,60619.06164032149,60615.991734753225,0.08599996566772461,13.150999784469604
21,3,5,black_box,reopt_pwldr,58929.55830190551,58929.55830190551,0.08599996566772461,13.150999784469604
21,3,5,local_search,obj_pwldr,60607.74659653136,60604.55681387856,0.08599996566772461,0.996999979019165
21,3,5,local_search,dr_pwldr,60619.06164032149,60615.991734753225,0.08599996566772461,0.996999979019165
21,3,5,local_search,reopt_pwldr,58929.55830190551,58929.55830190551,0.08599996566772461,0.996999979019165
21,3,6,black_box,obj_pwldr,60616.40372203863,60604.5759202885,0.10599994659423828,16.800999879837036
21,3,6,black_box,dr_pwldr,60627.58861253712,60616.01175391342,0.10599994659423828,16.800999879837036
21,3,6,black_box,reopt_pwldr,58929.55830190551,58929.55830190551,0.10599994659423828,16.800999879837036
21,3,6,local_search,obj_pwldr,60616.40372203863,60604.5759202885,0.10599994659423828,1.511000156402588
21,3,6,local_search,dr_pwldr,60627.58861253712,60616.01175391342,0.10599994659423828,1.511000156402588
21,3,6,local_search,reopt_pwldr,58929.55830190551,58929.55830190551,0.10599994659423828,1.511000156402588
21,3,7,black_box,obj_pwldr,60617.26069761484,60604.670307826964,0.13199996948242188,20.11299991607666
21,3,7,black_box,dr_pwldr,60628.191877364516,60616.115265427085,0.13199996948242188,20.11299991607666
21,3,7,black_box,reopt_pwldr,58929.55830190551,58929.55830190551,0.13199996948242188,20.11299991607666
21,3,7,local_search,obj_pwldr,60617.26069761484,60604.670307826964,0.13199996948242188,1.8459999561309814
21,3,7,local_search,dr_pwldr,60628.191877364516,60616.115265427085,0.13199996948242188,1.8459999561309814
21,3,7,local_search,reopt_pwldr,58929.55830190551,58929.55830190551,0.13199996948242188,1.8459999561309814
21,3,8,black_box,obj_pwldr,60606.593497377195,60604.53316873159,0.15999984741210938,23.366999864578247
21,3,8,black_box,dr_pwldr,60617.925499738354,60615.96903003418,0.15999984741210938,23.366999864578247
21,3,8,black_box,reopt_pwldr,58929.55830190552,58929.55830190551,0.15999984741210938,23.366999864578247
21,3,8,local_search,obj_pwldr,60606.593497377195,60604.53316873159,0.15999984741210938,2.4179999828338623
21,3,8,local_search,dr_pwldr,60617.925499738354,60615.96903003418,0.15999984741210938,2.4179999828338623
21,3,8,local_search,reopt_pwldr,58929.55830190552,58929.55830190551,0.15999984741210938,2.4179999828338623
21,3,9,black_box,obj_pwldr,60610.42549696632,60604.5772235233,0.1680002212524414,27.055999994277954
21,3,9,black_box,dr_pwldr,60621.71377210733,60616.01305020992,0.1680002212524414,27.055999994277954
21,3,9,black_box,reopt_pwldr,58929.55830190551,58929.55830190551,0.1680002212524414,27.055999994277954
21,3,9,local_search,obj_pwldr,60610.42549696632,60604.577223523294,0.1680002212524414,5.990000009536743
21,3,9,local_search,dr_pwldr,60621.71377210733,60616.01305020992,0.1680002212524414,5.990000009536743
21,3,9,local_search,reopt_pwldr,58929.55830190551,58929.55830190551,0.1680002212524414,5.990000009536743
21,3,10,black_box,obj_pwldr,60611.254835020656,60604.55631668563,0.19099998474121094,30.289000034332275
21,3,10,black_box,dr_pwldr,60622.396854700186,60615.99654275886,0.19099998474121094,30.289000034332275
21,3,10,black_box,reopt_pwldr,58929.55830190551,58929.55830190551,0.19099998474121094,30.289000034332275
21,3,10,local_search,obj_pwldr,60611.254835020656,60604.55631668563,0.19099998474121094,3.3480000495910645
21,3,10,local_search,dr_pwldr,60622.396854700186,60615.99654275886,0.19099998474121094,3.3480000495910645
21,3,10,local_search,reopt_pwldr,58929.55830190551,58929.55830190551,0.19099998474121094,3.3480000495910645
21,4,1,black_box,obj_pwldr,60771.767215461725,60652.34520029852,0.020999908447265625,1.2130000591278076
21,4,1,black_box,dr_pwldr,60771.685242536776,60653.05641808101,0.020999908447265625,1.2130000591278076
21,4,1,black_box,reopt_pwldr,58929.55830190551,58929.55830190551,0.020999908447265625,1.2130000591278076
21,4,1,local_search,obj_pwldr,60771.767215461725,60652.34520029852,0.020999908447265625,0.06400012969970703
21,4,1,local_search,dr_pwldr,60771.685242536776,60653.05641808101,0.020999908447265625,0.06400012969970703
21,4,1,local_search,reopt_pwldr,58929.55830190551,58929.55830190551,0.020999908447265625,0.06400012969970703
21,4,2,black_box,obj_pwldr,60649.92746552281,60646.52938659922,0.034999847412109375,1.5980000495910645
21,4,2,black_box,dr_pwldr,60650.64986973049,60647.31360934697,0.034999847412109375,1.5980000495910645
21,4,2,black_box,reopt_pwldr,58929.55830190551,58929.55830190551,0.034999847412109375,1.5980000495910645
21,4,2,local_search,obj_pwldr,60649.92746552281,60646.52938659922,0.034999847412109375,0.08700013160705566
21,4,2,local_search,dr_pwldr,60650.64986973049,60647.31360934697,0.034999847412109375,0.08700013160705566
21,4,2,local_search,reopt_pwldr,58929.55830190551,58929.55830190551,0.034999847412109375,0.08700013160705566
21,4,3,black_box,obj_pwldr,60676.26190092355,60646.52859124849,0.037999868392944336,1.9200000762939453
21,4,3,black_box,dr_pwldr,60677.7674611727,60647.398228307604,0.037999868392944336,1.9200000762939453
21,4,3,black_box,reopt_pwldr,58929.55830190551,58929.55830190551,0.037999868392944336,1.9200000762939453
21,4,3,local_search,obj_pwldr,60676.26190092355,60646.3378048298,0.037999868392944336,0.1529998779296875
21,4,3,local_search,dr_pwldr,60677.7674611727,60647.1346007154,0.037999868392944336,0.1529998779296875
21,4,3,local_search,reopt_pwldr,58929.55830190551,58929.55830190551,0.037999868392944336,0.1529998779296875
21,4,4,black_box,obj_pwldr,60666.78150417928,60646.3216272247,0.034999847412109375,2.3589999675750732
21,4,4,black_box,dr_pwldr,60668.44414103325,60647.111605329344,0.034999847412109375,2.3589999675750732
21,4,4,black_box,reopt_pwldr,58929.55830190551,58929.55830190551,0.034999847412109375,2.3589999675750732
21,4,4,local_search,obj_pwldr,60666.78150417928,60646.3216272247,0.034999847412109375,0.14899992942810059
21,4,4,local_search,dr_pwldr,60668.44414103325,60647.111605329344,0.034999847412109375,0.14899992942810059
21,4,4,local_search,reopt_pwldr,58929.55830190551,58929.55830190551,0.034999847412109375,0.14899992942810059
21,4,5,black_box,obj_pwldr,60648.09390904103,60646.349491502515,0.04200005531311035,2.7899999618530273
21,4,5,black_box,dr_pwldr,60648.913218647234,60647.156295911125,0.04200005531311035,2.7899999618530273
21,4,5,black_box,reopt_pwldr,58929.55830190551,58929.55830190551,0.04200005531311035,2.7899999618530273
21,4,5,local_search,obj_pwldr,60648.09390904103,60646.349491502515,0.04200005531311035,0.24899983406066895
21,4,5,local_search,dr_pwldr,60648.913218647234,60647.156295911125,0.04200005531311035,0.24899983406066895
21,4,5,local_search,reopt_pwldr,58929.55830190551,58929.55830190551,0.04200005531311035,0.24899983406066895
21,4,6,black_box,obj_pwldr,60655.832259394716,60646.407424840836,0.06099987030029297,3.687999963760376
21,4,6,black_box,dr_pwldr,60657.3474178558,60647.203345824455,0.06099987030029297,3.687999963760376
21,4,6,black_box,reopt_pwldr,58929.55830190551,58929.55830190551,0.06099987030029297,3.687999963760376
21,4,6,local_search,obj_pwldr,60655.832259394716,60646.407424840836,0.06099987030029297,0.3280000686645508
21,4,6,local_search,dr_pwldr,60657.3474178558,60647.203345824455,0.06099987030029297,0.3280000686645508
21,4,6,local_search,reopt_pwldr,58929.55830190551,58929.55830190551,0.06099987030029297,0.3280000686645508
21,4,7,black_box,obj_pwldr,60654.44832333098,60646.42988435252,0.03800010681152344,4.165999889373779
21,4,7,black_box,dr_pwldr,60655.75584970438,60647.27014105018,0.03800010681152344,4.165999889373779
21,4,7,black_box,reopt_pwldr,58929.55830190551,58929.55830190551,0.03800010681152344,4.165999889373779
21,4,7,local_search,obj_pwldr,60654.44832333098,60646.330251882006,0.03800010681152344,0.8280000686645508
21,4,7,local_search,dr_pwldr,60655.75584970438,60647.12115014588,0.03800010681152344,0.8280000686645508
21,4,7,local_search,reopt_pwldr,58929.55830190551,58929.55830190551,0.03800010681152344,0.8280000686645508
21,4,8,black_box,obj_pwldr,60647.48272354712,60646.42187229329,0.051000118255615234,4.36899995803833
21,4,8,black_box,dr_pwldr,60648.305958003824,60647.21766724605,0.051000118255615234,4.36899995803833
21,4,8,black_box,reopt_pwldr,58929.55830190551,58929.55830190551,0.051000118255615234,4.36899995803833
21,4,8,local_search,obj_pwldr,60647.48272354712,60646.42187229329,0.051000118255615234,0.4869999885559082
21,4,8,local_search,dr_pwldr,60648.305958003824,60647.21766724605,0.051000118255615234,0.4869999885559082
21,4,8,local_search,reopt_pwldr,58929.55830190551,58929.55830190551,0.051000118255615234,0.4869999885559082
21,4,9,black_box,obj_pwldr,60650.84057351972,60646.35239413989,0.048999786376953125,5.055000066757202
21,4,9,black_box,dr_pwldr,60652.18626410955,60647.14843031898,0.048999786376953125,5.055000066757202
21,4,9,black_box,reopt_pwldr,58929.55830190551,58929.55830190551,0.048999786376953125,5.055000066757202
21,4,9,local_search,obj_pwldr,60650.84057351972,60646.35239413989,0.048999786376953125,0.5900001525878906
21,4,9,local_search,dr_pwldr,60652.18626410955,60647.148430318986,0.048999786376953125,0.5900001525878906
21,4,9,local_search,reopt_pwldr,58929.55830190551,58929.55830190551,0.048999786376953125,0.5900001525878906
21,4,10,black_box,obj_pwldr,60650.68210023101,60646.333794235536,0.04999995231628418,5.693000078201294
21,4,10,black_box,dr_pwldr,60651.85087523741,60647.12897787916,0.04999995231628418,5.693000078201294
21,4,10,black_box,reopt_pwldr,58929.55830190551,58929.55830190551,0.04999995231628418,5.693000078201294
21,4,10,local_search,obj_pwldr,60650.68210023101,60646.333794235536,0.04999995231628418,0.6889998912811279
21,4,10,local_search,dr_pwldr,60651.85087523741,60647.12897787916,0.04999995231628418,0.6889998912811279
21,4,10,local_search,reopt_pwldr,58929.55830190551,58929.55830190551,0.04999995231628418,0.6889998912811279
22,1,1,black_box,obj_pwldr,78202.47524509265,77999.488714132,0.021999835968017578,1.940000057220459
22,1,1,black_box,dr_pwldr,78210.8344296699,78015.40612411263,0.021999835968017578,1.940000057220459
22,1,1,black_box,reopt_pwldr,76454.10138676983,76454.10138676985,0.021999835968017578,1.940000057220459
22,1,1,local_search,obj_pwldr,78202.47524509265,77999.488714132,0.021999835968017578,0.14299988746643066
22,1,1,local_search,dr_pwldr,78210.8344296699,78015.40612411263,0.021999835968017578,0.14299988746643066
22,1,1,local_search,reopt_pwldr,76454.10138676983,76454.10138676985,0.021999835968017578,0.14299988746643066
22,1,2,black_box,obj_pwldr,78065.37741840295,77995.71328017196,0.04699993133544922,4.141999959945679
22,1,2,black_box,dr_pwldr,78077.9634452984,78011.74554691078,0.04699993133544922,4.141999959945679
22,1,2,black_box,reopt_pwldr,76454.10138676985,76454.10138676983,0.04699993133544922,4.141999959945679
22,1,2,local_search,obj_pwldr,78065.37741840295,77995.71328017196,0.04699993133544922,0.22299981117248535
22,1,2,local_search,dr_pwldr,78077.9634452984,78011.74554691078,0.04699993133544922,0.22299981117248535
22,1,2,local_search,reopt_pwldr,76454.10138676985,76454.10138676983,0.04699993133544922,0.22299981117248535
22,1,3,black_box,obj_pwldr,78001.36068313675,77994.47052110694,0.05500006675720215,6.925999879837036
22,1,3,black_box,dr_pwldr,78017.03530883262,78010.53909192287,0.05500006675720215,6.925999879837036
22,1,3,black_box,reopt_pwldr,76454.10138676983,76454.10138676983,0.05500006675720215,6.925999879837036
22,1,3,local_search,obj_pwldr,78001.36068313675,77994.47052110694,0.05500006675720215,0.4270000457763672
22,1,3,local_search,dr_pwldr,78017.03530883262,78010.53909192287,0.05500006675720215,0.4270000457763672
22,1,3,local_search,reopt_pwldr,76454.10138676983,76454.10138676983,0.05500006675720215,0.4270000457763672
22,1,4,black_box,obj_pwldr,78029.7243457315,77994.58903991545,0.06699991226196289,10.049000024795532
22,1,4,black_box,dr_pwldr,78042.61692295522,78010.64881626045,0.06699991226196289,10.049000024795532
22,1,4,black_box,reopt_pwldr,76454.10138676983,76454.10138676983,0.06699991226196289,10.049000024795532
22,1,4,local_search,obj_pwldr,78029.7243457315,77994.58903991545,0.06699991226196289,0.6599998474121094
22,1,4,local_search,dr_pwldr,78042.61692295522,78010.64881626045,0.06699991226196289,0.6599998474121094
22,1,4,local_search,reopt_pwldr,76454.10138676983,76454.10138676983,0.06699991226196289,0.6599998474121094
22,1,5,black_box,obj_pwldr,78025.98036682849,77994.39746651569,0.0820000171661377,13.66700005531311
22,1,5,black_box,dr_pwldr,78039.21100890837,78010.4665607087,0.0820000171661377,13.66700005531311
22,1,5,black_box,reopt_pwldr,76454.10138676983,76454.10138676983,0.0820000171661377,13.66700005531311
22,1,5,local_search,obj_pwldr,78025.98036682849,77994.39746651569,0.0820000171661377,1.2390000820159912
22,1,5,local_search,dr_pwldr,78039.21100890837,78010.46656070871,0.0820000171661377,1.2390000820159912
22,1,5,local_search,reopt_pwldr,76454.10138676983,76454.10138676983,0.0820000171661377,1.2390000820159912
22,1,6,black_box,obj_pwldr,78008.60548850895,77994.40476687536,0.10399985313415527,16.776000022888184
22,1,6,black_box,dr_pwldr,78023.53249680382,78010.47367818664,0.10399985313415527,16.776000022888184
22,1,6,black_box,reopt_pwldr,76454.10138676983,76454.10138676983,0.10399985313415527,16.776000022888184
22,1,6,local_search,obj_pwldr,78008.60548850895,77994.40476687536,0.10399985313415527,1.565999984741211
22,1,6,local_search,dr_pwldr,78023.53249680382,78010.47367818664,0.10399985313415527,1.565999984741211
22,1,6,local_search,reopt_pwldr,76454.10138676983,76454.10138676983,0.10399985313415527,1.565999984741211
22,1,7,black_box,obj_pwldr,77998.76211481135,77994.44612971318,0.13199996948242188,20.276999950408936
22,1,7,black_box,dr_pwldr,78014.45496637314,78010.51278455059,0.13199996948242188,20.276999950408936
22,1,7,black_box,reopt_pwldr,76454.10138676983,76454.10138676983,0.13199996948242188,20.276999950408936
22,1,7,local_search,obj_pwldr,77998.76211481135,77994.44612971318,0.13199996948242188,2.2220001220703125
22,1,7,local_search,dr_pwldr,78014.45496637314,78010.51278455059,0.13199996948242188,2.2220001220703125
22,1,7,local_search,reopt_pwldr,76454.10138676983,76454.10138676983,0.13199996948242188,2.2220001220703125
22,1,8,black_box,obj_pwldr,78007.03515241727,77994.54013537533,0.15199995040893555,23.907000064849854
22,1,8,black_box,dr_pwldr,78021.54102487199,78010.57843551488,0.15199995040893555,23.907000064849854
22,1,8,black_box,reopt_pwldr,76454.10138676983,76454.10138677,0.15199995040893555,23.907000064849854
22,1,8,local_search,obj_pwldr,78007.03515241727,77994.54013537533,0.15199995040893555,2.6689999103546143
22,1,8,local_search,dr_pwldr,78021.54102487199,78010.57843551486,0.15199995040893555,2.6689999103546143
22,1,8,local_search,reopt_pwldr,76454.10138676983,76454.10138676983,0.15199995040893555,2.6689999103546143
22,1,9,black_box,obj_pwldr,78005.92178239272,77994.55596416075,0.1679999828338623,26.777999877929688
22,1,9,black_box,dr_pwldr,78020.47319275835,78010.61553796676,0.1679999828338623,26.777999877929688
22,1,9,black_box,reopt_pwldr,76454.10138676985,76454.10138676983,0.1679999828338623,26.777999877929688
22,1,9,local_search,obj_pwldr,78005.92178239272,77994.55596416075,0.1679999828338623,3.364000082015991
22,1,9,local_search,dr_pwldr,78020.47319275835,78010.61553796676,0.1679999828338623,3.364000082015991
22,1,9,local_search,reopt_pwldr,76454.10138676985,76454.10138676983,0.1679999828338623,3.364000082015991
22,1,10,black_box,obj_pwldr,77999.45222851819,77994.40440110594,0.17499995231628418,30.75
22,1,10,black_box,dr_pwldr,78015.00682289367,78010.4729309846,0.17499995231628418,30.75
22,1,10,black_box,reopt_pwldr,76454.10138676983,76454.10138676983,0.17499995231628418,30.75
22,1,10,local_search,obj_pwldr,77999.45222851819,77994.40440110594,0.17499995231628418,4.241999864578247
22,1,10,local_search,dr_pwldr,78015.00682289367,78010.4729309846,0.17499995231628418,4.241999864578247
22,1,10,local_search,reopt_pwldr,76454.10138676983,76454.10138676983,0.17499995231628418,4.241999864578247
22,2,1,black_box,obj_pwldr,78178.98357665764,78025.64466892023,0.023999929428100586,1.2739999294281006
22,2,1,black_box,dr_pwldr,78182.0252321269,78024.11888870162,0.023999929428100586,1.2739999294281006
22,2,1,black_box,reopt_pwldr,76454.10138676983,76454.10138676983,0.023999929428100586,1.2739999294281006
22,2,1,local_search,obj_pwldr,78178.98357665764,78025.64466892023,0.023999929428100586,0.06200003623962402
22,2,1,local_search,dr_pwldr,78182.0252321269,78024.11888870162,0.023999929428100586,0.06200003623962402
22,2,1,local_search,reopt_pwldr,76454.10138676983,76454.10138676983,0.023999929428100586,0.06200003623962402
22,2,2,black_box,obj_pwldr,78070.01254011269,78025.12464825096,0.03500008583068848,1.686000108718872
22,2,2,black_box,dr_pwldr,78068.48473185951,78023.58216844987,0.03500008583068848,1.686000108718872
22,2,2,black_box,reopt_pwldr,76454.10138676983,76454.10138676985,0.03500008583068848,1.686000108718872
22,2,2,local_search,obj_pwldr,78070.01254011269,78025.12464825095,0.03500008583068848,0.08800005912780762
22,2,2,local_search,dr_pwldr,78068.48473185951,78023.58216844987,0.03500008583068848,0.08800005912780762
22,2,2,local_search,reopt_pwldr,76454.10138676983,76454.10138676983,0.03500008583068848,0.08800005912780762
22,2,3,black_box,obj_pwldr,78030.44589569239,78025.21424442138,0.03900003433227539,2.133999824523926
22,2,3,black_box,dr_pwldr,78029.28102425046,78023.67185814244,0.03900003433227539,2.133999824523926
22,2,3,black_box,reopt_pwldr,76454.10138676983,76454.10138676978,0.03900003433227539,2.133999824523926
22,2,3,local_search,obj_pwldr,78030.44589569239,78025.21424442146,0.03900003433227539,0.13900017738342285
22,2,3,local_search,dr_pwldr,78029.28102425046,78023.67185814258,0.03900003433227539,0.13900017738342285
22,2,3,local_search,reopt_pwldr,76454.10138676983,76454.10138676983,0.03900003433227539,0.13900017738342285
22,2,4,black_box,obj_pwldr,78046.1894195783,78024.94097925692,0.039999961853027344,2.5240001678466797
22,2,4,black_box,dr_pwldr,78045.18403762224,78023.39223095156,0.039999961853027344,2.5240001678466797
22,2,4,black_box,reopt_pwldr,76454.10138676983,76454.10138676983,0.039999961853027344,2.5240001678466797
22,2,4,local_search,obj_pwldr,78046.1894195783,78024.94097925692,0.039999961853027344,0.16900014877319336
22,2,4,local_search,dr_pwldr,78045.18403762224,78023.39223095156,0.039999961853027344,0.16900014877319336
22,2,4,local_search,reopt_pwldr,76454.10138676983,76454.10138676983,0.039999961853027344,0.16900014877319336
22,2,5,black_box,obj_pwldr,78041.96451160479,78024.79034420894,0.037999868392944336,3.1419999599456787
22,2,5,black_box,dr_pwldr,78040.67736185608,78023.24941019654,0.037999868392944336,3.1419999599456787
22,2,5,black_box,reopt_pwldr,76454.10138676983,76454.10138676985,0.037999868392944336,3.1419999599456787
22,2,5,local_search,obj_pwldr,78041.96451160479,78024.79034420894,0.037999868392944336,0.24699997901916504
22,2,5,local_search,dr_pwldr,78040.67736185608,78023.24941019654,0.037999868392944336,0.24699997901916504
22,2,5,local_search,reopt_pwldr,76454.10138676983,76454.10138676985,0.037999868392944336,0.24699997901916504
22,2,6,black_box,obj_pwldr,78032.3891871514,78024.80025610761,0.04199981689453125,3.6510000228881836
22,2,6,black_box,dr_pwldr,78030.95160274819,78023.25813777358,0.04199981689453125,3.6510000228881836
22,2,6,black_box,reopt_pwldr,76454.10138676983,76454.10138676983,0.04199981689453125,3.6510000228881836
22,2,6,local_search,obj_pwldr,78032.3891871514,78024.80025610761,0.04199981689453125,0.2909998893737793
22,2,6,local_search,dr_pwldr,78030.95160274819,78023.25813777358,0.04199981689453125,0.2909998893737793
22,2,6,local_search,reopt_pwldr,76454.10138676983,76454.10138676983,0.04199981689453125,0.2909998893737793
22,2,7,black_box,obj_pwldr,78027.43090991683,78024.88748675985,0.06500005722045898,4.141000032424927
22,2,7,black_box,dr_pwldr,78025.96576497862,78023.33005210067,0.06500005722045898,4.141000032424927
22,2,7,black_box,reopt_pwldr,76454.10138676985,76454.10138676983,0.06500005722045898,4.141000032424927
22,2,7,local_search,obj_pwldr,78027.43090991683,78024.88748675985,0.06500005722045898,0.3919999599456787
22,2,7,local_search,dr_pwldr,78025.96576497862,78023.33005210067,0.06500005722045898,0.3919999599456787
22,2,7,local_search,reopt_pwldr,76454.10138676985,76454.10138676983,0.06500005722045898,0.3919999599456787
22,2,8,black_box,obj_pwldr,78031.72289752973,78024.7645442838,0.042999982833862305,4.822000026702881
22,2,8,black_box,dr_pwldr,78030.22616018553,78023.22051208442,0.042999982833862305,4.822000026702881
22,2,8,black_box,reopt_pwldr,76454.10138676983,76454.10138676983,0.042999982833862305,4.822000026702881
22,2,8,local_search,obj_pwldr,78031.72289752973,78024.7645442838,0.042999982833862305,0.492999792098999
22,2,8,local_search,dr_pwldr,78030.22616018553,78023.22051208442,0.042999982833862305,0.492999792098999
22,2,8,local_search,reopt_pwldr,76454.10138676983,76454.10138676983,0.042999982833862305,0.492999792098999
22,2,9,black_box,obj_pwldr,78030.83843270608,78024.85823399313,0.04400014877319336,5.422999858856201
22,2,9,black_box,dr_pwldr,78029.49425684348,78023.31299153647,0.04400014877319336,5.422999858856201
22,2,9,black_box,reopt_pwldr,76454.10138676983,76454.10138676983,0.04400014877319336,5.422999858856201
22,2,9,local_search,obj_pwldr,78030.83843270608,78024.85823399313,0.04400014877319336,0.6289999485015869
22,2,9,local_search,dr_pwldr,78029.49425684348,78023.31299153647,0.04400014877319336,0.6289999485015869
22,2,9,local_search,reopt_pwldr,76454.10138676983,76454.10138676983,0.04400014877319336,0.6289999485015869
22,2,10,black_box,obj_pwldr,78027.40872758305,78024.81088696812,0.04800009727478027,6.7820000648498535
22,2,10,black_box,dr_pwldr,78025.80567153585,78023.26574145985,0.04800009727478027,6.7820000648498535
22,2,10,black_box,reopt_pwldr,76454.10138676983,76454.10138676983,0.04800009727478027,6.7820000648498535
22,2,10,local_search,obj_pwldr,78027.40872758305,78024.76792443986,0.04800009727478027,1.1419999599456787
22,2,10,local_search,dr_pwldr,78025.80567153585,78023.22575537802,0.04800009727478027,1.1419999599456787
22,2,10,local_search,reopt_pwldr,76454.10138676983,76454.10138676983,0.04800009727478027,1.1419999599456787
22,3,1,black_box,obj_pwldr,78204.18352554094,78055.53886115248,0.026999950408935547,1.191999912261963
22,3,1,black_box,dr_pwldr,78210.65439426167,78059.60967153225,0.026999950408935547,1.191999912261963
22,3,1,black_box,reopt_pwldr,76454.10138676983,76454.10138676983,0.026999950408935547,1.191999912261963
22,3,1,local_search,obj_pwldr,78204.18352554094,78055.53886115248,0.026999950408935547,0.06099987030029297
22,3,1,local_search,dr_pwldr,78210.65439426167,78059.60967153225,0.026999950408935547,0.06099987030029297
22,3,1,local_search,reopt_pwldr,76454.10138676983,76454.10138676983,0.026999950408935547,0.06099987030029297
22,3,2,black_box,obj_pwldr,78099.54414458173,78052.99241288113,0.02500009536743164,1.5480000972747803
22,3,2,black_box,dr_pwldr,78103.42595228212,78057.0318282191,0.02500009536743164,1.5480000972747803
22,3,2,black_box,reopt_pwldr,76454.10138676983,76454.10138676983,0.02500009536743164,1.5480000972747803
22,3,2,local_search,obj_pwldr,78099.54414458173,78052.99241288113,0.02500009536743164,0.08700013160705566
22,3,2,local_search,dr_pwldr,78103.42595228212,78057.0318282191,0.02500009536743164,0.08700013160705566
22,3,2,local_search,reopt_pwldr,76454.10138676983,76454.10138676983,0.02500009536743164,0.08700013160705566
22,3,3,black_box,obj_pwldr,78057.92272291792,78052.77842097012,0.03699994087219238,1.9479999542236328
22,3,3,black_box,dr_pwldr,78062.224516277,78056.79995087499,0.03699994087219238,1.9479999542236328
22,3,3,black_box,reopt_pwldr,76454.10138676983,76454.10138676983,0.03699994087219238,1.9479999542236328
22,3,3,local_search,obj_pwldr,78057.92272291792,78052.77842097013,0.03699994087219238,0.11500000953674316
22,3,3,local_search,dr_pwldr,78062.224516277,78056.799950875,0.03699994087219238,0.11500000953674316
22,3,3,local_search,reopt_pwldr,76454.10138676983,76454.10138676983,0.03699994087219238,0.11500000953674316
22,3,4,black_box,obj_pwldr,78072.90643471689,78052.87958133074,0.03699994087219238,2.4150002002716064
22,3,4,black_box,dr_pwldr,78078.06115654418,78056.91022632735,0.03699994087219238,2.4150002002716064
22,3,4,black_box,reopt_pwldr,76454.10138676983,76454.10138676983,0.03699994087219238,2.4150002002716064
22,3,4,local_search,obj_pwldr,78072.90643471689,78052.83641264099,0.03699994087219238,0.192000150680542
22,3,4,local_search,dr_pwldr,78078.06115654418,78056.85227722305,0.03699994087219238,0.192000150680542
22,3,4,local_search,reopt_pwldr,76454.10138676983,76454.10138676983,0.03699994087219238,0.192000150680542
22,3,5,black_box,obj_pwldr,78069.41913706902,78053.05736346802,0.04400014877319336,2.9839999675750732
22,3,5,black_box,dr_pwldr,78073.66351325162,78057.06698289757,0.04400014877319336,2.9839999675750732
22,3,5,black_box,reopt_pwldr,76454.10138676983,76454.10138676983,0.04400014877319336,2.9839999675750732
22,3,5,local_search,obj_pwldr,78069.41913706902,78053.05736346802,0.04400014877319336,0.21499991416931152
22,3,5,local_search,dr_pwldr,78073.66351325162,78057.06698289757,0.04400014877319336,0.21499991416931152
22,3,5,local_search,reopt_pwldr,76454.10138676983,76454.10138676983,0.04400014877319336,0.21499991416931152
22,3,6,black_box,obj_pwldr,78060.3275054362,78052.76590381785,0.04399991035461426,3.555999994277954
22,3,6,black_box,dr_pwldr,78064.30257403491,78056.78589717226,0.04399991035461426,3.555999994277954
22,3,6,black_box,reopt_pwldr,76454.10138676983,76454.10138676985,0.04399991035461426,3.555999994277954
22,3,6,local_search,obj_pwldr,78060.3275054362,78052.76590381785,0.04399991035461426,0.32200002670288086
22,3,6,local_search,dr_pwldr,78064.30257403491,78056.78589717226,0.04399991035461426,0.32200002670288086
22,3,6,local_search,reopt_pwldr,76454.10138676983,76454.10138676985,0.04399991035461426,0.32200002670288086
22,3,7,black_box,obj_pwldr,78055.24815571398,78052.7910992832,0.04500007629394531,4.016000032424927
22,3,7,black_box,dr_pwldr,78059.43609103555,78056.80805460509,0.04500007629394531,4.016000032424927
22,3,7,black_box,reopt_pwldr,76454.10138676983,76454.10138676985,0.04500007629394531,4.016000032424927
22,3,7,local_search,obj_pwldr,78055.24815571398,78052.778159373,0.04500007629394531,0.44900012016296387
22,3,7,local_search,dr_pwldr,78059.43609103555,78056.79982714274,0.04500007629394531,0.44900012016296387
22,3,7,local_search,reopt_pwldr,76454.10138676983,76454.10138676985,0.04500007629394531,0.44900012016296387
22,3,8,black_box,obj_pwldr,78059.37746789813,78052.77355954522,0.04999995231628418,4.461999893188477
22,3,8,black_box,dr_pwldr,78063.7207847077,78056.79573109707,0.04999995231628418,4.461999893188477
22,3,8,black_box,reopt_pwldr,76454.10138676983,76454.10138676983,0.04999995231628418,4.461999893188477
22,3,8,local_search,obj_pwldr,78059.37746789813,78052.77355954522,0.04999995231628418,0.4479999542236328
22,3,8,local_search,dr_pwldr,78063.7207847077,78056.79573109707,0.04999995231628418,0.4479999542236328
22,3,8,local_search,reopt_pwldr,76454.10138676983,76454.10138676983,0.04999995231628418,0.4479999542236328
22,3,9,black_box,obj_pwldr,78058.63798599128,78052.78719306954,0.04800009727478027,5.020999908447266
22,3,9,black_box,dr_pwldr,78062.75714253122,78056.80650781591,0.04800009727478027,5.020999908447266
22,3,9,black_box,reopt_pwldr,76454.10138676983,76454.10138676983,0.04800009727478027,5.020999908447266
22,3,9,local_search,obj_pwldr,78058.63798599128,78052.78719306954,0.04800009727478027,0.5769999027252197
22,3,9,local_search,dr_pwldr,78062.75714253122,78056.80650781591,0.04800009727478027,0.5769999027252197
22,3,9,local_search,reopt_pwldr,76454.10138676983,76454.10138676983,0.04800009727478027,0.5769999027252197
22,3,10,black_box,obj_pwldr,78055.35994267631,78052.77005064057,0.046000003814697266,5.619999885559082
22,3,10,black_box,dr_pwldr,78059.37624064962,78056.78983890712,0.046000003814697266,5.619999885559082
22,3,10,black_box,reopt_pwldr,76454.10138676983,76454.10138676985,0.046000003814697266,5.619999885559082
22,3,10,local_search,obj_pwldr,78055.35994267631,78052.77005064055,0.046000003814697266,1.3939998149871826
22,3,10,local_search,dr_pwldr,78059.37624064962,78056.78983890712,0.046000003814697266,1.3939998149871826
22,3,10,local_search,reopt_pwldr,76454.10138676983,76454.10138676983,0.046000003814697266,1.3939998149871826
22,4,1,black_box,obj_pwldr,78074.16088167025,77929.34926292374,0.021999835968017578,1.315000057220459
22,4,1,black_box,dr_pwldr,78083.73337682952,77942.08860354019,0.021999835968017578,1.315000057220459
22,4,1,black_box,reopt_pwldr,76454.10138676983,76454.10138676983,0.021999835968017578,1.315000057220459
22,4,1,local_search,obj_pwldr,78074.16088167025,77929.34926292374,0.021999835968017578,0.06699991226196289
22,4,1,local_search,dr_pwldr,78083.73337682952,77942.08860354019,0.021999835968017578,0.06699991226196289
22,4,1,local_search,reopt_pwldr,76454.10138676983,76454.10138676983,0.021999835968017578,0.06699991226196289
22,4,2,black_box,obj_pwldr,77957.52859303693,77927.38481548584,0.03800010681152344,1.7119998931884766
22,4,2,black_box,dr_pwldr,77972.50653193869,77940.07206689616,0.03800010681152344,1.7119998931884766
22,4,2,black_box,reopt_pwldr,76454.10138676983,76454.10138676983,0.03800010681152344,1.7119998931884766
22,4,2,local_search,obj_pwldr,77957.52859303693,77927.37438882995,0.03800010681152344,0.13100004196166992
22,4,2,local_search,dr_pwldr,77972.50653193869,77940.05143112132,0.03800010681152344,0.13100004196166992
22,4,2,local_search,reopt_pwldr,76454.10138676983,76454.10138676983,0.03800010681152344,0.13100004196166992
22,4,3,black_box,obj_pwldr,77934.72985893629,77927.34776636305,0.03600001335144043,2.1649999618530273
22,4,3,black_box,dr_pwldr,77947.09124771837,77940.03459663737,0.03600001335144043,2.1649999618530273
22,4,3,black_box,reopt_pwldr,76454.10138676983,76454.10138676983,0.03600001335144043,2.1649999618530273
22,4,3,local_search,obj_pwldr,77934.72985893629,77927.34776636305,0.03600001335144043,0.1380000114440918
22,4,3,local_search,dr_pwldr,77947.09124771837,77940.03459663737,0.03600001335144043,0.1380000114440918
22,4,3,local_search,reopt_pwldr,76454.10138676983,76454.10138676983,0.03600001335144043,0.1380000114440918
22,4,4,black_box,obj_pwldr,77949.98028017116,77927.45934536571,0.03900003433227539,2.5490000247955322
22,4,4,black_box,dr_pwldr,77963.0296296902,77940.13824363533,0.03900003433227539,2.5490000247955322
22,4,4,black_box,reopt_pwldr,76454.10138676983,76454.10138676983,0.03900003433227539,2.5490000247955322
22,4,4,local_search,obj_pwldr,77949.98028017116,77927.45934536571,0.03900003433227539,0.18900012969970703
22,4,4,local_search,dr_pwldr,77963.0296296902,77940.13824363535,0.03900003433227539,0.18900012969970703
22,4,4,local_search,reopt_pwldr,76454.10138676983,76454.10138676983,0.03900003433227539,0.18900012969970703
22,4,5,black_box,obj_pwldr,77942.4701517238,77927.31397326522,0.04400014877319336,3.13700008392334
22,4,5,black_box,dr_pwldr,77956.19407867006,77939.99999830787,0.04400014877319336,3.13700008392334
22,4,5,black_box,reopt_pwldr,76454.10138676983,76454.10138676983,0.04400014877319336,3.13700008392334
22,4,5,local_search,obj_pwldr,77942.4701517238,77927.31397326522,0.04400014877319336,0.2350001335144043
22,4,5,local_search,dr_pwldr,77956.19407867006,77939.99999830787,0.04400014877319336,0.2350001335144043
22,4,5,local_search,reopt_pwldr,76454.10138676983,76454.10138676983,0.04400014877319336,0.2350001335144043
22,4,6,black_box,obj_pwldr,77933.10017416933,77927.51792799906,0.0409998893737793,3.691999912261963
22,4,6,black_box,dr_pwldr,77945.81256143922,77940.19502407646,0.0409998893737793,3.691999912261963
22,4,6,black_box,reopt_pwldr,76454.10138676983,76454.10138676983,0.0409998893737793,3.691999912261963
22,4,6,local_search,obj_pwldr,77933.10017416933,77927.42085754056,0.0409998893737793,0.3900001049041748
22,4,6,local_search,dr_pwldr,77945.81256143922,77940.11380331598,0.0409998893737793,0.3900001049041748
22,4,6,local_search,reopt_pwldr,76454.10138676983,76454.10138676983,0.0409998893737793,0.3900001049041748
22,4,7,black_box,obj_pwldr,77930.23106814174,77927.33372278907,0.03900003433227539,4.240999937057495
22,4,7,black_box,dr_pwldr,77943.05966059753,77940.0126580987,0.03900003433227539,4.240999937057495
22,4,7,black_box,reopt_pwldr,76454.10138676983,76454.10138676983,0.03900003433227539,4.240999937057495
22,4,7,local_search,obj_pwldr,77930.23106814174,77927.3187777088,0.03900003433227539,0.4419999122619629
22,4,7,local_search,dr_pwldr,77943.05966059753,77940.00668411318,0.03900003433227539,0.4419999122619629
22,4,7,local_search,reopt_pwldr,76454.10138676983,76454.10138676983,0.03900003433227539,0.4419999122619629
22,4,8,black_box,obj_pwldr,77934.07255176402,77927.30597759872,0.04499983787536621,4.990000009536743
22,4,8,black_box,dr_pwldr,77947.51996390593,77939.99164140626,0.04499983787536621,4.990000009536743
22,4,8,black_box,reopt_pwldr,76454.10138676983,76454.10138676983,0.04499983787536621,4.990000009536743
22,4,8,local_search,obj_pwldr,77934.07255176402,77927.30597759872,0.04499983787536621,0.5160000324249268
22,4,8,local_search,dr_pwldr,77947.51996390593,77939.99164140626,0.04499983787536621,0.5160000324249268
22,4,8,local_search,reopt_pwldr,76454.10138676983,76454.10138676983,0.04499983787536621,0.5160000324249268
22,4,9,black_box,obj_pwldr,77932.61273234032,77927.30941095612,0.05299997329711914,5.609999895095825
22,4,9,black_box,dr_pwldr,77945.74271624321,77939.99523656775,0.05299997329711914,5.609999895095825
22,4,9,black_box,reopt_pwldr,76454.10138676983,76454.10138676983,0.05299997329711914,5.609999895095825
22,4,9,local_search,obj_pwldr,77932.61273234032,77927.30941095614,0.05299997329711914,0.6770000457763672
22,4,9,local_search,dr_pwldr,77945.74271624321,77939.99523656775,0.05299997329711914,0.6770000457763672
22,4,9,local_search,reopt_pwldr,76454.10138676983,76454.10138676983,0.05299997329711914,0.6770000457763672
22,4,10,black_box,obj_pwldr,77929.40781949664,77927.34575569542,0.04900002479553223,6.830000162124634
22,4,10,black_box,dr_pwldr,77942.09483842476,77940.03677067277,0.04900002479553223,6.830000162124634
22,4,10,black_box,reopt_pwldr,76454.10138676983,76454.10138676983,0.04900002479553223,6.830000162124634
22,4,10,local_search,obj_pwldr,77929.40781949664,77927.34575569542,0.04900002479553223,0.7560000419616699
22,4,10,local_search,dr_pwldr,77942.09483842476,77940.03677067277,0.04900002479553223,0.7560000419616699
22,4,10,local_search,reopt_pwldr,76454.10138676983,76454.10138676983,0.04900002479553223,0.7560000419616699
23,1,1,black_box,obj_pwldr,74874.9381608526,74729.96469951732,0.02200007438659668,1.2829999923706055
23,1,1,black_box,dr_pwldr,74861.2327749459,74713.26891722363,0.02200007438659668,1.2829999923706055
23,1,1,black_box,reopt_pwldr,72837.9548431311,72837.95484313108,0.02200007438659668,1.2829999923706055
23,1,1,local_search,obj_pwldr,74874.9381608526,74729.96469951732,0.02200007438659668,0.05299997329711914
23,1,1,local_search,dr_pwldr,74861.2327749459,74713.26891722363,0.02200007438659668,0.05299997329711914
23,1,1,local_search,reopt_pwldr,72837.9548431311,72837.95484313108,0.02200007438659668,0.05299997329711914
23,1,2,black_box,obj_pwldr,74745.39288365256,74725.90333857658,0.0279998779296875,1.565000057220459
23,1,2,black_box,dr_pwldr,74729.18941749177,74709.23746572103,0.0279998779296875,1.565000057220459
23,1,2,black_box,reopt_pwldr,72837.9548431311,72837.95484313111,0.0279998779296875,1.565000057220459
23,1,2,local_search,obj_pwldr,74745.39288365256,74725.90333857657,0.0279998779296875,0.1399998664855957
23,1,2,local_search,dr_pwldr,74729.18941749177,74709.23746572102,0.0279998779296875,0.1399998664855957
23,1,2,local_search,reopt_pwldr,72837.9548431311,72837.9548431311,0.0279998779296875,0.1399998664855957
23,1,3,black_box,obj_pwldr,74753.99043310633,74726.26975029094,0.029000043869018555,1.9879999160766602
23,1,3,black_box,dr_pwldr,74737.75776372082,74709.65423817972,0.029000043869018555,1.9879999160766602
23,1,3,black_box,reopt_pwldr,72837.9548431311,72837.9548431311,0.029000043869018555,1.9879999160766602
23,1,3,local_search,obj_pwldr,74753.99043310633,74725.94813146746,0.029000043869018555,0.1679999828338623
23,1,3,local_search,dr_pwldr,74737.75776372082,74709.2894371548,0.029000043869018555,0.1679999828338623
23,1,3,local_search,reopt_pwldr,72837.9548431311,72837.9548431311,0.029000043869018555,0.1679999828338623
23,1,4,black_box,obj_pwldr,74750.89531530297,74725.90919725971,0.03500008583068848,2.3539998531341553
23,1,4,black_box,dr_pwldr,74734.45285360007,74709.25121423912,0.03500008583068848,2.3539998531341553
23,1,4,black_box,reopt_pwldr,72837.9548431311,72837.9548431311,0.03500008583068848,2.3539998531341553
23,1,4,local_search,obj_pwldr,74750.89531530297,74725.90919725971,0.03500008583068848,0.14299988746643066
23,1,4,local_search,dr_pwldr,74734.45285360007,74709.25121423912,0.03500008583068848,0.14299988746643066
23,1,4,local_search,reopt_pwldr,72837.9548431311,72837.9548431311,0.03500008583068848,0.14299988746643066
23,1,5,black_box,obj_pwldr,74734.8200970542,74726.05616581003,0.04500007629394531,3.0169999599456787
23,1,5,black_box,dr_pwldr,74718.05946820998,74709.38543460138,0.04500007629394531,3.0169999599456787
23,1,5,black_box,reopt_pwldr,72837.95484313108,72837.9548431311,0.04500007629394531,3.0169999599456787
23,1,5,local_search,obj_pwldr,74734.8200970542,74726.05616581003,0.04500007629394531,0.21700000762939453
23,1,5,local_search,dr_pwldr,74718.05946820998,74709.38543460138,0.04500007629394531,0.21700000762939453
23,1,5,local_search,reopt_pwldr,72837.95484313108,72837.9548431311,0.04500007629394531,0.21700000762939453
23,1,6,black_box,obj_pwldr,74732.66472357459,74726.20416987925,0.04800009727478027,3.4040000438690186
23,1,6,black_box,dr_pwldr,74716.33181534563,74709.58235350672,0.04800009727478027,3.4040000438690186
23,1,6,black_box,reopt_pwldr,72837.9548431311,72837.9548431311,0.04800009727478027,3.4040000438690186
23,1,6,local_search,obj_pwldr,74732.66472357459,74725.89937838523,0.04800009727478027,0.4519999027252197
23,1,6,local_search,dr_pwldr,74716.33181534563,74709.23890705252,0.04800009727478027,0.4519999027252197
23,1,6,local_search,reopt_pwldr,72837.9548431311,72837.9548431311,0.04800009727478027,0.4519999027252197
23,1,7,black_box,obj_pwldr,74735.64788609288,74725.91224784772,0.04200005531311035,3.7269999980926514
23,1,7,black_box,dr_pwldr,74719.2732594073,74709.24859435766,0.04200005531311035,3.7269999980926514
23,1,7,black_box,reopt_pwldr,72837.9548431311,72837.9548431311,0.04200005531311035,3.7269999980926514
23,1,7,local_search,obj_pwldr,74735.64788609288,74725.91224784772,0.04200005531311035,0.3509998321533203
23,1,7,local_search,dr_pwldr,74719.2732594073,74709.24859435766,0.04200005531311035,0.3509998321533203
23,1,7,local_search,reopt_pwldr,72837.9548431311,72837.9548431311,0.04200005531311035,0.3509998321533203
23,1,8,black_box,obj_pwldr,74731.29583485478,74725.86826023988,0.04699993133544922,4.352999925613403
23,1,8,black_box,dr_pwldr,74714.72697611937,74709.20383560992,0.04699993133544922,4.352999925613403
23,1,8,black_box,reopt_pwldr,72837.9548431311,72837.9548431311,0.04699993133544922,4.352999925613403
23,1,8,local_search,obj_pwldr,74731.29583485478,74725.86826023988,0.04699993133544922,0.4479999542236328
23,1,8,local_search,dr_pwldr,74714.72697611937,74709.20383560992,0.04699993133544922,0.4479999542236328
23,1,8,local_search,reopt_pwldr,72837.9548431311,72837.9548431311,0.04699993133544922,0.4479999542236328
23,1,9,black_box,obj_pwldr,74727.7374756882,74725.87824469284,0.04200005531311035,4.914999961853027
23,1,9,black_box,dr_pwldr,74711.17388104857,74709.21350681354,0.04200005531311035,4.914999961853027
23,1,9,black_box,reopt_pwldr,72837.9548431311,72837.9548431311,0.04200005531311035,4.914999961853027
23,1,9,local_search,obj_pwldr,74727.7374756882,74725.87824469284,0.04200005531311035,0.5740001201629639
23,1,9,local_search,dr_pwldr,74711.17388104857,74709.21350681354,0.04200005531311035,0.5740001201629639
23,1,9,local_search,reopt_pwldr,72837.9548431311,72837.9548431311,0.04200005531311035,0.5740001201629639
23,1,10,black_box,obj_pwldr,74730.80163740097,74725.92900184347,0.051999807357788086,5.543999910354614
23,1,10,black_box,dr_pwldr,74714.27142631613,74709.2657923635,0.051999807357788086,5.543999910354614
23,1,10,black_box,reopt_pwldr,72837.9548431311,72837.9548431311,0.051999807357788086,5.543999910354614
23,1,10,local_search,obj_pwldr,74730.80163740097,74725.92900184347,0.051999807357788086,0.6489999294281006
23,1,10,local_search,dr_pwldr,74714.27142631613,74709.2657923635,0.051999807357788086,0.6489999294281006
23,1,10,local_search,reopt_pwldr,72837.9548431311,72837.9548431311,0.051999807357788086,0.6489999294281006
23,2,1,black_box,obj_pwldr,74872.82328151957,74673.47631925922,0.02200007438659668,1.8359999656677246
23,2,1,black_box,dr_pwldr,74859.65170443672,74659.75396852134,0.02200007438659668,1.8359999656677246
23,2,1,black_box,reopt_pwldr,72837.9548431311,72837.95484313111,0.02200007438659668,1.8359999656677246
23,2,1,local_search,obj_pwldr,74872.82328151957,74673.47631925922,0.02200007438659668,0.06300020217895508
23,2,1,local_search,dr_pwldr,74859.65170443672,74659.75396852134,0.02200007438659668,0.06300020217895508
23,2,1,local_search,reopt_pwldr,72837.9548431311,72837.95484313111,0.02200007438659668,0.06300020217895508
23,2,2,black_box,obj_pwldr,74703.09391386434,74672.75994829807,0.05500006675720215,4.075999975204468
23,2,2,black_box,dr_pwldr,74689.54705004067,74659.04446603493,0.05500006675720215,4.075999975204468
23,2,2,black_box,reopt_pwldr,72837.9548431311,72837.9548431311,0.05500006675720215,4.075999975204468
23,2,2,local_search,obj_pwldr,74703.09391386434,74672.75994829807,0.05500006675720215,0.20200014114379883
23,2,2,local_search,dr_pwldr,74689.54705004067,74659.04446603493,0.05500006675720215,0.20200014114379883
23,2,2,local_search,reopt_pwldr,72837.9548431311,72837.9548431311,0.05500006675720215,0.20200014114379883
23,2,3,black_box,obj_pwldr,74706.51522871922,74672.9172751121,0.05499982833862305,6.992000102996826
23,2,3,black_box,dr_pwldr,74692.95721012399,74659.20382808485,0.05499982833862305,6.992000102996826
23,2,3,black_box,reopt_pwldr,72837.9548431311,72837.9548431311,0.05499982833862305,6.992000102996826
23,2,3,local_search,obj_pwldr,74706.51522871922,74672.9172751121,0.05499982833862305,0.4519999027252197
23,2,3,local_search,dr_pwldr,74692.95721012399,74659.20382808485,0.05499982833862305,0.4519999027252197
23,2,3,local_search,reopt_pwldr,72837.9548431311,72837.9548431311,0.05499982833862305,0.4519999027252197
23,2,4,black_box,obj_pwldr,74713.92752864106,74672.71514082293,0.07400012016296387,10.5239999294281
23,2,4,black_box,dr_pwldr,74700.5627187277,74658.99892809843,0.07400012016296387,10.5239999294281
23,2,4,black_box,reopt_pwldr,72837.9548431311,72837.9548431311,0.07400012016296387,10.5239999294281
23,2,4,local_search,obj_pwldr,74713.92752864106,74672.71514082293,0.07400012016296387,0.6809999942779541
23,2,4,local_search,dr_pwldr,74700.5627187277,74658.99892809843,0.07400012016296387,0.6809999942779541
23,2,4,local_search,reopt_pwldr,72837.9548431311,72837.9548431311,0.07400012016296387,0.6809999942779541
23,2,5,black_box,obj_pwldr,74689.26697560633,74673.03316355286,0.0820000171661377,13.196000099182129
23,2,5,black_box,dr_pwldr,74675.67497862803,74659.30952905348,0.0820000171661377,13.196000099182129
23,2,5,black_box,reopt_pwldr,72837.9548431311,72837.9548431311,0.0820000171661377,13.196000099182129
23,2,5,local_search,obj_pwldr,74689.26697560633,74673.03316355286,0.0820000171661377,1.1319999694824219
23,2,5,local_search,dr_pwldr,74675.67497862803,74659.30952905348,0.0820000171661377,1.1319999694824219
23,2,5,local_search,reopt_pwldr,72837.9548431311,72837.9548431311,0.0820000171661377,1.1319999694824219
23,2,6,black_box,obj_pwldr,74681.70829193821,74672.71818356325,0.09999990463256836,16.746999979019165
23,2,6,black_box,dr_pwldr,74668.14894855641,74659.0037407744,0.09999990463256836,16.746999979019165
23,2,6,black_box,reopt_pwldr,72837.9548431311,72837.9548431311,0.09999990463256836,16.746999979019165
23,2,6,local_search,obj_pwldr,74681.70829193821,74672.71818356325,0.09999990463256836,1.561999797821045
23,2,6,local_search,dr_pwldr,74668.14894855641,74659.0037407744,0.09999990463256836,1.561999797821045
23,2,6,local_search,reopt_pwldr,72837.9548431311,72837.9548431311,0.09999990463256836,1.561999797821045
23,2,7,black_box,obj_pwldr,74688.69389239006,74672.76282546425,0.1380000114440918,19.984999895095825
23,2,7,black_box,dr_pwldr,74675.25784726006,74659.05190172586,0.1380000114440918,19.984999895095825
23,2,7,black_box,reopt_pwldr,72837.9548431311,72837.9548431311,0.1380000114440918,19.984999895095825
23,2,7,local_search,obj_pwldr,74688.69389239006,74672.76282546425,0.1380000114440918,1.687999963760376
23,2,7,local_search,dr_pwldr,74675.25784726006,74659.05190172586,0.1380000114440918,1.687999963760376
23,2,7,local_search,reopt_pwldr,72837.9548431311,72837.9548431311,0.1380000114440918,1.687999963760376
23,2,8,black_box,obj_pwldr,74682.6178914876,74672.80069529274,0.16899991035461426,23.66000008583069
23,2,8,black_box,dr_pwldr,74668.99085481354,74659.0868422659,0.16899991035461426,23.66000008583069
23,2,8,black_box,reopt_pwldr,72837.9548431311,72837.95484313111,0.16899991035461426,23.66000008583069
23,2,8,local_search,obj_pwldr,74682.6178914876,74672.80069529274,0.16899991035461426,2.549999952316284
23,2,8,local_search,dr_pwldr,74668.99085481354,74659.0868422659,0.16899991035461426,2.549999952316284
23,2,8,local_search,reopt_pwldr,72837.9548431311,72837.95484313111,0.16899991035461426,2.549999952316284
23,2,9,black_box,obj_pwldr,74675.29572256174,74672.68792975743,0.1809999942779541,26.710999965667725
23,2,9,black_box,dr_pwldr,74661.66512160344,74658.97005075667,0.1809999942779541,26.710999965667725
23,2,9,black_box,reopt_pwldr,72837.9548431311,72837.9548431311,0.1809999942779541,26.710999965667725
23,2,9,local_search,obj_pwldr,74675.29572256174,74672.68792975743,0.1809999942779541,2.876000165939331
23,2,9,local_search,dr_pwldr,74661.66512160344,74658.97005075667,0.1809999942779541,2.876000165939331
23,2,9,local_search,reopt_pwldr,72837.9548431311,72837.9548431311,0.1809999942779541,2.876000165939331
23,2,10,black_box,obj_pwldr,74680.67018454999,74672.83200892618,0.1979999542236328,31.02900004386902
23,2,10,black_box,dr_pwldr,74667.277526466,74659.12472261656,0.1979999542236328,31.02900004386902
23,2,10,black_box,reopt_pwldr,72837.9548431311,72837.9548431311,0.1979999542236328,31.02900004386902
23,2,10,local_search,obj_pwldr,74680.67018454999,74672.83200892618,0.1979999542236328,4.053999900817871
23,2,10,local_search,dr_pwldr,74667.277526466,74659.12472261656,0.1979999542236328,4.053999900817871
23,2,10,local_search,reopt_pwldr,72837.9548431311,72837.9548431311,0.1979999542236328,4.053999900817871
23,3,1,black_box,obj_pwldr,74843.7402090529,74690.18410977414,0.02200007438659668,1.3010001182556152
23,3,1,black_box,dr_pwldr,74828.11582629506,74679.55012369268,0.02200007438659668,1.3010001182556152
23,3,1,black_box,reopt_pwldr,72837.9548431311,72837.95484313108,0.02200007438659668,1.3010001182556152
23,3,1,local_search,obj_pwldr,74843.7402090529,74690.18410977414,0.02200007438659668,0.06499981880187988
23,3,1,local_search,dr_pwldr,74828.11582629506,74679.55012369268,0.02200007438659668,0.06499981880187988
23,3,1,local_search,reopt_pwldr,72837.9548431311,72837.95484313108,0.02200007438659668,0.06499981880187988
23,3,2,black_box,obj_pwldr,74708.83227088863,74689.61719103354,0.02700018882751465,1.684000015258789
23,3,2,black_box,dr_pwldr,74697.37802633665,74679.01385319655,0.02700018882751465,1.684000015258789
23,3,2,black_box,reopt_pwldr,72837.9548431311,72837.9548431311,0.02700018882751465,1.684000015258789
23,3,2,local_search,obj_pwldr,74708.83227088863,74689.61719103354,0.02700018882751465,0.09299993515014648
23,3,2,local_search,dr_pwldr,74697.37802633665,74679.01385319655,0.02700018882751465,0.09299993515014648
23,3,2,local_search,reopt_pwldr,72837.9548431311,72837.9548431311,0.02700018882751465,0.09299993515014648
23,3,3,black_box,obj_pwldr,74720.9096579055,74689.60409393023,0.0279998779296875,2.0329999923706055
23,3,3,black_box,dr_pwldr,74709.74761992725,74679.00027910397,0.0279998779296875,2.0329999923706055
23,3,3,black_box,reopt_pwldr,72837.9548431311,72837.9548431311,0.0279998779296875,2.0329999923706055
23,3,3,local_search,obj_pwldr,74720.9096579055,74689.60409393022,0.0279998779296875,0.22300004959106445
23,3,3,local_search,dr_pwldr,74709.74761992725,74679.00027910397,0.0279998779296875,0.22300004959106445
23,3,3,local_search,reopt_pwldr,72837.9548431311,72837.9548431311,0.0279998779296875,0.22300004959106445
23,3,4,black_box,obj_pwldr,74716.58584355946,74689.57976512879,0.03899979591369629,2.5530002117156982
23,3,4,black_box,dr_pwldr,74705.26061330667,74678.97625291477,0.03899979591369629,2.5530002117156982
23,3,4,black_box,reopt_pwldr,72837.9548431311,72837.9548431311,0.03899979591369629,2.5530002117156982
23,3,4,local_search,obj_pwldr,74716.58584355946,74689.57976512879,0.03899979591369629,0.17799997329711914
23,3,4,local_search,dr_pwldr,74705.26061330667,74678.97625291477,0.03899979591369629,0.17799997329711914
23,3,4,local_search,reopt_pwldr,72837.9548431311,72837.9548431311,0.03899979591369629,0.17799997329711914
23,3,5,black_box,obj_pwldr,74698.98842869897,74689.65355168085,0.03299999237060547,3.1410000324249268
23,3,5,black_box,dr_pwldr,74688.01145229844,74679.05356593421,0.03299999237060547,3.1410000324249268
23,3,5,black_box,reopt_pwldr,72837.9548431311,72837.9548431311,0.03299999237060547,3.1410000324249268
23,3,5,local_search,obj_pwldr,74698.98842869897,74689.65355168085,0.03299999237060547,0.22300004959106445
23,3,5,local_search,dr_pwldr,74688.01145229844,74679.05356593421,0.03299999237060547,0.22300004959106445
23,3,5,local_search,reopt_pwldr,72837.9548431311,72837.9548431311,0.03299999237060547,0.22300004959106445
23,3,6,black_box,obj_pwldr,74697.1400326448,74689.59095604498,0.04900002479553223,3.621999979019165
23,3,6,black_box,dr_pwldr,74686.41323043902,74678.98639519811,0.04900002479553223,3.621999979019165
23,3,6,black_box,reopt_pwldr,72837.9548431311,72837.9548431311,0.04900002479553223,3.621999979019165
23,3,6,local_search,obj_pwldr,74697.1400326448,74689.59095604498,0.04900002479553223,0.307999849319458
23,3,6,local_search,dr_pwldr,74686.41323043902,74678.98639519811,0.04900002479553223,0.307999849319458
23,3,6,local_search,reopt_pwldr,72837.9548431311,72837.9548431311,0.04900002479553223,0.307999849319458
23,3,7,black_box,obj_pwldr,74700.23247385425,74689.59265416932,0.04200005531311035,4.80400013923645
23,3,7,black_box,dr_pwldr,74689.34771390479,74678.98909419645,0.04200005531311035,4.80400013923645
23,3,7,black_box,reopt_pwldr,72837.9548431311,72837.95484313111,0.04200005531311035,4.80400013923645
23,3,7,local_search,obj_pwldr,74700.23247385425,74689.59265416932,0.04200005531311035,0.41299986839294434
23,3,7,local_search,dr_pwldr,74689.34771390479,74678.98909419645,0.04200005531311035,0.41299986839294434
23,3,7,local_search,reopt_pwldr,72837.9548431311,72837.95484313111,0.04200005531311035,0.41299986839294434
23,3,8,black_box,obj_pwldr,74695.3939930796,74689.58835423586,0.046000003814697266,4.7230000495910645
23,3,8,black_box,dr_pwldr,74684.57789328984,74678.98355486644,0.046000003814697266,4.7230000495910645
23,3,8,black_box,reopt_pwldr,72837.9548431311,72837.9548431311,0.046000003814697266,4.7230000495910645
23,3,8,local_search,obj_pwldr,74695.3939930796,74689.58835423586,0.046000003814697266,0.4830000400543213
23,3,8,local_search,dr_pwldr,74684.57789328984,74678.98355486644,0.046000003814697266,0.4830000400543213
23,3,8,local_search,reopt_pwldr,72837.9548431311,72837.9548431311,0.046000003814697266,0.4830000400543213
23,3,9,black_box,obj_pwldr,74691.6710333546,74689.7237197994,0.046000003814697266,5.433000087738037
23,3,9,black_box,dr_pwldr,74681.04990087112,74679.10581652958,0.046000003814697266,5.433000087738037
23,3,9,black_box,reopt_pwldr,72837.9548431311,72837.9548431311,0.046000003814697266,5.433000087738037
23,3,9,local_search,obj_pwldr,74691.6710333546,74689.57616315414,0.046000003814697266,1.2280001640319824
23,3,9,local_search,dr_pwldr,74681.04990087112,74678.97224094643,0.046000003814697266,1.2280001640319824
23,3,9,local_search,reopt_pwldr,72837.9548431311,72837.9548431311,0.046000003814697266,1.2280001640319824
23,3,10,black_box,obj_pwldr,74694.98274109856,74689.57591627532,0.051999807357788086,6.740000009536743
23,3,10,black_box,dr_pwldr,74684.27884033728,74678.97233436133,0.051999807357788086,6.740000009536743
23,3,10,black_box,reopt_pwldr,72837.9548431311,72837.9548431311,0.051999807357788086,6.740000009536743
23,3,10,local_search,obj_pwldr,74694.98274109856,74689.57591627531,0.051999807357788086,1.556999921798706
23,3,10,local_search,dr_pwldr,74684.27884033728,74678.97233436133,0.051999807357788086,1.556999921798706
23,3,10,local_search,reopt_pwldr,72837.9548431311,72837.9548431311,0.051999807357788086,1.556999921798706
23,4,1,black_box,obj_pwldr,74713.96798606649,74555.3980803811,0.018000125885009766,1.2759997844696045
23,4,1,black_box,dr_pwldr,74694.36587521975,74532.96191638664,0.018000125885009766,1.2759997844696045
23,4,1,black_box,reopt_pwldr,72837.9548431311,72837.9548431311,0.018000125885009766,1.2759997844696045
23,4,1,local_search,obj_pwldr,74713.96798606649,74555.39808038111,0.018000125885009766,0.06499981880187988
23,4,1,local_search,dr_pwldr,74694.36587521975,74532.96191638666,0.018000125885009766,0.06499981880187988
23,4,1,local_search,reopt_pwldr,72837.9548431311,72837.95484313111,0.018000125885009766,0.06499981880187988
23,4,2,black_box,obj_pwldr,74569.57529162413,74556.18661771117,0.031000137329101562,1.7060000896453857
23,4,2,black_box,dr_pwldr,74547.42431833645,74533.75747054092,0.031000137329101562,1.7060000896453857
23,4,2,black_box,reopt_pwldr,72837.9548431311,72837.95484313108,0.031000137329101562,1.7060000896453857
23,4,2,local_search,obj_pwldr,74569.57529162413,74556.18661771117,0.031000137329101562,0.09099984169006348
23,4,2,local_search,dr_pwldr,74547.42431833645,74533.75747054092,0.031000137329101562,0.09099984169006348
23,4,2,local_search,reopt_pwldr,72837.9548431311,72837.95484313108,0.031000137329101562,0.09099984169006348
23,4,3,black_box,obj_pwldr,74598.66802138303,74555.84958843242,0.037999868392944336,2.122999906539917
23,4,3,black_box,dr_pwldr,74576.25936843012,74533.41978438821,0.037999868392944336,2.122999906539917
23,4,3,black_box,reopt_pwldr,72837.9548431311,72837.9548431311,0.037999868392944336,2.122999906539917
23,4,3,local_search,obj_pwldr,74598.66802138303,74555.84958843242,0.037999868392944336,0.12100005149841309
23,4,3,local_search,dr_pwldr,74576.25936843012,74533.41978438821,0.037999868392944336,0.12100005149841309
23,4,3,local_search,reopt_pwldr,72837.9548431311,72837.9548431311,0.037999868392944336,0.12100005149841309
23,4,4,black_box,obj_pwldr,74586.11504100884,74555.66593097699,0.037999868392944336,2.6639997959136963
23,4,4,black_box,dr_pwldr,74564.1400500138,74533.2356877991,0.037999868392944336,2.6639997959136963
23,4,4,black_box,reopt_pwldr,72837.9548431311,72837.9548431311,0.037999868392944336,2.6639997959136963
23,4,4,local_search,obj_pwldr,74586.11504100884,74555.66593097699,0.037999868392944336,0.17499995231628418
23,4,4,local_search,dr_pwldr,74564.1400500138,74533.2356877991,0.037999868392944336,0.17499995231628418
23,4,4,local_search,reopt_pwldr,72837.9548431311,72837.9548431311,0.037999868392944336,0.17499995231628418
23,4,5,black_box,obj_pwldr,74564.2903240954,74555.25954473238,0.04399991035461426,3.190999984741211
23,4,5,black_box,dr_pwldr,74541.83177496142,74532.81352597747,0.04399991035461426,3.190999984741211
23,4,5,black_box,reopt_pwldr,72837.9548431311,72837.9548431311,0.04399991035461426,3.190999984741211
23,4,5,local_search,obj_pwldr,74564.2903240954,74555.25954473238,0.04399991035461426,0.2369999885559082
23,4,5,local_search,dr_pwldr,74541.83177496142,74532.81352597747,0.04399991035461426,0.2369999885559082
23,4,5,local_search,reopt_pwldr,72837.9548431311,72837.9548431311,0.04399991035461426,0.2369999885559082
23,4,6,black_box,obj_pwldr,74565.31427879047,74555.29429255014,0.05200004577636719,3.76200008392334
23,4,6,black_box,dr_pwldr,74542.78363692027,74532.81702065152,0.05200004577636719,3.76200008392334
23,4,6,black_box,reopt_pwldr,72837.9548431311,72837.9548431311,0.05200004577636719,3.76200008392334
23,4,6,local_search,obj_pwldr,74565.31427879047,74555.22413977134,0.05200004577636719,0.37199997901916504
23,4,6,local_search,dr_pwldr,74542.78363692027,74532.78543679413,0.05200004577636719,0.37199997901916504
23,4,6,local_search,reopt_pwldr,72837.9548431311,72837.9548431311,0.05200004577636719,0.37199997901916504
23,4,7,black_box,obj_pwldr,74567.81469994431,74555.16291373591,0.04699993133544922,4.186999797821045
23,4,7,black_box,dr_pwldr,74545.59857437835,74532.72190669457,0.04699993133544922,4.186999797821045
23,4,7,black_box,reopt_pwldr,72837.9548431311,72837.9548431311,0.04699993133544922,4.186999797821045
23,4,7,local_search,obj_pwldr,74567.81469994431,74555.16291373591,0.04699993133544922,0.40599989891052246
23,4,7,local_search,dr_pwldr,74545.59857437835,74532.72190669457,0.04699993133544922,0.40599989891052246
23,4,7,local_search,reopt_pwldr,72837.9548431311,72837.9548431311,0.04699993133544922,0.40599989891052246
23,4,8,black_box,obj_pwldr,74561.34307064577,74555.31629341102,0.042999982833862305,4.914999961853027
23,4,8,black_box,dr_pwldr,74538.69897006654,74532.8787296528,0.042999982833862305,4.914999961853027
23,4,8,black_box,reopt_pwldr,72837.9548431311,72837.9548431311,0.042999982833862305,4.914999961853027
23,4,8,local_search,obj_pwldr,74561.34307064577,74555.31629341102,0.042999982833862305,0.49900007247924805
23,4,8,local_search,dr_pwldr,74538.69897006654,74532.8787296528,0.042999982833862305,0.49900007247924805
23,4,8,local_search,reopt_pwldr,72837.9548431311,72837.9548431311,0.042999982833862305,0.49900007247924805
23,4,9,black_box,obj_pwldr,74557.92733154561,74555.27319017352,0.04900002479553223,5.575999975204468
23,4,9,black_box,dr_pwldr,74535.50388838617,74532.824497636,0.04900002479553223,5.575999975204468
23,4,9,black_box,reopt_pwldr,72837.9548431311,72837.9548431311,0.04900002479553223,5.575999975204468
23,4,9,local_search,obj_pwldr,74557.92733154561,74555.27319017352,0.04900002479553223,0.6189999580383301
23,4,9,local_search,dr_pwldr,74535.50388838617,74532.824497636,0.04900002479553223,0.6189999580383301
23,4,9,local_search,reopt_pwldr,72837.9548431311,72837.9548431311,0.04900002479553223,0.6189999580383301
23,4,10,black_box,obj_pwldr,74561.68934717328,74555.20780311432,0.04900002479553223,6.1650002002716064
23,4,10,black_box,dr_pwldr,74539.2708819356,74532.74470794469,0.04900002479553223,6.1650002002716064
23,4,10,black_box,reopt_pwldr,72837.9548431311,72837.9548431311,0.04900002479553223,6.1650002002716064
23,4,10,local_search,obj_pwldr,74561.68934717328,74555.20494738565,0.04900002479553223,1.1440000534057617
23,4,10,local_search,dr_pwldr,74539.2708819356,74532.74875334483,0.04900002479553223,1.1440000534057617
23,4,10,local_search,reopt_pwldr,72837.9548431311,72837.9548431311,0.04900002479553223,1.1440000534057617
24,1,1,black_box,obj_pwldr,60508.001045013945,60369.39034870899,0.024000167846679688,1.3310000896453857
24,1,1,black_box,dr_pwldr,60524.67142593988,60386.736584519625,0.024000167846679688,1.3310000896453857
24,1,1,black_box,reopt_pwldr,58955.04034457074,58955.04034457072,0.024000167846679688,1.3310000896453857
24,1,1,local_search,obj_pwldr,60508.001045013945,60369.39034870899,0.024000167846679688,0.053999900817871094
24,1,1,local_search,dr_pwldr,60524.67142593988,60386.736584519625,0.024000167846679688,0.053999900817871094
24,1,1,local_search,reopt_pwldr,58955.04034457074,58955.04034457072,0.024000167846679688,0.053999900817871094
24,1,2,black_box,obj_pwldr,60390.97108197651,60367.9418119212,0.03399991989135742,1.687000036239624
24,1,2,black_box,dr_pwldr,60406.723451702324,60385.401178409964,0.03399991989135742,1.687000036239624
24,1,2,black_box,reopt_pwldr,58955.04034457072,58955.04034457072,0.03399991989135742,1.687000036239624
24,1,2,local_search,obj_pwldr,60390.97108197651,60367.9418119212,0.03399991989135742,0.10900020599365234
24,1,2,local_search,dr_pwldr,60406.723451702324,60385.401178409964,0.03399991989135742,0.10900020599365234
24,1,2,local_search,reopt_pwldr,58955.04034457072,58955.04034457072,0.03399991989135742,0.10900020599365234
24,1,3,black_box,obj_pwldr,60389.55537662013,60368.00419632498,0.06299996376037598,2.13100004196167
24,1,3,black_box,dr_pwldr,60407.720839879534,60385.47946014314,0.06299996376037598,2.13100004196167
24,1,3,black_box,reopt_pwldr,58955.04034457072,58955.04034457072,0.06299996376037598,2.13100004196167
24,1,3,local_search,obj_pwldr,60389.55537662013,60368.00419632498,0.06299996376037598,0.11100006103515625
24,1,3,local_search,dr_pwldr,60407.720839879534,60385.47946014314,0.06299996376037598,0.11100006103515625
24,1,3,local_search,reopt_pwldr,58955.04034457072,58955.04034457072,0.06299996376037598,0.11100006103515625
24,1,4,black_box,obj_pwldr,60393.08867733931,60367.868435811855,0.031999826431274414,2.618000030517578
24,1,4,black_box,dr_pwldr,60410.21530224264,60385.3337612676,0.031999826431274414,2.618000030517578
24,1,4,black_box,reopt_pwldr,58955.04034457072,58955.04034457072,0.031999826431274414,2.618000030517578
24,1,4,local_search,obj_pwldr,60393.08867733931,60367.86843581186,0.031999826431274414,0.17199993133544922
24,1,4,local_search,dr_pwldr,60410.21530224264,60385.3337612676,0.031999826431274414,0.17199993133544922
24,1,4,local_search,reopt_pwldr,58955.04034457072,58955.04034457072,0.031999826431274414,0.17199993133544922
24,1,5,black_box,obj_pwldr,60380.86261007709,60368.098952466884,0.04500007629394531,3.422999858856201
24,1,5,black_box,dr_pwldr,60397.516870658634,60385.54589430603,0.04500007629394531,3.422999858856201
24,1,5,black_box,reopt_pwldr,58955.04034457072,58955.04034457072,0.04500007629394531,3.422999858856201
24,1,5,local_search,obj_pwldr,60380.86261007709,60368.098952466884,0.04500007629394531,0.3190000057220459
24,1,5,local_search,dr_pwldr,60397.516870658634,60385.54589430603,0.04500007629394531,0.3190000057220459
24,1,5,local_search,reopt_pwldr,58955.04034457072,58955.04034457072,0.04500007629394531,0.3190000057220459
24,1,6,black_box,obj_pwldr,60369.34140256454,60367.84464233724,0.0410001277923584,4.135999917984009
24,1,6,black_box,dr_pwldr,60386.697658042074,60385.31326525112,0.0410001277923584,4.135999917984009
24,1,6,black_box,reopt_pwldr,58955.04034457072,58955.04034457074,0.0410001277923584,4.135999917984009
24,1,6,local_search,obj_pwldr,60369.34140256454,60367.84464233724,0.0410001277923584,0.30700016021728516
24,1,6,local_search,dr_pwldr,60386.697658042074,60385.31326525112,0.0410001277923584,0.30700016021728516
24,1,6,local_search,reopt_pwldr,58955.04034457072,58955.04034457074,0.0410001277923584,0.30700016021728516
24,1,7,black_box,obj_pwldr,60375.57460321539,60367.82059306778,0.04500007629394531,4.260999917984009
24,1,7,black_box,dr_pwldr,60393.06027694695,60385.29959863733,0.04500007629394531,4.260999917984009
24,1,7,black_box,reopt_pwldr,58955.04034457072,58955.04034457072,0.04500007629394531,4.260999917984009
24,1,7,local_search,obj_pwldr,60375.57460321539,60367.80021910717,0.04500007629394531,0.5910000801086426
24,1,7,local_search,dr_pwldr,60393.06027694695,60385.27170371378,0.04500007629394531,0.5910000801086426
24,1,7,local_search,reopt_pwldr,58955.04034457072,58955.04034457072,0.04500007629394531,0.5910000801086426
24,1,8,black_box,obj_pwldr,60375.225446080476,60367.813360476386,0.05299997329711914,4.902000188827515
24,1,8,black_box,dr_pwldr,60392.35175042239,60385.285370680795,0.05299997329711914,4.902000188827515
24,1,8,black_box,reopt_pwldr,58955.04034457072,58955.04034457072,0.05299997329711914,4.902000188827515
24,1,8,local_search,obj_pwldr,60375.225446080476,60367.80275716421,0.05299997329711914,0.5900001525878906
24,1,8,local_search,dr_pwldr,60392.35175042239,60385.2753479723,0.05299997329711914,0.5900001525878906
24,1,8,local_search,reopt_pwldr,58955.04034457072,58955.04034457072,0.05299997329711914,0.5900001525878906
24,1,9,black_box,obj_pwldr,60371.27766096264,60367.82275237235,0.04900002479553223,5.584000110626221
24,1,9,black_box,dr_pwldr,60388.480629436934,60385.292208609266,0.04900002479553223,5.584000110626221
24,1,9,black_box,reopt_pwldr,58955.04034457072,58955.04034457072,0.04900002479553223,5.584000110626221
24,1,9,local_search,obj_pwldr,60371.27766096264,60367.82275237235,0.04900002479553223,0.6069998741149902
24,1,9,local_search,dr_pwldr,60388.480629436934,60385.292208609266,0.04900002479553223,0.6069998741149902
24,1,9,local_search,reopt_pwldr,58955.04034457072,58955.04034457072,0.04900002479553223,0.6069998741149902
24,1,10,black_box,obj_pwldr,60369.401537174446,60367.91078091198,0.0559999942779541,6.24399995803833
24,1,10,black_box,dr_pwldr,60386.85825909243,60385.381644665256,0.0559999942779541,6.24399995803833
24,1,10,black_box,reopt_pwldr,58955.04034457072,58955.04034457072,0.0559999942779541,6.24399995803833
24,1,10,local_search,obj_pwldr,60369.401537174446,60367.843881504865,0.0559999942779541,0.871999979019165
24,1,10,local_search,dr_pwldr,60386.85825909243,60385.32610554951,0.0559999942779541,0.871999979019165
24,1,10,local_search,reopt_pwldr,58955.04034457072,58955.04034457072,0.0559999942779541,0.871999979019165
24,2,1,black_box,obj_pwldr,60613.18114791343,60472.680982414284,0.026000022888183594,1.3310000896453857
24,2,1,black_box,dr_pwldr,60630.69744702776,60491.16176657618,0.026000022888183594,1.3310000896453857
24,2,1,black_box,reopt_pwldr,58955.04034457072,58955.04034457072,0.026000022888183594,1.3310000896453857
24,2,1,local_search,obj_pwldr,60613.18114791343,60472.68098241429,0.026000022888183594,0.059999942779541016
24,2,1,local_search,dr_pwldr,60630.69744702776,60491.16176657619,0.026000022888183594,0.059999942779541016
24,2,1,local_search,reopt_pwldr,58955.04034457072,58955.04034457072,0.026000022888183594,0.059999942779541016
24,2,2,black_box,obj_pwldr,60503.83855909484,60471.32954937327,0.0279998779296875,1.6410000324249268
24,2,2,black_box,dr_pwldr,60522.40063684855,60489.74129676391,0.0279998779296875,1.6410000324249268
24,2,2,black_box,reopt_pwldr,58955.04034457072,58955.04034457072,0.0279998779296875,1.6410000324249268
24,2,2,local_search,obj_pwldr,60503.83855909484,60471.32954937327,0.0279998779296875,0.09500002861022949
24,2,2,local_search,dr_pwldr,60522.40063684855,60489.74129676391,0.0279998779296875,0.09500002861022949
24,2,2,local_search,reopt_pwldr,58955.04034457072,58955.04034457072,0.0279998779296875,0.09500002861022949
24,2,3,black_box,obj_pwldr,60486.99943771281,60471.13578775354,0.0279998779296875,2.119999885559082
24,2,3,black_box,dr_pwldr,60504.307794673194,60489.537713473954,0.0279998779296875,2.119999885559082
24,2,3,black_box,reopt_pwldr,58955.04034457072,58955.04034457072,0.0279998779296875,2.119999885559082
24,2,3,local_search,obj_pwldr,60486.99943771281,60471.13578775354,0.0279998779296875,0.12600016593933105
24,2,3,local_search,dr_pwldr,60504.307794673194,60489.537713473954,0.0279998779296875,0.12600016593933105
24,2,3,local_search,reopt_pwldr,58955.04034457072,58955.04034457072,0.0279998779296875,0.12600016593933105
24,2,4,black_box,obj_pwldr,60493.8800858605,60471.31583236639,0.03899979591369629,2.5439999103546143
24,2,4,black_box,dr_pwldr,60510.66565778233,60489.58703842711,0.03899979591369629,2.5439999103546143
24,2,4,black_box,reopt_pwldr,58955.04034457072,58955.04034457072,0.03899979591369629,2.5439999103546143
24,2,4,local_search,obj_pwldr,60493.8800858605,60470.82652484527,0.03899979591369629,0.32899999618530273
24,2,4,local_search,dr_pwldr,60510.66565778233,60489.20218299731,0.03899979591369629,0.32899999618530273
24,2,4,local_search,reopt_pwldr,58955.04034457072,58955.04034457072,0.03899979591369629,0.32899999618530273
24,2,5,black_box,obj_pwldr,60485.0104013785,60470.8479340418,0.0410001277923584,2.99399995803833
24,2,5,black_box,dr_pwldr,60502.899702019015,60489.23431074478,0.0410001277923584,2.99399995803833
24,2,5,black_box,reopt_pwldr,58955.04034457072,58955.04034457072,0.0410001277923584,2.99399995803833
24,2,5,local_search,obj_pwldr,60485.0104013785,60470.8479340418,0.0410001277923584,0.21799993515014648
24,2,5,local_search,dr_pwldr,60502.899702019015,60489.23431074478,0.0410001277923584,0.21799993515014648
24,2,5,local_search,reopt_pwldr,58955.04034457072,58955.04034457072,0.0410001277923584,0.21799993515014648
24,2,6,black_box,obj_pwldr,60472.72156228814,60470.887721765095,0.037000179290771484,3.6659998893737793
24,2,6,black_box,dr_pwldr,60491.19502971122,60489.257239604296,0.037000179290771484,3.6659998893737793
24,2,6,black_box,reopt_pwldr,58955.04034457072,58955.04034457072,0.037000179290771484,3.6659998893737793
24,2,6,local_search,obj_pwldr,60472.72156228814,60470.87906778193,0.037000179290771484,0.47699999809265137
24,2,6,local_search,dr_pwldr,60491.19502971122,60489.24487145703,0.037000179290771484,0.47699999809265137
24,2,6,local_search,reopt_pwldr,58955.04034457072,58955.04034457072,0.037000179290771484,0.47699999809265137
24,2,7,black_box,obj_pwldr,60477.62984599987,60470.812423883566,0.042999982833862305,4.093999862670898
24,2,7,black_box,dr_pwldr,60495.01228119724,60489.19745278953,0.042999982833862305,4.093999862670898
24,2,7,black_box,reopt_pwldr,58955.04034457072,58955.04034457072,0.042999982833862305,4.093999862670898
24,2,7,local_search,obj_pwldr,60477.62984599987,60470.812423883566,0.042999982833862305,0.4090001583099365
24,2,7,local_search,dr_pwldr,60495.01228119724,60489.19745278953,0.042999982833862305,0.4090001583099365
24,2,7,local_search,reopt_pwldr,58955.04034457072,58955.04034457072,0.042999982833862305,0.4090001583099365
24,2,8,black_box,obj_pwldr,60478.13538251503,60470.873510107485,0.053999900817871094,4.718999862670898
24,2,8,black_box,dr_pwldr,60495.9442784095,60489.23790194196,0.053999900817871094,4.718999862670898
24,2,8,black_box,reopt_pwldr,58955.04034457072,58955.04034457072,0.053999900817871094,4.718999862670898
24,2,8,local_search,obj_pwldr,60478.13538251503,60470.873510107485,0.053999900817871094,0.49499988555908203
24,2,8,local_search,dr_pwldr,60495.9442784095,60489.23790194196,0.053999900817871094,0.49499988555908203
24,2,8,local_search,reopt_pwldr,58955.04034457072,58955.04034457072,0.053999900817871094,0.49499988555908203
24,2,9,black_box,obj_pwldr,60474.60156540788,60470.84678969186,0.051000118255615234,5.680000066757202
24,2,9,black_box,dr_pwldr,60493.08827843506,60489.21011728665,0.051000118255615234,5.680000066757202
24,2,9,black_box,reopt_pwldr,58955.04034457072,58955.04034457072,0.051000118255615234,5.680000066757202
24,2,9,local_search,obj_pwldr,60474.60156540788,60470.84678969186,0.051000118255615234,0.6559998989105225
24,2,9,local_search,dr_pwldr,60493.08827843506,60489.21011728665,0.051000118255615234,0.6559998989105225
24,2,9,local_search,reopt_pwldr,58955.04034457072,58955.04034457072,0.051000118255615234,0.6559998989105225
24,2,10,black_box,obj_pwldr,60472.16965258413,60470.79920271858,0.05000019073486328,6.384999990463257
24,2,10,black_box,dr_pwldr,60490.27515012914,60489.17874792959,0.05000019073486328,6.384999990463257
24,2,10,black_box,reopt_pwldr,58955.04034457072,58955.04034457072,0.05000019073486328,6.384999990463257
24,2,10,local_search,obj_pwldr,60472.16965258413,60470.79920271859,0.05000019073486328,0.7589998245239258
24,2,10,local_search,dr_pwldr,60490.27515012914,60489.17874792959,0.05000019073486328,0.7589998245239258
24,2,10,local_search,reopt_pwldr,58955.04034457072,58955.04034457072,0.05000019073486328,0.7589998245239258
24,3,1,black_box,obj_pwldr,60636.7529145387,60448.20891778468,0.01900005340576172,1.940999984741211
24,3,1,black_box,dr_pwldr,60655.315367825664,60473.14836403112,0.01900005340576172,1.940999984741211
24,3,1,black_box,reopt_pwldr,58955.04034457072,58955.04034457072,0.01900005340576172,1.940999984741211
24,3,1,local_search,obj_pwldr,60636.7529145387,60448.20891778468,0.01900005340576172,0.07500004768371582
24,3,1,local_search,dr_pwldr,60655.315367825664,60473.14836403112,0.01900005340576172,0.07500004768371582
24,3,1,local_search,reopt_pwldr,58955.04034457072,58955.04034457072,0.01900005340576172,0.07500004768371582
24,3,2,black_box,obj_pwldr,60499.18763327727,60447.48723148511,0.042999982833862305,4.23799991607666
24,3,2,black_box,dr_pwldr,60522.06514834583,60472.392779669746,0.042999982833862305,4.23799991607666
24,3,2,black_box,reopt_pwldr,58955.04034457072,58955.04034457072,0.042999982833862305,4.23799991607666
24,3,2,local_search,obj_pwldr,60499.18763327727,60447.487231485116,0.042999982833862305,0.19900012016296387
24,3,2,local_search,dr_pwldr,60522.06514834583,60472.392779669746,0.042999982833862305,0.19900012016296387
24,3,2,local_search,reopt_pwldr,58955.04034457072,58955.04034457072,0.042999982833862305,0.19900012016296387
24,3,3,black_box,obj_pwldr,60465.90751551981,60447.846289677946,0.06300020217895508,6.817999839782715
24,3,3,black_box,dr_pwldr,60489.774306651976,60472.642498491376,0.06300020217895508,6.817999839782715
24,3,3,black_box,reopt_pwldr,58955.04034457072,58955.04034457072,0.06300020217895508,6.817999839782715
24,3,3,local_search,obj_pwldr,60465.90751551981,60447.846289677946,0.06300020217895508,0.26200008392333984
24,3,3,local_search,dr_pwldr,60489.774306651976,60472.642498491376,0.06300020217895508,0.26200008392333984
24,3,3,local_search,reopt_pwldr,58955.04034457072,58955.04034457072,0.06300020217895508,0.26200008392333984
24,3,4,black_box,obj_pwldr,60483.99566777251,60447.68274551612,0.07899999618530273,9.940999984741211
24,3,4,black_box,dr_pwldr,60506.01105904277,60472.548096189326,0.07899999618530273,9.940999984741211
24,3,4,black_box,reopt_pwldr,58955.04034457074,58955.04034457072,0.07899999618530273,9.940999984741211
24,3,4,local_search,obj_pwldr,60483.99566777251,60446.983021232096,0.07899999618530273,0.9249999523162842
24,3,4,local_search,dr_pwldr,60506.01105904277,60471.922670700165,0.07899999618530273,0.9249999523162842
24,3,4,local_search,reopt_pwldr,58955.04034457074,58955.04034457072,0.07899999618530273,0.9249999523162842
24,3,5,black_box,obj_pwldr,60472.74107214401,60447.38267463816,0.09299993515014648,13.434999942779541
24,3,5,black_box,dr_pwldr,60495.85936160296,60472.31858415173,0.09299993515014648,13.434999942779541
24,3,5,black_box,reopt_pwldr,58955.04034457072,58955.04034457074,0.09299993515014648,13.434999942779541
24,3,5,local_search,obj_pwldr,60472.74107214401,60447.38267463816,0.09299993515014648,0.9119999408721924
24,3,5,local_search,dr_pwldr,60495.85936160296,60472.31858415173,0.09299993515014648,0.9119999408721924
24,3,5,local_search,reopt_pwldr,58955.04034457072,58955.04034457074,0.09299993515014648,0.9119999408721924
24,3,6,black_box,obj_pwldr,60450.549658268195,60447.46280608515,0.12099981307983398,17.0719997882843
24,3,6,black_box,dr_pwldr,60475.38084412427,60472.30086951875,0.12099981307983398,17.0719997882843
24,3,6,black_box,reopt_pwldr,58955.04034457072,58955.04034457072,0.12099981307983398,17.0719997882843
24,3,6,local_search,obj_pwldr,60450.549658268195,60447.46280608515,0.12099981307983398,1.430999994277954
24,3,6,local_search,dr_pwldr,60475.38084412427,60472.30086951875,0.12099981307983398,1.430999994277954
24,3,6,local_search,reopt_pwldr,58955.04034457072,58955.04034457072,0.12099981307983398,1.430999994277954
24,3,7,black_box,obj_pwldr,60457.83201332527,60447.09856979895,0.16000008583068848,19.973000049591064
24,3,7,black_box,dr_pwldr,60481.67903352334,60472.0011463276,0.16000008583068848,19.973000049591064
24,3,7,black_box,reopt_pwldr,58955.04034457072,58955.04034457072,0.16000008583068848,19.973000049591064
24,3,7,local_search,obj_pwldr,60457.83201332527,60447.09856979895,0.16000008583068848,1.8429999351501465
24,3,7,local_search,dr_pwldr,60481.67903352334,60472.0011463276,0.16000008583068848,1.8429999351501465
24,3,7,local_search,reopt_pwldr,58955.04034457072,58955.04034457072,0.16000008583068848,1.8429999351501465
24,3,8,black_box,obj_pwldr,60460.02347650966,60447.05204147914,0.1510000228881836,23.269999980926514
24,3,8,black_box,dr_pwldr,60483.915169217726,60471.98631352886,0.1510000228881836,23.269999980926514
24,3,8,black_box,reopt_pwldr,58955.04034457072,58955.04034457072,0.1510000228881836,23.269999980926514
24,3,8,local_search,obj_pwldr,60460.02347650966,60446.9350367231,0.1510000228881836,3.9759998321533203
24,3,8,local_search,dr_pwldr,60483.915169217726,60471.86849470007,0.1510000228881836,3.9759998321533203
24,3,8,local_search,reopt_pwldr,58955.04034457072,58955.04034457072,0.1510000228881836,3.9759998321533203
24,3,9,black_box,obj_pwldr,60454.10324404951,60446.933541544815,0.16899991035461426,27.664999961853027
24,3,9,black_box,dr_pwldr,60478.67918865602,60471.865244488275,0.16899991035461426,27.664999961853027
24,3,9,black_box,reopt_pwldr,58955.04034457074,58955.04034457074,0.16899991035461426,27.664999961853027
24,3,9,local_search,obj_pwldr,60454.10324404951,60446.933541544815,0.16899991035461426,3.2009999752044678
24,3,9,local_search,dr_pwldr,60478.67918865602,60471.865244488275,0.16899991035461426,3.2009999752044678
24,3,9,local_search,reopt_pwldr,58955.04034457074,58955.04034457074,0.16899991035461426,3.2009999752044678
24,3,10,black_box,obj_pwldr,60449.11526014127,60446.97189480604,0.18499994277954102,30.22699999809265
24,3,10,black_box,dr_pwldr,60473.74863200441,60471.89394516077,0.18499994277954102,30.22699999809265
24,3,10,black_box,reopt_pwldr,58955.04034457074,58955.04034457072,0.18499994277954102,30.22699999809265
24,3,10,local_search,obj_pwldr,60449.11526014127,60446.97189480604,0.18499994277954102,3.689000129699707
24,3,10,local_search,dr_pwldr,60473.74863200441,60471.89394516077,0.18499994277954102,3.689000129699707
24,3,10,local_search,reopt_pwldr,58955.04034457074,58955.04034457072,0.18499994277954102,3.689000129699707
24,4,1,black_box,obj_pwldr,60638.46701961256,60501.65198219928,0.019999980926513672,1.2049999237060547
24,4,1,black_box,dr_pwldr,60650.16537993112,60514.67159136794,0.019999980926513672,1.2049999237060547
24,4,1,black_box,reopt_pwldr,58955.04034457072,58955.04034457072,0.019999980926513672,1.2049999237060547
24,4,1,local_search,obj_pwldr,60638.46701961256,60501.65198219928,0.019999980926513672,0.06200003623962402
24,4,1,local_search,dr_pwldr,60650.16537993112,60514.67159136794,0.019999980926513672,0.06200003623962402
24,4,1,local_search,reopt_pwldr,58955.04034457072,58955.04034457072,0.019999980926513672,0.06200003623962402
24,4,2,black_box,obj_pwldr,60533.47085577653,60499.559098895006,0.026999950408935547,1.5940001010894775
24,4,2,black_box,dr_pwldr,60547.44655512314,60512.55314107341,0.026999950408935547,1.5940001010894775
24,4,2,black_box,reopt_pwldr,58955.04034457072,58955.04034457072,0.026999950408935547,1.5940001010894775
24,4,2,local_search,obj_pwldr,60533.47085577653,60499.559098895006,0.026999950408935547,0.08699989318847656
24,4,2,local_search,dr_pwldr,60547.44655512314,60512.55314107341,0.026999950408935547,0.08699989318847656
24,4,2,local_search,reopt_pwldr,58955.04034457072,58955.04034457072,0.026999950408935547,0.08699989318847656
24,4,3,black_box,obj_pwldr,60514.219501471955,60499.77404306327,0.04400014877319336,1.8939998149871826
24,4,3,black_box,dr_pwldr,60527.02037852496,60512.76893832203,0.04400014877319336,1.8939998149871826
24,4,3,black_box,reopt_pwldr,58955.04034457072,58955.04034457072,0.04400014877319336,1.8939998149871826
24,4,3,local_search,obj_pwldr,60514.219501471955,60499.77404306327,0.04400014877319336,0.10599994659423828
24,4,3,local_search,dr_pwldr,60527.02037852496,60512.76893832203,0.04400014877319336,0.10599994659423828
24,4,3,local_search,reopt_pwldr,58955.04034457072,58955.04034457072,0.04400014877319336,0.10599994659423828
24,4,4,black_box,obj_pwldr,60521.1499890216,60499.77694762429,0.03600001335144043,2.4850001335144043
24,4,4,black_box,dr_pwldr,60533.85531249356,60512.772097124885,0.03600001335144043,2.4850001335144043
24,4,4,black_box,reopt_pwldr,58955.04034457072,58955.04034457072,0.03600001335144043,2.4850001335144043
24,4,4,local_search,obj_pwldr,60521.1499890216,60499.77694762429,0.03600001335144043,0.21700000762939453
24,4,4,local_search,dr_pwldr,60533.85531249356,60512.772097124885,0.03600001335144043,0.21700000762939453
24,4,4,local_search,reopt_pwldr,58955.04034457072,58955.04034457072,0.03600001335144043,0.21700000762939453
24,4,5,black_box,obj_pwldr,60513.248457881615,60499.84296796869,0.04399991035461426,3.188000202178955
24,4,5,black_box,dr_pwldr,60527.0351930598,60512.83740518163,0.04399991035461426,3.188000202178955
24,4,5,black_box,reopt_pwldr,58955.04034457072,58955.04034457074,0.04399991035461426,3.188000202178955
24,4,5,local_search,obj_pwldr,60513.248457881615,60499.84296796869,0.04399991035461426,0.20300006866455078
24,4,5,local_search,dr_pwldr,60527.0351930598,60512.83740518163,0.04399991035461426,0.20300006866455078
24,4,5,local_search,reopt_pwldr,58955.04034457072,58955.04034457074,0.04399991035461426,0.20300006866455078
24,4,6,black_box,obj_pwldr,60501.471353023364,60499.61037859299,0.04800009727478027,3.4730000495910645
24,4,6,black_box,dr_pwldr,60514.52742428706,60512.60456593379,0.04800009727478027,3.4730000495910645
24,4,6,black_box,reopt_pwldr,58955.04034457072,58955.04034457072,0.04800009727478027,3.4730000495910645
24,4,6,local_search,obj_pwldr,60501.471353023364,60499.61037859299,0.04800009727478027,0.5659999847412109
24,4,6,local_search,dr_pwldr,60514.52742428706,60512.60456593379,0.04800009727478027,0.5659999847412109
24,4,6,local_search,reopt_pwldr,58955.04034457072,58955.04034457072,0.04800009727478027,0.5659999847412109
24,4,7,black_box,obj_pwldr,60505.907819568594,60499.66504426056,0.04399991035461426,3.7960000038146973
24,4,7,black_box,dr_pwldr,60519.15854439312,60512.69951841256,0.04399991035461426,3.7960000038146973
24,4,7,black_box,reopt_pwldr,58955.04034457072,58955.04034457072,0.04399991035461426,3.7960000038146973
24,4,7,local_search,obj_pwldr,60505.907819568594,60499.56699700712,0.04399991035461426,0.6099998950958252
24,4,7,local_search,dr_pwldr,60519.15854439312,60512.56753780977,0.04399991035461426,0.6099998950958252
24,4,7,local_search,reopt_pwldr,58955.04034457072,58955.04034457072,0.04399991035461426,0.6099998950958252
24,4,8,black_box,obj_pwldr,60506.507658583294,60499.560467097544,0.053999900817871094,4.35699987411499
24,4,8,black_box,dr_pwldr,60520.088026094556,60512.554780572624,0.053999900817871094,4.35699987411499
24,4,8,black_box,reopt_pwldr,58955.04034457072,58955.04034457072,0.053999900817871094,4.35699987411499
24,4,8,local_search,obj_pwldr,60506.507658583294,60499.560467097544,0.053999900817871094,0.48799991607666016
24,4,8,local_search,dr_pwldr,60520.088026094556,60512.554780572624,0.053999900817871094,0.48799991607666016
24,4,8,local_search,reopt_pwldr,58955.04034457072,58955.04034457072,0.053999900817871094,0.48799991607666016
24,4,9,black_box,obj_pwldr,60503.23097294313,60499.56647709825,0.046000003814697266,4.878000020980835
24,4,9,black_box,dr_pwldr,60516.44314975123,60512.56065875232,0.046000003814697266,4.878000020980835
24,4,9,black_box,reopt_pwldr,58955.04034457072,58955.04034457072,0.046000003814697266,4.878000020980835
24,4,9,local_search,obj_pwldr,60503.23097294313,60499.56647709825,0.046000003814697266,0.5910000801086426
24,4,9,local_search,dr_pwldr,60516.44314975123,60512.56065875232,0.046000003814697266,0.5910000801086426
24,4,9,local_search,reopt_pwldr,58955.04034457072,58955.04034457072,0.046000003814697266,0.5910000801086426
24,4,10,black_box,obj_pwldr,60500.842316190094,60499.56777953569,0.04999995231628418,5.56499981880188
24,4,10,black_box,dr_pwldr,60513.926226165604,60512.56224754967,0.04999995231628418,5.56499981880188
24,4,10,black_box,reopt_pwldr,58955.04034457072,58955.04034457072,0.04999995231628418,5.56499981880188
24,4,10,local_search,obj_pwldr,60500.842316190094,60499.56777953568,0.04999995231628418,1.2899999618530273
24,4,10,local_search,dr_pwldr,60513.926226165604,60512.56224754967,0.04999995231628418,1.2899999618530273
24,4,10,local_search,reopt_pwldr,58955.04034457072,58955.04034457072,0.04999995231628418,1.2899999618530273
25,1,1,black_box,obj_pwldr,67859.82599158972,67720.50352814139,0.03000020980834961,1.318000078201294
25,1,1,black_box,dr_pwldr,67861.73057173677,67722.32552655232,0.03000020980834961,1.318000078201294
25,1,1,black_box,reopt_pwldr,65497.993956755745,65497.993956755745,0.03000020980834961,1.318000078201294
25,1,1,local_search,obj_pwldr,67859.82599158972,67720.50352814139,0.03000020980834961,0.05800008773803711
25,1,1,local_search,dr_pwldr,67861.73057173677,67722.32552655232,0.03000020980834961,0.05800008773803711
25,1,1,local_search,reopt_pwldr,65497.993956755745,65497.993956755745,0.03000020980834961,0.05800008773803711
25,1,2,black_box,obj_pwldr,67745.24547651592,67716.57698445086,0.03900003433227539,1.7100000381469727
25,1,2,black_box,dr_pwldr,67746.53693783408,67718.44478353226,0.03900003433227539,1.7100000381469727
25,1,2,black_box,reopt_pwldr,65497.993956755745,65497.993956755745,0.03900003433227539,1.7100000381469727
25,1,2,local_search,obj_pwldr,67745.24547651592,67716.57698445086,0.03900003433227539,0.08599996566772461
25,1,2,local_search,dr_pwldr,67746.53693783408,67718.44478353226,0.03900003433227539,0.08599996566772461
25,1,2,local_search,reopt_pwldr,65497.993956755745,65497.993956755745,0.03900003433227539,0.08599996566772461
25,1,3,black_box,obj_pwldr,67764.1356770548,67716.41262656511,0.026999950408935547,2.182000160217285
25,1,3,black_box,dr_pwldr,67766.71579143398,67718.29729053841,0.026999950408935547,2.182000160217285
25,1,3,black_box,reopt_pwldr,65497.993956755745,65497.993956755745,0.026999950408935547,2.182000160217285
25,1,3,local_search,obj_pwldr,67764.1356770548,67716.41262656511,0.026999950408935547,0.14100003242492676
25,1,3,local_search,dr_pwldr,67766.71579143398,67718.29729053841,0.026999950408935547,0.14100003242492676
25,1,3,local_search,reopt_pwldr,65497.993956755745,65497.993956755745,0.026999950408935547,0.14100003242492676
25,1,4,black_box,obj_pwldr,67733.8310139361,67716.2051265204,0.03399991989135742,2.5789999961853027
25,1,4,black_box,dr_pwldr,67735.57358601749,67718.08980533949,0.03399991989135742,2.5789999961853027
25,1,4,black_box,reopt_pwldr,65497.993956755745,65497.993956755745,0.03399991989135742,2.5789999961853027
25,1,4,local_search,obj_pwldr,67733.8310139361,67716.2051265204,0.03399991989135742,0.1679999828338623
25,1,4,local_search,dr_pwldr,67735.57358601749,67718.08980533952,0.03399991989135742,0.1679999828338623
25,1,4,local_search,reopt_pwldr,65497.993956755745,65497.993956755745,0.03399991989135742,0.1679999828338623
25,1,5,black_box,obj_pwldr,67728.99400012668,67716.11524667386,0.04500007629394531,3.062999963760376
25,1,5,black_box,dr_pwldr,67731.11360272771,67717.98314998884,0.04500007629394531,3.062999963760376
25,1,5,black_box,reopt_pwldr,65497.993956755745,65497.993956755745,0.04500007629394531,3.062999963760376
25,1,5,local_search,obj_pwldr,67728.99400012668,67716.11524667386,0.04500007629394531,0.2539999485015869
25,1,5,local_search,dr_pwldr,67731.11360272771,67717.98314998884,0.04500007629394531,0.2539999485015869
25,1,5,local_search,reopt_pwldr,65497.993956755745,65497.993956755745,0.04500007629394531,0.2539999485015869
25,1,6,black_box,obj_pwldr,67731.58722303536,67715.95828870719,0.05900001525878906,3.6649999618530273
25,1,6,black_box,dr_pwldr,67733.8665746726,67717.84417390158,0.05900001525878906,3.6649999618530273
25,1,6,black_box,reopt_pwldr,65497.993956755745,65497.993956755745,0.05900001525878906,3.6649999618530273
25,1,6,local_search,obj_pwldr,67731.58722303536,67715.95828870719,0.05900001525878906,0.31799983978271484
25,1,6,local_search,dr_pwldr,67733.8665746726,67717.84417390158,0.05900001525878906,0.31799983978271484
25,1,6,local_search,reopt_pwldr,65497.993956755745,65497.993956755745,0.05900001525878906,0.31799983978271484
25,1,7,black_box,obj_pwldr,67719.78424972751,67715.92670187999,0.05800008773803711,4.269999980926514
25,1,7,black_box,dr_pwldr,67721.67594130605,67717.80812711598,0.05800008773803711,4.269999980926514
25,1,7,black_box,reopt_pwldr,65497.993956755745,65497.99395675572,0.05800008773803711,4.269999980926514
25,1,7,local_search,obj_pwldr,67719.78424972751,67715.92670188,0.05800008773803711,0.3989999294281006
25,1,7,local_search,dr_pwldr,67721.67594130605,67717.808127116,0.05800008773803711,0.3989999294281006
25,1,7,local_search,reopt_pwldr,65497.993956755745,65497.993956755745,0.05800008773803711,0.3989999294281006
25,1,8,black_box,obj_pwldr,67723.5990651942,67715.92268601163,0.04500007629394531,5.0299999713897705
25,1,8,black_box,dr_pwldr,67725.64649966311,67717.80470249082,0.04500007629394531,5.0299999713897705
25,1,8,black_box,reopt_pwldr,65497.993956755745,65497.993956755745,0.04500007629394531,5.0299999713897705
25,1,8,local_search,obj_pwldr,67723.5990651942,67715.92268601168,0.04500007629394531,0.503000020980835
25,1,8,local_search,dr_pwldr,67725.64649966311,67717.80470249084,0.04500007629394531,0.503000020980835
25,1,8,local_search,reopt_pwldr,65497.993956755745,65497.993956755745,0.04500007629394531,0.503000020980835
25,1,9,black_box,obj_pwldr,67723.04688622424,67715.91635759131,0.056999921798706055,6.132999897003174
25,1,9,black_box,dr_pwldr,67725.11496515518,67717.80197205639,0.056999921798706055,6.132999897003174
25,1,9,black_box,reopt_pwldr,65497.993956755745,65497.993956755745,0.056999921798706055,6.132999897003174
25,1,9,local_search,obj_pwldr,67723.04688622424,67715.91635759131,0.056999921798706055,0.6869997978210449
25,1,9,local_search,dr_pwldr,67725.11496515518,67717.80197205639,0.056999921798706055,0.6869997978210449
25,1,9,local_search,reopt_pwldr,65497.993956755745,65497.993956755745,0.056999921798706055,0.6869997978210449
25,1,10,black_box,obj_pwldr,67715.92925121717,67715.94804293661,0.04900002479553223,6.312000036239624
25,1,10,black_box,dr_pwldr,67717.8154912048,67717.83176179923,0.04900002479553223,6.312000036239624
25,1,10,black_box,reopt_pwldr,65497.993956755745,65497.993956755745,0.04900002479553223,6.312000036239624
25,1,10,local_search,obj_pwldr,67715.92925121717,67715.94804293661,0.04900002479553223,0.7309999465942383
25,1,10,local_search,dr_pwldr,67717.8154912048,67717.83176179923,0.04900002479553223,0.7309999465942383
25,1,10,local_search,reopt_pwldr,65497.993956755745,65497.993956755745,0.04900002479553223,0.7309999465942383
25,2,1,black_box,obj_pwldr,67897.48211193136,67727.18557614028,0.023000001907348633,1.9200000762939453
25,2,1,black_box,dr_pwldr,67881.1247881095,67704.48681522753,0.023000001907348633,1.9200000762939453
25,2,1,black_box,reopt_pwldr,65497.993956755745,65497.993956755745,0.023000001907348633,1.9200000762939453
25,2,1,local_search,obj_pwldr,67897.48211193136,67727.18557614028,0.023000001907348633,0.04900002479553223
25,2,1,local_search,dr_pwldr,67881.1247881095,67704.48681522753,0.023000001907348633,0.04900002479553223
25,2,1,local_search,reopt_pwldr,65497.993956755745,65497.993956755745,0.023000001907348633,0.04900002479553223
25,2,2,black_box,obj_pwldr,67738.43721610452,67724.69013739974,0.0409998893737793,4.126000165939331
25,2,2,black_box,dr_pwldr,67717.79346055459,67701.931646701,0.0409998893737793,4.126000165939331
25,2,2,black_box,reopt_pwldr,65497.993956755745,65497.993956755745,0.0409998893737793,4.126000165939331
25,2,2,local_search,obj_pwldr,67738.43721610452,67724.69013739974,0.0409998893737793,0.18700003623962402
25,2,2,local_search,dr_pwldr,67717.79346055459,67701.931646701,0.0409998893737793,0.18700003623962402
25,2,2,local_search,reopt_pwldr,65497.993956755745,65497.993956755745,0.0409998893737793,0.18700003623962402
25,2,3,black_box,obj_pwldr,67767.92094222644,67724.6625281728,0.06800007820129395,6.914000034332275
25,2,3,black_box,dr_pwldr,67750.75651425665,67701.90472252679,0.06800007820129395,6.914000034332275
25,2,3,black_box,reopt_pwldr,65497.993956755745,65497.993956755745,0.06800007820129395,6.914000034332275
25,2,3,local_search,obj_pwldr,67767.92094222644,67724.6625281728,0.06800007820129395,0.3860001564025879
25,2,3,local_search,dr_pwldr,67750.75651425665,67701.90472252679,0.06800007820129395,0.3860001564025879
25,2,3,local_search,reopt_pwldr,65497.993956755745,65497.993956755745,0.06800007820129395,0.3860001564025879
25,2,4,black_box,obj_pwldr,67748.77853728729,67724.81708447944,0.08099985122680664,9.950999975204468
25,2,4,black_box,dr_pwldr,67728.1645315706,67702.08321898429,0.08099985122680664,9.950999975204468
25,2,4,black_box,reopt_pwldr,65497.993956755745,65497.993956755745,0.08099985122680664,9.950999975204468
25,2,4,local_search,obj_pwldr,67748.77853728729,67724.81708447944,0.08099985122680664,0.6600000858306885
25,2,4,local_search,dr_pwldr,67728.1645315706,67702.08321898429,0.08099985122680664,0.6600000858306885
25,2,4,local_search,reopt_pwldr,65497.993956755745,65497.993956755745,0.08099985122680664,0.6600000858306885
25,2,5,black_box,obj_pwldr,67732.88074390023,67724.75611256223,0.0839998722076416,13.39300012588501
25,2,5,black_box,dr_pwldr,67711.42762398037,67702.00274136214,0.0839998722076416,13.39300012588501
25,2,5,black_box,reopt_pwldr,65497.993956755745,65497.993956755745,0.0839998722076416,13.39300012588501
25,2,5,local_search,obj_pwldr,67732.88074390023,67724.64242779877,0.0839998722076416,1.2070000171661377
25,2,5,local_search,dr_pwldr,67711.42762398037,67701.88244691567,0.0839998722076416,1.2070000171661377
25,2,5,local_search,reopt_pwldr,65497.993956755745,65497.993956755745,0.0839998722076416,1.2070000171661377
25,2,6,black_box,obj_pwldr,67740.17911809286,67724.98181858908,0.10000014305114746,17.3439998626709
25,2,6,black_box,dr_pwldr,67719.44449280607,67702.2716452344,0.10000014305114746,17.3439998626709
25,2,6,black_box,reopt_pwldr,65497.993956755745,65497.993956755745,0.10000014305114746,17.3439998626709
25,2,6,local_search,obj_pwldr,67740.17911809286,67724.98181858908,0.10000014305114746,1.6959998607635498
25,2,6,local_search,dr_pwldr,67719.44449280607,67702.2716452344,0.10000014305114746,1.6959998607635498
25,2,6,local_search,reopt_pwldr,65497.993956755745,65497.993956755745,0.10000014305114746,1.6959998607635498
25,2,7,black_box,obj_pwldr,67729.69515185198,67724.6289584277,0.1510000228881836,20.223000049591064
25,2,7,black_box,dr_pwldr,67707.55524429822,67701.86602269582,0.1510000228881836,20.223000049591064
25,2,7,black_box,reopt_pwldr,65497.993956755745,65497.993956755745,0.1510000228881836,20.223000049591064
25,2,7,local_search,obj_pwldr,67729.69515185198,67724.6289584277,0.1510000228881836,2.0320000648498535
25,2,7,local_search,dr_pwldr,67707.55524429822,67701.86602269582,0.1510000228881836,2.0320000648498535
25,2,7,local_search,reopt_pwldr,65497.993956755745,65497.993956755745,0.1510000228881836,2.0320000648498535
25,2,8,black_box,obj_pwldr,67730.57120575629,67724.62100229645,0.16499996185302734,23.54099988937378
25,2,8,black_box,dr_pwldr,67708.62885136754,67701.85683842114,0.16499996185302734,23.54099988937378
25,2,8,black_box,reopt_pwldr,65497.993956755745,65497.993956755745,0.16499996185302734,23.54099988937378
25,2,8,local_search,obj_pwldr,67730.57120575629,67724.62100229645,0.16499996185302734,2.550999879837036
25,2,8,local_search,dr_pwldr,67708.62885136754,67701.85683842114,0.16499996185302734,2.550999879837036
25,2,8,local_search,reopt_pwldr,65497.993956755745,65497.993956755745,0.16499996185302734,2.550999879837036
25,2,9,black_box,obj_pwldr,67732.05714438588,67724.62302849318,0.16900014877319336,27.40499997138977
25,2,9,black_box,dr_pwldr,67710.24606778118,67701.85906755373,0.16900014877319336,27.40499997138977
25,2,9,black_box,reopt_pwldr,65497.993956755745,65497.993956755745,0.16900014877319336,27.40499997138977
25,2,9,local_search,obj_pwldr,67732.05714438588,67724.62302849318,0.16900014877319336,2.8519999980926514
25,2,9,local_search,dr_pwldr,67710.24606778118,67701.85906755373,0.16900014877319336,2.8519999980926514
25,2,9,local_search,reopt_pwldr,65497.993956755745,65497.993956755745,0.16900014877319336,2.8519999980926514
25,2,10,black_box,obj_pwldr,67724.64362308022,67724.62494221315,0.19099998474121094,29.868000030517578
25,2,10,black_box,dr_pwldr,67701.88197620724,67701.86115092802,0.19099998474121094,29.868000030517578
25,2,10,black_box,reopt_pwldr,65497.993956755745,65497.993956755745,0.19099998474121094,29.868000030517578
25,2,10,local_search,obj_pwldr,67724.64362308022,67724.62494221315,0.19099998474121094,4.025000095367432
25,2,10,local_search,dr_pwldr,67701.88197620724,67701.86115092802,0.19099998474121094,4.025000095367432
25,2,10,local_search,reopt_pwldr,65497.993956755745,65497.993956755745,0.19099998474121094,4.025000095367432
25,3,1,black_box,obj_pwldr,67900.22041101457,67763.17148862605,0.01900005340576172,1.191999912261963
25,3,1,black_box,dr_pwldr,67883.51404009687,67744.1745209483,0.01900005340576172,1.191999912261963
25,3,1,black_box,reopt_pwldr,65497.993956755745,65497.993956755745,0.01900005340576172,1.191999912261963
25,3,1,local_search,obj_pwldr,67900.22041101457,67763.17148862605,0.01900005340576172,0.05299997329711914
25,3,1,local_search,dr_pwldr,67883.51404009687,67744.1745209483,0.01900005340576172,0.05299997329711914
25,3,1,local_search,reopt_pwldr,65497.993956755745,65497.993956755745,0.01900005340576172,0.05299997329711914
25,3,2,black_box,obj_pwldr,67788.62273091871,67763.1963576765,0.03099989891052246,1.7179999351501465
25,3,2,black_box,dr_pwldr,67771.73242899109,67744.2024101067,0.03099989891052246,1.7179999351501465
25,3,2,black_box,reopt_pwldr,65497.993956755745,65497.993956755745,0.03099989891052246,1.7179999351501465
25,3,2,local_search,obj_pwldr,67788.62273091871,67763.19635767648,0.03099989891052246,0.15400004386901855
25,3,2,local_search,dr_pwldr,67771.73242899109,67744.20241010669,0.03099989891052246,0.15400004386901855
25,3,2,local_search,reopt_pwldr,65497.993956755745,65497.993956755745,0.03099989891052246,0.15400004386901855
25,3,3,black_box,obj_pwldr,67805.99689738367,67763.34642930365,0.025999784469604492,2.001999855041504
25,3,3,black_box,dr_pwldr,67790.3832573084,67744.35763561938,0.025999784469604492,2.001999855041504
25,3,3,black_box,reopt_pwldr,65497.993956755745,65497.993956755745,0.025999784469604492,2.001999855041504
25,3,3,local_search,obj_pwldr,67805.99689738367,67763.34642930365,0.025999784469604492,0.10899996757507324
25,3,3,local_search,dr_pwldr,67790.3832573084,67744.35763561938,0.025999784469604492,0.10899996757507324
25,3,3,local_search,reopt_pwldr,65497.993956755745,65497.993956755745,0.025999784469604492,0.10899996757507324
25,3,4,black_box,obj_pwldr,67779.533710623,67763.29222209744,0.04900002479553223,2.5840001106262207
25,3,4,black_box,dr_pwldr,67761.02642951583,67744.29843922668,0.04900002479553223,2.5840001106262207
25,3,4,black_box,reopt_pwldr,65497.993956755745,65497.993956755745,0.04900002479553223,2.5840001106262207
25,3,4,local_search,obj_pwldr,67779.533710623,67763.29222209744,0.04900002479553223,0.3259999752044678
25,3,4,local_search,dr_pwldr,67761.02642951583,67744.29843922668,0.04900002479553223,0.3259999752044678
25,3,4,local_search,reopt_pwldr,65497.993956755745,65497.993956755745,0.04900002479553223,0.3259999752044678
25,3,5,black_box,obj_pwldr,67774.5890595067,67763.17441981334,0.04800009727478027,3.250999927520752
25,3,5,black_box,dr_pwldr,67756.83110801801,67744.18617844408,0.04800009727478027,3.250999927520752
25,3,5,black_box,reopt_pwldr,65497.993956755745,65497.993956755745,0.04800009727478027,3.250999927520752
25,3,5,local_search,obj_pwldr,67774.5890595067,67763.17441981334,0.04800009727478027,0.21700000762939453
25,3,5,local_search,dr_pwldr,67756.83110801801,67744.1861784441,0.04800009727478027,0.21700000762939453
25,3,5,local_search,reopt_pwldr,65497.993956755745,65497.993956755745,0.04800009727478027,0.21700000762939453
25,3,6,black_box,obj_pwldr,67777.11184068849,67763.1755937281,0.03800010681152344,3.5230000019073486
25,3,6,black_box,dr_pwldr,67759.64373884648,67744.1893984288,0.03800010681152344,3.5230000019073486
25,3,6,black_box,reopt_pwldr,65497.993956755745,65497.993956755745,0.03800010681152344,3.5230000019073486
25,3,6,local_search,obj_pwldr,67777.11184068849,67763.1755937281,0.03800010681152344,0.3019998073577881
25,3,6,local_search,dr_pwldr,67759.64373884648,67744.1893984288,0.03800010681152344,0.3019998073577881
25,3,6,local_search,reopt_pwldr,65497.993956755745,65497.993956755745,0.03800010681152344,0.3019998073577881
25,3,7,black_box,obj_pwldr,67766.65313863744,67763.15185287734,0.039999961853027344,3.8380000591278076
25,3,7,black_box,dr_pwldr,67747.76293790917,67744.15597877368,0.039999961853027344,3.8380000591278076
25,3,7,black_box,reopt_pwldr,65497.993956755745,65497.993956755745,0.039999961853027344,3.8380000591278076
25,3,7,local_search,obj_pwldr,67766.65313863744,67763.15185287736,0.039999961853027344,0.4440000057220459
25,3,7,local_search,dr_pwldr,67747.76293790917,67744.15597877369,0.039999961853027344,0.4440000057220459
25,3,7,local_search,reopt_pwldr,65497.993956755745,65497.993956755745,0.039999961853027344,0.4440000057220459
25,3,8,black_box,obj_pwldr,67769.91116903603,67763.28074545793,0.04400014877319336,4.335999965667725
25,3,8,black_box,dr_pwldr,67751.7787887217,67744.28686890959,0.04400014877319336,4.335999965667725
25,3,8,black_box,reopt_pwldr,65497.993956755745,65497.993956755745,0.04400014877319336,4.335999965667725
25,3,8,local_search,obj_pwldr,67769.91116903603,67763.28074545793,0.04400014877319336,0.44299983978271484
25,3,8,local_search,dr_pwldr,67751.7787887217,67744.28686890962,0.04400014877319336,0.44299983978271484
25,3,8,local_search,reopt_pwldr,65497.993956755745,65497.993956755745,0.04400014877319336,0.44299983978271484
25,3,9,black_box,obj_pwldr,67769.51007015035,67763.14792736302,0.04900002479553223,4.989000082015991
25,3,9,black_box,dr_pwldr,67751.14758335499,67744.1524652041,0.04900002479553223,4.989000082015991
25,3,9,black_box,reopt_pwldr,65497.993956755745,65497.993956755745,0.04900002479553223,4.989000082015991
25,3,9,local_search,obj_pwldr,67769.51007015035,67763.13172007725,0.04900002479553223,0.8689999580383301
25,3,9,local_search,dr_pwldr,67751.14758335499,67744.13743430335,0.04900002479553223,0.8689999580383301
25,3,9,local_search,reopt_pwldr,65497.993956755745,65497.993956755745,0.04900002479553223,0.8689999580383301
25,3,10,black_box,obj_pwldr,67763.15137405062,67763.11860195245,0.05299997329711914,5.692999839782715
25,3,10,black_box,dr_pwldr,67744.16199119268,67744.12355785354,0.05299997329711914,5.692999839782715
25,3,10,black_box,reopt_pwldr,65497.993956755745,65497.993956755774,0.05299997329711914,5.692999839782715
25,3,10,local_search,obj_pwldr,67763.15137405062,67763.11860195245,0.05299997329711914,0.6640000343322754
25,3,10,local_search,dr_pwldr,67744.16199119268,67744.12355785354,0.05299997329711914,0.6640000343322754
25,3,10,local_search,reopt_pwldr,65497.993956755745,65497.993956755745,0.05299997329711914,0.6640000343322754
25,4,1,black_box,obj_pwldr,67691.79978145057,67535.27120928679,0.019999980926513672,1.4079999923706055
25,4,1,black_box,dr_pwldr,67686.05737602092,67527.27426188008,0.019999980926513672,1.4079999923706055
25,4,1,black_box,reopt_pwldr,65497.993956755745,65497.993956755745,0.019999980926513672,1.4079999923706055
25,4,1,local_search,obj_pwldr,67691.79978145057,67535.27120928679,0.019999980926513672,0.05799984931945801
25,4,1,local_search,dr_pwldr,67686.05737602092,67527.27426188008,0.019999980926513672,0.05799984931945801
25,4,1,local_search,reopt_pwldr,65497.993956755745,65497.993956755745,0.019999980926513672,0.05799984931945801
25,4,2,black_box,obj_pwldr,67580.02435574513,67530.84823112527,0.037999868392944336,1.7790000438690186
25,4,2,black_box,dr_pwldr,67573.47610151816,67522.96603525242,0.037999868392944336,1.7790000438690186
25,4,2,black_box,reopt_pwldr,65497.993956755745,65497.993956755745,0.037999868392944336,1.7790000438690186
25,4,2,local_search,obj_pwldr,67580.02435574513,67530.84823112527,0.037999868392944336,0.08999991416931152
25,4,2,local_search,dr_pwldr,67573.47610151816,67522.96603525242,0.037999868392944336,0.08999991416931152
25,4,2,local_search,reopt_pwldr,65497.993956755745,65497.993956755745,0.037999868392944336,0.08999991416931152
25,4,3,black_box,obj_pwldr,67601.97611963871,67530.79887129665,0.03899979591369629,2.2230000495910645
25,4,3,black_box,dr_pwldr,67597.04858261615,67522.9186276044,0.03899979591369629,2.2230000495910645
25,4,3,black_box,reopt_pwldr,65497.993956755745,65497.993956755745,0.03899979591369629,2.2230000495910645
25,4,3,local_search,obj_pwldr,67601.97611963871,67530.79887129665,0.03899979591369629,0.12400007247924805
25,4,3,local_search,dr_pwldr,67597.04858261615,67522.9186276044,0.03899979591369629,0.12400007247924805
25,4,3,local_search,reopt_pwldr,65497.993956755745,65497.993956755745,0.03899979591369629,0.12400007247924805
25,4,4,black_box,obj_pwldr,67553.112537784,67531.50606318576,0.0409998893737793,2.564000129699707
25,4,4,black_box,dr_pwldr,67545.34584696,67523.69853722231,0.0409998893737793,2.564000129699707
25,4,4,black_box,reopt_pwldr,65497.993956755745,65497.993956755745,0.0409998893737793,2.564000129699707
25,4,4,local_search,obj_pwldr,67553.112537784,67531.41782384046,0.0409998893737793,0.21700000762939453
25,4,4,local_search,dr_pwldr,67545.34584696,67523.62428683776,0.0409998893737793,0.21700000762939453
25,4,4,local_search,reopt_pwldr,65497.993956755745,65497.993956755745,0.0409998893737793,0.21700000762939453
25,4,5,black_box,obj_pwldr,67551.76959476424,67530.9625437716,0.04800009727478027,3.3550000190734863
25,4,5,black_box,dr_pwldr,67545.47425776528,67523.10180155968,0.04800009727478027,3.3550000190734863
25,4,5,black_box,reopt_pwldr,65497.993956755745,65497.993956755745,0.04800009727478027,3.3550000190734863
25,4,5,local_search,obj_pwldr,67551.76959476424,67530.83741976797,0.04800009727478027,0.3900001049041748
25,4,5,local_search,dr_pwldr,67545.47425776528,67522.95901751086,0.04800009727478027,0.3900001049041748
25,4,5,local_search,reopt_pwldr,65497.993956755745,65497.993956755745,0.04800009727478027,0.3900001049041748
25,4,6,black_box,obj_pwldr,67553.31793646641,67531.16376688845,0.0559999942779541,3.6579999923706055
25,4,6,black_box,dr_pwldr,67546.48971203862,67523.27118001817,0.0559999942779541,3.6579999923706055
25,4,6,black_box,reopt_pwldr,65497.993956755745,65497.993956755745,0.0559999942779541,3.6579999923706055
25,4,6,local_search,obj_pwldr,67553.31793646641,67531.16376688845,0.0559999942779541,0.32700014114379883
25,4,6,local_search,dr_pwldr,67546.48971203862,67523.27118001817,0.0559999942779541,0.32700014114379883
25,4,6,local_search,reopt_pwldr,65497.993956755745,65497.993956755745,0.0559999942779541,0.32700014114379883
25,4,7,black_box,obj_pwldr,67535.79743494924,67530.83408759857,0.04699993133544922,4.9070000648498535
25,4,7,black_box,dr_pwldr,67527.97679178424,67522.95251953251,0.04699993133544922,4.9070000648498535
25,4,7,black_box,reopt_pwldr,65497.993956755745,65497.993956755745,0.04699993133544922,4.9070000648498535
25,4,7,local_search,obj_pwldr,67535.79743494924,67530.83408759857,0.04699993133544922,0.49499988555908203
25,4,7,local_search,dr_pwldr,67527.97679178424,67522.95251953251,0.04699993133544922,0.49499988555908203
25,4,7,local_search,reopt_pwldr,65497.993956755745,65497.993956755745,0.04699993133544922,0.49499988555908203
25,4,8,black_box,obj_pwldr,67542.62081849128,67530.80325043022,0.04800009727478027,4.98799991607666
25,4,8,black_box,dr_pwldr,67535.83189772394,67522.92331066699,0.04800009727478027,4.98799991607666
25,4,8,black_box,reopt_pwldr,65497.993956755745,65497.993956755745,0.04800009727478027,4.98799991607666
25,4,8,local_search,obj_pwldr,67542.62081849128,67530.79734088774,0.04800009727478027,0.8470001220703125
25,4,8,local_search,dr_pwldr,67535.83189772394,67522.91551015843,0.04800009727478027,0.8470001220703125
25,4,8,local_search,reopt_pwldr,65497.993956755745,65497.993956755745,0.04800009727478027,0.8470001220703125
25,4,9,black_box,obj_pwldr,67540.91176819125,67530.88749075268,0.06300020217895508,6.252000093460083
25,4,9,black_box,dr_pwldr,67533.7294424416,67523.0132493501,0.06300020217895508,6.252000093460083
25,4,9,black_box,reopt_pwldr,65497.993956755745,65497.993956755745,0.06300020217895508,6.252000093460083
25,4,9,local_search,obj_pwldr,67540.91176819125,67530.86746908067,0.06300020217895508,0.7290000915527344
25,4,9,local_search,dr_pwldr,67533.7294424416,67522.9847693603,0.06300020217895508,0.7290000915527344
25,4,9,local_search,reopt_pwldr,65497.993956755745,65497.993956755745,0.06300020217895508,0.7290000915527344
25,4,10,black_box,obj_pwldr,67530.85008556799,67530.79361560983,0.05200004577636719,6.309000015258789
25,4,10,black_box,dr_pwldr,67522.97544818463,67522.91364118012,0.05200004577636719,6.309000015258789
25,4,10,black_box,reopt_pwldr,65497.993956755745,65497.993956755745,0.05200004577636719,6.309000015258789
25,4,10,local_search,obj_pwldr,67530.85008556799,67530.79361560981,0.05200004577636719,0.7709999084472656
25,4,10,local_search,dr_pwldr,67522.97544818463,67522.91364118012,0.05200004577636719,0.7709999084472656
25,4,10,local_search,reopt_pwldr,65497.993956755745,65497.993956755745,0.05200004577636719,0.7709999084472656
26,1,1,black_box,obj_pwldr,94232.90907420592,93997.21625308416,0.02500009536743164,1.313999891281128
26,1,1,black_box,dr_pwldr,94206.99652896196,93983.9122015153,0.02500009536743164,1.313999891281128
26,1,1,black_box,reopt_pwldr,91883.6767428786,91883.6767428786,0.02500009536743164,1.313999891281128
26,1,1,local_search,obj_pwldr,94232.90907420592,93997.21625308426,0.02500009536743164,0.05900001525878906
26,1,1,local_search,dr_pwldr,94206.99652896196,93983.91220151537,0.02500009536743164,0.05900001525878906
26,1,1,local_search,reopt_pwldr,91883.6767428786,91883.67674287867,0.02500009536743164,0.05900001525878906
26,1,2,black_box,obj_pwldr,94098.29050397426,93998.37530262562,0.031999826431274414,1.6299998760223389
26,1,2,black_box,dr_pwldr,94080.61314243829,93985.0435836108,0.031999826431274414,1.6299998760223389
26,1,2,black_box,reopt_pwldr,91883.6767428786,91883.6767428786,0.031999826431274414,1.6299998760223389
26,1,2,local_search,obj_pwldr,94098.29050397426,93997.97573236721,0.031999826431274414,0.22099995613098145
26,1,2,local_search,dr_pwldr,94080.61314243829,93984.72696417506,0.031999826431274414,0.22099995613098145
26,1,2,local_search,reopt_pwldr,91883.6767428786,91883.6767428786,0.031999826431274414,0.22099995613098145
26,1,3,black_box,obj_pwldr,94035.98944952307,93997.25785595877,0.029999971389770508,2.11299991607666
26,1,3,black_box,dr_pwldr,94022.41669349743,93983.9497057471,0.029999971389770508,2.11299991607666
26,1,3,black_box,reopt_pwldr,91883.6767428786,91883.6767428786,0.029999971389770508,2.11299991607666
26,1,3,local_search,obj_pwldr,94035.98944952307,93997.25785595879,0.029999971389770508,0.12599992752075195
26,1,3,local_search,dr_pwldr,94022.41669349743,93983.9497057471,0.029999971389770508,0.12599992752075195
26,1,3,local_search,reopt_pwldr,91883.6767428786,91883.6767428786,0.029999971389770508,0.12599992752075195
26,1,4,black_box,obj_pwldr,94000.6134806162,93997.45053620411,0.0409998893737793,2.5769999027252197
26,1,4,black_box,dr_pwldr,93987.23555009994,93984.12940826222,0.0409998893737793,2.5769999027252197
26,1,4,black_box,reopt_pwldr,91883.6767428786,91883.6767428786,0.0409998893737793,2.5769999027252197
26,1,4,local_search,obj_pwldr,94000.6134806162,93997.45053620411,0.0409998893737793,0.20200014114379883
26,1,4,local_search,dr_pwldr,93987.23555009994,93984.12940826222,0.0409998893737793,0.20200014114379883
26,1,4,local_search,reopt_pwldr,91883.6767428786,91883.6767428786,0.0409998893737793,0.20200014114379883
26,1,5,black_box,obj_pwldr,94012.95506867001,93997.26242467377,0.03299999237060547,3.0759999752044678
26,1,5,black_box,dr_pwldr,93998.92372636529,93983.9632463268,0.03299999237060547,3.0759999752044678
26,1,5,black_box,reopt_pwldr,91883.6767428786,91883.6767428786,0.03299999237060547,3.0759999752044678
26,1,5,local_search,obj_pwldr,94012.95506867001,93997.26242467377,0.03299999237060547,0.20000004768371582
26,1,5,local_search,dr_pwldr,93998.92372636529,93983.9632463268,0.03299999237060547,0.20000004768371582
26,1,5,local_search,reopt_pwldr,91883.6767428786,91883.6767428786,0.03299999237060547,0.20000004768371582
26,1,6,black_box,obj_pwldr,94015.71277532239,93997.2660270656,0.04900002479553223,3.5409998893737793
26,1,6,black_box,dr_pwldr,94002.15454151956,93983.96574343475,0.04900002479553223,3.5409998893737793
26,1,6,black_box,reopt_pwldr,91883.6767428786,91883.6767428786,0.04900002479553223,3.5409998893737793
26,1,6,local_search,obj_pwldr,94015.71277532239,93997.2660270656,0.04900002479553223,0.3020000457763672
26,1,6,local_search,dr_pwldr,94002.15454151956,93983.96574343475,0.04900002479553223,0.3020000457763672
26,1,6,local_search,reopt_pwldr,91883.6767428786,91883.6767428786,0.04900002479553223,0.3020000457763672
26,1,7,black_box,obj_pwldr,94011.94413103972,93997.20850635789,0.046000003814697266,4.131999969482422
26,1,7,black_box,dr_pwldr,93998.88814740394,93983.90492780211,0.046000003814697266,4.131999969482422
26,1,7,black_box,reopt_pwldr,91883.6767428786,91883.6767428786,0.046000003814697266,4.131999969482422
26,1,7,local_search,obj_pwldr,94011.94413103972,93997.20850635789,0.046000003814697266,0.3880000114440918
26,1,7,local_search,dr_pwldr,93998.88814740394,93983.90492780211,0.046000003814697266,0.3880000114440918
26,1,7,local_search,reopt_pwldr,91883.6767428786,91883.6767428786,0.046000003814697266,0.3880000114440918
26,1,8,black_box,obj_pwldr,94005.78406191655,93997.21630194731,0.06299996376037598,4.613000154495239
26,1,8,black_box,dr_pwldr,93992.62855352726,93983.91431078366,0.06299996376037598,4.613000154495239
26,1,8,black_box,reopt_pwldr,91883.6767428786,91883.6767428786,0.06299996376037598,4.613000154495239
26,1,8,local_search,obj_pwldr,94005.78406191655,93997.21630194731,0.06299996376037598,0.49200010299682617
26,1,8,local_search,dr_pwldr,93992.62855352726,93983.91431078366,0.06299996376037598,0.49200010299682617
26,1,8,local_search,reopt_pwldr,91883.6767428786,91883.6767428786,0.06299996376037598,0.49200010299682617
26,1,9,black_box,obj_pwldr,93998.94234576283,93997.2028999556,0.046000003814697266,5.33899998664856
26,1,9,black_box,dr_pwldr,93985.63034946333,93983.8978853155,0.046000003814697266,5.33899998664856
26,1,9,black_box,reopt_pwldr,91883.67674287857,91883.6767428786,0.046000003814697266,5.33899998664856
26,1,9,local_search,obj_pwldr,93998.94234576283,93997.2028999556,0.046000003814697266,1.2950000762939453
26,1,9,local_search,dr_pwldr,93985.63034946333,93983.8978853155,0.046000003814697266,1.2950000762939453
26,1,9,local_search,reopt_pwldr,91883.67674287857,91883.6767428786,0.046000003814697266,1.2950000762939453
26,1,10,black_box,obj_pwldr,94001.25712693125,93997.27863452348,0.0690000057220459,6.125999927520752
26,1,10,black_box,dr_pwldr,93987.92017435723,93983.97477751528,0.0690000057220459,6.125999927520752
26,1,10,black_box,reopt_pwldr,91883.6767428786,91883.6767428786,0.0690000057220459,6.125999927520752
26,1,10,local_search,obj_pwldr,94001.25712693125,93997.19790191493,0.0690000057220459,0.8340001106262207
26,1,10,local_search,dr_pwldr,93987.92017435723,93983.89396563247,0.0690000057220459,0.8340001106262207
26,1,10,local_search,reopt_pwldr,91883.6767428786,91883.6767428786,0.0690000057220459,0.8340001106262207
26,2,1,black_box,obj_pwldr,94264.04010861782,94038.09828871723,0.023999929428100586,1.194000005722046
26,2,1,black_box,dr_pwldr,94238.15731859009,94004.88498990987,0.023999929428100586,1.194000005722046
26,2,1,black_box,reopt_pwldr,91883.6767428786,91883.6767428786,0.023999929428100586,1.194000005722046
26,2,1,local_search,obj_pwldr,94264.04010861782,94030.39064988481,0.023999929428100586,0.08899998664855957
26,2,1,local_search,dr_pwldr,94238.15731859009,93997.60969112675,0.023999929428100586,0.08899998664855957
26,2,1,local_search,reopt_pwldr,91883.6767428786,91883.6767428786,0.023999929428100586,0.08899998664855957
26,2,2,black_box,obj_pwldr,94134.77269682402,94027.75876872327,0.021000146865844727,1.559999942779541
26,2,2,black_box,dr_pwldr,94100.23705691834,93995.18771355483,0.021000146865844727,1.559999942779541
26,2,2,black_box,reopt_pwldr,91883.6767428786,91883.6767428786,0.021000146865844727,1.559999942779541
26,2,2,local_search,obj_pwldr,94134.77269682402,94027.75876872327,0.021000146865844727,0.07599997520446777
26,2,2,local_search,dr_pwldr,94100.23705691834,93995.18771355483,0.021000146865844727,0.07599997520446777
26,2,2,local_search,reopt_pwldr,91883.6767428786,91883.6767428786,0.021000146865844727,0.07599997520446777
26,2,3,black_box,obj_pwldr,94070.13899092712,94027.7133639931,0.03000020980834961,2.0940001010894775
26,2,3,black_box,dr_pwldr,94034.8533624506,93995.089613236,0.03000020980834961,2.0940001010894775
26,2,3,black_box,reopt_pwldr,91883.6767428786,91883.67674287857,0.03000020980834961,2.0940001010894775
26,2,3,local_search,obj_pwldr,94070.13899092712,94027.7133639931,0.03000020980834961,0.11299991607666016
26,2,3,local_search,dr_pwldr,94034.8533624506,93995.089613236,0.03000020980834961,0.11299991607666016
26,2,3,local_search,reopt_pwldr,91883.6767428786,91883.67674287857,0.03000020980834961,0.11299991607666016
26,2,4,black_box,obj_pwldr,94031.35876738897,94027.82146733959,0.029000043869018555,2.6469998359680176
26,2,4,black_box,dr_pwldr,93998.52921365283,93995.19951994317,0.029000043869018555,2.6469998359680176
26,2,4,black_box,reopt_pwldr,91883.6767428786,91883.67674287863,0.029000043869018555,2.6469998359680176
26,2,4,local_search,obj_pwldr,94031.35876738897,94027.82146733959,0.029000043869018555,0.19900012016296387
26,2,4,local_search,dr_pwldr,93998.52921365283,93995.19951994317,0.029000043869018555,0.19900012016296387
26,2,4,local_search,reopt_pwldr,91883.6767428786,91883.67674287863,0.029000043869018555,0.19900012016296387
26,2,5,black_box,obj_pwldr,94043.1181040987,94027.90532651482,0.039999961853027344,3.0349998474121094
26,2,5,black_box,dr_pwldr,94010.9757218518,93995.31448105135,0.039999961853027344,3.0349998474121094
26,2,5,black_box,reopt_pwldr,91883.6767428786,91883.6767428786,0.039999961853027344,3.0349998474121094
26,2,5,local_search,obj_pwldr,94043.1181040987,94027.69788389289,0.039999961853027344,0.44900012016296387
26,2,5,local_search,dr_pwldr,94010.9757218518,93995.10544658625,0.039999961853027344,0.44900012016296387
26,2,5,local_search,reopt_pwldr,91883.6767428786,91883.6767428786,0.039999961853027344,0.44900012016296387
26,2,6,black_box,obj_pwldr,94046.32974514113,94027.59175678814,0.037999868392944336,3.3259999752044678
26,2,6,black_box,dr_pwldr,94013.43343716748,93994.98972327818,0.037999868392944336,3.3259999752044678
26,2,6,black_box,reopt_pwldr,91883.6767428786,91883.6767428786,0.037999868392944336,3.3259999752044678
26,2,6,local_search,obj_pwldr,94046.32974514113,94027.59175678814,0.037999868392944336,0.2669999599456787
26,2,6,local_search,dr_pwldr,94013.43343716748,93994.98972327818,0.037999868392944336,0.2669999599456787
26,2,6,local_search,reopt_pwldr,91883.6767428786,91883.6767428786,0.037999868392944336,0.2669999599456787
26,2,7,black_box,obj_pwldr,94042.82092223044,94027.90695317325,0.0559999942779541,3.8910000324249268
26,2,7,black_box,dr_pwldr,94009.23692237359,93995.28126545368,0.0559999942779541,3.8910000324249268
26,2,7,black_box,reopt_pwldr,91883.67674287857,91883.6767428786,0.0559999942779541,3.8910000324249268
26,2,7,local_search,obj_pwldr,94042.82092223044,94027.58118331444,0.0559999942779541,0.7049999237060547
26,2,7,local_search,dr_pwldr,94009.23692237359,93994.97466404707,0.0559999942779541,0.7049999237060547
26,2,7,local_search,reopt_pwldr,91883.67674287857,91883.6767428786,0.0559999942779541,0.7049999237060547
26,2,8,black_box,obj_pwldr,94036.58513925996,94027.7262132137,0.043000221252441406,4.41700005531311
26,2,8,black_box,dr_pwldr,94003.24659137179,93995.1020957593,0.043000221252441406,4.41700005531311
26,2,8,black_box,reopt_pwldr,91883.6767428786,91883.6767428786,0.043000221252441406,4.41700005531311
26,2,8,local_search,obj_pwldr,94036.58513925996,94027.7262132137,0.043000221252441406,0.4830000400543213
26,2,8,local_search,dr_pwldr,94003.24659137179,93995.1020957593,0.043000221252441406,0.4830000400543213
26,2,8,local_search,reopt_pwldr,91883.6767428786,91883.6767428786,0.043000221252441406,0.4830000400543213
26,2,9,black_box,obj_pwldr,94029.3872928384,94027.56121206518,0.046000003814697266,4.927999973297119
26,2,9,black_box,dr_pwldr,93996.63433625143,93994.98312981255,0.046000003814697266,4.927999973297119
26,2,9,black_box,reopt_pwldr,91883.6767428786,91883.6767428786,0.046000003814697266,4.927999973297119
26,2,9,local_search,obj_pwldr,94029.3872928384,94027.56121206518,0.046000003814697266,0.556999921798706
26,2,9,local_search,dr_pwldr,93996.63433625143,93994.98312981255,0.046000003814697266,0.556999921798706
26,2,9,local_search,reopt_pwldr,91883.6767428786,91883.6767428786,0.046000003814697266,0.556999921798706
26,2,10,black_box,obj_pwldr,94031.5987774008,94027.55927349282,0.04999995231628418,5.4720001220703125
26,2,10,black_box,dr_pwldr,93998.89121600498,93994.9678066835,0.04999995231628418,5.4720001220703125
26,2,10,black_box,reopt_pwldr,91883.6767428786,91883.6767428786,0.04999995231628418,5.4720001220703125
26,2,10,local_search,obj_pwldr,94031.5987774008,94027.55927349282,0.04999995231628418,0.6840000152587891
26,2,10,local_search,dr_pwldr,93998.89121600498,93994.9678066835,0.04999995231628418,0.6840000152587891
26,2,10,local_search,reopt_pwldr,91883.6767428786,91883.6767428786,0.04999995231628418,0.6840000152587891
26,3,1,black_box,obj_pwldr,94103.41520340834,93901.64553190871,0.023999929428100586,1.2669999599456787
26,3,1,black_box,dr_pwldr,94085.03528151443,93878.96242394976,0.023999929428100586,1.2669999599456787
26,3,1,black_box,reopt_pwldr,91883.6767428786,91883.6767428786,0.023999929428100586,1.2669999599456787
26,3,1,local_search,obj_pwldr,94103.41520340834,93901.64553190873,0.023999929428100586,0.05000019073486328
26,3,1,local_search,dr_pwldr,94085.03528151443,93878.96242394978,0.023999929428100586,0.05000019073486328
26,3,1,local_search,reopt_pwldr,91883.6767428786,91883.6767428786,0.023999929428100586,0.05000019073486328
26,3,2,black_box,obj_pwldr,93959.33222102624,93902.36849480159,0.029999971389770508,1.7309999465942383
26,3,2,black_box,dr_pwldr,93938.47315639564,93879.66921979809,0.029999971389770508,1.7309999465942383
26,3,2,black_box,reopt_pwldr,91883.6767428786,91883.6767428786,0.029999971389770508,1.7309999465942383
26,3,2,local_search,obj_pwldr,93959.33222102624,93902.36849480157,0.029999971389770508,0.08500003814697266
26,3,2,local_search,dr_pwldr,93938.47315639564,93879.66921979809,0.029999971389770508,0.08500003814697266
26,3,2,local_search,reopt_pwldr,91883.6767428786,91883.6767428786,0.029999971389770508,0.08500003814697266
26,3,3,black_box,obj_pwldr,93918.5684730198,93901.52510807972,0.04900002479553223,2.068000078201294
26,3,3,black_box,dr_pwldr,93896.14767750261,93878.85602102481,0.04900002479553223,2.068000078201294
26,3,3,black_box,reopt_pwldr,91883.6767428786,91883.6767428786,0.04900002479553223,2.068000078201294
26,3,3,local_search,obj_pwldr,93918.5684730198,93901.35770265758,0.04900002479553223,0.17100000381469727
26,3,3,local_search,dr_pwldr,93896.14767750261,93878.67738145517,0.04900002479553223,0.17100000381469727
26,3,3,local_search,reopt_pwldr,91883.6767428786,91883.6767428786,0.04900002479553223,0.17100000381469727
26,3,4,black_box,obj_pwldr,93902.57936855084,93901.44658018215,0.03299999237060547,2.5980000495910645
26,3,4,black_box,dr_pwldr,93879.87074838749,93878.77419799555,0.03299999237060547,2.5980000495910645
26,3,4,black_box,reopt_pwldr,91883.6767428786,91883.6767428786,0.03299999237060547,2.5980000495910645
26,3,4,local_search,obj_pwldr,93902.57936855084,93901.28919135658,0.03299999237060547,0.23099994659423828
26,3,4,local_search,dr_pwldr,93879.87074838749,93878.60554045365,0.03299999237060547,0.23099994659423828
26,3,4,local_search,reopt_pwldr,91883.6767428786,91883.6767428786,0.03299999237060547,0.23099994659423828
26,3,5,black_box,obj_pwldr,93913.51728454696,93901.48849043241,0.04200005531311035,3.125999927520752
26,3,5,black_box,dr_pwldr,93891.41352658141,93878.80882989835,0.04200005531311035,3.125999927520752
26,3,5,black_box,reopt_pwldr,91883.6767428786,91883.6767428786,0.04200005531311035,3.125999927520752
26,3,5,local_search,obj_pwldr,93913.51728454696,93901.48849043241,0.04200005531311035,0.23800015449523926
26,3,5,local_search,dr_pwldr,93891.41352658141,93878.80882989835,0.04200005531311035,0.23800015449523926
26,3,5,local_search,reopt_pwldr,91883.6767428786,91883.6767428786,0.04200005531311035,0.23800015449523926
26,3,6,black_box,obj_pwldr,93913.4730672382,93901.41012499214,0.059999942779541016,3.610999822616577
26,3,6,black_box,dr_pwldr,93891.28765063049,93878.73282237638,0.059999942779541016,3.610999822616577
26,3,6,black_box,reopt_pwldr,91883.6767428786,91883.6767428786,0.059999942779541016,3.610999822616577
26,3,6,local_search,obj_pwldr,93913.4730672382,93901.41012499214,0.059999942779541016,0.3250000476837158
26,3,6,local_search,dr_pwldr,93891.28765063049,93878.73282237638,0.059999942779541016,0.3250000476837158
26,3,6,local_search,reopt_pwldr,91883.6767428786,91883.6767428786,0.059999942779541016,0.3250000476837158
26,3,7,black_box,obj_pwldr,93909.78276540252,93901.29174756726,0.04499983787536621,4.218999862670898
26,3,7,black_box,dr_pwldr,93887.2137600331,93878.60896302866,0.04499983787536621,4.218999862670898
26,3,7,black_box,reopt_pwldr,91883.6767428786,91883.6767428786,0.04499983787536621,4.218999862670898
26,3,7,local_search,obj_pwldr,93909.78276540252,93901.29174756726,0.04499983787536621,0.3819999694824219
26,3,7,local_search,dr_pwldr,93887.2137600331,93878.60896302866,0.04499983787536621,0.3819999694824219
26,3,7,local_search,reopt_pwldr,91883.6767428786,91883.6767428786,0.04499983787536621,0.3819999694824219
26,3,8,black_box,obj_pwldr,93905.7251651352,93901.2968501545,0.04799985885620117,4.765000104904175
26,3,8,black_box,dr_pwldr,93883.0209762262,93878.61282747691,0.04799985885620117,4.765000104904175
26,3,8,black_box,reopt_pwldr,91883.6767428786,91883.6767428786,0.04799985885620117,4.765000104904175
26,3,8,local_search,obj_pwldr,93905.7251651352,93901.2968501545,0.04799985885620117,0.5119998455047607
26,3,8,local_search,dr_pwldr,93883.0209762262,93878.61282747691,0.04799985885620117,0.5119998455047607
26,3,8,local_search,reopt_pwldr,91883.6767428786,91883.6767428786,0.04799985885620117,0.5119998455047607
26,3,9,black_box,obj_pwldr,93902.10888724783,93901.28946143149,0.06099987030029297,5.924999952316284
26,3,9,black_box,dr_pwldr,93879.39013389834,93878.60514173555,0.06099987030029297,5.924999952316284
26,3,9,black_box,reopt_pwldr,91883.6767428786,91883.6767428786,0.06099987030029297,5.924999952316284
26,3,9,local_search,obj_pwldr,93902.10888724783,93901.28946143149,0.06099987030029297,0.6529998779296875
26,3,9,local_search,dr_pwldr,93879.39013389834,93878.60514173555,0.06099987030029297,0.6529998779296875
26,3,9,local_search,reopt_pwldr,91883.6767428786,91883.6767428786,0.06099987030029297,0.6529998779296875
26,3,10,black_box,obj_pwldr,93904.09462520004,93901.38579793149,0.07299995422363281,6.252000093460083
26,3,10,black_box,dr_pwldr,93881.59769228987,93878.70348193818,0.07299995422363281,6.252000093460083
26,3,10,black_box,reopt_pwldr,91883.67674287857,91883.6767428786,0.07299995422363281,6.252000093460083
26,3,10,local_search,obj_pwldr,93904.09462520004,93901.32991680368,0.07299995422363281,1.2039999961853027
26,3,10,local_search,dr_pwldr,93881.59769228987,93878.65044955738,0.07299995422363281,1.2039999961853027
26,3,10,local_search,reopt_pwldr,91883.67674287857,91883.6767428786,0.07299995422363281,1.2039999961853027
26,4,1,black_box,obj_pwldr,94261.92976555054,93947.117306605,0.024000167846679688,2.3219997882843018
26,4,1,black_box,dr_pwldr,94236.34789028796,93912.79918077815,0.024000167846679688,2.3219997882843018
26,4,1,black_box,reopt_pwldr,91883.6767428786,91883.6767428786,0.024000167846679688,2.3219997882843018
26,4,1,local_search,obj_pwldr,94261.92976555054,93947.117306605,0.024000167846679688,0.1359999179840088
26,4,1,local_search,dr_pwldr,94236.34789028796,93912.79918077815,0.024000167846679688,0.1359999179840088
26,4,1,local_search,reopt_pwldr,91883.6767428786,91883.6767428786,0.024000167846679688,0.1359999179840088
26,4,2,black_box,obj_pwldr,94092.56445531767,93946.34479086049,0.03500008583068848,4.233999967575073
26,4,2,black_box,dr_pwldr,94060.2039204925,93912.12831952266,0.03500008583068848,4.233999967575073
26,4,2,black_box,reopt_pwldr,91883.6767428786,91883.6767428786,0.03500008583068848,4.233999967575073
26,4,2,local_search,obj_pwldr,94092.56445531767,93944.8459165046,0.03500008583068848,0.48000001907348633
26,4,2,local_search,dr_pwldr,94060.2039204925,93910.6342687362,0.03500008583068848,0.48000001907348633
26,4,2,local_search,reopt_pwldr,91883.6767428786,91883.6767428786,0.03500008583068848,0.48000001907348633
26,4,3,black_box,obj_pwldr,93995.30782961308,93943.81642682802,0.04999995231628418,6.906000137329102
26,4,3,black_box,dr_pwldr,93959.48010039,93909.6498835626,0.04999995231628418,6.906000137329102
26,4,3,black_box,reopt_pwldr,91883.6767428786,91883.6767428786,0.04999995231628418,6.906000137329102
26,4,3,local_search,obj_pwldr,93995.30782961308,93943.81642682802,0.04999995231628418,0.39100003242492676
26,4,3,local_search,dr_pwldr,93959.48010039,93909.6498835626,0.04999995231628418,0.39100003242492676
26,4,3,local_search,reopt_pwldr,91883.6767428786,91883.6767428786,0.04999995231628418,0.39100003242492676
26,4,4,black_box,obj_pwldr,93947.79471256696,93944.4427595767,0.08899998664855957,10.009000062942505
26,4,4,black_box,dr_pwldr,93913.45244569764,93910.24738837028,0.08899998664855957,10.009000062942505
26,4,4,black_box,reopt_pwldr,91883.6767428786,91883.6767428786,0.08899998664855957,10.009000062942505
26,4,4,local_search,obj_pwldr,93947.79471256696,93944.4427595767,0.08899998664855957,0.6599998474121094
26,4,4,local_search,dr_pwldr,93913.45244569764,93910.24738837028,0.08899998664855957,0.6599998474121094
26,4,4,local_search,reopt_pwldr,91883.6767428786,91883.6767428786,0.08899998664855957,0.6599998474121094
26,4,5,black_box,obj_pwldr,93972.69989710601,93943.79560007782,0.08099985122680664,13.323000192642212
26,4,5,black_box,dr_pwldr,93939.16833253877,93909.62809875686,0.08099985122680664,13.323000192642212
26,4,5,black_box,reopt_pwldr,91883.67674287857,91883.67674287857,0.08099985122680664,13.323000192642212
26,4,5,local_search,obj_pwldr,93972.69989710601,93943.79560007786,0.08099985122680664,0.996999979019165
26,4,5,local_search,dr_pwldr,93939.16833253877,93909.62809875688,0.08099985122680664,0.996999979019165
26,4,5,local_search,reopt_pwldr,91883.67674287857,91883.6767428786,0.08099985122680664,0.996999979019165
26,4,6,black_box,obj_pwldr,93977.12025402022,93943.85347503934,0.10299992561340332,17.18500018119812
26,4,6,black_box,dr_pwldr,93942.78594030198,93909.67215487786,0.10299992561340332,17.18500018119812
26,4,6,black_box,reopt_pwldr,91883.6767428786,91883.6767428786,0.10299992561340332,17.18500018119812
26,4,6,local_search,obj_pwldr,93977.12025402022,93943.85347503934,0.10299992561340332,1.2979998588562012
26,4,6,local_search,dr_pwldr,93942.78594030198,93909.67215487786,0.10299992561340332,1.2979998588562012
26,4,6,local_search,reopt_pwldr,91883.6767428786,91883.6767428786,0.10299992561340332,1.2979998588562012
26,4,7,black_box,obj_pwldr,93968.93860668097,93943.92347532057,0.13199996948242188,19.613999843597412
26,4,7,black_box,dr_pwldr,93933.68243432256,93909.72744559683,0.13199996948242188,19.613999843597412
26,4,7,black_box,reopt_pwldr,91883.6767428786,91883.6767428786,0.13199996948242188,19.613999843597412
26,4,7,local_search,obj_pwldr,93968.93860668097,93943.82540876538,0.13199996948242188,2.364000082015991
26,4,7,local_search,dr_pwldr,93933.68243432256,93909.64738765647,0.13199996948242188,2.364000082015991
26,4,7,local_search,reopt_pwldr,91883.6767428786,91883.6767428786,0.13199996948242188,2.364000082015991
26,4,8,black_box,obj_pwldr,93957.49412123214,93943.79822294043,0.15900015830993652,23.753000020980835
26,4,8,black_box,dr_pwldr,93922.80025098042,93909.62677568648,0.15900015830993652,23.753000020980835
26,4,8,black_box,reopt_pwldr,91883.6767428786,91883.6767428786,0.15900015830993652,23.753000020980835
26,4,8,local_search,obj_pwldr,93957.49412123214,93943.79822294043,0.15900015830993652,2.3509998321533203
26,4,8,local_search,dr_pwldr,93922.80025098042,93909.62677568648,0.15900015830993652,2.3509998321533203
26,4,8,local_search,reopt_pwldr,91883.6767428786,91883.6767428786,0.15900015830993652,2.3509998321533203
26,4,9,black_box,obj_pwldr,93946.39428239013,93943.80317408427,0.18600010871887207,27.11400008201599
26,4,9,black_box,dr_pwldr,93912.04498645056,93909.6334596506,0.18600010871887207,27.11400008201599
26,4,9,black_box,reopt_pwldr,91883.6767428786,91883.6767428786,0.18600010871887207,27.11400008201599
26,4,9,local_search,obj_pwldr,93946.39428239013,93943.80317408427,0.18600010871887207,2.8450000286102295
26,4,9,local_search,dr_pwldr,93912.04498645056,93909.6334596506,0.18600010871887207,2.8450000286102295
26,4,9,local_search,reopt_pwldr,91883.6767428786,91883.6767428786,0.18600010871887207,2.8450000286102295
26,4,10,black_box,obj_pwldr,93951.40029566514,93944.12436395934,0.19099998474121094,31.308000087738037
26,4,10,black_box,dr_pwldr,93917.02413441129,93909.87284949752,0.19099998474121094,31.308000087738037
26,4,10,black_box,reopt_pwldr,91883.6767428786,91883.67674287857,0.19099998474121094,31.308000087738037
26,4,10,local_search,obj_pwldr,93951.40029566514,93943.9587558224,0.19099998474121094,5.586999893188477
26,4,10,local_search,dr_pwldr,93917.02413441129,93909.7519218293,0.19099998474121094,5.586999893188477
26,4,10,local_search,reopt_pwldr,91883.6767428786,91883.6767428786,0.19099998474121094,5.586999893188477
27,1,1,black_box,obj_pwldr,62947.12310040477,62827.24133560123,0.020999908447265625,1.3570001125335693
27,1,1,black_box,dr_pwldr,62894.641862528224,62769.682379319456,0.020999908447265625,1.3570001125335693
27,1,1,black_box,reopt_pwldr,61826.973968457634,61826.9739684574,0.020999908447265625,1.3570001125335693
27,1,1,local_search,obj_pwldr,62947.12310040477,62825.55010543531,0.020999908447265625,0.1359999179840088
27,1,1,local_search,dr_pwldr,62894.641862528224,62767.927974876526,0.020999908447265625,0.1359999179840088
27,1,1,local_search,reopt_pwldr,61826.973968457634,61826.97396845764,0.020999908447265625,0.1359999179840088
27,1,2,black_box,obj_pwldr,62889.39557477599,62826.76387095748,0.03099989891052246,1.687999963760376
27,1,2,black_box,dr_pwldr,62834.21061869362,62769.1941544723,0.03099989891052246,1.687999963760376
27,1,2,black_box,reopt_pwldr,61826.973968457634,61826.973968457634,0.03099989891052246,1.687999963760376
27,1,2,local_search,obj_pwldr,62889.39557477599,62825.63444696606,0.03099989891052246,0.13199996948242188
27,1,2,local_search,dr_pwldr,62834.21061869362,62768.01597480286,0.03099989891052246,0.13199996948242188
27,1,2,local_search,reopt_pwldr,61826.973968457634,61826.973968457634,0.03099989891052246,0.13199996948242188
27,1,3,black_box,obj_pwldr,62862.679455957135,62825.566849867355,0.03600001335144043,2.1410000324249268
27,1,3,black_box,dr_pwldr,62805.578475519855,62767.9420619191,0.03600001335144043,2.1410000324249268
27,1,3,black_box,reopt_pwldr,61826.973968457634,61826.973968457634,0.03600001335144043,2.1410000324249268
27,1,3,local_search,obj_pwldr,62862.679455957135,62825.566849867355,0.03600001335144043,0.11599993705749512
27,1,3,local_search,dr_pwldr,62805.578475519855,62767.9420619191,0.03600001335144043,0.11599993705749512
27,1,3,local_search,reopt_pwldr,61826.973968457634,61826.973968457634,0.03600001335144043,0.11599993705749512
27,1,4,black_box,obj_pwldr,62847.509430393795,62825.58485568536,0.03800010681152344,2.886000156402588
27,1,4,black_box,dr_pwldr,62790.07657522413,62767.964271012475,0.03800010681152344,2.886000156402588
27,1,4,black_box,reopt_pwldr,61826.973968457634,61826.97396845764,0.03800010681152344,2.886000156402588
27,1,4,local_search,obj_pwldr,62847.509430393795,62825.58485568536,0.03800010681152344,0.17199993133544922
27,1,4,local_search,dr_pwldr,62790.07657522413,62767.964271012475,0.03800010681152344,0.17199993133544922
27,1,4,local_search,reopt_pwldr,61826.973968457634,61826.97396845764,0.03800010681152344,0.17199993133544922
27,1,5,black_box,obj_pwldr,62837.784583704335,62825.77865969588,0.03900003433227539,3.297999858856201
27,1,5,black_box,dr_pwldr,62780.33143443717,62768.16288761518,0.03900003433227539,3.297999858856201
27,1,5,black_box,reopt_pwldr,61826.973968457634,61826.973968457634,0.03900003433227539,3.297999858856201
27,1,5,local_search,obj_pwldr,62837.784583704335,62825.77865969588,0.03900003433227539,0.23399996757507324
27,1,5,local_search,dr_pwldr,62780.33143443717,62768.16288761518,0.03900003433227539,0.23399996757507324
27,1,5,local_search,reopt_pwldr,61826.973968457634,61826.973968457634,0.03900003433227539,0.23399996757507324
27,1,6,black_box,obj_pwldr,62831.036182586766,62825.36695783447,0.037999868392944336,3.6060001850128174
27,1,6,black_box,dr_pwldr,62773.55014152317,62767.7353516631,0.037999868392944336,3.6060001850128174
27,1,6,black_box,reopt_pwldr,61826.973968457634,61826.973968457634,0.037999868392944336,3.6060001850128174
27,1,6,local_search,obj_pwldr,62831.036182586766,62825.36695783447,0.037999868392944336,0.3169999122619629
27,1,6,local_search,dr_pwldr,62773.55014152317,62767.7353516631,0.037999868392944336,0.3169999122619629
27,1,6,local_search,reopt_pwldr,61826.973968457634,61826.973968457634,0.037999868392944336,0.3169999122619629
27,1,7,black_box,obj_pwldr,62826.08554501363,62825.38277296236,0.04999995231628418,4.1559998989105225
27,1,7,black_box,dr_pwldr,62768.48571226689,62767.75428315853,0.04999995231628418,4.1559998989105225
27,1,7,black_box,reopt_pwldr,61826.973968457634,61826.973968457634,0.04999995231628418,4.1559998989105225
27,1,7,local_search,obj_pwldr,62826.08554501363,62825.38277296236,0.04999995231628418,0.3690001964569092
27,1,7,local_search,dr_pwldr,62768.48571226689,62767.75428315853,0.04999995231628418,0.3690001964569092
27,1,7,local_search,reopt_pwldr,61826.973968457634,61826.973968457634,0.04999995231628418,0.3690001964569092
27,1,8,black_box,obj_pwldr,62828.165898681444,62825.375941118364,0.05200004577636719,4.709000110626221
27,1,8,black_box,dr_pwldr,62770.49312037261,62767.74198802417,0.05200004577636719,4.709000110626221
27,1,8,black_box,reopt_pwldr,61826.973968457634,61826.97396845764,0.05200004577636719,4.709000110626221
27,1,8,local_search,obj_pwldr,62828.165898681444,62825.37594111836,0.05200004577636719,0.9559998512268066
27,1,8,local_search,dr_pwldr,62770.49312037261,62767.741988024165,0.05200004577636719,0.9559998512268066
27,1,8,local_search,reopt_pwldr,61826.973968457634,61826.973968457634,0.05200004577636719,0.9559998512268066
27,1,9,black_box,obj_pwldr,62829.62474454027,62825.37880664955,0.042999982833862305,5.320000171661377
27,1,9,black_box,dr_pwldr,62772.00073196166,62767.746202236965,0.042999982833862305,5.320000171661377
27,1,9,black_box,reopt_pwldr,61826.973968457634,61826.973968457634,0.042999982833862305,5.320000171661377
27,1,9,local_search,obj_pwldr,62829.62474454027,62825.37880664955,0.042999982833862305,0.625999927520752
27,1,9,local_search,dr_pwldr,62772.00073196166,62767.746202236965,0.042999982833862305,0.625999927520752
27,1,9,local_search,reopt_pwldr,61826.973968457634,61826.973968457634,0.042999982833862305,0.625999927520752
27,1,10,black_box,obj_pwldr,62829.892920930375,62825.40700445946,0.05500006675720215,5.996999979019165
27,1,10,black_box,dr_pwldr,62772.283691478726,62767.76548868666,0.05500006675720215,5.996999979019165
27,1,10,black_box,reopt_pwldr,61826.973968457634,61826.97396845764,0.05500006675720215,5.996999979019165
27,1,10,local_search,obj_pwldr,62829.892920930375,62825.36738096479,0.05500006675720215,1.5909998416900635
27,1,10,local_search,dr_pwldr,62772.283691478726,62767.73579927625,0.05500006675720215,1.5909998416900635
27,1,10,local_search,reopt_pwldr,61826.973968457634,61826.97396845764,0.05500006675720215,1.5909998416900635
27,2,1,black_box,obj_pwldr,62891.59316324695,62798.95587187848,0.023000001907348633,1.253999948501587
27,2,1,black_box,dr_pwldr,62841.77517707459,62747.87852819414,0.023000001907348633,1.253999948501587
27,2,1,black_box,reopt_pwldr,61826.973968457634,61826.97396845753,0.023000001907348633,1.253999948501587
27,2,1,local_search,obj_pwldr,62891.59316324695,62798.95587187855,0.023000001907348633,0.059999942779541016
27,2,1,local_search,dr_pwldr,62841.77517707459,62747.87852819424,0.023000001907348633,0.059999942779541016
27,2,1,local_search,reopt_pwldr,61826.973968457634,61826.973968457634,0.023000001907348633,0.059999942779541016
27,2,2,black_box,obj_pwldr,62829.80708095668,62799.116003862204,0.03699994087219238,1.693000078201294
27,2,2,black_box,dr_pwldr,62778.48306766512,62748.050150015704,0.03699994087219238,1.693000078201294
27,2,2,black_box,reopt_pwldr,61826.973968457634,61826.973968457634,0.03699994087219238,1.693000078201294
27,2,2,local_search,obj_pwldr,62829.80708095668,62798.85503062579,0.03699994087219238,0.1359999179840088
27,2,2,local_search,dr_pwldr,62778.48306766512,62747.77347690582,0.03699994087219238,0.1359999179840088
27,2,2,local_search,reopt_pwldr,61826.973968457634,61826.973968457634,0.03699994087219238,0.1359999179840088
27,2,3,black_box,obj_pwldr,62812.32665233737,62798.95205224615,0.03800010681152344,2.1500000953674316
27,2,3,black_box,dr_pwldr,62760.62588448281,62747.87430489716,0.03800010681152344,2.1500000953674316
27,2,3,black_box,reopt_pwldr,61826.97396845764,61826.97396845764,0.03800010681152344,2.1500000953674316
27,2,3,local_search,obj_pwldr,62812.32665233737,62798.95205224615,0.03800010681152344,0.12000012397766113
27,2,3,local_search,dr_pwldr,62760.62588448281,62747.87430489716,0.03800010681152344,0.12000012397766113
27,2,3,local_search,reopt_pwldr,61826.97396845764,61826.97396845764,0.03800010681152344,0.12000012397766113
27,2,4,black_box,obj_pwldr,62805.47015819674,62798.82073665873,0.031999826431274414,2.499000072479248
27,2,4,black_box,dr_pwldr,62754.18584117795,62747.739802545795,0.031999826431274414,2.499000072479248
27,2,4,black_box,reopt_pwldr,61826.973968457634,61826.973968457634,0.031999826431274414,2.499000072479248
27,2,4,local_search,obj_pwldr,62805.47015819674,62798.82073665873,0.031999826431274414,0.17300009727478027
27,2,4,local_search,dr_pwldr,62754.18584117795,62747.739802545795,0.031999826431274414,0.17300009727478027
27,2,4,local_search,reopt_pwldr,61826.973968457634,61826.973968457634,0.031999826431274414,0.17300009727478027
27,2,5,black_box,obj_pwldr,62802.0981430559,62798.80399057189,0.04800009727478027,3.069000005722046
27,2,5,black_box,dr_pwldr,62751.08335802883,62747.72306127257,0.04800009727478027,3.069000005722046
27,2,5,black_box,reopt_pwldr,61826.973968457634,61826.973968457634,0.04800009727478027,3.069000005722046
27,2,5,local_search,obj_pwldr,62802.0981430559,62798.80399057189,0.04800009727478027,0.23200011253356934
27,2,5,local_search,dr_pwldr,62751.08335802883,62747.72306127257,0.04800009727478027,0.23200011253356934
27,2,5,local_search,reopt_pwldr,61826.973968457634,61826.973968457634,0.04800009727478027,0.23200011253356934
27,2,6,black_box,obj_pwldr,62800.17313125743,62798.820920569524,0.042999982833862305,3.6640000343322754
27,2,6,black_box,dr_pwldr,62749.06569002396,62747.737825555625,0.042999982833862305,3.6640000343322754
27,2,6,black_box,reopt_pwldr,61826.973968457634,61826.973968457634,0.042999982833862305,3.6640000343322754
27,2,6,local_search,obj_pwldr,62800.17313125743,62798.820920569524,0.042999982833862305,0.33299994468688965
27,2,6,local_search,dr_pwldr,62749.06569002396,62747.737825555625,0.042999982833862305,0.33299994468688965
27,2,6,local_search,reopt_pwldr,61826.973968457634,61826.973968457634,0.042999982833862305,0.33299994468688965
27,2,7,black_box,obj_pwldr,62798.95592479446,62798.80034867858,0.04499983787536621,4.1540000438690186
27,2,7,black_box,dr_pwldr,62747.878586658604,62747.71956389141,0.04499983787536621,4.1540000438690186
27,2,7,black_box,reopt_pwldr,61826.97396845764,61826.97396845764,0.04499983787536621,4.1540000438690186
27,2,7,local_search,obj_pwldr,62798.95592479446,62798.80034867858,0.04499983787536621,0.4010000228881836
27,2,7,local_search,dr_pwldr,62747.878586658604,62747.71956389141,0.04499983787536621,0.4010000228881836
27,2,7,local_search,reopt_pwldr,61826.97396845764,61826.97396845764,0.04499983787536621,0.4010000228881836
27,2,8,black_box,obj_pwldr,62799.986303219564,62798.7947463395,0.04500007629394531,4.933000087738037
27,2,8,black_box,dr_pwldr,62748.815527072526,62747.71094595977,0.04500007629394531,4.933000087738037
27,2,8,black_box,reopt_pwldr,61826.973968457634,61826.973968457634,0.04500007629394531,4.933000087738037
27,2,8,local_search,obj_pwldr,62799.986303219564,62798.79189452307,0.04500007629394531,0.6809999942779541
27,2,8,local_search,dr_pwldr,62748.815527072526,62747.71091131168,0.04500007629394531,0.6809999942779541
27,2,8,local_search,reopt_pwldr,61826.973968457634,61826.973968457634,0.04500007629394531,0.6809999942779541
27,2,9,black_box,obj_pwldr,62800.43501080131,62798.803135167385,0.05200004577636719,6.111000061035156
27,2,9,black_box,dr_pwldr,62749.31164660611,62747.72439627816,0.05200004577636719,6.111000061035156
27,2,9,black_box,reopt_pwldr,61826.973968457634,61826.973968457634,0.05200004577636719,6.111000061035156
27,2,9,local_search,obj_pwldr,62800.43501080131,62798.803135167385,0.05200004577636719,0.6289999485015869
27,2,9,local_search,dr_pwldr,62749.31164660611,62747.72439627816,0.05200004577636719,0.6289999485015869
27,2,9,local_search,reopt_pwldr,61826.973968457634,61826.973968457634,0.05200004577636719,0.6289999485015869
27,2,10,black_box,obj_pwldr,62800.397849853485,62798.79591773206,0.05200004577636719,6.082000017166138
27,2,10,black_box,dr_pwldr,62749.40079361283,62747.715216787285,0.05200004577636719,6.082000017166138
27,2,10,black_box,reopt_pwldr,61826.973968457634,61826.973968457634,0.05200004577636719,6.082000017166138
27,2,10,local_search,obj_pwldr,62800.397849853485,62798.79591773207,0.05200004577636719,0.7160000801086426
27,2,10,local_search,dr_pwldr,62749.40079361283,62747.715216787285,0.05200004577636719,0.7160000801086426
27,2,10,local_search,reopt_pwldr,61826.973968457634,61826.97396845764,0.05200004577636719,0.7160000801086426
27,3,1,black_box,obj_pwldr,62959.56783741601,62804.886555099154,0.023999929428100586,2.2639999389648438
27,3,1,black_box,dr_pwldr,62905.23677289599,62749.11139367399,0.023999929428100586,2.2639999389648438
27,3,1,black_box,reopt_pwldr,61826.97396845764,61826.9739684577,0.023999929428100586,2.2639999389648438
27,3,1,local_search,obj_pwldr,62959.56783741601,62804.88655509906,0.023999929428100586,0.2799999713897705
27,3,1,local_search,dr_pwldr,62905.23677289599,62749.11139367393,0.023999929428100586,0.2799999713897705
27,3,1,local_search,reopt_pwldr,61826.97396845764,61826.973968457634,0.023999929428100586,0.2799999713897705
27,3,2,black_box,obj_pwldr,62886.94011398774,62804.78393706519,0.03900003433227539,4.210999965667725
27,3,2,black_box,dr_pwldr,62830.18993655369,62749.018896025525,0.03900003433227539,4.210999965667725
27,3,2,black_box,reopt_pwldr,61826.973968457634,61826.973968457634,0.03900003433227539,4.210999965667725
27,3,2,local_search,obj_pwldr,62886.94011398774,62804.78393706519,0.03900003433227539,0.2070000171661377
27,3,2,local_search,dr_pwldr,62830.18993655369,62749.018896025525,0.03900003433227539,0.2070000171661377
27,3,2,local_search,reopt_pwldr,61826.973968457634,61826.973968457634,0.03900003433227539,0.2070000171661377
27,3,3,black_box,obj_pwldr,62845.234245746295,62804.650340780194,0.06500005722045898,7.117000102996826
27,3,3,black_box,dr_pwldr,62787.40941808556,62748.899069318766,0.06500005722045898,7.117000102996826
27,3,3,black_box,reopt_pwldr,61826.973968457634,61826.97396845764,0.06500005722045898,7.117000102996826
27,3,3,local_search,obj_pwldr,62845.234245746295,62804.650340780194,0.06500005722045898,0.3660001754760742
27,3,3,local_search,dr_pwldr,62787.40941808556,62748.899069318766,0.06500005722045898,0.3660001754760742
27,3,3,local_search,reopt_pwldr,61826.973968457634,61826.97396845764,0.06500005722045898,0.3660001754760742
27,3,4,black_box,obj_pwldr,62824.85953312484,62804.699607499686,0.06999993324279785,10.049000024795532
27,3,4,black_box,dr_pwldr,62767.645538401004,62748.94337337536,0.06999993324279785,10.049000024795532
27,3,4,black_box,reopt_pwldr,61826.97396845764,61826.97396845764,0.06999993324279785,10.049000024795532
27,3,4,local_search,obj_pwldr,62824.85953312484,62804.699607499686,0.06999993324279785,0.6699998378753662
27,3,4,local_search,dr_pwldr,62767.645538401004,62748.94337337536,0.06999993324279785,0.6699998378753662
27,3,4,local_search,reopt_pwldr,61826.97396845764,61826.97396845764,0.06999993324279785,0.6699998378753662
27,3,5,black_box,obj_pwldr,62814.445860907406,62804.69361045355,0.0820000171661377,13.339999914169312
27,3,5,black_box,dr_pwldr,62757.7579744548,62748.93806759138,0.0820000171661377,13.339999914169312
27,3,5,black_box,reopt_pwldr,61826.973968457634,61826.97396845764,0.0820000171661377,13.339999914169312
27,3,5,local_search,obj_pwldr,62814.445860907406,62804.69361045355,0.0820000171661377,1.0290000438690186
27,3,5,local_search,dr_pwldr,62757.7579744548,62748.93806759138,0.0820000171661377,1.0290000438690186
27,3,5,local_search,reopt_pwldr,61826.973968457634,61826.97396845764,0.0820000171661377,1.0290000438690186
27,3,6,black_box,obj_pwldr,62808.631390363924,62804.771983395665,0.10299992561340332,16.977999925613403
27,3,6,black_box,dr_pwldr,62752.503774325865,62749.00823702404,0.10299992561340332,16.977999925613403
27,3,6,black_box,reopt_pwldr,61826.973968457634,61826.973968457634,0.10299992561340332,16.977999925613403
27,3,6,local_search,obj_pwldr,62808.631390363924,62804.771983395665,0.10299992561340332,1.5130000114440918
27,3,6,local_search,dr_pwldr,62752.503774325865,62749.00823702404,0.10299992561340332,1.5130000114440918
27,3,6,local_search,reopt_pwldr,61826.973968457634,61826.973968457634,0.10299992561340332,1.5130000114440918
27,3,7,black_box,obj_pwldr,62805.10364833732,62804.75386873169,0.1419999599456787,19.680000066757202
27,3,7,black_box,dr_pwldr,62749.30973715125,62748.98768697923,0.1419999599456787,19.680000066757202
27,3,7,black_box,reopt_pwldr,61826.97396845762,61826.973968457634,0.1419999599456787,19.680000066757202
27,3,7,local_search,obj_pwldr,62805.10364833732,62804.66029962071,0.1419999599456787,3.0929999351501465
27,3,7,local_search,dr_pwldr,62749.30973715125,62748.90829852725,0.1419999599456787,3.0929999351501465
27,3,7,local_search,reopt_pwldr,61826.97396845762,61826.973968457634,0.1419999599456787,3.0929999351501465
27,3,8,black_box,obj_pwldr,62808.41446438064,62804.65262709126,0.14400005340576172,23.515000104904175
27,3,8,black_box,dr_pwldr,62752.48168774439,62748.89966657077,0.14400005340576172,23.515000104904175
27,3,8,black_box,reopt_pwldr,61826.973968457634,61826.973968457634,0.14400005340576172,23.515000104904175
27,3,8,local_search,obj_pwldr,62808.41446438064,62804.65262709126,0.14400005340576172,2.257000207901001
27,3,8,local_search,dr_pwldr,62752.48168774439,62748.89966657077,0.14400005340576172,2.257000207901001
27,3,8,local_search,reopt_pwldr,61826.973968457634,61826.973968457634,0.14400005340576172,2.257000207901001
27,3,9,black_box,obj_pwldr,62809.87196122282,62804.67853832657,0.17100000381469727,27.164000034332275
27,3,9,black_box,dr_pwldr,62753.84550892541,62748.92416583566,0.17100000381469727,27.164000034332275
27,3,9,black_box,reopt_pwldr,61826.973968457634,61826.973968457634,0.17100000381469727,27.164000034332275
27,3,9,local_search,obj_pwldr,62809.87196122282,62804.64060161032,0.17100000381469727,5.398999929428101
27,3,9,local_search,dr_pwldr,62753.84550892541,62748.88974020372,0.17100000381469727,5.398999929428101
27,3,9,local_search,reopt_pwldr,61826.973968457634,61826.973968457634,0.17100000381469727,5.398999929428101
27,3,10,black_box,obj_pwldr,62809.739511451706,62804.68247319175,0.1830000877380371,29.91700005531311
27,3,10,black_box,dr_pwldr,62753.69019250762,62748.929855188726,0.1830000877380371,29.91700005531311
27,3,10,black_box,reopt_pwldr,61826.973968457634,61826.973968457634,0.1830000877380371,29.91700005531311
27,3,10,local_search,obj_pwldr,62809.739511451706,62804.67427662849,0.1830000877380371,5.259999990463257
27,3,10,local_search,dr_pwldr,62753.69019250762,62748.92051893508,0.1830000877380371,5.259999990463257
27,3,10,local_search,reopt_pwldr,61826.973968457634,61826.97396845764,0.1830000877380371,5.259999990463257
27,4,1,black_box,obj_pwldr,62960.472800849304,62835.05376475425,0.023000001907348633,1.2050001621246338
27,4,1,black_box,dr_pwldr,62910.7134109423,62786.831051613175,0.023000001907348633,1.2050001621246338
27,4,1,black_box,reopt_pwldr,61826.97396845764,61826.973968457634,0.023000001907348633,1.2050001621246338
27,4,1,local_search,obj_pwldr,62960.472800849304,62835.05376475425,0.023000001907348633,0.06999993324279785
27,4,1,local_search,dr_pwldr,62910.7134109423,62786.831051613175,0.023000001907348633,0.06999993324279785
27,4,1,local_search,reopt_pwldr,61826.97396845764,61826.973968457634,0.023000001907348633,0.06999993324279785
27,4,2,black_box,obj_pwldr,62905.03997449814,62835.00366566134,0.032000064849853516,1.565000057220459
27,4,2,black_box,dr_pwldr,62858.25699300356,62786.77967880175,0.032000064849853516,1.565000057220459
27,4,2,black_box,reopt_pwldr,61826.97396845764,61826.97396845764,0.032000064849853516,1.565000057220459
27,4,2,local_search,obj_pwldr,62905.03997449814,62835.00366566134,0.032000064849853516,0.06500005722045898
27,4,2,local_search,dr_pwldr,62858.25699300356,62786.77967880175,0.032000064849853516,0.06500005722045898
27,4,2,local_search,reopt_pwldr,61826.97396845764,61826.973968457634,0.032000064849853516,0.06500005722045898
27,4,3,black_box,obj_pwldr,62877.323561322555,62835.63701495394,0.029999971389770508,2.0920000076293945
27,4,3,black_box,dr_pwldr,62830.869113428074,62787.39966088577,0.029999971389770508,2.0920000076293945
27,4,3,black_box,reopt_pwldr,61826.973968457634,61826.973968457634,0.029999971389770508,2.0920000076293945
27,4,3,local_search,obj_pwldr,62877.323561322555,62835.63701495394,0.029999971389770508,0.11899995803833008
27,4,3,local_search,dr_pwldr,62830.869113428074,62787.39966088577,0.029999971389770508,0.11899995803833008
27,4,3,local_search,reopt_pwldr,61826.973968457634,61826.973968457634,0.029999971389770508,0.11899995803833008
27,4,4,black_box,obj_pwldr,62860.693713417204,62834.981927156325,0.03299999237060547,2.505999803543091
27,4,4,black_box,dr_pwldr,62813.705356654886,62786.7581660919,0.03299999237060547,2.505999803543091
27,4,4,black_box,reopt_pwldr,61826.973968457634,61826.973968457634,0.03299999237060547,2.505999803543091
27,4,4,local_search,obj_pwldr,62860.693713417204,62834.981927156325,0.03299999237060547,0.16300010681152344
27,4,4,local_search,dr_pwldr,62813.705356654886,62786.7581660919,0.03299999237060547,0.16300010681152344
27,4,4,local_search,reopt_pwldr,61826.973968457634,61826.973968457634,0.03299999237060547,0.16300010681152344
27,4,5,black_box,obj_pwldr,62849.60714814697,62834.91741327506,0.042999982833862305,2.86299991607666
27,4,5,black_box,dr_pwldr,62801.71754182412,62786.692692018,0.042999982833862305,2.86299991607666
27,4,5,black_box,reopt_pwldr,61826.973968457634,61826.973968457634,0.042999982833862305,2.86299991607666
27,4,5,local_search,obj_pwldr,62849.60714814697,62834.91741327506,0.042999982833862305,0.2200000286102295
27,4,5,local_search,dr_pwldr,62801.71754182412,62786.692692018,0.042999982833862305,0.2200000286102295
27,4,5,local_search,reopt_pwldr,61826.973968457634,61826.973968457634,0.042999982833862305,0.2200000286102295
27,4,6,black_box,obj_pwldr,62841.688172953945,62834.907080653946,0.05500006675720215,3.2289998531341553
27,4,6,black_box,dr_pwldr,62793.33769694989,62786.68442372219,0.05500006675720215,3.2289998531341553
27,4,6,black_box,reopt_pwldr,61826.973968457634,61826.97396845764,0.05500006675720215,3.2289998531341553
27,4,6,local_search,obj_pwldr,62841.688172953945,62834.907080653946,0.05500006675720215,0.30700016021728516
27,4,6,local_search,dr_pwldr,62793.33769694989,62786.68442372219,0.05500006675720215,0.30700016021728516
27,4,6,local_search,reopt_pwldr,61826.973968457634,61826.97396845764,0.05500006675720215,0.30700016021728516
27,4,7,black_box,obj_pwldr,62835.748941559184,62834.89151456709,0.046000003814697266,3.7019999027252197
27,4,7,black_box,dr_pwldr,62787.530890404814,62786.66753302731,0.046000003814697266,3.7019999027252197
27,4,7,black_box,reopt_pwldr,61826.973968457634,61826.973968457634,0.046000003814697266,3.7019999027252197
27,4,7,local_search,obj_pwldr,62835.748941559184,62834.89151456709,0.046000003814697266,0.3559999465942383
27,4,7,local_search,dr_pwldr,62787.530890404814,62786.66753302731,0.046000003814697266,0.3559999465942383
27,4,7,local_search,reopt_pwldr,61826.973968457634,61826.973968457634,0.046000003814697266,0.3559999465942383
27,4,8,black_box,obj_pwldr,62837.93052614516,62834.95367219675,0.04800009727478027,4.246000051498413
27,4,8,black_box,dr_pwldr,62790.01846990412,62786.73425492201,0.04800009727478027,4.246000051498413
27,4,8,black_box,reopt_pwldr,61826.973968457634,61826.973968457634,0.04800009727478027,4.246000051498413
27,4,8,local_search,obj_pwldr,62837.93052614516,62834.95367219675,0.04800009727478027,0.4590001106262207
27,4,8,local_search,dr_pwldr,62790.01846990412,62786.73425492201,0.04800009727478027,0.4590001106262207
27,4,8,local_search,reopt_pwldr,61826.973968457634,61826.973968457634,0.04800009727478027,0.4590001106262207
27,4,9,black_box,obj_pwldr,62839.594756062,62834.91840816292,0.04500007629394531,4.950999975204468
27,4,9,black_box,dr_pwldr,62791.806823762556,62786.68628610442,0.04500007629394531,4.950999975204468
27,4,9,black_box,reopt_pwldr,61826.973968457634,61826.973968457634,0.04500007629394531,4.950999975204468
27,4,9,local_search,obj_pwldr,62839.594756062,62834.91840816292,0.04500007629394531,0.6359999179840088
27,4,9,local_search,dr_pwldr,62791.806823762556,62786.68628610442,0.04500007629394531,0.6359999179840088
27,4,9,local_search,reopt_pwldr,61826.973968457634,61826.973968457634,0.04500007629394531,0.6359999179840088
27,4,10,black_box,obj_pwldr,62839.958076349045,62834.89807181146,0.048999786376953125,5.551000118255615
27,4,10,black_box,dr_pwldr,62792.04663577651,62786.67993853898,0.048999786376953125,5.551000118255615
27,4,10,black_box,reopt_pwldr,61826.973968457634,61826.973968457634,0.048999786376953125,5.551000118255615
27,4,10,local_search,obj_pwldr,62839.958076349045,62834.88439056289,0.048999786376953125,0.9040000438690186
27,4,10,local_search,dr_pwldr,62792.04663577651,62786.662766915,0.048999786376953125,0.9040000438690186
27,4,10,local_search,reopt_pwldr,61826.973968457634,61826.973968457634,0.048999786376953125,0.9040000438690186
28,1,1,black_box,obj_pwldr,68101.88100087867,67854.55593017112,0.023000001907348633,1.878000020980835
28,1,1,black_box,dr_pwldr,68224.3564505909,67981.67495580752,0.023000001907348633,1.878000020980835
28,1,1,black_box,reopt_pwldr,66358.17328903612,66358.17328903612,0.023000001907348633,1.878000020980835
28,1,1,local_search,obj_pwldr,68101.88100087867,67854.55593017112,0.023000001907348633,0.1419999599456787
28,1,1,local_search,dr_pwldr,68224.3564505909,67981.67495580752,0.023000001907348633,0.1419999599456787
28,1,1,local_search,reopt_pwldr,66358.17328903612,66358.17328903612,0.023000001907348633,0.1419999599456787
28,1,2,black_box,obj_pwldr,67963.86183857599,67850.71622629385,0.051999807357788086,4.067000150680542
28,1,2,black_box,dr_pwldr,68087.34994421058,67978.00430303699,0.051999807357788086,4.067000150680542
28,1,2,black_box,reopt_pwldr,66358.1732890361,66358.1732890361,0.051999807357788086,4.067000150680542
28,1,2,local_search,obj_pwldr,67963.86183857599,67850.71622629385,0.051999807357788086,0.20300006866455078
28,1,2,local_search,dr_pwldr,68087.34994421058,67978.00430303699,0.051999807357788086,0.20300006866455078
28,1,2,local_search,reopt_pwldr,66358.1732890361,66358.1732890361,0.051999807357788086,0.20300006866455078
28,1,3,black_box,obj_pwldr,67884.60547852403,67852.19126525265,0.07499980926513672,7.403000116348267
28,1,3,black_box,dr_pwldr,68009.33146087563,67979.27520345002,0.07499980926513672,7.403000116348267
28,1,3,black_box,reopt_pwldr,66358.1732890361,66358.17328903612,0.07499980926513672,7.403000116348267
28,1,3,local_search,obj_pwldr,67884.60547852403,67850.48111945954,0.07499980926513672,1.1979999542236328
28,1,3,local_search,dr_pwldr,68009.33146087563,67977.77274104385,0.07499980926513672,1.1979999542236328
28,1,3,local_search,reopt_pwldr,66358.1732890361,66358.1732890361,0.07499980926513672,1.1979999542236328
28,1,4,black_box,obj_pwldr,67857.2686215326,67850.51468208812,0.0710000991821289,10.422000169754028
28,1,4,black_box,dr_pwldr,67984.43269228218,67977.80253383217,0.0710000991821289,10.422000169754028
28,1,4,black_box,reopt_pwldr,66358.1732890361,66358.1732890361,0.0710000991821289,10.422000169754028
28,1,4,local_search,obj_pwldr,67857.2686215326,67850.51468208812,0.0710000991821289,0.5829999446868896
28,1,4,local_search,dr_pwldr,67984.43269228218,67977.80253383217,0.0710000991821289,0.5829999446868896
28,1,4,local_search,reopt_pwldr,66358.1732890361,66358.1732890361,0.0710000991821289,0.5829999446868896
28,1,5,black_box,obj_pwldr,67879.25426161312,67850.39791407135,0.09599995613098145,13.717000007629395
28,1,5,black_box,dr_pwldr,68005.80106572257,67977.69927233447,0.09599995613098145,13.717000007629395
28,1,5,black_box,reopt_pwldr,66358.1732890361,66358.17328903612,0.09599995613098145,13.717000007629395
28,1,5,local_search,obj_pwldr,67879.25426161312,67850.39791407135,0.09599995613098145,0.9570000171661377
28,1,5,local_search,dr_pwldr,68005.80106572257,67977.69927233447,0.09599995613098145,0.9570000171661377
28,1,5,local_search,reopt_pwldr,66358.1732890361,66358.17328903612,0.09599995613098145,0.9570000171661377
28,1,6,black_box,obj_pwldr,67878.10370715203,67850.36996780091,0.11500000953674316,16.741999864578247
28,1,6,black_box,dr_pwldr,68003.7838600835,67977.65425596459,0.11500000953674316,16.741999864578247
28,1,6,black_box,reopt_pwldr,66358.1732890361,66358.1732890361,0.11500000953674316,16.741999864578247
28,1,6,local_search,obj_pwldr,67878.10370715203,67850.36996780093,0.11500000953674316,1.5269999504089355
28,1,6,local_search,dr_pwldr,68003.7838600835,67977.65425596459,0.11500000953674316,1.5269999504089355
28,1,6,local_search,reopt_pwldr,66358.1732890361,66358.1732890361,0.11500000953674316,1.5269999504089355
28,1,7,black_box,obj_pwldr,67868.54404947921,67850.36616934981,0.13900017738342285,19.82800006866455
28,1,7,black_box,dr_pwldr,67994.23002322942,67977.65116072075,0.13900017738342285,19.82800006866455
28,1,7,black_box,reopt_pwldr,66358.1732890361,66358.1732890361,0.13900017738342285,19.82800006866455
28,1,7,local_search,obj_pwldr,67868.54404947921,67850.3586255917,0.13900017738342285,2.489000082015991
28,1,7,local_search,dr_pwldr,67994.23002322942,67977.65571739805,0.13900017738342285,2.489000082015991
28,1,7,local_search,reopt_pwldr,66358.1732890361,66358.1732890361,0.13900017738342285,2.489000082015991
28,1,8,black_box,obj_pwldr,67857.45118042197,67850.41489478391,0.1549999713897705,23.89400005340576
28,1,8,black_box,dr_pwldr,67984.16225974327,67977.71071786441,0.1549999713897705,23.89400005340576
28,1,8,black_box,reopt_pwldr,66358.1732890361,66358.1732890361,0.1549999713897705,23.89400005340576
28,1,8,local_search,obj_pwldr,67857.45118042197,67850.41489478393,0.1549999713897705,2.5320000648498535
28,1,8,local_search,dr_pwldr,67984.16225974327,67977.71071786441,0.1549999713897705,2.5320000648498535
28,1,8,local_search,reopt_pwldr,66358.1732890361,66358.1732890361,0.1549999713897705,2.5320000648498535
28,1,9,black_box,obj_pwldr,67853.94571859948,67850.35399179309,0.16000008583068848,26.352999925613403
28,1,9,black_box,dr_pwldr,67980.99559837335,67977.65301399298,0.16000008583068848,26.352999925613403
28,1,9,black_box,reopt_pwldr,66358.1732890361,66358.17328903612,0.16000008583068848,26.352999925613403
28,1,9,local_search,obj_pwldr,67853.94571859948,67850.35399179309,0.16000008583068848,3.0390000343322754
28,1,9,local_search,dr_pwldr,67980.99559837335,67977.65301399298,0.16000008583068848,3.0390000343322754
28,1,9,local_search,reopt_pwldr,66358.1732890361,66358.17328903612,0.16000008583068848,3.0390000343322754
28,1,10,black_box,obj_pwldr,67859.7903241765,67850.34851287132,0.18500018119812012,30.591000080108643
28,1,10,black_box,dr_pwldr,67986.33284148487,67977.64594647322,0.18500018119812012,30.591000080108643
28,1,10,black_box,reopt_pwldr,66358.1732890361,66358.17328903612,0.18500018119812012,30.591000080108643
28,1,10,local_search,obj_pwldr,67859.7903241765,67850.34851287132,0.18500018119812012,3.9049999713897705
28,1,10,local_search,dr_pwldr,67986.33284148487,67977.64594647322,0.18500018119812012,3.9049999713897705
28,1,10,local_search,reopt_pwldr,66358.1732890361,66358.17328903612,0.18500018119812012,3.9049999713897705
28,2,1,black_box,obj_pwldr,67972.70432916492,67810.70350909974,0.020999908447265625,1.246000051498413
28,2,1,black_box,dr_pwldr,68098.92903498859,67938.34970737179,0.020999908447265625,1.246000051498413
28,2,1,black_box,reopt_pwldr,66358.1732890361,66358.1732890361,0.020999908447265625,1.246000051498413
28,2,1,local_search,obj_pwldr,67972.70432916492,67810.70350909975,0.020999908447265625,0.1119999885559082
28,2,1,local_search,dr_pwldr,68098.92903498859,67938.3497073718,0.020999908447265625,0.1119999885559082
28,2,1,local_search,reopt_pwldr,66358.1732890361,66358.1732890361,0.020999908447265625,0.1119999885559082
28,2,2,black_box,obj_pwldr,67855.28823903941,67811.54939724412,0.034999847412109375,1.7330000400543213
28,2,2,black_box,dr_pwldr,67981.30647448196,67939.22447590156,0.034999847412109375,1.7330000400543213
28,2,2,black_box,reopt_pwldr,66358.1732890361,66358.1732890361,0.034999847412109375,1.7330000400543213
28,2,2,local_search,obj_pwldr,67855.28823903941,67811.54939724412,0.034999847412109375,0.09100008010864258
28,2,2,local_search,dr_pwldr,67981.30647448196,67939.22447590156,0.034999847412109375,0.09100008010864258
28,2,2,local_search,reopt_pwldr,66358.1732890361,66358.1732890361,0.034999847412109375,0.09100008010864258
28,2,3,black_box,obj_pwldr,67822.06904944014,67810.52965533872,0.0409998893737793,2.125
28,2,3,black_box,dr_pwldr,67949.52018577322,67938.16846627684,0.0409998893737793,2.125
28,2,3,black_box,reopt_pwldr,66358.1732890361,66358.1732890361,0.0409998893737793,2.125
28,2,3,local_search,obj_pwldr,67822.06904944014,67810.52965533872,0.0409998893737793,0.1380000114440918
28,2,3,local_search,dr_pwldr,67949.52018577322,67938.16846627684,0.0409998893737793,0.1380000114440918
28,2,3,local_search,reopt_pwldr,66358.1732890361,66358.1732890361,0.0409998893737793,0.1380000114440918
28,2,4,black_box,obj_pwldr,67814.39883600429,67811.26731288512,0.03299999237060547,2.5859999656677246
28,2,4,black_box,dr_pwldr,67941.89578558644,67938.94305942595,0.03299999237060547,2.5859999656677246
28,2,4,black_box,reopt_pwldr,66358.1732890361,66358.17328903612,0.03299999237060547,2.5859999656677246
28,2,4,local_search,obj_pwldr,67814.39883600429,67810.52826573094,0.03299999237060547,0.36299991607666016
28,2,4,local_search,dr_pwldr,67941.89578558644,67938.16452889914,0.03299999237060547,0.36299991607666016
28,2,4,local_search,reopt_pwldr,66358.1732890361,66358.17328903612,0.03299999237060547,0.36299991607666016
28,2,5,black_box,obj_pwldr,67822.94931565743,67810.72092258307,0.03800010681152344,3.055999994277954
28,2,5,black_box,dr_pwldr,67950.01155057602,67938.33945748275,0.03800010681152344,3.055999994277954
28,2,5,black_box,reopt_pwldr,66358.1732890361,66358.17328903612,0.03800010681152344,3.055999994277954
28,2,5,local_search,obj_pwldr,67822.94931565743,67810.52022175858,0.03800010681152344,0.31599998474121094
28,2,5,local_search,dr_pwldr,67950.01155057602,67938.15488825575,0.03800010681152344,0.31599998474121094
28,2,5,local_search,reopt_pwldr,66358.1732890361,66358.17328903612,0.03800010681152344,0.31599998474121094
28,2,6,black_box,obj_pwldr,67820.79600602415,67810.62867967747,0.04200005531311035,3.677999973297119
28,2,6,black_box,dr_pwldr,67948.13403594213,67938.25438263219,0.04200005531311035,3.677999973297119
28,2,6,black_box,reopt_pwldr,66358.1732890361,66358.17328903612,0.04200005531311035,3.677999973297119
28,2,6,local_search,obj_pwldr,67820.79600602415,67810.55440400305,0.04200005531311035,0.377000093460083
28,2,6,local_search,dr_pwldr,67948.13403594213,67938.18570772864,0.04200005531311035,0.377000093460083
28,2,6,local_search,reopt_pwldr,66358.1732890361,66358.17328903612,0.04200005531311035,0.377000093460083
28,2,7,black_box,obj_pwldr,67816.71769646827,67810.5077757598,0.04900002479553223,4.21399998664856
28,2,7,black_box,dr_pwldr,67944.1731428967,67938.142047872,0.04900002479553223,4.21399998664856
28,2,7,black_box,reopt_pwldr,66358.1732890361,66358.1732890361,0.04900002479553223,4.21399998664856
28,2,7,local_search,obj_pwldr,67816.71769646827,67810.5077757598,0.04900002479553223,0.3819999694824219
28,2,7,local_search,dr_pwldr,67944.1731428967,67938.142047872,0.04900002479553223,0.3819999694824219
28,2,7,local_search,reopt_pwldr,66358.1732890361,66358.1732890361,0.04900002479553223,0.3819999694824219
28,2,8,black_box,obj_pwldr,67812.81679434847,67810.49481554661,0.06200003623962402,4.7870001792907715
28,2,8,black_box,dr_pwldr,67940.5611739581,67938.13234491239,0.06200003623962402,4.7870001792907715
28,2,8,black_box,reopt_pwldr,66358.1732890361,66358.1732890361,0.06200003623962402,4.7870001792907715
28,2,8,local_search,obj_pwldr,67812.81679434847,67810.49481554663,0.06200003623962402,0.5269999504089355
28,2,8,local_search,dr_pwldr,67940.5611739581,67938.13234491239,0.06200003623962402,0.5269999504089355
28,2,8,local_search,reopt_pwldr,66358.1732890361,66358.1732890361,0.06200003623962402,0.5269999504089355
28,2,9,black_box,obj_pwldr,67811.97427883343,67810.53011051122,0.051999807357788086,5.474999904632568
28,2,9,black_box,dr_pwldr,67939.45542302335,67938.15782856008,0.051999807357788086,5.474999904632568
28,2,9,black_box,reopt_pwldr,66358.1732890361,66358.1732890361,0.051999807357788086,5.474999904632568
28,2,9,local_search,obj_pwldr,67811.97427883343,67810.49580235941,0.051999807357788086,1.1489999294281006
28,2,9,local_search,dr_pwldr,67939.45542302335,67938.13107467178,0.051999807357788086,1.1489999294281006
28,2,9,local_search,reopt_pwldr,66358.1732890361,66358.1732890361,0.051999807357788086,1.1489999294281006
28,2,10,black_box,obj_pwldr,67814.03780784662,67810.50644314739,0.05900001525878906,6.18500018119812
28,2,10,black_box,dr_pwldr,67941.36584324304,67938.14460121938,0.05900001525878906,6.18500018119812
28,2,10,black_box,reopt_pwldr,66358.1732890361,66358.1732890361,0.05900001525878906,6.18500018119812
28,2,10,local_search,obj_pwldr,67814.03780784662,67810.50644314739,0.05900001525878906,0.7860000133514404
28,2,10,local_search,dr_pwldr,67941.36584324304,67938.14460121938,0.05900001525878906,0.7860000133514404
28,2,10,local_search,reopt_pwldr,66358.1732890361,66358.1732890361,0.05900001525878906,0.7860000133514404
28,3,1,black_box,obj_pwldr,68078.2314618832,67900.05198751889,0.021000146865844727,1.310999870300293
28,3,1,black_box,dr_pwldr,68201.86310754158,68027.22674933264,0.021000146865844727,1.310999870300293
28,3,1,black_box,reopt_pwldr,66358.17328903612,66358.1732890361,0.021000146865844727,1.310999870300293
28,3,1,local_search,obj_pwldr,68078.2314618832,67897.10849780832,0.021000146865844727,0.0840001106262207
28,3,1,local_search,dr_pwldr,68201.86310754158,68024.20119861203,0.021000146865844727,0.0840001106262207
28,3,1,local_search,reopt_pwldr,66358.17328903612,66358.1732890361,0.021000146865844727,0.0840001106262207
28,3,2,black_box,obj_pwldr,67968.52810959573,67892.78300821385,0.026000022888183594,1.7889997959136963
28,3,2,black_box,dr_pwldr,68094.13850659359,68019.9588251963,0.026000022888183594,1.7889997959136963
28,3,2,black_box,reopt_pwldr,66358.1732890361,66358.1732890361,0.026000022888183594,1.7889997959136963
28,3,2,local_search,obj_pwldr,67968.52810959573,67892.78300821385,0.026000022888183594,0.10500001907348633
28,3,2,local_search,dr_pwldr,68094.13850659359,68019.9588251963,0.026000022888183594,0.10500001907348633
28,3,2,local_search,reopt_pwldr,66358.1732890361,66358.1732890361,0.026000022888183594,0.10500001907348633
28,3,3,black_box,obj_pwldr,67917.75774030283,67892.94692583819,0.03299999237060547,2.2619998455047607
28,3,3,black_box,dr_pwldr,68044.71585894705,68020.11875001408,0.03299999237060547,2.2619998455047607
28,3,3,black_box,reopt_pwldr,66358.1732890361,66358.17328903612,0.03299999237060547,2.2619998455047607
28,3,3,local_search,obj_pwldr,67917.75774030283,67892.94692583819,0.03299999237060547,0.12799978256225586
28,3,3,local_search,dr_pwldr,68044.71585894705,68020.11875001408,0.03299999237060547,0.12799978256225586
28,3,3,local_search,reopt_pwldr,66358.1732890361,66358.17328903612,0.03299999237060547,0.12799978256225586
28,3,4,black_box,obj_pwldr,67896.641438724,67893.00842680837,0.03900003433227539,2.7279999256134033
28,3,4,black_box,dr_pwldr,68023.70363699831,68020.13899895857,0.03900003433227539,2.7279999256134033
28,3,4,black_box,reopt_pwldr,66358.1732890361,66358.17328903612,0.03900003433227539,2.7279999256134033
28,3,4,local_search,obj_pwldr,67896.641438724,67892.7163528064,0.03900003433227539,0.27699995040893555
28,3,4,local_search,dr_pwldr,68023.70363699831,68019.8819175982,0.03900003433227539,0.27699995040893555
28,3,4,local_search,reopt_pwldr,66358.1732890361,66358.17328903612,0.03900003433227539,0.27699995040893555
28,3,5,black_box,obj_pwldr,67908.29325353913,67892.60841217825,0.04499983787536621,3.062999963760376
28,3,5,black_box,dr_pwldr,68034.84149707355,68019.78881693237,0.04499983787536621,3.062999963760376
28,3,5,black_box,reopt_pwldr,66358.1732890361,66358.1732890361,0.04499983787536621,3.062999963760376
28,3,5,local_search,obj_pwldr,67908.29325353913,67892.60841217825,0.04499983787536621,0.2330000400543213
28,3,5,local_search,dr_pwldr,68034.84149707355,68019.78881693237,0.04499983787536621,0.2330000400543213
28,3,5,local_search,reopt_pwldr,66358.1732890361,66358.1732890361,0.04499983787536621,0.2330000400543213
28,3,6,black_box,obj_pwldr,67907.86223445558,67892.645410499,0.03900003433227539,3.5460000038146973
28,3,6,black_box,dr_pwldr,68034.59445998416,68019.82760564002,0.03900003433227539,3.5460000038146973
28,3,6,black_box,reopt_pwldr,66358.1732890361,66358.1732890361,0.03900003433227539,3.5460000038146973
28,3,6,local_search,obj_pwldr,67907.86223445558,67892.645410499,0.03900003433227539,0.309999942779541
28,3,6,local_search,dr_pwldr,68034.59445998416,68019.82760564,0.03900003433227539,0.309999942779541
28,3,6,local_search,reopt_pwldr,66358.1732890361,66358.1732890361,0.03900003433227539,0.309999942779541
28,3,7,black_box,obj_pwldr,67903.11179576081,67892.64502240677,0.05200004577636719,4.145000219345093
28,3,7,black_box,dr_pwldr,68030.01358503841,68019.83027129271,0.05200004577636719,4.145000219345093
28,3,7,black_box,reopt_pwldr,66358.1732890361,66358.17328903612,0.05200004577636719,4.145000219345093
28,3,7,local_search,obj_pwldr,67903.11179576081,67892.64502240677,0.05200004577636719,0.38899993896484375
28,3,7,local_search,dr_pwldr,68030.01358503841,68019.83027129271,0.05200004577636719,0.38899993896484375
28,3,7,local_search,reopt_pwldr,66358.1732890361,66358.17328903612,0.05200004577636719,0.38899993896484375
28,3,8,black_box,obj_pwldr,67896.97354036955,67892.62792172703,0.05799984931945801,4.7209999561309814
28,3,8,black_box,dr_pwldr,68024.07698846437,68019.80788293014,0.05799984931945801,4.7209999561309814
28,3,8,black_box,reopt_pwldr,66358.1732890361,66358.17328903612,0.05799984931945801,4.7209999561309814
28,3,8,local_search,obj_pwldr,67896.97354036955,67892.62792172703,0.05799984931945801,0.5130000114440918
28,3,8,local_search,dr_pwldr,68024.07698846437,68019.80788293014,0.05799984931945801,0.5130000114440918
28,3,8,local_search,reopt_pwldr,66358.1732890361,66358.17328903612,0.05799984931945801,0.5130000114440918
28,3,9,black_box,obj_pwldr,67894.4983989775,67892.61236751276,0.05499982833862305,5.380999803543091
28,3,9,black_box,dr_pwldr,68021.65448054527,68019.7930167876,0.05499982833862305,5.380999803543091
28,3,9,black_box,reopt_pwldr,66358.1732890361,66358.1732890361,0.05499982833862305,5.380999803543091
28,3,9,local_search,obj_pwldr,67894.4983989775,67892.61236751276,0.05499982833862305,0.6160001754760742
28,3,9,local_search,dr_pwldr,68021.65448054527,68019.7930167876,0.05499982833862305,0.6160001754760742
28,3,9,local_search,reopt_pwldr,66358.1732890361,66358.1732890361,0.05499982833862305,0.6160001754760742
28,3,10,black_box,obj_pwldr,67897.60658774147,67892.62627652453,0.04800009727478027,6.091000080108643
28,3,10,black_box,dr_pwldr,68024.69548345493,68019.80521006469,0.04800009727478027,6.091000080108643
28,3,10,black_box,reopt_pwldr,66358.1732890361,66358.17328903612,0.04800009727478027,6.091000080108643
28,3,10,local_search,obj_pwldr,67897.60658774147,67892.62627652453,0.04800009727478027,0.748999834060669
28,3,10,local_search,dr_pwldr,68024.69548345493,68019.80521006469,0.04800009727478027,0.748999834060669
28,3,10,local_search,reopt_pwldr,66358.1732890361,66358.17328903612,0.04800009727478027,0.748999834060669
28,4,1,black_box,obj_pwldr,68103.60076144776,67919.32912493462,0.026999950408935547,1.2009999752044678
28,4,1,black_box,dr_pwldr,68228.56962736757,68055.7768204736,0.026999950408935547,1.2009999752044678
28,4,1,black_box,reopt_pwldr,66358.1732890361,66358.17328903612,0.026999950408935547,1.2009999752044678
28,4,1,local_search,obj_pwldr,68103.60076144776,67919.32912493462,0.026999950408935547,0.05200004577636719
28,4,1,local_search,dr_pwldr,68228.56962736757,68055.7768204736,0.026999950408935547,0.05200004577636719
28,4,1,local_search,reopt_pwldr,66358.1732890361,66358.17328903612,0.026999950408935547,0.05200004577636719
28,4,2,black_box,obj_pwldr,67998.25817467908,67918.11970214792,0.02500009536743164,1.5499999523162842
28,4,2,black_box,dr_pwldr,68130.08908195395,68054.56301513217,0.02500009536743164,1.5499999523162842
28,4,2,black_box,reopt_pwldr,66358.1732890361,66358.1732890361,0.02500009536743164,1.5499999523162842
28,4,2,local_search,obj_pwldr,67998.25817467908,67918.11970214792,0.02500009536743164,0.07899999618530273
28,4,2,local_search,dr_pwldr,68130.08908195395,68054.56301513217,0.02500009536743164,0.07899999618530273
28,4,2,local_search,reopt_pwldr,66358.1732890361,66358.1732890361,0.02500009536743164,0.07899999618530273
28,4,3,black_box,obj_pwldr,67945.58688129474,67918.14625273267,0.029999971389770508,1.937999963760376
28,4,3,black_box,dr_pwldr,68080.46143764124,68054.58645571656,0.029999971389770508,1.937999963760376
28,4,3,black_box,reopt_pwldr,66358.1732890361,66358.17328903612,0.029999971389770508,1.937999963760376
28,4,3,local_search,obj_pwldr,67945.58688129474,67918.14625273267,0.029999971389770508,0.12400007247924805
28,4,3,local_search,dr_pwldr,68080.46143764124,68054.58645571656,0.029999971389770508,0.12400007247924805
28,4,3,local_search,reopt_pwldr,66358.1732890361,66358.17328903612,0.029999971389770508,0.12400007247924805
28,4,4,black_box,obj_pwldr,67921.9517631078,67918.25543659677,0.03600001335144043,2.364999771118164
28,4,4,black_box,dr_pwldr,68058.36397089793,68054.71070714662,0.03600001335144043,2.364999771118164
28,4,4,black_box,reopt_pwldr,66358.1732890361,66358.1732890361,0.03600001335144043,2.364999771118164
28,4,4,local_search,obj_pwldr,67921.9517631078,67918.25543659677,0.03600001335144043,0.17600011825561523
28,4,4,local_search,dr_pwldr,68058.36397089793,68054.71070714662,0.03600001335144043,0.17600011825561523
28,4,4,local_search,reopt_pwldr,66358.1732890361,66358.1732890361,0.03600001335144043,0.17600011825561523
28,4,5,black_box,obj_pwldr,67933.56287922473,67918.1437768334,0.04200005531311035,2.81600022315979
28,4,5,black_box,dr_pwldr,68069.98124553911,68054.59691413368,0.04200005531311035,2.81600022315979
28,4,5,black_box,reopt_pwldr,66358.1732890361,66358.1732890361,0.04200005531311035,2.81600022315979
28,4,5,local_search,obj_pwldr,67933.56287922473,67918.14377683344,0.04200005531311035,0.2109999656677246
28,4,5,local_search,dr_pwldr,68069.98124553911,68054.5969141337,0.04200005531311035,0.2109999656677246
28,4,5,local_search,reopt_pwldr,66358.1732890361,66358.17328903612,0.04200005531311035,0.2109999656677246
28,4,6,black_box,obj_pwldr,67933.52814752587,67918.23527838154,0.04400014877319336,3.2260000705718994
28,4,6,black_box,dr_pwldr,68070.1272046942,68054.66753225058,0.04400014877319336,3.2260000705718994
28,4,6,black_box,reopt_pwldr,66358.1732890361,66358.17328903612,0.04400014877319336,3.2260000705718994
28,4,6,local_search,obj_pwldr,67933.52814752587,67918.2352783815,0.04400014877319336,0.5659999847412109
28,4,6,local_search,dr_pwldr,68070.1272046942,68054.66753225056,0.04400014877319336,0.5659999847412109
28,4,6,local_search,reopt_pwldr,66358.1732890361,66358.1732890361,0.04400014877319336,0.5659999847412109
28,4,7,black_box,obj_pwldr,67928.94751262081,67918.14292821848,0.04900002479553223,3.743000030517578
28,4,7,black_box,dr_pwldr,68065.30338617323,68054.59738894674,0.04900002479553223,3.743000030517578
28,4,7,black_box,reopt_pwldr,66358.17328903612,66358.17328903612,0.04900002479553223,3.743000030517578
28,4,7,local_search,obj_pwldr,67928.94751262081,67918.14292821848,0.04900002479553223,0.39499998092651367
28,4,7,local_search,dr_pwldr,68065.30338617323,68054.59738894674,0.04900002479553223,0.39499998092651367
28,4,7,local_search,reopt_pwldr,66358.17328903612,66358.17328903612,0.04900002479553223,0.39499998092651367
28,4,8,black_box,obj_pwldr,67922.68578257995,67918.17075748715,0.042999982833862305,4.615000009536743
28,4,8,black_box,dr_pwldr,68058.85144039597,68054.65079044529,0.042999982833862305,4.615000009536743
28,4,8,black_box,reopt_pwldr,66358.17328903612,66358.17328903612,0.042999982833862305,4.615000009536743
28,4,8,local_search,obj_pwldr,67922.68578257995,67918.10251244895,0.042999982833862305,1.3670001029968262
28,4,8,local_search,dr_pwldr,68058.85144039597,68054.55263767704,0.042999982833862305,1.3670001029968262
28,4,8,local_search,reopt_pwldr,66358.17328903612,66358.17328903612,0.042999982833862305,1.3670001029968262
28,4,9,black_box,obj_pwldr,67919.95984864689,67918.13163764939,0.07700014114379883,5.101999998092651
28,4,9,black_box,dr_pwldr,68056.52602568876,68054.57370013744,0.07700014114379883,5.101999998092651
28,4,9,black_box,reopt_pwldr,66358.17328903612,66358.17328903612,0.07700014114379883,5.101999998092651
28,4,9,local_search,obj_pwldr,67919.95984864689,67918.13163764939,0.07700014114379883,0.554999828338623
28,4,9,local_search,dr_pwldr,68056.52602568876,68054.57370013744,0.07700014114379883,0.554999828338623
28,4,9,local_search,reopt_pwldr,66358.17328903612,66358.17328903612,0.07700014114379883,0.554999828338623
28,4,10,black_box,obj_pwldr,67923.1016156341,67918.10605734258,0.04799985885620117,5.519999980926514
28,4,10,black_box,dr_pwldr,68059.83199199206,68054.55044581825,0.04799985885620117,5.519999980926514
28,4,10,black_box,reopt_pwldr,66358.17328903612,66358.1732890361,0.04799985885620117,5.519999980926514
28,4,10,local_search,obj_pwldr,67923.1016156341,67918.10605734258,0.04799985885620117,0.6949999332427979
28,4,10,local_search,dr_pwldr,68059.83199199206,68054.55044581825,0.04799985885620117,0.6949999332427979
28,4,10,local_search,reopt_pwldr,66358.17328903612,66358.1732890361,0.04799985885620117,0.6949999332427979
29,1,1,black_box,obj_pwldr,68383.77087312691,68177.8203672384,0.029999971389770508,1.817000150680542
29,1,1,black_box,dr_pwldr,68341.43509687096,68122.95986972556,0.029999971389770508,1.817000150680542
29,1,1,black_box,reopt_pwldr,66389.93394365328,66389.93394365328,0.029999971389770508,1.817000150680542
29,1,1,local_search,obj_pwldr,68383.77087312691,68177.8203672384,0.029999971389770508,0.04699993133544922
29,1,1,local_search,dr_pwldr,68341.43509687096,68122.95986972556,0.029999971389770508,0.04699993133544922
29,1,1,local_search,reopt_pwldr,66389.93394365328,66389.93394365328,0.029999971389770508,0.04699993133544922
29,1,2,black_box,obj_pwldr,68225.12111546237,68178.1728203995,0.03900003433227539,4.046000003814697
29,1,2,black_box,dr_pwldr,68173.26278225456,68123.3719310477,0.03900003433227539,4.046000003814697
29,1,2,black_box,reopt_pwldr,66389.93394365328,66389.93394365328,0.03900003433227539,4.046000003814697
29,1,2,local_search,obj_pwldr,68225.12111546237,68178.1728203995,0.03900003433227539,0.21000003814697266
29,1,2,local_search,dr_pwldr,68173.26278225456,68123.3719310477,0.03900003433227539,0.21000003814697266
29,1,2,local_search,reopt_pwldr,66389.93394365328,66389.93394365328,0.03900003433227539,0.21000003814697266
29,1,3,black_box,obj_pwldr,68204.0537760779,68177.98560206937,0.05900001525878906,6.9700000286102295
29,1,3,black_box,dr_pwldr,68150.33705571541,68123.16483932562,0.05900001525878906,6.9700000286102295
29,1,3,black_box,reopt_pwldr,66389.93394365328,66389.93394365328,0.05900001525878906,6.9700000286102295
29,1,3,local_search,obj_pwldr,68204.0537760779,68177.98560206937,0.05900001525878906,0.39299988746643066
29,1,3,local_search,dr_pwldr,68150.33705571541,68123.16483932562,0.05900001525878906,0.39299988746643066
29,1,3,local_search,reopt_pwldr,66389.93394365328,66389.93394365328,0.05900001525878906,0.39299988746643066
29,1,4,black_box,obj_pwldr,68219.11292417922,68178.77249674586,0.06400012969970703,10.333999872207642
29,1,4,black_box,dr_pwldr,68167.19320549941,68124.03899170576,0.06400012969970703,10.333999872207642
29,1,4,black_box,reopt_pwldr,66389.93394365328,66389.93394365328,0.06400012969970703,10.333999872207642
29,1,4,local_search,obj_pwldr,68219.11292417922,68178.77249674586,0.06400012969970703,0.8059999942779541
29,1,4,local_search,dr_pwldr,68167.19320549941,68124.03899170576,0.06400012969970703,0.8059999942779541
29,1,4,local_search,reopt_pwldr,66389.93394365328,66389.93394365328,0.06400012969970703,0.8059999942779541
29,1,5,black_box,obj_pwldr,68201.93967673303,68177.26124368675,0.08300018310546875,13.460000038146973
29,1,5,black_box,dr_pwldr,68148.98945859258,68122.41218111974,0.08300018310546875,13.460000038146973
29,1,5,black_box,reopt_pwldr,66389.93394365328,66389.93394365328,0.08300018310546875,13.460000038146973
29,1,5,local_search,obj_pwldr,68201.93967673303,68177.26124368675,0.08300018310546875,0.9089999198913574
29,1,5,local_search,dr_pwldr,68148.98945859258,68122.41218111974,0.08300018310546875,0.9089999198913574
29,1,5,local_search,reopt_pwldr,66389.93394365328,66389.93394365328,0.08300018310546875,0.9089999198913574
29,1,6,black_box,obj_pwldr,68179.6277133845,68177.78296072003,0.10800004005432129,17.176999807357788
29,1,6,black_box,dr_pwldr,68124.95354741163,68122.92420853967,0.10800004005432129,17.176999807357788
29,1,6,black_box,reopt_pwldr,66389.93394365328,66389.93394365328,0.10800004005432129,17.176999807357788
29,1,6,local_search,obj_pwldr,68179.6277133845,68177.64555890048,0.10800004005432129,2.428999900817871
29,1,6,local_search,dr_pwldr,68124.95354741163,68122.83061493876,0.10800004005432129,2.428999900817871
29,1,6,local_search,reopt_pwldr,66389.93394365328,66389.93394365328,0.10800004005432129,2.428999900817871
29,1,7,black_box,obj_pwldr,68191.68216635,68177.26500017181,0.1380000114440918,20.062999963760376
29,1,7,black_box,dr_pwldr,68137.48423468616,68122.41648124166,0.1380000114440918,20.062999963760376
29,1,7,black_box,reopt_pwldr,66389.93394365328,66389.93394365328,0.1380000114440918,20.062999963760376
29,1,7,local_search,obj_pwldr,68191.68216635,68177.26500017181,0.1380000114440918,1.7349998950958252
29,1,7,local_search,dr_pwldr,68137.48423468616,68122.41648124166,0.1380000114440918,1.7349998950958252
29,1,7,local_search,reopt_pwldr,66389.93394365328,66389.93394365328,0.1380000114440918,1.7349998950958252
29,1,8,black_box,obj_pwldr,68190.79220986595,68177.30743483228,0.15599989891052246,23.544000148773193
29,1,8,black_box,dr_pwldr,68136.7033014147,68122.44141271221,0.15599989891052246,23.544000148773193
29,1,8,black_box,reopt_pwldr,66389.93394365328,66389.93394365328,0.15599989891052246,23.544000148773193
29,1,8,local_search,obj_pwldr,68190.79220986595,68177.30743483228,0.15599989891052246,2.684999942779541
29,1,8,local_search,dr_pwldr,68136.7033014147,68122.44141271221,0.15599989891052246,2.684999942779541
29,1,8,local_search,reopt_pwldr,66389.93394365328,66389.93394365328,0.15599989891052246,2.684999942779541
29,1,9,black_box,obj_pwldr,68181.27815534576,68177.29609817729,0.17199993133544922,28.050999879837036
29,1,9,black_box,dr_pwldr,68126.67894039274,68122.42428127106,0.17199993133544922,28.050999879837036
29,1,9,black_box,reopt_pwldr,66389.93394365328,66389.93394365328,0.17199993133544922,28.050999879837036
29,1,9,local_search,obj_pwldr,68181.27815534576,68177.29609817729,0.17199993133544922,3.0439999103546143
29,1,9,local_search,dr_pwldr,68126.67894039274,68122.42428127106,0.17199993133544922,3.0439999103546143
29,1,9,local_search,reopt_pwldr,66389.93394365328,66389.93394365328,0.17199993133544922,3.0439999103546143
29,1,10,black_box,obj_pwldr,68182.69241036147,68177.28444180249,0.2049999237060547,30.463000059127808
29,1,10,black_box,dr_pwldr,68127.97692401812,68122.44453654901,0.2049999237060547,30.463000059127808
29,1,10,black_box,reopt_pwldr,66389.93394365328,66389.93394365328,0.2049999237060547,30.463000059127808
29,1,10,local_search,obj_pwldr,68182.69241036147,68177.21763046773,0.2049999237060547,6.019000053405762
29,1,10,local_search,dr_pwldr,68127.97692401812,68122.36567250272,0.2049999237060547,6.019000053405762
29,1,10,local_search,reopt_pwldr,66389.93394365328,66389.93394365328,0.2049999237060547,6.019000053405762
29,2,1,black_box,obj_pwldr,68235.28534893316,68081.10662806462,0.0279998779296875,1.309999942779541
29,2,1,black_box,dr_pwldr,68188.88658243715,68033.66480926085,0.0279998779296875,1.309999942779541
29,2,1,black_box,reopt_pwldr,66389.93394365328,66389.93394365328,0.0279998779296875,1.309999942779541
29,2,1,local_search,obj_pwldr,68235.28534893316,68081.10662806463,0.0279998779296875,0.046000003814697266
29,2,1,local_search,dr_pwldr,68188.88658243715,68033.66480926087,0.0279998779296875,0.046000003814697266
29,2,1,local_search,reopt_pwldr,66389.93394365328,66389.93394365328,0.0279998779296875,0.046000003814697266
29,2,2,black_box,obj_pwldr,68100.31833469,68078.60193246682,0.029000043869018555,1.930999994277954
29,2,2,black_box,dr_pwldr,68052.75270849842,68031.1329352514,0.029000043869018555,1.930999994277954
29,2,2,black_box,reopt_pwldr,66389.93394365328,66389.93394365326,0.029000043869018555,1.930999994277954
29,2,2,local_search,obj_pwldr,68100.31833469,68078.60193246682,0.029000043869018555,0.08100008964538574
29,2,2,local_search,dr_pwldr,68052.75270849842,68031.1329352514,0.029000043869018555,0.08100008964538574
29,2,2,local_search,reopt_pwldr,66389.93394365328,66389.93394365326,0.029000043869018555,0.08100008964538574
29,2,3,black_box,obj_pwldr,68110.68900742203,68079.00348559389,0.03900003433227539,2.256999969482422
29,2,3,black_box,dr_pwldr,68062.7967537461,68031.43722667909,0.03900003433227539,2.256999969482422
29,2,3,black_box,reopt_pwldr,66389.93394365328,66389.93394365328,0.03900003433227539,2.256999969482422
29,2,3,local_search,obj_pwldr,68110.68900742203,68079.00348559389,0.03900003433227539,0.125
29,2,3,local_search,dr_pwldr,68062.7967537461,68031.43722667909,0.03900003433227539,0.125
29,2,3,local_search,reopt_pwldr,66389.93394365328,66389.93394365328,0.03900003433227539,0.125
29,2,4,black_box,obj_pwldr,68108.18118958268,68079.08494408932,0.04400014877319336,2.563000202178955
29,2,4,black_box,dr_pwldr,68059.9649507035,68031.53534374599,0.04400014877319336,2.563000202178955
29,2,4,black_box,reopt_pwldr,66389.93394365328,66389.93394365328,0.04400014877319336,2.563000202178955
29,2,4,local_search,obj_pwldr,68108.18118958268,68078.58116908815,0.04400014877319336,0.2609999179840088
29,2,4,local_search,dr_pwldr,68059.9649507035,68031.11678117972,0.04400014877319336,0.2609999179840088
29,2,4,local_search,reopt_pwldr,66389.93394365328,66389.93394365328,0.04400014877319336,0.2609999179840088
29,2,5,black_box,obj_pwldr,68091.45786618514,68078.63234934266,0.046000003814697266,3.13700008392334
29,2,5,black_box,dr_pwldr,68043.62390072267,68031.15498114344,0.046000003814697266,3.13700008392334
29,2,5,black_box,reopt_pwldr,66389.93394365328,66389.93394365328,0.046000003814697266,3.13700008392334
29,2,5,local_search,obj_pwldr,68091.45786618514,68078.63234934266,0.046000003814697266,0.23099994659423828
29,2,5,local_search,dr_pwldr,68043.62390072267,68031.15498114344,0.046000003814697266,0.23099994659423828
29,2,5,local_search,reopt_pwldr,66389.93394365328,66389.93394365328,0.046000003814697266,0.23099994659423828
29,2,6,black_box,obj_pwldr,68081.06074991744,68078.60764360007,0.03699994087219238,3.739000082015991
29,2,6,black_box,dr_pwldr,68033.52908330329,68031.12783587974,0.03699994087219238,3.739000082015991
29,2,6,black_box,reopt_pwldr,66389.93394365328,66389.93394365325,0.03699994087219238,3.739000082015991
29,2,6,local_search,obj_pwldr,68081.06074991744,68078.60764360007,0.03699994087219238,0.3229999542236328
29,2,6,local_search,dr_pwldr,68033.52908330329,68031.12783587974,0.03699994087219238,0.3229999542236328
29,2,6,local_search,reopt_pwldr,66389.93394365328,66389.93394365325,0.03699994087219238,0.3229999542236328
29,2,7,black_box,obj_pwldr,68089.27056580804,68078.57422840661,0.051000118255615234,4.239000082015991
29,2,7,black_box,dr_pwldr,68041.11896083888,68031.09412520786,0.051000118255615234,4.239000082015991
29,2,7,black_box,reopt_pwldr,66389.93394365328,66389.93394365328,0.051000118255615234,4.239000082015991
29,2,7,local_search,obj_pwldr,68089.27056580804,68078.57422840661,0.051000118255615234,0.3860001564025879
29,2,7,local_search,dr_pwldr,68041.11896083888,68031.09412520786,0.051000118255615234,0.3860001564025879
29,2,7,local_search,reopt_pwldr,66389.93394365328,66389.93394365328,0.051000118255615234,0.3860001564025879
29,2,8,black_box,obj_pwldr,68086.51667284295,68078.56548290611,0.0559999942779541,4.789999961853027
29,2,8,black_box,dr_pwldr,68038.50944834971,68031.089124114,0.0559999942779541,4.789999961853027
29,2,8,black_box,reopt_pwldr,66389.93394365325,66389.93394365325,0.0559999942779541,4.789999961853027
29,2,8,local_search,obj_pwldr,68086.51667284295,68078.56548290611,0.0559999942779541,0.4780001640319824
29,2,8,local_search,dr_pwldr,68038.50944834971,68031.089124114,0.0559999942779541,0.4780001640319824
29,2,8,local_search,reopt_pwldr,66389.93394365325,66389.93394365325,0.0559999942779541,0.4780001640319824
29,2,9,black_box,obj_pwldr,68080.57503859673,68078.62801555722,0.053999900817871094,5.497999906539917
29,2,9,black_box,dr_pwldr,68033.05374841351,68031.16101787625,0.053999900817871094,5.497999906539917
29,2,9,black_box,reopt_pwldr,66389.93394365328,66389.93394365328,0.053999900817871094,5.497999906539917
29,2,9,local_search,obj_pwldr,68080.57503859673,68078.62801555722,0.053999900817871094,0.6269998550415039
29,2,9,local_search,dr_pwldr,68033.05374841351,68031.16101787625,0.053999900817871094,0.6269998550415039
29,2,9,local_search,reopt_pwldr,66389.93394365328,66389.93394365328,0.053999900817871094,0.6269998550415039
29,2,10,black_box,obj_pwldr,68082.73170336842,68078.54155895255,0.054000139236450195,6.192000150680542
29,2,10,black_box,dr_pwldr,68034.88600203514,68031.07645308193,0.054000139236450195,6.192000150680542
29,2,10,black_box,reopt_pwldr,66389.93394365328,66389.93394365328,0.054000139236450195,6.192000150680542
29,2,10,local_search,obj_pwldr,68082.73170336842,68078.54155895255,0.054000139236450195,0.7300000190734863
29,2,10,local_search,dr_pwldr,68034.88600203514,68031.07645308193,0.054000139236450195,0.7300000190734863
29,2,10,local_search,reopt_pwldr,66389.93394365328,66389.93394365328,0.054000139236450195,0.7300000190734863
29,3,1,black_box,obj_pwldr,68356.58628826267,68205.18141457223,0.021000146865844727,1.2829999923706055
29,3,1,black_box,dr_pwldr,68311.48876520143,68157.00117804403,0.021000146865844727,1.2829999923706055
29,3,1,black_box,reopt_pwldr,66389.93394365328,66389.93394365328,0.021000146865844727,1.2829999923706055
29,3,1,local_search,obj_pwldr,68356.58628826267,68205.18141457223,0.021000146865844727,0.05900001525878906
29,3,1,local_search,dr_pwldr,68311.48876520143,68157.00117804403,0.021000146865844727,0.05900001525878906
29,3,1,local_search,reopt_pwldr,66389.93394365328,66389.93394365328,0.021000146865844727,0.05900001525878906
29,3,2,black_box,obj_pwldr,68230.48488346477,68200.8846991022,0.03800010681152344,1.7000000476837158
29,3,2,black_box,dr_pwldr,68182.42292224713,68152.65913225575,0.03800010681152344,1.7000000476837158
29,3,2,black_box,reopt_pwldr,66389.93394365328,66389.93394365328,0.03800010681152344,1.7000000476837158
29,3,2,local_search,obj_pwldr,68230.48488346477,68200.8846991022,0.03800010681152344,0.09800004959106445
29,3,2,local_search,dr_pwldr,68182.42292224713,68152.65913225575,0.03800010681152344,0.09800004959106445
29,3,2,local_search,reopt_pwldr,66389.93394365328,66389.93394365328,0.03800010681152344,0.09800004959106445
29,3,3,black_box,obj_pwldr,68223.8521860383,68200.25713682587,0.0279998779296875,2.0240001678466797
29,3,3,black_box,dr_pwldr,68176.6069129234,68152.05206711512,0.0279998779296875,2.0240001678466797
29,3,3,black_box,reopt_pwldr,66389.93394365328,66389.93394365328,0.0279998779296875,2.0240001678466797
29,3,3,local_search,obj_pwldr,68223.8521860383,68200.25713682587,0.0279998779296875,0.12000012397766113
29,3,3,local_search,dr_pwldr,68176.6069129234,68152.05206711512,0.0279998779296875,0.12000012397766113
29,3,3,local_search,reopt_pwldr,66389.93394365328,66389.93394365328,0.0279998779296875,0.12000012397766113
29,3,4,black_box,obj_pwldr,68226.80024591147,68200.5865501986,0.03900003433227539,2.565999984741211
29,3,4,black_box,dr_pwldr,68178.24268762526,68152.39215374427,0.03900003433227539,2.565999984741211
29,3,4,black_box,reopt_pwldr,66389.93394365328,66389.93394365328,0.03900003433227539,2.565999984741211
29,3,4,local_search,obj_pwldr,68226.80024591147,68200.26178538543,0.03900003433227539,0.2839999198913574
29,3,4,local_search,dr_pwldr,68178.24268762526,68152.04341247625,0.03900003433227539,0.2839999198913574
29,3,4,local_search,reopt_pwldr,66389.93394365328,66389.93394365328,0.03900003433227539,0.2839999198913574
29,3,5,black_box,obj_pwldr,68213.98127143417,68200.25442798604,0.04400014877319336,3.05400013923645
29,3,5,black_box,dr_pwldr,68165.68389732888,68152.03693688415,0.04400014877319336,3.05400013923645
29,3,5,black_box,reopt_pwldr,66389.93394365328,66389.93394365328,0.04400014877319336,3.05400013923645
29,3,5,local_search,obj_pwldr,68213.98127143417,68200.25442798604,0.04400014877319336,0.2330000400543213
29,3,5,local_search,dr_pwldr,68165.68389732888,68152.03693688415,0.04400014877319336,0.2330000400543213
29,3,5,local_search,reopt_pwldr,66389.93394365328,66389.93394365328,0.04400014877319336,0.2330000400543213
29,3,6,black_box,obj_pwldr,68202.13553016199,68200.23955261278,0.03800010681152344,3.548999786376953
29,3,6,black_box,dr_pwldr,68153.99764548187,68152.02030701938,0.03800010681152344,3.548999786376953
29,3,6,black_box,reopt_pwldr,66389.93394365328,66389.93394365328,0.03800010681152344,3.548999786376953
29,3,6,local_search,obj_pwldr,68202.13553016199,68200.2340628778,0.03800010681152344,0.34399986267089844
29,3,6,local_search,dr_pwldr,68153.99764548187,68152.01926963111,0.03800010681152344,0.34399986267089844
29,3,6,local_search,reopt_pwldr,66389.93394365328,66389.93394365328,0.03800010681152344,0.34399986267089844
29,3,7,black_box,obj_pwldr,68209.49804072453,68200.26239433893,0.05499982833862305,4.4690001010894775
29,3,7,black_box,dr_pwldr,68161.37087836902,68152.04475292427,0.05499982833862305,4.4690001010894775
29,3,7,black_box,reopt_pwldr,66389.93394365328,66389.93394365328,0.05499982833862305,4.4690001010894775
29,3,7,local_search,obj_pwldr,68209.49804072453,68200.26239433893,0.05499982833862305,0.43600010871887207
29,3,7,local_search,dr_pwldr,68161.37087836902,68152.04475292427,0.05499982833862305,0.43600010871887207
29,3,7,local_search,reopt_pwldr,66389.93394365328,66389.93394365328,0.05499982833862305,0.43600010871887207
29,3,8,black_box,obj_pwldr,68207.95505018964,68200.26181045371,0.04799985885620117,5.148000001907349
29,3,8,black_box,dr_pwldr,68159.73597411788,68152.04127899997,0.04799985885620117,5.148000001907349
29,3,8,black_box,reopt_pwldr,66389.93394365328,66389.93394365328,0.04799985885620117,5.148000001907349
29,3,8,local_search,obj_pwldr,68207.95505018964,68200.26181045371,0.04799985885620117,0.5069999694824219
29,3,8,local_search,dr_pwldr,68159.73597411788,68152.04127899997,0.04799985885620117,0.5069999694824219
29,3,8,local_search,reopt_pwldr,66389.93394365328,66389.93394365328,0.04799985885620117,0.5069999694824219
29,3,9,black_box,obj_pwldr,68202.39946892748,68200.21953137871,0.04800009727478027,5.389999866485596
29,3,9,black_box,dr_pwldr,68154.09473316098,68152.00280064256,0.04800009727478027,5.389999866485596
29,3,9,black_box,reopt_pwldr,66389.93394365328,66389.93394365328,0.04800009727478027,5.389999866485596
29,3,9,local_search,obj_pwldr,68202.39946892748,68200.21953137871,0.04800009727478027,0.5920000076293945
29,3,9,local_search,dr_pwldr,68154.09473316098,68152.00280064256,0.04800009727478027,0.5920000076293945
29,3,9,local_search,reopt_pwldr,66389.93394365328,66389.93394365328,0.04800009727478027,0.5920000076293945
29,3,10,black_box,obj_pwldr,68203.7797828137,68200.23656494943,0.057000160217285156,6.182000160217285
29,3,10,black_box,dr_pwldr,68155.69111293717,68152.02550056488,0.057000160217285156,6.182000160217285
29,3,10,black_box,reopt_pwldr,66389.93394365328,66389.93394365328,0.057000160217285156,6.182000160217285
29,3,10,local_search,obj_pwldr,68203.7797828137,68200.23036770418,0.057000160217285156,0.8239998817443848
29,3,10,local_search,dr_pwldr,68155.69111293717,68152.01181502655,0.057000160217285156,0.8239998817443848
29,3,10,local_search,reopt_pwldr,66389.93394365328,66389.93394365328,0.057000160217285156,0.8239998817443848
29,4,1,black_box,obj_pwldr,68385.74769716336,68234.23667019719,0.02200007438659668,1.2090001106262207
29,4,1,black_box,dr_pwldr,68339.59146516475,68190.22444169894,0.02200007438659668,1.2090001106262207
29,4,1,black_box,reopt_pwldr,66389.93394365328,66389.93394365328,0.02200007438659668,1.2090001106262207
29,4,1,local_search,obj_pwldr,68385.74769716336,68234.23667019719,0.02200007438659668,0.06599998474121094
29,4,1,local_search,dr_pwldr,68339.59146516475,68190.22444169894,0.02200007438659668,0.06599998474121094
29,4,1,local_search,reopt_pwldr,66389.93394365328,66389.93394365328,0.02200007438659668,0.06599998474121094
29,4,2,black_box,obj_pwldr,68264.65888903136,68235.03834520852,0.02499985694885254,1.6660001277923584
29,4,2,black_box,dr_pwldr,68219.26995395534,68191.05889762737,0.02499985694885254,1.6660001277923584
29,4,2,black_box,reopt_pwldr,66389.93394365328,66389.93394365328,0.02499985694885254,1.6660001277923584
29,4,2,local_search,obj_pwldr,68264.65888903136,68235.03834520852,0.02499985694885254,0.07800006866455078
29,4,2,local_search,dr_pwldr,68219.26995395534,68191.05889762737,0.02499985694885254,0.07800006866455078
29,4,2,local_search,reopt_pwldr,66389.93394365328,66389.93394365328,0.02499985694885254,0.07800006866455078
29,4,3,black_box,obj_pwldr,68255.04822615621,68233.86041262619,0.03600001335144043,2.070000171661377
29,4,3,black_box,dr_pwldr,68211.69389133948,68189.87483910871,0.03600001335144043,2.070000171661377
29,4,3,black_box,reopt_pwldr,66389.93394365328,66389.93394365328,0.03600001335144043,2.070000171661377
29,4,3,local_search,obj_pwldr,68255.04822615621,68233.86041262619,0.03600001335144043,0.12299990653991699
29,4,3,local_search,dr_pwldr,68211.69389133948,68189.87483910871,0.03600001335144043,0.12299990653991699
29,4,3,local_search,reopt_pwldr,66389.93394365328,66389.93394365328,0.03600001335144043,0.12299990653991699
29,4,4,black_box,obj_pwldr,68258.50806479125,68234.28250842883,0.0410001277923584,2.3370001316070557
29,4,4,black_box,dr_pwldr,68214.49263961716,68190.29934761692,0.0410001277923584,2.3370001316070557
29,4,4,black_box,reopt_pwldr,66389.93394365328,66389.93394365328,0.0410001277923584,2.3370001316070557
29,4,4,local_search,obj_pwldr,68258.50806479125,68234.28250842883,0.0410001277923584,0.15400004386901855
29,4,4,local_search,dr_pwldr,68214.49263961716,68190.29934761692,0.0410001277923584,0.15400004386901855
29,4,4,local_search,reopt_pwldr,66389.93394365328,66389.93394365328,0.0410001277923584,0.15400004386901855
29,4,5,black_box,obj_pwldr,68246.9331712944,68233.79722081184,0.04499983787536621,2.9129998683929443
29,4,5,black_box,dr_pwldr,68202.53496656382,68189.80581204861,0.04499983787536621,2.9129998683929443
29,4,5,black_box,reopt_pwldr,66389.93394365328,66389.93394365328,0.04499983787536621,2.9129998683929443
29,4,5,local_search,obj_pwldr,68246.9331712944,68233.79722081184,0.04499983787536621,0.21800017356872559
29,4,5,local_search,dr_pwldr,68202.53496656382,68189.80581204861,0.04499983787536621,0.21800017356872559
29,4,5,local_search,reopt_pwldr,66389.93394365328,66389.93394365328,0.04499983787536621,0.21800017356872559
29,4,6,black_box,obj_pwldr,68235.47476080558,68233.75633164888,0.03900003433227539,3.3350000381469727
29,4,6,black_box,dr_pwldr,68191.53300458076,68189.76695905799,0.03900003433227539,3.3350000381469727
29,4,6,black_box,reopt_pwldr,66389.93394365328,66389.93394365328,0.03900003433227539,3.3350000381469727
29,4,6,local_search,obj_pwldr,68235.47476080558,68233.75633164888,0.03900003433227539,0.2799999713897705
29,4,6,local_search,dr_pwldr,68191.53300458076,68189.76695905799,0.03900003433227539,0.2799999713897705
29,4,6,local_search,reopt_pwldr,66389.93394365328,66389.93394365328,0.03900003433227539,0.2799999713897705
29,4,7,black_box,obj_pwldr,68242.3147908585,68233.77446688838,0.05300021171569824,3.8259999752044678
29,4,7,black_box,dr_pwldr,68198.36860059055,68189.78512790399,0.05300021171569824,3.8259999752044678
29,4,7,black_box,reopt_pwldr,66389.93394365328,66389.93394365328,0.05300021171569824,3.8259999752044678
29,4,7,local_search,obj_pwldr,68242.3147908585,68233.76485785648,0.05300021171569824,0.49699997901916504
29,4,7,local_search,dr_pwldr,68198.36860059055,68189.7775484577,0.05300021171569824,0.49699997901916504
29,4,7,local_search,reopt_pwldr,66389.93394365328,66389.93394365328,0.05300021171569824,0.49699997901916504
29,4,8,black_box,obj_pwldr,68241.0245987154,68233.74973368367,0.04399991035461426,4.365000009536743
29,4,8,black_box,dr_pwldr,68196.99058716491,68189.75995980356,0.04399991035461426,4.365000009536743
29,4,8,black_box,reopt_pwldr,66389.93394365328,66389.93394365328,0.04399991035461426,4.365000009536743
29,4,8,local_search,obj_pwldr,68241.0245987154,68233.74973368367,0.04399991035461426,0.4629998207092285
29,4,8,local_search,dr_pwldr,68196.99058716491,68189.75995980356,0.04399991035461426,0.4629998207092285
29,4,8,local_search,reopt_pwldr,66389.93394365328,66389.93394365328,0.04399991035461426,0.4629998207092285
29,4,9,black_box,obj_pwldr,68235.82800922486,68233.76661922132,0.042999982833862305,4.920000076293945
29,4,9,black_box,dr_pwldr,68191.83154541081,68189.77824244926,0.042999982833862305,4.920000076293945
29,4,9,black_box,reopt_pwldr,66389.93394365328,66389.93394365328,0.042999982833862305,4.920000076293945
29,4,9,local_search,obj_pwldr,68235.82800922486,68233.76661922132,0.042999982833862305,0.5920000076293945
29,4,9,local_search,dr_pwldr,68191.83154541081,68189.77824244926,0.042999982833862305,0.5920000076293945
29,4,9,local_search,reopt_pwldr,66389.93394365328,66389.93394365328,0.042999982833862305,0.5920000076293945
29,4,10,black_box,obj_pwldr,68237.01922127389,68233.75986035787,0.04999995231628418,5.509000062942505
29,4,10,black_box,dr_pwldr,68193.01442619464,68189.76929267259,0.04999995231628418,5.509000062942505
29,4,10,black_box,reopt_pwldr,66389.93394365328,66389.93394365328,0.04999995231628418,5.509000062942505
29,4,10,local_search,obj_pwldr,68237.01922127389,68233.75986035787,0.04999995231628418,0.6450002193450928
29,4,10,local_search,dr_pwldr,68193.01442619464,68189.76929267262,0.04999995231628418,0.6450002193450928
29,4,10,local_search,reopt_pwldr,66389.93394365328,66389.93394365328,0.04999995231628418,0.6450002193450928
30,1,1,black_box,obj_pwldr,72519.75824600649,72317.83771517038,0.020999908447265625,1.370999813079834
30,1,1,black_box,dr_pwldr,72466.66761752931,72259.76625099409,0.020999908447265625,1.370999813079834
30,1,1,black_box,reopt_pwldr,69958.35573454875,69958.35573454874,0.020999908447265625,1.370999813079834
30,1,1,local_search,obj_pwldr,72519.75824600649,72317.83771517038,0.020999908447265625,0.06800007820129395
30,1,1,local_search,dr_pwldr,72466.66761752931,72259.76625099409,0.020999908447265625,0.06800007820129395
30,1,1,local_search,reopt_pwldr,69958.35573454875,69958.35573454874,0.020999908447265625,0.06800007820129395
30,1,2,black_box,obj_pwldr,72366.41505445432,72318.89361148038,0.026000022888183594,1.7279999256134033
30,1,2,black_box,dr_pwldr,72309.94495795385,72260.87312928951,0.026000022888183594,1.7279999256134033
30,1,2,black_box,reopt_pwldr,69958.35573454875,69958.35573454874,0.026000022888183594,1.7279999256134033
30,1,2,local_search,obj_pwldr,72366.41505445432,72318.89361148038,0.026000022888183594,0.0969998836517334
30,1,2,local_search,dr_pwldr,72309.94495795385,72260.87312928951,0.026000022888183594,0.0969998836517334
30,1,2,local_search,reopt_pwldr,69958.35573454875,69958.35573454874,0.026000022888183594,0.0969998836517334
30,1,3,black_box,obj_pwldr,72338.86687401966,72317.65767459263,0.0279998779296875,2.1089999675750732
30,1,3,black_box,dr_pwldr,72280.66359254923,72259.53682931438,0.0279998779296875,2.1089999675750732
30,1,3,black_box,reopt_pwldr,69958.35573454874,69958.35573454874,0.0279998779296875,2.1089999675750732
30,1,3,local_search,obj_pwldr,72338.86687401966,72317.65767459263,0.0279998779296875,0.11500000953674316
30,1,3,local_search,dr_pwldr,72280.66359254923,72259.53682931438,0.0279998779296875,0.11500000953674316
30,1,3,local_search,reopt_pwldr,69958.35573454874,69958.35573454874,0.0279998779296875,0.11500000953674316
30,1,4,black_box,obj_pwldr,72348.78421897613,72317.83692363661,0.04400014877319336,2.433000087738037
30,1,4,black_box,dr_pwldr,72290.77289744758,72259.72364530951,0.04400014877319336,2.433000087738037
30,1,4,black_box,reopt_pwldr,69958.35573454874,69958.35573454874,0.04400014877319336,2.433000087738037
30,1,4,local_search,obj_pwldr,72348.78421897613,72317.83692363661,0.04400014877319336,0.1700000762939453
30,1,4,local_search,dr_pwldr,72290.77289744758,72259.72364530951,0.04400014877319336,0.1700000762939453
30,1,4,local_search,reopt_pwldr,69958.35573454874,69958.35573454874,0.04400014877319336,0.1700000762939453
30,1,5,black_box,obj_pwldr,72337.13328631087,72317.55095977725,0.039999961853027344,2.882999897003174
30,1,5,black_box,dr_pwldr,72278.87322543222,72259.4223756581,0.039999961853027344,2.882999897003174
30,1,5,black_box,reopt_pwldr,69958.35573454874,69958.35573454874,0.039999961853027344,2.882999897003174
30,1,5,local_search,obj_pwldr,72337.13328631087,72317.2835714163,0.039999961853027344,0.2669999599456787
30,1,5,local_search,dr_pwldr,72278.87322543222,72259.18280418371,0.039999961853027344,0.2669999599456787
30,1,5,local_search,reopt_pwldr,69958.35573454874,69958.35573454874,0.039999961853027344,0.2669999599456787
30,1,6,black_box,obj_pwldr,72319.86629556493,72317.29620067045,0.04699993133544922,3.4070000648498535
30,1,6,black_box,dr_pwldr,72261.76185266083,72259.18700131132,0.04699993133544922,3.4070000648498535
30,1,6,black_box,reopt_pwldr,69958.35573454875,69958.35573454875,0.04699993133544922,3.4070000648498535
30,1,6,local_search,obj_pwldr,72319.86629556493,72317.29620067045,0.04699993133544922,0.29600000381469727
30,1,6,local_search,dr_pwldr,72261.76185266083,72259.18700131132,0.04699993133544922,0.29600000381469727
30,1,6,local_search,reopt_pwldr,69958.35573454875,69958.35573454875,0.04699993133544922,0.29600000381469727
30,1,7,black_box,obj_pwldr,72326.5860201843,72317.25587735944,0.04900002479553223,3.871000051498413
30,1,7,black_box,dr_pwldr,72268.42698958462,72259.15379571446,0.04900002479553223,3.871000051498413
30,1,7,black_box,reopt_pwldr,69958.35573454874,69958.35573454874,0.04900002479553223,3.871000051498413
30,1,7,local_search,obj_pwldr,72326.5860201843,72317.25587735944,0.04900002479553223,0.36299991607666016
30,1,7,local_search,dr_pwldr,72268.42698958462,72259.15379571446,0.04900002479553223,0.36299991607666016
30,1,7,local_search,reopt_pwldr,69958.35573454874,69958.35573454874,0.04900002479553223,0.36299991607666016
30,1,8,black_box,obj_pwldr,72327.37269692974,72317.26670273964,0.04399991035461426,4.3420000076293945
30,1,8,black_box,dr_pwldr,72269.23950463395,72259.15966271333,0.04399991035461426,4.3420000076293945
30,1,8,black_box,reopt_pwldr,69958.35573454874,69958.35573454874,0.04399991035461426,4.3420000076293945
30,1,8,local_search,obj_pwldr,72327.37269692974,72317.26670273964,0.04399991035461426,0.4630000591278076
30,1,8,local_search,dr_pwldr,72269.23950463395,72259.15966271333,0.04399991035461426,0.4630000591278076
30,1,8,local_search,reopt_pwldr,69958.35573454874,69958.35573454874,0.04399991035461426,0.4630000591278076
30,1,9,black_box,obj_pwldr,72322.52328953524,72317.31107000061,0.05800008773803711,4.893999814987183
30,1,9,black_box,dr_pwldr,72264.34852485282,72259.20704000803,0.05800008773803711,4.893999814987183
30,1,9,black_box,reopt_pwldr,69958.35573454874,69958.35573454874,0.05800008773803711,4.893999814987183
30,1,9,local_search,obj_pwldr,72322.52328953524,72317.31107000061,0.05800008773803711,0.5739998817443848
30,1,9,local_search,dr_pwldr,72264.34852485282,72259.20704000803,0.05800008773803711,0.5739998817443848
30,1,9,local_search,reopt_pwldr,69958.35573454874,69958.35573454874,0.05800008773803711,0.5739998817443848
30,1,10,black_box,obj_pwldr,72319.21266476199,72317.30782634612,0.051000118255615234,5.574000120162964
30,1,10,black_box,dr_pwldr,72261.09632076038,72259.20425820292,0.051000118255615234,5.574000120162964
30,1,10,black_box,reopt_pwldr,69958.35573454872,69958.35573454874,0.051000118255615234,5.574000120162964
30,1,10,local_search,obj_pwldr,72319.21266476199,72317.30782634612,0.051000118255615234,0.6630001068115234
30,1,10,local_search,dr_pwldr,72261.09632076038,72259.20425820292,0.051000118255615234,0.6630001068115234
30,1,10,local_search,reopt_pwldr,69958.35573454872,69958.35573454874,0.051000118255615234,0.6630001068115234
30,2,1,black_box,obj_pwldr,72482.82912282842,72277.07799488422,0.018000125885009766,1.3229999542236328
30,2,1,black_box,dr_pwldr,72433.2713164841,72218.82908464056,0.018000125885009766,1.3229999542236328
30,2,1,black_box,reopt_pwldr,69958.35573454874,69958.35573454874,0.018000125885009766,1.3229999542236328
30,2,1,local_search,obj_pwldr,72482.82912282842,72277.07799488422,0.018000125885009766,0.10199999809265137
30,2,1,local_search,dr_pwldr,72433.2713164841,72218.82908464056,0.018000125885009766,0.10199999809265137
30,2,1,local_search,reopt_pwldr,69958.35573454874,69958.35573454874,0.018000125885009766,0.10199999809265137
30,2,2,black_box,obj_pwldr,72323.13813099178,72276.65333031015,0.026999950408935547,1.6770000457763672
30,2,2,black_box,dr_pwldr,72266.46748722641,72218.3206887216,0.026999950408935547,1.6770000457763672
30,2,2,black_box,reopt_pwldr,69958.35573454875,69958.35573454875,0.026999950408935547,1.6770000457763672
30,2,2,local_search,obj_pwldr,72323.13813099178,72276.65333031015,0.026999950408935547,0.08099985122680664
30,2,2,local_search,dr_pwldr,72266.46748722641,72218.3206887216,0.026999950408935547,0.08099985122680664
30,2,2,local_search,reopt_pwldr,69958.35573454875,69958.35573454875,0.026999950408935547,0.08099985122680664
30,2,3,black_box,obj_pwldr,72299.12176980102,72275.4190718814,0.03900003433227539,2.1110000610351562
30,2,3,black_box,dr_pwldr,72242.03598618701,72217.0994627316,0.03900003433227539,2.1110000610351562
30,2,3,black_box,reopt_pwldr,69958.35573454874,69958.35573454874,0.03900003433227539,2.1110000610351562
30,2,3,local_search,obj_pwldr,72299.12176980102,72275.4190718814,0.03900003433227539,0.12299990653991699
30,2,3,local_search,dr_pwldr,72242.03598618701,72217.0994627316,0.03900003433227539,0.12299990653991699
30,2,3,local_search,reopt_pwldr,69958.35573454874,69958.35573454874,0.03900003433227539,0.12299990653991699
30,2,4,black_box,obj_pwldr,72308.94584165074,72275.4371874876,0.04700016975402832,2.513000011444092
30,2,4,black_box,dr_pwldr,72251.62006080832,72217.1256541737,0.04700016975402832,2.513000011444092
30,2,4,black_box,reopt_pwldr,69958.35573454874,69958.35573454874,0.04700016975402832,2.513000011444092
30,2,4,local_search,obj_pwldr,72308.94584165074,72275.4371874876,0.04700016975402832,0.14800000190734863
30,2,4,local_search,dr_pwldr,72251.62006080832,72217.1256541737,0.04700016975402832,0.14800000190734863
30,2,4,local_search,reopt_pwldr,69958.35573454874,69958.35573454874,0.04700016975402832,0.14800000190734863
30,2,5,black_box,obj_pwldr,72295.87520442477,72275.2211766367,0.054000139236450195,3.1040000915527344
30,2,5,black_box,dr_pwldr,72238.26260835075,72216.90125207797,0.054000139236450195,3.1040000915527344
30,2,5,black_box,reopt_pwldr,69958.35573454874,69958.35573454874,0.054000139236450195,3.1040000915527344
30,2,5,local_search,obj_pwldr,72295.87520442477,72275.2211766367,0.054000139236450195,0.19700002670288086
30,2,5,local_search,dr_pwldr,72238.26260835075,72216.90125207797,0.054000139236450195,0.19700002670288086
30,2,5,local_search,reopt_pwldr,69958.35573454874,69958.35573454874,0.054000139236450195,0.19700002670288086
30,2,6,black_box,obj_pwldr,72277.86017829351,72275.20468393184,0.04699993133544922,4.128000020980835
30,2,6,black_box,dr_pwldr,72219.6527685537,72216.88184453991,0.04699993133544922,4.128000020980835
30,2,6,black_box,reopt_pwldr,69958.35573454874,69958.35573454875,0.04699993133544922,4.128000020980835
30,2,6,local_search,obj_pwldr,72277.86017829351,72275.20468393184,0.04699993133544922,0.30099987983703613
30,2,6,local_search,dr_pwldr,72219.6527685537,72216.88184453991,0.04699993133544922,0.30099987983703613
30,2,6,local_search,reopt_pwldr,69958.35573454874,69958.35573454875,0.04699993133544922,0.30099987983703613
30,2,7,black_box,obj_pwldr,72285.27781046026,72275.30364256262,0.051999807357788086,4.168999910354614
30,2,7,black_box,dr_pwldr,72227.2385246521,72216.98269941277,0.051999807357788086,4.168999910354614
30,2,7,black_box,reopt_pwldr,69958.35573454875,69958.35573454875,0.051999807357788086,4.168999910354614
30,2,7,local_search,obj_pwldr,72285.27781046026,72275.30364256262,0.051999807357788086,0.45399999618530273
30,2,7,local_search,dr_pwldr,72227.2385246521,72216.98269941277,0.051999807357788086,0.45399999618530273
30,2,7,local_search,reopt_pwldr,69958.35573454875,69958.35573454875,0.051999807357788086,0.45399999618530273
30,2,8,black_box,obj_pwldr,72285.92026686558,72275.20462704163,0.04999995231628418,5.212000131607056
30,2,8,black_box,dr_pwldr,72228.0111718097,72216.88019559691,0.04999995231628418,5.212000131607056
30,2,8,black_box,reopt_pwldr,69958.35573454874,69958.35573454874,0.04999995231628418,5.212000131607056
30,2,8,local_search,obj_pwldr,72285.92026686558,72275.20462704163,0.04999995231628418,0.5440001487731934
30,2,8,local_search,dr_pwldr,72228.0111718097,72216.88019559691,0.04999995231628418,0.5440001487731934
30,2,8,local_search,reopt_pwldr,69958.35573454874,69958.35573454874,0.04999995231628418,0.5440001487731934
30,2,9,black_box,obj_pwldr,72280.6925121647,72275.20865946251,0.04900002479553223,5.509000062942505
30,2,9,black_box,dr_pwldr,72222.7835652328,72216.88666662083,0.04900002479553223,5.509000062942505
30,2,9,black_box,reopt_pwldr,69958.35573454874,69958.35573454874,0.04900002479553223,5.509000062942505
30,2,9,local_search,obj_pwldr,72280.6925121647,72275.2086594625,0.04900002479553223,1.247999906539917
30,2,9,local_search,dr_pwldr,72222.7835652328,72216.88666662083,0.04900002479553223,1.247999906539917
30,2,9,local_search,reopt_pwldr,69958.35573454874,69958.35573454874,0.04900002479553223,1.247999906539917
30,2,10,black_box,obj_pwldr,72277.32948938738,72275.22225338101,0.05800008773803711,6.022000074386597
30,2,10,black_box,dr_pwldr,72218.9603356958,72216.90329533824,0.05800008773803711,6.022000074386597
30,2,10,black_box,reopt_pwldr,69958.35573454874,69958.35573454874,0.05800008773803711,6.022000074386597
30,2,10,local_search,obj_pwldr,72277.32948938738,72275.22225338101,0.05800008773803711,0.7369999885559082
30,2,10,local_search,dr_pwldr,72218.9603356958,72216.90329533824,0.05800008773803711,0.7369999885559082
30,2,10,local_search,reopt_pwldr,69958.35573454874,69958.35573454874,0.05800008773803711,0.7369999885559082
30,3,1,black_box,obj_pwldr,72517.25485604366,72257.68764059429,0.026999950408935547,1.8040001392364502
30,3,1,black_box,dr_pwldr,72459.40177465894,72204.17613314175,0.026999950408935547,1.8040001392364502
30,3,1,black_box,reopt_pwldr,69958.35573454874,69958.35573454874,0.026999950408935547,1.8040001392364502
30,3,1,local_search,obj_pwldr,72517.25485604366,72250.17502599537,0.026999950408935547,0.10599994659423828
30,3,1,local_search,dr_pwldr,72459.40177465894,72196.63177827465,0.026999950408935547,0.10599994659423828
30,3,1,local_search,reopt_pwldr,69958.35573454874,69958.35573454874,0.026999950408935547,0.10599994659423828
30,3,2,black_box,obj_pwldr,72316.3456179848,72242.3858788754,0.04500007629394531,4.114000082015991
30,3,2,black_box,dr_pwldr,72262.27735165533,72188.92383727472,0.04500007629394531,4.114000082015991
30,3,2,black_box,reopt_pwldr,69958.35573454874,69958.35573454874,0.04500007629394531,4.114000082015991
30,3,2,local_search,obj_pwldr,72316.3456179848,72242.3858788754,0.04500007629394531,0.19099998474121094
30,3,2,local_search,dr_pwldr,72262.27735165533,72188.92383727472,0.04500007629394531,0.19099998474121094
30,3,2,local_search,reopt_pwldr,69958.35573454874,69958.35573454874,0.04500007629394531,0.19099998474121094
30,3,3,black_box,obj_pwldr,72268.52185043794,72241.9735644228,0.06799983978271484,6.810999870300293
30,3,3,black_box,dr_pwldr,72213.90376540036,72188.51608833479,0.06799983978271484,6.810999870300293
30,3,3,black_box,reopt_pwldr,69958.35573454874,69958.35573454874,0.06799983978271484,6.810999870300293
30,3,3,local_search,obj_pwldr,72268.52185043794,72241.9735644228,0.06799983978271484,0.3859999179840088
30,3,3,local_search,dr_pwldr,72213.90376540036,72188.51608833479,0.06799983978271484,0.3859999179840088
30,3,3,local_search,reopt_pwldr,69958.35573454874,69958.35573454874,0.06799983978271484,0.3859999179840088
30,3,4,black_box,obj_pwldr,72294.67737519914,72241.10164788271,0.0690000057220459,9.92900013923645
30,3,4,black_box,dr_pwldr,72240.25319767876,72187.63728828273,0.0690000057220459,9.92900013923645
30,3,4,black_box,reopt_pwldr,69958.35573454875,69958.35573454874,0.0690000057220459,9.92900013923645
30,3,4,local_search,obj_pwldr,72294.67737519914,72241.10164788271,0.0690000057220459,0.6800000667572021
30,3,4,local_search,dr_pwldr,72240.25319767876,72187.63728828273,0.0690000057220459,0.6800000667572021
30,3,4,local_search,reopt_pwldr,69958.35573454875,69958.35573454874,0.0690000057220459,0.6800000667572021
30,3,5,black_box,obj_pwldr,72278.05134273026,72240.57052372493,0.08800005912780762,13.311000108718872
30,3,5,black_box,dr_pwldr,72224.3408747706,72187.12316663534,0.08800005912780762,13.311000108718872
30,3,5,black_box,reopt_pwldr,69958.35573454874,69958.35573454874,0.08800005912780762,13.311000108718872
30,3,5,local_search,obj_pwldr,72278.05134273026,72240.57052372493,0.08800005912780762,0.9369997978210449
30,3,5,local_search,dr_pwldr,72224.3408747706,72187.12316663534,0.08800005912780762,0.9369997978210449
30,3,5,local_search,reopt_pwldr,69958.35573454874,69958.35573454874,0.08800005912780762,0.9369997978210449
30,3,6,black_box,obj_pwldr,72245.52158897089,72240.6052681638,0.10599994659423828,17.332000017166138
30,3,6,black_box,dr_pwldr,72192.00005200313,72187.1581548324,0.10599994659423828,17.332000017166138
30,3,6,black_box,reopt_pwldr,69958.35573454874,69958.35573454874,0.10599994659423828,17.332000017166138
30,3,6,local_search,obj_pwldr,72245.52158897089,72240.60526816382,0.10599994659423828,1.3700001239776611
30,3,6,local_search,dr_pwldr,72192.00005200313,72187.15815483242,0.10599994659423828,1.3700001239776611
30,3,6,local_search,reopt_pwldr,69958.35573454874,69958.35573454875,0.10599994659423828,1.3700001239776611
30,3,7,black_box,obj_pwldr,72256.58996189224,72240.64686483926,0.14899992942810059,19.813000202178955
30,3,7,black_box,dr_pwldr,72202.38410826052,72187.19662250786,0.14899992942810059,19.813000202178955
30,3,7,black_box,reopt_pwldr,69958.35573454874,69958.35573454874,0.14899992942810059,19.813000202178955
30,3,7,local_search,obj_pwldr,72256.58996189224,72240.64686483926,0.14899992942810059,1.878000020980835
30,3,7,local_search,dr_pwldr,72202.38410826052,72187.19662250786,0.14899992942810059,1.878000020980835
30,3,7,local_search,reopt_pwldr,69958.35573454874,69958.35573454874,0.14899992942810059,1.878000020980835
30,3,8,black_box,obj_pwldr,72259.63643028312,72240.60271054735,0.16000008583068848,23.204999923706055
30,3,8,black_box,dr_pwldr,72205.91215282236,72187.14878983093,0.16000008583068848,23.204999923706055
30,3,8,black_box,reopt_pwldr,69958.35573454874,69958.35573454874,0.16000008583068848,23.204999923706055
30,3,8,local_search,obj_pwldr,72259.63643028312,72240.60271054735,0.16000008583068848,2.74399995803833
30,3,8,local_search,dr_pwldr,72205.91215282236,72187.14878983093,0.16000008583068848,2.74399995803833
30,3,8,local_search,reopt_pwldr,69958.35573454874,69958.35573454874,0.16000008583068848,2.74399995803833
30,3,9,black_box,obj_pwldr,72250.86900833511,72240.58452450391,0.16700005531311035,27.02999997138977
30,3,9,black_box,dr_pwldr,72197.40006048784,72187.13543972693,0.16700005531311035,27.02999997138977
30,3,9,black_box,reopt_pwldr,69958.35573454875,69958.35573454874,0.16700005531311035,27.02999997138977
30,3,9,local_search,obj_pwldr,72250.86900833511,72240.58452450392,0.16700005531311035,2.8949999809265137
30,3,9,local_search,dr_pwldr,72197.40006048784,72187.13543972693,0.16700005531311035,2.8949999809265137
30,3,9,local_search,reopt_pwldr,69958.35573454875,69958.35573454874,0.16700005531311035,2.8949999809265137
30,3,10,black_box,obj_pwldr,72243.90738239368,72240.58742846265,0.18499994277954102,30.381999969482422
30,3,10,black_box,dr_pwldr,72190.3076955593,72187.14066605463,0.18499994277954102,30.381999969482422
30,3,10,black_box,reopt_pwldr,69958.35573454872,69958.35573454874,0.18499994277954102,30.381999969482422
30,3,10,local_search,obj_pwldr,72243.90738239368,72240.58742846266,0.18499994277954102,3.7720000743865967
30,3,10,local_search,dr_pwldr,72190.3076955593,72187.14066605468,0.18499994277954102,3.7720000743865967
30,3,10,local_search,reopt_pwldr,69958.35573454872,69958.35573454875,0.18499994277954102,3.7720000743865967
30,4,1,black_box,obj_pwldr,72329.21729476599,72131.64489428115,0.021999835968017578,1.4219999313354492
30,4,1,black_box,dr_pwldr,72266.88770171636,72076.48126466933,0.021999835968017578,1.4219999313354492
30,4,1,black_box,reopt_pwldr,69958.35573454874,69958.35573454874,0.021999835968017578,1.4219999313354492
30,4,1,local_search,obj_pwldr,72329.21729476599,72129.97285954765,0.021999835968017578,0.10300016403198242
30,4,1,local_search,dr_pwldr,72266.88770171636,72075.62011064163,0.021999835968017578,0.10300016403198242
30,4,1,local_search,reopt_pwldr,69958.35573454874,69958.35573454874,0.021999835968017578,0.10300016403198242
30,4,2,black_box,obj_pwldr,72158.29916420057,72124.88907684523,0.034999847412109375,1.9049999713897705
30,4,2,black_box,dr_pwldr,72101.23062352678,72070.42874187988,0.034999847412109375,1.9049999713897705
30,4,2,black_box,reopt_pwldr,69958.35573454874,69958.35573454874,0.034999847412109375,1.9049999713897705
30,4,2,local_search,obj_pwldr,72158.29916420057,72124.88907684523,0.034999847412109375,0.12299990653991699
30,4,2,local_search,dr_pwldr,72101.23062352678,72070.42874187988,0.034999847412109375,0.12299990653991699
30,4,2,local_search,reopt_pwldr,69958.35573454874,69958.35573454874,0.034999847412109375,0.12299990653991699
30,4,3,black_box,obj_pwldr,72156.77280829014,72125.11962675823,0.03399991989135742,2.1679999828338623
30,4,3,black_box,dr_pwldr,72102.065537894,72070.68781965262,0.03399991989135742,2.1679999828338623
30,4,3,black_box,reopt_pwldr,69958.35573454874,69958.35573454874,0.03399991989135742,2.1679999828338623
30,4,3,local_search,obj_pwldr,72156.77280829014,72125.11962675823,0.03399991989135742,0.1359999179840088
30,4,3,local_search,dr_pwldr,72102.065537894,72070.68781965262,0.03399991989135742,0.1359999179840088
30,4,3,local_search,reopt_pwldr,69958.35573454874,69958.35573454874,0.03399991989135742,0.1359999179840088
30,4,4,black_box,obj_pwldr,72161.6362568644,72124.66274715106,0.03600001335144043,2.642000198364258
30,4,4,black_box,dr_pwldr,72106.03780717126,72070.22554562423,0.03600001335144043,2.642000198364258
30,4,4,black_box,reopt_pwldr,69958.35573454874,69958.35573454875,0.03600001335144043,2.642000198364258
30,4,4,local_search,obj_pwldr,72161.6362568644,72124.66274715106,0.03600001335144043,0.17199993133544922
30,4,4,local_search,dr_pwldr,72106.03780717126,72070.22554562423,0.03600001335144043,0.17199993133544922
30,4,4,local_search,reopt_pwldr,69958.35573454874,69958.35573454875,0.03600001335144043,0.17199993133544922
30,4,5,black_box,obj_pwldr,72143.66222885886,72124.726094746,0.03800010681152344,3.1110000610351562
30,4,5,black_box,dr_pwldr,72087.94585259123,72070.28629405407,0.03800010681152344,3.1110000610351562
30,4,5,black_box,reopt_pwldr,69958.35573454874,69958.35573454872,0.03800010681152344,3.1110000610351562
30,4,5,local_search,obj_pwldr,72143.66222885886,72124.726094746,0.03800010681152344,0.22300004959106445
30,4,5,local_search,dr_pwldr,72087.94585259123,72070.28629405407,0.03800010681152344,0.22300004959106445
30,4,5,local_search,reopt_pwldr,69958.35573454874,69958.35573454872,0.03800010681152344,0.22300004959106445
30,4,6,black_box,obj_pwldr,72126.78246448872,72124.66948456342,0.04800009727478027,3.6480000019073486
30,4,6,black_box,dr_pwldr,72072.12163916575,72070.23589670692,0.04800009727478027,3.6480000019073486
30,4,6,black_box,reopt_pwldr,69958.35573454875,69958.35573454874,0.04800009727478027,3.6480000019073486
30,4,6,local_search,obj_pwldr,72126.78246448872,72124.66948456342,0.04800009727478027,0.3059999942779541
30,4,6,local_search,dr_pwldr,72072.12163916575,72070.23589670687,0.04800009727478027,0.3059999942779541
30,4,6,local_search,reopt_pwldr,69958.35573454875,69958.35573454872,0.04800009727478027,0.3059999942779541
30,4,7,black_box,obj_pwldr,72136.11563725243,72124.72564878908,0.04700016975402832,4.246999979019165
30,4,7,black_box,dr_pwldr,72081.51480798531,72070.28751697688,0.04700016975402832,4.246999979019165
30,4,7,black_box,reopt_pwldr,69958.35573454874,69958.35573454874,0.04700016975402832,4.246999979019165
30,4,7,local_search,obj_pwldr,72136.11563725243,72124.7256487891,0.04700016975402832,0.3640000820159912
30,4,7,local_search,dr_pwldr,72081.51480798531,72070.28751697688,0.04700016975402832,0.3640000820159912
30,4,7,local_search,reopt_pwldr,69958.35573454874,69958.35573454874,0.04700016975402832,0.3640000820159912
30,4,8,black_box,obj_pwldr,72135.49968898634,72124.89320581414,0.04699993133544922,4.800999879837036
30,4,8,black_box,dr_pwldr,72080.85688441126,72070.45195506212,0.04699993133544922,4.800999879837036
30,4,8,black_box,reopt_pwldr,69958.35573454872,69958.35573454874,0.04699993133544922,4.800999879837036
30,4,8,local_search,obj_pwldr,72135.49968898634,72124.89320581414,0.04699993133544922,0.5429999828338623
30,4,8,local_search,dr_pwldr,72080.85688441126,72070.45195506212,0.04699993133544922,0.5429999828338623
30,4,8,local_search,reopt_pwldr,69958.35573454872,69958.35573454874,0.04699993133544922,0.5429999828338623
30,4,9,black_box,obj_pwldr,72129.67146819555,72124.83136073411,0.0559999942779541,5.459000110626221
30,4,9,black_box,dr_pwldr,72074.91895958045,72070.3804476321,0.0559999942779541,5.459000110626221
30,4,9,black_box,reopt_pwldr,69958.35573454872,69958.35573454874,0.0559999942779541,5.459000110626221
30,4,9,local_search,obj_pwldr,72129.67146819555,72124.83136073411,0.0559999942779541,0.6449999809265137
30,4,9,local_search,dr_pwldr,72074.91895958045,72070.3804476321,0.0559999942779541,0.6449999809265137
30,4,9,local_search,reopt_pwldr,69958.35573454872,69958.35573454874,0.0559999942779541,0.6449999809265137
30,4,10,black_box,obj_pwldr,72127.12625982605,72124.67605924114,0.04999995231628418,6.102999925613403
30,4,10,black_box,dr_pwldr,72072.66294212031,72070.23825551751,0.04999995231628418,6.102999925613403
30,4,10,black_box,reopt_pwldr,69958.35573454874,69958.35573454874,0.04999995231628418,6.102999925613403
30,4,10,local_search,obj_pwldr,72127.12625982605,72124.67605924114,0.04999995231628418,0.7549998760223389
30,4,10,local_search,dr_pwldr,72072.66294212031,72070.23825551751,0.04999995231628418,0.7549998760223389
30,4,10,local_search,reopt_pwldr,69958.35573454874,69958.35573454874,0.04999995231628418,0.7549998760223389
