idx_p,idx_v,nb,displace_func,metric,value_uni,value_opt,time_uni,time_opt
1,1,1,black_box,obj_pwldr,214687.59692158236,214683.77186186385,0.029000043869018555,2.860999822616577
1,1,1,black_box,dr_pwldr,214671.51501115004,214671.51501115004,0.029000043869018555,2.860999822616577
1,1,1,black_box,reopt_pwldr,219151.27991230635,219151.27991230635,0.029000043869018555,2.860999822616577
1,1,1,local_search,obj_pwldr,214687.59692158236,214683.77186186385,0.029000043869018555,0.2779998779296875
1,1,1,local_search,dr_pwldr,214671.51501115004,214671.51501115004,0.029000043869018555,0.2779998779296875
1,1,1,local_search,reopt_pwldr,219151.27991230635,219151.27991230635,0.029000043869018555,0.2779998779296875
1,1,2,black_box,obj_pwldr,214689.60817451336,214684.06874797525,0.03500008583068848,3.322999954223633
1,1,2,black_box,dr_pwldr,214671.51501115004,214671.51501115004,0.03500008583068848,3.322999954223633
1,1,2,black_box,reopt_pwldr,219151.27991230635,219151.27991230635,0.03500008583068848,3.322999954223633
1,1,2,local_search,obj_pwldr,214689.60817451336,214684.06874797525,0.03500008583068848,0.2849998474121094
1,1,2,local_search,dr_pwldr,214671.51501115004,214671.51501115004,0.03500008583068848,0.2849998474121094
1,1,2,local_search,reopt_pwldr,219151.27991230635,219151.27991230635,0.03500008583068848,0.2849998474121094
1,1,3,black_box,obj_pwldr,214689.02405823584,214685.61091799493,0.04699993133544922,3.7250001430511475
1,1,3,black_box,dr_pwldr,214671.51501115004,214671.51501115004,0.04699993133544922,3.7250001430511475
1,1,3,black_box,reopt_pwldr,219151.27991230635,219151.27991230635,0.04699993133544922,3.7250001430511475
1,1,3,local_search,obj_pwldr,214689.02405823584,214685.61091799493,0.04699993133544922,0.3600001335144043
1,1,3,local_search,dr_pwldr,214671.51501115004,214671.51501115004,0.04699993133544922,0.3600001335144043
1,1,3,local_search,reopt_pwldr,219151.27991230635,219151.27991230635,0.04699993133544922,0.3600001335144043
1,1,4,black_box,obj_pwldr,214687.38208397507,214685.95121672947,0.0409998893737793,4.127000093460083
1,1,4,black_box,dr_pwldr,214671.51501115004,214671.51501115004,0.0409998893737793,4.127000093460083
1,1,4,black_box,reopt_pwldr,219151.27991230635,219151.27991230635,0.0409998893737793,4.127000093460083
1,1,4,local_search,obj_pwldr,214687.38208397507,214685.95121672947,0.0409998893737793,0.44300007820129395
1,1,4,local_search,dr_pwldr,214671.51501115004,214671.51501115004,0.0409998893737793,0.44300007820129395
1,1,4,local_search,reopt_pwldr,219151.27991230635,219151.27991230635,0.0409998893737793,0.44300007820129395
1,1,5,black_box,obj_pwldr,214689.66992188714,214686.36464083137,0.03699994087219238,5.021000146865845
1,1,5,black_box,dr_pwldr,214671.51501115004,214671.51501115004,0.03699994087219238,5.021000146865845
1,1,5,black_box,reopt_pwldr,219151.27991230635,219151.27991230635,0.03699994087219238,5.021000146865845
1,1,5,local_search,obj_pwldr,214689.66992188714,214686.36464083137,0.03699994087219238,0.627000093460083
1,1,5,local_search,dr_pwldr,214671.51501115004,214671.51501115004,0.03699994087219238,0.627000093460083
1,1,5,local_search,reopt_pwldr,219151.27991230635,219151.27991230635,0.03699994087219238,0.627000093460083
1,1,6,black_box,obj_pwldr,214687.90415189014,214686.76226881694,0.03400015830993652,5.25
1,1,6,black_box,dr_pwldr,214671.51501115004,214671.51501115004,0.03400015830993652,5.25
1,1,6,black_box,reopt_pwldr,219151.27991230635,219151.27991230635,0.03400015830993652,5.25
1,1,6,local_search,obj_pwldr,214687.90415189014,214686.76226881694,0.03400015830993652,0.6019999980926514
1,1,6,local_search,dr_pwldr,214671.51501115004,214671.51501115004,0.03400015830993652,0.6019999980926514
1,1,6,local_search,reopt_pwldr,219151.27991230635,219151.27991230635,0.03400015830993652,0.6019999980926514
1,1,7,black_box,obj_pwldr,214689.17321619263,214686.59806657198,0.04399991035461426,5.561999797821045
1,1,7,black_box,dr_pwldr,214671.51501115004,214671.51501115004,0.04399991035461426,5.561999797821045
1,1,7,black_box,reopt_pwldr,219151.27991230635,219151.27991230635,0.04399991035461426,5.561999797821045
1,1,7,local_search,obj_pwldr,214689.17321619263,214686.59806657198,0.04399991035461426,0.753000020980835
1,1,7,local_search,dr_pwldr,214671.51501115004,214671.51501115004,0.04399991035461426,0.753000020980835
1,1,7,local_search,reopt_pwldr,219151.27991230635,219151.27991230635,0.04399991035461426,0.753000020980835
1,1,8,black_box,obj_pwldr,214688.19933068374,214687.0479474114,0.04500007629394531,5.976999998092651
1,1,8,black_box,dr_pwldr,214671.51501115004,214671.51501115004,0.04500007629394531,5.976999998092651
1,1,8,black_box,reopt_pwldr,219151.27991230635,219151.27991230635,0.04500007629394531,5.976999998092651
1,1,8,local_search,obj_pwldr,214688.19933068374,214686.6631330121,0.04500007629394531,1.7309999465942383
1,1,8,local_search,dr_pwldr,214671.51501115004,214671.51501115004,0.04500007629394531,1.7309999465942383
1,1,8,local_search,reopt_pwldr,219151.27991230635,219151.27991230635,0.04500007629394531,1.7309999465942383
1,1,9,black_box,obj_pwldr,214688.9914309314,214687.48577182056,0.06599998474121094,6.49399995803833
1,1,9,black_box,dr_pwldr,214671.51501115004,214671.51501115004,0.06599998474121094,6.49399995803833
1,1,9,black_box,reopt_pwldr,219151.27991230635,219151.27991230635,0.06599998474121094,6.49399995803833
1,1,9,local_search,obj_pwldr,214688.9914309314,214686.71290389524,0.06599998474121094,7.444000005722046
1,1,9,local_search,dr_pwldr,214671.51501115004,214671.51501115004,0.06599998474121094,7.444000005722046
1,1,9,local_search,reopt_pwldr,219151.27991230635,219151.27991230635,0.06599998474121094,7.444000005722046
1,1,10,black_box,obj_pwldr,214688.92299571453,214686.8912009591,0.06599998474121094,7.023999929428101
1,1,10,black_box,dr_pwldr,214671.51501115004,214671.51501115004,0.06599998474121094,7.023999929428101
1,1,10,black_box,reopt_pwldr,219151.27991230635,219151.27991230635,0.06599998474121094,7.023999929428101
1,1,10,local_search,obj_pwldr,214688.92299571453,214686.8912009591,0.06599998474121094,1.128000020980835
1,1,10,local_search,dr_pwldr,214671.51501115004,214671.51501115004,0.06599998474121094,1.128000020980835
1,1,10,local_search,reopt_pwldr,219151.27991230635,219151.27991230635,0.06599998474121094,1.128000020980835
1,2,1,black_box,obj_pwldr,214688.07898274536,214688.07898274536,0.026999950408935547,2.857999801635742
1,2,1,black_box,dr_pwldr,214671.51501115004,214671.51501115004,0.026999950408935547,2.857999801635742
1,2,1,black_box,reopt_pwldr,219151.27991230635,219151.27991230635,0.026999950408935547,2.857999801635742
1,2,1,local_search,obj_pwldr,214688.07898274536,214688.07898274536,0.026999950408935547,0.24000000953674316
1,2,1,local_search,dr_pwldr,214671.51501115004,214671.51501115004,0.026999950408935547,0.24000000953674316
1,2,1,local_search,reopt_pwldr,219151.27991230635,219151.27991230635,0.026999950408935547,0.24000000953674316
1,2,2,black_box,obj_pwldr,214688.07898274536,214688.07898274536,0.03600001335144043,3.3299999237060547
1,2,2,black_box,dr_pwldr,214671.51501115004,214671.51501115004,0.03600001335144043,3.3299999237060547
1,2,2,black_box,reopt_pwldr,219151.27991230635,219151.27991230635,0.03600001335144043,3.3299999237060547
1,2,2,local_search,obj_pwldr,214688.07898274536,214688.07898274536,0.03600001335144043,0.5679998397827148
1,2,2,local_search,dr_pwldr,214671.51501115004,214671.51501115004,0.03600001335144043,0.5679998397827148
1,2,2,local_search,reopt_pwldr,219151.27991230635,219151.27991230635,0.03600001335144043,0.5679998397827148
1,2,3,black_box,obj_pwldr,214688.07898274536,214687.31600055876,0.03000020980834961,3.8510000705718994
1,2,3,black_box,dr_pwldr,214671.51501115004,214694.19178016158,0.03000020980834961,3.8510000705718994
1,2,3,black_box,reopt_pwldr,219151.27991230635,219151.27991230635,0.03000020980834961,3.8510000705718994
1,2,3,local_search,obj_pwldr,214688.07898274536,214687.02716202606,0.03000020980834961,0.8659999370574951
1,2,3,local_search,dr_pwldr,214671.51501115004,214693.88995016433,0.03000020980834961,0.8659999370574951
1,2,3,local_search,reopt_pwldr,219151.27991230635,219151.27991230635,0.03000020980834961,0.8659999370574951
1,2,4,black_box,obj_pwldr,214688.07898274536,214687.93374101605,0.034999847412109375,4.51200008392334
1,2,4,black_box,dr_pwldr,214671.51501115004,214682.2479053253,0.034999847412109375,4.51200008392334
1,2,4,black_box,reopt_pwldr,219151.27991230635,219151.27991230635,0.034999847412109375,4.51200008392334
1,2,4,local_search,obj_pwldr,214688.07898274536,214687.9149733179,0.034999847412109375,0.7230000495910645
1,2,4,local_search,dr_pwldr,214671.51501115004,214682.16194038873,0.034999847412109375,0.7230000495910645
1,2,4,local_search,reopt_pwldr,219151.27991230635,219151.27991230635,0.034999847412109375,0.7230000495910645
1,2,5,black_box,obj_pwldr,214688.07898274536,214688.07898274536,0.04499983787536621,5.025000095367432
1,2,5,black_box,dr_pwldr,214671.51501115004,214671.51501115004,0.04499983787536621,5.025000095367432
1,2,5,black_box,reopt_pwldr,219151.27991230635,219151.27991230635,0.04499983787536621,5.025000095367432
1,2,5,local_search,obj_pwldr,214688.07898274536,214688.07898274536,0.04499983787536621,0.5729999542236328
1,2,5,local_search,dr_pwldr,214671.51501115004,214671.51501115004,0.04499983787536621,0.5729999542236328
1,2,5,local_search,reopt_pwldr,219151.27991230635,219151.27991230635,0.04499983787536621,0.5729999542236328
1,2,6,black_box,obj_pwldr,214688.07898274536,214687.8844558043,0.04200005531311035,5.236000061035156
1,2,6,black_box,dr_pwldr,214671.51501115004,214680.2238812799,0.04200005531311035,5.236000061035156
1,2,6,black_box,reopt_pwldr,219151.27991230635,219151.27991230635,0.04200005531311035,5.236000061035156
1,2,6,local_search,obj_pwldr,214688.07898274536,214687.88445580428,0.04200005531311035,1.2249999046325684
1,2,6,local_search,dr_pwldr,214671.51501115004,214680.22388127985,0.04200005531311035,1.2249999046325684
1,2,6,local_search,reopt_pwldr,219151.27991230635,219151.27991230635,0.04200005531311035,1.2249999046325684
1,2,7,black_box,obj_pwldr,214688.07898274536,214687.90515284077,0.039999961853027344,6.4100000858306885
1,2,7,black_box,dr_pwldr,214671.51501115004,214680.42353701382,0.039999961853027344,6.4100000858306885
1,2,7,black_box,reopt_pwldr,219151.27991230635,219151.27991230635,0.039999961853027344,6.4100000858306885
1,2,7,local_search,obj_pwldr,214688.07898274536,214687.88110696475,0.039999961853027344,1.809999942779541
1,2,7,local_search,dr_pwldr,214671.51501115004,214680.19032643372,0.039999961853027344,1.809999942779541
1,2,7,local_search,reopt_pwldr,219151.27991230635,219151.27991230635,0.039999961853027344,1.809999942779541
1,2,8,black_box,obj_pwldr,214688.07898274536,214687.46489844937,0.0559999942779541,6.2809998989105225
1,2,8,black_box,dr_pwldr,214671.51501115004,214671.51501115004,0.0559999942779541,6.2809998989105225
1,2,8,black_box,reopt_pwldr,219151.27991230635,219151.27991230635,0.0559999942779541,6.2809998989105225
1,2,8,local_search,obj_pwldr,214688.07898274536,214687.4648984475,0.0559999942779541,1.747999906539917
1,2,8,local_search,dr_pwldr,214671.51501115004,214671.51501115004,0.0559999942779541,1.747999906539917
1,2,8,local_search,reopt_pwldr,219151.27991230635,219151.27991230635,0.0559999942779541,1.747999906539917
1,2,9,black_box,obj_pwldr,214688.07898274536,214687.088324021,0.05800008773803711,6.766999959945679
1,2,9,black_box,dr_pwldr,214671.51501115004,214694.10435555494,0.05800008773803711,6.766999959945679
1,2,9,black_box,reopt_pwldr,219151.27991230635,219151.27991230635,0.05800008773803711,6.766999959945679
1,2,9,local_search,obj_pwldr,214688.07898274536,214687.00225312336,0.05800008773803711,2.745000123977661
1,2,9,local_search,dr_pwldr,214671.51501115004,214693.79897533846,0.05800008773803711,2.745000123977661
1,2,9,local_search,reopt_pwldr,219151.27991230635,219151.27991230635,0.05800008773803711,2.745000123977661
1,2,10,black_box,obj_pwldr,214688.07898274536,214687.05636140966,0.06800007820129395,7.317999839782715
1,2,10,black_box,dr_pwldr,214671.51501115004,214693.99386019146,0.06800007820129395,7.317999839782715
1,2,10,black_box,reopt_pwldr,219151.27991230635,219151.27991230635,0.06800007820129395,7.317999839782715
1,2,10,local_search,obj_pwldr,214688.07898274536,214687.01737778986,0.06800007820129395,2.0409998893737793
1,2,10,local_search,dr_pwldr,214671.51501115004,214693.854476172,0.06800007820129395,2.0409998893737793
1,2,10,local_search,reopt_pwldr,219151.27991230635,219151.27991230635,0.06800007820129395,2.0409998893737793
1,3,1,black_box,obj_pwldr,214688.07898274536,214688.07898274536,0.046000003814697266,2.747000217437744
1,3,1,black_box,dr_pwldr,214671.51501115004,214671.51501115004,0.046000003814697266,2.747000217437744
1,3,1,black_box,reopt_pwldr,219151.27991230635,219151.27991230635,0.046000003814697266,2.747000217437744
1,3,1,local_search,obj_pwldr,214688.07898274536,214688.07898274536,0.046000003814697266,0.2090001106262207
1,3,1,local_search,dr_pwldr,214671.51501115004,214671.51501115004,0.046000003814697266,0.2090001106262207
1,3,1,local_search,reopt_pwldr,219151.27991230635,219151.27991230635,0.046000003814697266,0.2090001106262207
1,3,2,black_box,obj_pwldr,214688.07898274536,214688.07898274536,0.029999971389770508,3.0250000953674316
1,3,2,black_box,dr_pwldr,214671.51501115004,214671.51501115004,0.029999971389770508,3.0250000953674316
1,3,2,black_box,reopt_pwldr,219151.27991230635,219151.27991230635,0.029999971389770508,3.0250000953674316
1,3,2,local_search,obj_pwldr,214688.07898274536,214688.07898274536,0.029999971389770508,0.25999999046325684
1,3,2,local_search,dr_pwldr,214671.51501115004,214671.51501115004,0.029999971389770508,0.25999999046325684
1,3,2,local_search,reopt_pwldr,219151.27991230635,219151.27991230635,0.029999971389770508,0.25999999046325684
1,3,3,black_box,obj_pwldr,214688.07898274536,214688.07898274536,0.03800010681152344,3.3329999446868896
1,3,3,black_box,dr_pwldr,214671.51501115004,214671.51501115004,0.03800010681152344,3.3329999446868896
1,3,3,black_box,reopt_pwldr,219151.27991230635,219151.27991230635,0.03800010681152344,3.3329999446868896
1,3,3,local_search,obj_pwldr,214688.07898274536,214688.07898274536,0.03800010681152344,0.3209998607635498
1,3,3,local_search,dr_pwldr,214671.51501115004,214671.51501115004,0.03800010681152344,0.3209998607635498
1,3,3,local_search,reopt_pwldr,219151.27991230635,219151.27991230635,0.03800010681152344,0.3209998607635498
1,3,4,black_box,obj_pwldr,214688.07898274536,214688.07898274536,0.04799985885620117,4.021999835968018
1,3,4,black_box,dr_pwldr,214671.51501115004,214671.51501115004,0.04799985885620117,4.021999835968018
1,3,4,black_box,reopt_pwldr,219151.27991230635,219151.27991230635,0.04799985885620117,4.021999835968018
1,3,4,local_search,obj_pwldr,214688.07898274536,214688.07898274536,0.04799985885620117,0.3789999485015869
1,3,4,local_search,dr_pwldr,214671.51501115004,214671.51501115004,0.04799985885620117,0.3789999485015869
1,3,4,local_search,reopt_pwldr,219151.27991230635,219151.27991230635,0.04799985885620117,0.3789999485015869
1,3,5,black_box,obj_pwldr,214688.07898274536,214688.07898274536,0.03399991989135742,4.3500001430511475
1,3,5,black_box,dr_pwldr,214671.51501115004,214671.51501115004,0.03399991989135742,4.3500001430511475
1,3,5,black_box,reopt_pwldr,219151.27991230635,219151.27991230635,0.03399991989135742,4.3500001430511475
1,3,5,local_search,obj_pwldr,214688.07898274536,214688.07898274536,0.03399991989135742,0.47300004959106445
1,3,5,local_search,dr_pwldr,214671.51501115004,214671.51501115004,0.03399991989135742,0.47300004959106445
1,3,5,local_search,reopt_pwldr,219151.27991230635,219151.27991230635,0.03399991989135742,0.47300004959106445
1,3,6,black_box,obj_pwldr,214688.07898274536,214688.07898274536,0.03900003433227539,4.41100001335144
1,3,6,black_box,dr_pwldr,214671.51501115004,214671.51501115004,0.03900003433227539,4.41100001335144
1,3,6,black_box,reopt_pwldr,219151.27991230635,219151.27991230635,0.03900003433227539,4.41100001335144
1,3,6,local_search,obj_pwldr,214688.07898274536,214688.07898274536,0.03900003433227539,0.5160000324249268
1,3,6,local_search,dr_pwldr,214671.51501115004,214671.51501115004,0.03900003433227539,0.5160000324249268
1,3,6,local_search,reopt_pwldr,219151.27991230635,219151.27991230635,0.03900003433227539,0.5160000324249268
1,3,7,black_box,obj_pwldr,214688.07898274536,214688.07898274536,0.03800010681152344,4.6579999923706055
1,3,7,black_box,dr_pwldr,214671.51501115004,214671.51501115004,0.03800010681152344,4.6579999923706055
1,3,7,black_box,reopt_pwldr,219151.27991230635,219151.27991230635,0.03800010681152344,4.6579999923706055
1,3,7,local_search,obj_pwldr,214688.07898274536,214688.07898274536,0.03800010681152344,0.5800001621246338
1,3,7,local_search,dr_pwldr,214671.51501115004,214671.51501115004,0.03800010681152344,0.5800001621246338
1,3,7,local_search,reopt_pwldr,219151.27991230635,219151.27991230635,0.03800010681152344,0.5800001621246338
1,3,8,black_box,obj_pwldr,214688.07898274536,214688.07898274536,0.05099987983703613,5.052999973297119
1,3,8,black_box,dr_pwldr,214671.51501115004,214671.51501115004,0.05099987983703613,5.052999973297119
1,3,8,black_box,reopt_pwldr,219151.27991230635,219151.27991230635,0.05099987983703613,5.052999973297119
1,3,8,local_search,obj_pwldr,214688.07898274536,214688.07898274536,0.05099987983703613,0.7130000591278076
1,3,8,local_search,dr_pwldr,214671.51501115004,214671.51501115004,0.05099987983703613,0.7130000591278076
1,3,8,local_search,reopt_pwldr,219151.27991230635,219151.27991230635,0.05099987983703613,0.7130000591278076
1,3,9,black_box,obj_pwldr,214688.07898274536,214688.07898274536,0.04399991035461426,5.429999828338623
1,3,9,black_box,dr_pwldr,214671.51501115004,214671.51501115004,0.04399991035461426,5.429999828338623
1,3,9,black_box,reopt_pwldr,219151.27991230635,219151.27991230635,0.04399991035461426,5.429999828338623
1,3,9,local_search,obj_pwldr,214688.07898274536,214688.07898274536,0.04399991035461426,0.8190000057220459
1,3,9,local_search,dr_pwldr,214671.51501115004,214671.51501115004,0.04399991035461426,0.8190000057220459
1,3,9,local_search,reopt_pwldr,219151.27991230635,219151.27991230635,0.04399991035461426,0.8190000057220459
1,3,10,black_box,obj_pwldr,214688.07898274536,214688.07898274536,0.05299997329711914,5.864000082015991
1,3,10,black_box,dr_pwldr,214671.51501115004,214671.51501115004,0.05299997329711914,5.864000082015991
1,3,10,black_box,reopt_pwldr,219151.27991230635,219151.27991230635,0.05299997329711914,5.864000082015991
1,3,10,local_search,obj_pwldr,214688.07898274536,214688.07898274536,0.05299997329711914,0.9429998397827148
1,3,10,local_search,dr_pwldr,214671.51501115004,214671.51501115004,0.05299997329711914,0.9429998397827148
1,3,10,local_search,reopt_pwldr,219151.27991230635,219151.27991230635,0.05299997329711914,0.9429998397827148
1,4,1,black_box,obj_pwldr,214688.07898274536,214688.07898274536,0.03299999237060547,5.705000162124634
1,4,1,black_box,dr_pwldr,214671.51501115004,214671.51501115004,0.03299999237060547,5.705000162124634
1,4,1,black_box,reopt_pwldr,219151.27991230635,219151.27991230635,0.03299999237060547,5.705000162124634
1,4,1,local_search,obj_pwldr,214688.07898274536,214688.07898274536,0.03299999237060547,0.24000000953674316
1,4,1,local_search,dr_pwldr,214671.51501115004,214671.51501115004,0.03299999237060547,0.24000000953674316
1,4,1,local_search,reopt_pwldr,219151.27991230635,219151.27991230635,0.03299999237060547,0.24000000953674316
1,4,2,black_box,obj_pwldr,214688.07898274536,214688.07898274536,0.07700014114379883,12.475000143051147
1,4,2,black_box,dr_pwldr,214671.51501115004,214671.51501115004,0.07700014114379883,12.475000143051147
1,4,2,black_box,reopt_pwldr,219151.27991230635,219151.27991230635,0.07700014114379883,12.475000143051147
1,4,2,local_search,obj_pwldr,214688.07898274536,214688.07898274536,0.07700014114379883,1.003000020980835
1,4,2,local_search,dr_pwldr,214671.51501115004,214671.51501115004,0.07700014114379883,1.003000020980835
1,4,2,local_search,reopt_pwldr,219151.27991230635,219151.27991230635,0.07700014114379883,1.003000020980835
1,4,3,black_box,obj_pwldr,214688.07898274536,214688.07898274536,0.11699986457824707,21.634999990463257
1,4,3,black_box,dr_pwldr,214671.51501115004,214671.51501115004,0.11699986457824707,21.634999990463257
1,4,3,black_box,reopt_pwldr,219151.27991230635,219151.27991230635,0.11699986457824707,21.634999990463257
1,4,3,local_search,obj_pwldr,214688.07898274536,214688.07898274536,0.11699986457824707,1.9850001335144043
1,4,3,local_search,dr_pwldr,214671.51501115004,214671.51501115004,0.11699986457824707,1.9850001335144043
1,4,3,local_search,reopt_pwldr,219151.27991230635,219151.27991230635,0.11699986457824707,1.9850001335144043
1,4,4,black_box,obj_pwldr,214688.07898274536,214688.07898274536,0.1659998893737793,30.305999994277954
1,4,4,black_box,dr_pwldr,214671.51501115004,214671.51501115004,0.1659998893737793,30.305999994277954
1,4,4,black_box,reopt_pwldr,219151.27991230635,219151.27991230635,0.1659998893737793,30.305999994277954
1,4,4,local_search,obj_pwldr,214688.07898274536,214688.07898274536,0.1659998893737793,3.301999807357788
1,4,4,local_search,dr_pwldr,214671.51501115004,214671.51501115004,0.1659998893737793,3.301999807357788
1,4,4,local_search,reopt_pwldr,219151.27991230635,219151.27991230635,0.1659998893737793,3.301999807357788
1,4,5,black_box,obj_pwldr,214688.07898274536,214688.07898274536,0.22499990463256836,40.640000104904175
1,4,5,black_box,dr_pwldr,214671.51501115004,214671.51501115004,0.22499990463256836,40.640000104904175
1,4,5,black_box,reopt_pwldr,219151.27991230635,219151.27991230635,0.22499990463256836,40.640000104904175
1,4,5,local_search,obj_pwldr,214688.07898274536,214688.07898274536,0.22499990463256836,4.473999977111816
1,4,5,local_search,dr_pwldr,214671.51501115004,214671.51501115004,0.22499990463256836,4.473999977111816
1,4,5,local_search,reopt_pwldr,219151.27991230635,219151.27991230635,0.22499990463256836,4.473999977111816
1,4,6,black_box,obj_pwldr,214688.07898274536,214688.07898274536,0.29600000381469727,51.09500002861023
1,4,6,black_box,dr_pwldr,214671.51501115004,214671.51501115004,0.29600000381469727,51.09500002861023
1,4,6,black_box,reopt_pwldr,219151.27991230635,219151.27991230635,0.29600000381469727,51.09500002861023
1,4,6,local_search,obj_pwldr,214688.07898274536,214688.07898274536,0.29600000381469727,5.811000108718872
1,4,6,local_search,dr_pwldr,214671.51501115004,214671.51501115004,0.29600000381469727,5.811000108718872
1,4,6,local_search,reopt_pwldr,219151.27991230635,219151.27991230635,0.29600000381469727,5.811000108718872
1,4,7,black_box,obj_pwldr,214688.07898274536,214688.07898274536,0.3680000305175781,62.937999963760376
1,4,7,black_box,dr_pwldr,214671.51501115004,214671.51501115004,0.3680000305175781,62.937999963760376
1,4,7,black_box,reopt_pwldr,219151.27991230635,219151.27991230635,0.3680000305175781,62.937999963760376
1,4,7,local_search,obj_pwldr,214688.07898274536,214688.07898274536,0.3680000305175781,8.513000011444092
1,4,7,local_search,dr_pwldr,214671.51501115004,214671.51501115004,0.3680000305175781,8.513000011444092
1,4,7,local_search,reopt_pwldr,219151.27991230635,219151.27991230635,0.3680000305175781,8.513000011444092
1,4,8,black_box,obj_pwldr,214688.07898274536,214688.07898274536,0.4179999828338623,72.96200013160706
1,4,8,black_box,dr_pwldr,214671.51501115004,214671.51501115004,0.4179999828338623,72.96200013160706
1,4,8,black_box,reopt_pwldr,219151.27991230635,219151.27991230635,0.4179999828338623,72.96200013160706
1,4,8,local_search,obj_pwldr,214688.07898274536,214688.07898274536,0.4179999828338623,9.25
1,4,8,local_search,dr_pwldr,214671.51501115004,214671.51501115004,0.4179999828338623,9.25
1,4,8,local_search,reopt_pwldr,219151.27991230635,219151.27991230635,0.4179999828338623,9.25
1,4,9,black_box,obj_pwldr,214688.07898274536,214688.07898274536,0.4700000286102295,82.79199981689453
1,4,9,black_box,dr_pwldr,214671.51501115004,214671.51501115004,0.4700000286102295,82.79199981689453
1,4,9,black_box,reopt_pwldr,219151.27991230635,219151.27991230635,0.4700000286102295,82.79199981689453
1,4,9,local_search,obj_pwldr,214688.07898274536,214688.07898274536,0.4700000286102295,13.315999984741211
1,4,9,local_search,dr_pwldr,214671.51501115004,214671.51501115004,0.4700000286102295,13.315999984741211
1,4,9,local_search,reopt_pwldr,219151.27991230635,219151.27991230635,0.4700000286102295,13.315999984741211
1,4,10,black_box,obj_pwldr,214688.07898274536,214688.07898274536,0.48399996757507324,93.27900004386902
1,4,10,black_box,dr_pwldr,214671.51501115004,214671.51501115004,0.48399996757507324,93.27900004386902
1,4,10,black_box,reopt_pwldr,219151.27991230635,219151.27991230635,0.48399996757507324,93.27900004386902
1,4,10,local_search,obj_pwldr,214688.07898274536,214688.07898274536,0.48399996757507324,16.11899995803833
1,4,10,local_search,dr_pwldr,214671.51501115004,214671.51501115004,0.48399996757507324,16.11899995803833
1,4,10,local_search,reopt_pwldr,219151.27991230635,219151.27991230635,0.48399996757507324,16.11899995803833
1,5,1,black_box,obj_pwldr,214688.07898274536,214688.07898274536,0.03400015830993652,2.748000144958496
1,5,1,black_box,dr_pwldr,214671.51501115004,214671.51501115004,0.03400015830993652,2.748000144958496
1,5,1,black_box,reopt_pwldr,219151.27991230635,219151.27991230635,0.03400015830993652,2.748000144958496
1,5,1,local_search,obj_pwldr,214688.07898274536,214688.07898274536,0.03400015830993652,0.21799993515014648
1,5,1,local_search,dr_pwldr,214671.51501115004,214671.51501115004,0.03400015830993652,0.21799993515014648
1,5,1,local_search,reopt_pwldr,219151.27991230635,219151.27991230635,0.03400015830993652,0.21799993515014648
1,5,2,black_box,obj_pwldr,214688.07898274536,214688.07898274536,0.03900003433227539,3.0379998683929443
1,5,2,black_box,dr_pwldr,214671.51501115004,214671.51501115004,0.03900003433227539,3.0379998683929443
1,5,2,black_box,reopt_pwldr,219151.27991230635,219151.27991230635,0.03900003433227539,3.0379998683929443
1,5,2,local_search,obj_pwldr,214688.07898274536,214688.07898274536,0.03900003433227539,0.27900004386901855
1,5,2,local_search,dr_pwldr,214671.51501115004,214671.51501115004,0.03900003433227539,0.27900004386901855
1,5,2,local_search,reopt_pwldr,219151.27991230635,219151.27991230635,0.03900003433227539,0.27900004386901855
1,5,3,black_box,obj_pwldr,214688.07898274536,214688.07898274536,0.04900002479553223,3.509999990463257
1,5,3,black_box,dr_pwldr,214671.51501115004,214671.51501115004,0.04900002479553223,3.509999990463257
1,5,3,black_box,reopt_pwldr,219151.27991230635,219151.27991230635,0.04900002479553223,3.509999990463257
1,5,3,local_search,obj_pwldr,214688.07898274536,214688.07898274536,0.04900002479553223,0.37199997901916504
1,5,3,local_search,dr_pwldr,214671.51501115004,214671.51501115004,0.04900002479553223,0.37199997901916504
1,5,3,local_search,reopt_pwldr,219151.27991230635,219151.27991230635,0.04900002479553223,0.37199997901916504
1,5,4,black_box,obj_pwldr,214688.07898274536,214688.07898274536,0.029999971389770508,3.7950000762939453
1,5,4,black_box,dr_pwldr,214671.51501115004,214671.51501115004,0.029999971389770508,3.7950000762939453
1,5,4,black_box,reopt_pwldr,219151.27991230635,219151.27991230635,0.029999971389770508,3.7950000762939453
1,5,4,local_search,obj_pwldr,214688.07898274536,214688.07898274536,0.029999971389770508,0.40799999237060547
1,5,4,local_search,dr_pwldr,214671.51501115004,214671.51501115004,0.029999971389770508,0.40799999237060547
1,5,4,local_search,reopt_pwldr,219151.27991230635,219151.27991230635,0.029999971389770508,0.40799999237060547
1,5,5,black_box,obj_pwldr,214688.07898274536,214688.07898274536,0.03400015830993652,3.9139997959136963
1,5,5,black_box,dr_pwldr,214671.51501115004,214671.51501115004,0.03400015830993652,3.9139997959136963
1,5,5,black_box,reopt_pwldr,219151.27991230635,219151.27991230635,0.03400015830993652,3.9139997959136963
1,5,5,local_search,obj_pwldr,214688.07898274536,214688.07898274536,0.03400015830993652,0.4589998722076416
1,5,5,local_search,dr_pwldr,214671.51501115004,214671.51501115004,0.03400015830993652,0.4589998722076416
1,5,5,local_search,reopt_pwldr,219151.27991230635,219151.27991230635,0.03400015830993652,0.4589998722076416
1,5,6,black_box,obj_pwldr,214688.07898274536,214688.07898274536,0.03500008583068848,4.258000135421753
1,5,6,black_box,dr_pwldr,214671.51501115004,214671.51501115004,0.03500008583068848,4.258000135421753
1,5,6,black_box,reopt_pwldr,219151.27991230635,219151.27991230635,0.03500008583068848,4.258000135421753
1,5,6,local_search,obj_pwldr,214688.07898274536,214688.07898274536,0.03500008583068848,0.560999870300293
1,5,6,local_search,dr_pwldr,214671.51501115004,214671.51501115004,0.03500008583068848,0.560999870300293
1,5,6,local_search,reopt_pwldr,219151.27991230635,219151.27991230635,0.03500008583068848,0.560999870300293
1,5,7,black_box,obj_pwldr,214688.07898274536,214688.07898274536,0.0410001277923584,4.676999807357788
1,5,7,black_box,dr_pwldr,214671.51501115004,214671.51501115004,0.0410001277923584,4.676999807357788
1,5,7,black_box,reopt_pwldr,219151.27991230635,219151.27991230635,0.0410001277923584,4.676999807357788
1,5,7,local_search,obj_pwldr,214688.07898274536,214688.07898274536,0.0410001277923584,0.685999870300293
1,5,7,local_search,dr_pwldr,214671.51501115004,214671.51501115004,0.0410001277923584,0.685999870300293
1,5,7,local_search,reopt_pwldr,219151.27991230635,219151.27991230635,0.0410001277923584,0.685999870300293
1,5,8,black_box,obj_pwldr,214688.07898274536,214688.07898274536,0.04800009727478027,5.007000207901001
1,5,8,black_box,dr_pwldr,214671.51501115004,214671.51501115004,0.04800009727478027,5.007000207901001
1,5,8,black_box,reopt_pwldr,219151.27991230635,219151.27991230635,0.04800009727478027,5.007000207901001
1,5,8,local_search,obj_pwldr,214688.07898274536,214688.07898274536,0.04800009727478027,0.7599999904632568
1,5,8,local_search,dr_pwldr,214671.51501115004,214671.51501115004,0.04800009727478027,0.7599999904632568
1,5,8,local_search,reopt_pwldr,219151.27991230635,219151.27991230635,0.04800009727478027,0.7599999904632568
1,5,9,black_box,obj_pwldr,214688.07898274536,214688.07898274536,0.046000003814697266,5.361999988555908
1,5,9,black_box,dr_pwldr,214671.51501115004,214671.51501115004,0.046000003814697266,5.361999988555908
1,5,9,black_box,reopt_pwldr,219151.27991230635,219151.27991230635,0.046000003814697266,5.361999988555908
1,5,9,local_search,obj_pwldr,214688.07898274536,214688.07898274536,0.046000003814697266,0.8050000667572021
1,5,9,local_search,dr_pwldr,214671.51501115004,214671.51501115004,0.046000003814697266,0.8050000667572021
1,5,9,local_search,reopt_pwldr,219151.27991230635,219151.27991230635,0.046000003814697266,0.8050000667572021
1,5,10,black_box,obj_pwldr,214688.07898274536,214688.07898274536,0.04700016975402832,5.752000093460083
1,5,10,black_box,dr_pwldr,214671.51501115004,214671.51501115004,0.04700016975402832,5.752000093460083
1,5,10,black_box,reopt_pwldr,219151.27991230635,219151.27991230635,0.04700016975402832,5.752000093460083
1,5,10,local_search,obj_pwldr,214688.07898274536,214688.07898274536,0.04700016975402832,0.9340000152587891
1,5,10,local_search,dr_pwldr,214671.51501115004,214671.51501115004,0.04700016975402832,0.9340000152587891
1,5,10,local_search,reopt_pwldr,219151.27991230635,219151.27991230635,0.04700016975402832,0.9340000152587891
1,6,1,black_box,obj_pwldr,205251.75073191922,204379.4664617116,0.032000064849853516,5.694999933242798
1,6,1,black_box,dr_pwldr,205025.1176677991,204303.88004712758,0.032000064849853516,5.694999933242798
1,6,1,black_box,reopt_pwldr,195846.6811797403,203473.80527589386,0.032000064849853516,5.694999933242798
1,6,1,local_search,obj_pwldr,205251.75073191922,204371.15420130335,0.032000064849853516,0.43400001525878906
1,6,1,local_search,dr_pwldr,205025.1176677991,204269.73595682645,0.032000064849853516,0.43400001525878906
1,6,1,local_search,reopt_pwldr,195846.6811797403,202648.6750318719,0.032000064849853516,0.43400001525878906
1,6,2,black_box,obj_pwldr,204385.15930719447,204287.32045307572,0.07500004768371582,12.878999948501587
1,6,2,black_box,dr_pwldr,204314.29180095124,204181.14855803933,0.07500004768371582,12.878999948501587
1,6,2,black_box,reopt_pwldr,203614.88075726226,202269.97311896912,0.07500004768371582,12.878999948501587
1,6,2,local_search,obj_pwldr,204385.15930719447,204277.19528773017,0.07500004768371582,1.8470001220703125
1,6,2,local_search,dr_pwldr,204314.29180095124,204189.72175932303,0.07500004768371582,1.8470001220703125
1,6,2,local_search,reopt_pwldr,203614.88075726226,202814.53140262514,0.07500004768371582,1.8470001220703125
1,6,3,black_box,obj_pwldr,205204.2211253665,204282.41905909273,0.13299989700317383,22.006999969482422
1,6,3,black_box,dr_pwldr,205083.79594543588,204184.63213344922,0.13299989700317383,22.006999969482422
1,6,3,black_box,reopt_pwldr,201190.31491815945,202480.24918617678,0.13299989700317383,22.006999969482422
1,6,3,local_search,obj_pwldr,205204.2211253665,204279.8467262887,0.13299989700317383,2.0889999866485596
1,6,3,local_search,dr_pwldr,205083.79594543588,204193.86116147946,0.13299989700317383,2.0889999866485596
1,6,3,local_search,reopt_pwldr,201190.31491815945,202886.8596916926,0.13299989700317383,2.0889999866485596
1,6,4,black_box,obj_pwldr,204427.71265783109,204281.5056120408,0.1699998378753662,31.914999961853027
1,6,4,black_box,dr_pwldr,204260.30869164973,204190.86074928637,0.1699998378753662,31.914999961853027
1,6,4,black_box,reopt_pwldr,200507.60092625307,202716.39570817965,0.1699998378753662,31.914999961853027
1,6,4,local_search,obj_pwldr,204427.71265783109,204281.5056120408,0.1699998378753662,3.247999906539917
1,6,4,local_search,dr_pwldr,204260.30869164973,204190.86074928637,0.1699998378753662,3.247999906539917
1,6,4,local_search,reopt_pwldr,200507.60092625307,202716.39570817965,0.1699998378753662,3.247999906539917
1,6,5,black_box,obj_pwldr,204293.45688285134,204275.78852373542,0.2089998722076416,42.17400002479553
1,6,5,black_box,dr_pwldr,204229.44356325193,204188.62343381043,0.2089998722076416,42.17400002479553
1,6,5,black_box,reopt_pwldr,203614.8807572623,202774.04062824446,0.2089998722076416,42.17400002479553
1,6,5,local_search,obj_pwldr,204293.45688285134,204275.78852373542,0.2089998722076416,5.25600004196167
1,6,5,local_search,dr_pwldr,204229.44356325193,204188.62343381043,0.2089998722076416,5.25600004196167
1,6,5,local_search,reopt_pwldr,203614.8807572623,202774.04062824446,0.2089998722076416,5.25600004196167
1,6,6,black_box,obj_pwldr,204593.09845122456,204274.2460400452,0.24200010299682617,52.5239999294281
1,6,6,black_box,dr_pwldr,204404.43147641042,204188.59452626496,0.24200010299682617,52.5239999294281
1,6,6,black_box,reopt_pwldr,199175.90957010695,202799.98242425558,0.24200010299682617,52.5239999294281
1,6,6,local_search,obj_pwldr,204593.09845122456,204274.2460400452,0.24200010299682617,7.043000221252441
1,6,6,local_search,dr_pwldr,204404.43147641042,204188.59452626496,0.24200010299682617,7.043000221252441
1,6,6,local_search,reopt_pwldr,199175.90957010695,202799.98242425558,0.24200010299682617,7.043000221252441
1,6,7,black_box,obj_pwldr,204321.51039309156,204274.5158703491,0.36300015449523926,63.200000047683716
1,6,7,black_box,dr_pwldr,204193.15648727896,204192.8658674017,0.36300015449523926,63.200000047683716
1,6,7,black_box,reopt_pwldr,201672.83086288138,202928.20975459047,0.36300015449523926,63.200000047683716
1,6,7,local_search,obj_pwldr,204321.51039309156,204274.5158703491,0.36300015449523926,9.380000114440918
1,6,7,local_search,dr_pwldr,204193.15648727896,204192.8658674017,0.36300015449523926,9.380000114440918
1,6,7,local_search,reopt_pwldr,201672.83086288138,202928.20975459047,0.36300015449523926,9.380000114440918
1,6,8,black_box,obj_pwldr,204304.94058948252,204274.85989699257,0.4290001392364502,74.11100006103516
1,6,8,black_box,dr_pwldr,204240.82078072632,204198.36777042013,0.4290001392364502,74.11100006103516
1,6,8,black_box,reopt_pwldr,203614.88075726226,203073.9479679867,0.4290001392364502,74.11100006103516
1,6,8,local_search,obj_pwldr,204304.94058948252,204274.07373247598,0.4290001392364502,14.960000038146973
1,6,8,local_search,dr_pwldr,204240.82078072632,204191.66544757056,0.4290001392364502,14.960000038146973
1,6,8,local_search,reopt_pwldr,203614.88075726226,202893.30378883716,0.4290001392364502,14.960000038146973
1,6,9,black_box,obj_pwldr,204427.4521130728,204274.4718333043,0.47300004959106445,85.25600004196167
1,6,9,black_box,dr_pwldr,204260.30869164973,204185.9708404996,0.47300004959106445,85.25600004196167
1,6,9,black_box,reopt_pwldr,200507.60092625307,202707.54627134907,0.47300004959106445,85.25600004196167
1,6,9,local_search,obj_pwldr,204427.4521130728,204273.5186927376,0.47300004959106445,17.25600004196167
1,6,9,local_search,dr_pwldr,204260.30869164973,204190.34475282466,0.47300004959106445,17.25600004196167
1,6,9,local_search,reopt_pwldr,200507.60092625307,202870.3555153188,0.47300004959106445,17.25600004196167
1,6,10,black_box,obj_pwldr,204289.26582554422,204274.42210918674,0.49900007247924805,96.00300002098083
1,6,10,black_box,dr_pwldr,204182.60698476696,204192.54178175348,0.49900007247924805,96.00300002098083
1,6,10,black_box,reopt_pwldr,202202.48083407662,202929.95034017233,0.49900007247924805,96.00300002098083
1,6,10,local_search,obj_pwldr,204289.26582554422,204273.8438346928,0.49900007247924805,29.056999921798706
1,6,10,local_search,dr_pwldr,204182.60698476696,204192.49549352264,0.49900007247924805,29.056999921798706
1,6,10,local_search,reopt_pwldr,202202.48083407662,202928.60962361997,0.49900007247924805,29.056999921798706
1,7,1,black_box,obj_pwldr,203041.81031984184,202770.4644798253,0.034999847412109375,2.867000102996826
1,7,1,black_box,dr_pwldr,202971.01221706424,202712.43907515498,0.034999847412109375,2.867000102996826
1,7,1,black_box,reopt_pwldr,193917.15688859593,197042.57891198772,0.034999847412109375,2.867000102996826
1,7,1,local_search,obj_pwldr,203041.81031984184,202770.4644798253,0.034999847412109375,0.21600008010864258
1,7,1,local_search,dr_pwldr,202971.01221706424,202712.43907515498,0.034999847412109375,0.21600008010864258
1,7,1,local_search,reopt_pwldr,193917.15688859593,197042.57891198772,0.034999847412109375,0.21600008010864258
1,7,2,black_box,obj_pwldr,203506.16378713545,202768.14367500477,0.04499983787536621,3.2800002098083496
1,7,2,black_box,dr_pwldr,203475.31498643078,202712.9829731407,0.04499983787536621,3.2800002098083496
1,7,2,black_box,reopt_pwldr,202328.171571336,197256.90213850897,0.04499983787536621,3.2800002098083496
1,7,2,local_search,obj_pwldr,203506.16378713545,202768.14367500477,0.04499983787536621,0.2799999713897705
1,7,2,local_search,dr_pwldr,203475.31498643078,202712.9829731407,0.04499983787536621,0.2799999713897705
1,7,2,local_search,reopt_pwldr,202328.171571336,197256.90213850897,0.04499983787536621,0.2799999713897705
1,7,3,black_box,obj_pwldr,203043.14405665494,202769.35679412395,0.04399991035461426,3.632999897003174
1,7,3,black_box,dr_pwldr,202971.01221706424,202712.88620518183,0.04399991035461426,3.632999897003174
1,7,3,black_box,reopt_pwldr,193917.15688859593,196965.44868273786,0.04399991035461426,3.632999897003174
1,7,3,local_search,obj_pwldr,203043.14405665494,202769.35679412392,0.04399991035461426,0.6970000267028809
1,7,3,local_search,dr_pwldr,202971.01221706424,202712.8862051818,0.04399991035461426,0.6970000267028809
1,7,3,local_search,reopt_pwldr,193917.15688859593,196965.4486827378,0.04399991035461426,0.6970000267028809
1,7,4,black_box,obj_pwldr,202866.84348795854,202769.60614371026,0.03900003433227539,4.125
1,7,4,black_box,dr_pwldr,202809.34886356568,202712.59190302907,0.03900003433227539,4.125
1,7,4,black_box,reopt_pwldr,198963.54990314195,197014.82920224062,0.03900003433227539,4.125
1,7,4,local_search,obj_pwldr,202866.84348795854,202769.60614371026,0.03900003433227539,0.41300010681152344
1,7,4,local_search,dr_pwldr,202809.34886356568,202712.59190302907,0.03900003433227539,0.41300010681152344
1,7,4,local_search,reopt_pwldr,198963.54990314195,197014.82920224062,0.03900003433227539,0.41300010681152344
1,7,5,black_box,obj_pwldr,203040.27339400645,202771.45812713588,0.03800010681152344,4.522000074386597
1,7,5,black_box,dr_pwldr,202971.01221706424,202712.60888436853,0.03800010681152344,4.522000074386597
1,7,5,black_box,reopt_pwldr,193917.15688859593,197011.9799286874,0.03800010681152344,4.522000074386597
1,7,5,local_search,obj_pwldr,203040.27339400645,202771.45812713588,0.03800010681152344,0.5130000114440918
1,7,5,local_search,dr_pwldr,202971.01221706424,202712.60888436853,0.03800010681152344,0.5130000114440918
1,7,5,local_search,reopt_pwldr,193917.15688859593,197011.9799286874,0.03800010681152344,0.5130000114440918
1,7,6,black_box,obj_pwldr,202776.6121548264,202771.09418636453,0.04499983787536621,4.931999921798706
1,7,6,black_box,dr_pwldr,202718.2951376888,202712.27226612662,0.04499983787536621,4.931999921798706
1,7,6,black_box,reopt_pwldr,197521.56918820157,197103.53197287014,0.04499983787536621,4.931999921798706
1,7,6,local_search,obj_pwldr,202776.6121548264,202771.09418636453,0.04499983787536621,0.6389999389648438
1,7,6,local_search,dr_pwldr,202718.2951376888,202712.27226612662,0.04499983787536621,0.6389999389648438
1,7,6,local_search,reopt_pwldr,197521.56918820157,197103.53197287014,0.04499983787536621,0.6389999389648438
1,7,7,black_box,obj_pwldr,203037.44553743844,202770.27482095806,0.040000200271606445,5.608999967575073
1,7,7,black_box,dr_pwldr,202985.74807755812,202712.26944212877,0.040000200271606445,5.608999967575073
1,7,7,black_box,reopt_pwldr,200225.28302871465,197131.11838908595,0.040000200271606445,5.608999967575073
1,7,7,local_search,obj_pwldr,203037.44553743844,202770.27482095806,0.040000200271606445,0.8360002040863037
1,7,7,local_search,dr_pwldr,202985.74807755812,202712.26944212877,0.040000200271606445,0.8360002040863037
1,7,7,local_search,reopt_pwldr,200225.28302871465,197131.11838908595,0.040000200271606445,0.8360002040863037
1,7,8,black_box,obj_pwldr,202776.32718925347,202770.8426717558,0.053999900817871094,6.125
1,7,8,black_box,dr_pwldr,202715.14844134715,202712.32466930264,0.053999900817871094,6.125
1,7,8,black_box,reopt_pwldr,196720.46879101222,197074.16917686033,0.053999900817871094,6.125
1,7,8,local_search,obj_pwldr,202776.32718925347,202770.8426717558,0.053999900817871094,0.874000072479248
1,7,8,local_search,dr_pwldr,202715.14844134715,202712.32466930267,0.053999900817871094,0.874000072479248
1,7,8,local_search,reopt_pwldr,196720.46879101222,197074.16917686033,0.053999900817871094,0.874000072479248
1,7,9,black_box,obj_pwldr,202866.62913513253,202771.11245199165,0.04499983787536621,6.346999883651733
1,7,9,black_box,dr_pwldr,202809.3488635657,202712.42227618152,0.04499983787536621,6.346999883651733
1,7,9,black_box,reopt_pwldr,198963.5499031421,197047.21752102222,0.04499983787536621,6.346999883651733
1,7,9,local_search,obj_pwldr,202866.62913513253,202771.11245199165,0.04499983787536621,0.9880001544952393
1,7,9,local_search,dr_pwldr,202809.3488635657,202712.42227618152,0.04499983787536621,0.9880001544952393
1,7,9,local_search,reopt_pwldr,198963.5499031421,197047.21752102222,0.04499983787536621,0.9880001544952393
1,7,10,black_box,obj_pwldr,202792.50968640507,202770.88937646648,0.06700015068054199,6.83299994468689
1,7,10,black_box,dr_pwldr,202727.24785710766,202713.28058518248,0.06700015068054199,6.83299994468689
1,7,10,black_box,reopt_pwldr,196210.67762916506,196900.87818975115,0.06700015068054199,6.83299994468689
1,7,10,local_search,obj_pwldr,202792.50968640507,202769.95144670142,0.06700015068054199,1.5820000171661377
1,7,10,local_search,dr_pwldr,202727.24785710766,202712.2724913094,0.06700015068054199,1.5820000171661377
1,7,10,local_search,reopt_pwldr,196210.67762916506,197101.33225932345,0.06700015068054199,1.5820000171661377
1,8,1,black_box,obj_pwldr,214683.55645334453,214679.94818431005,0.021000146865844727,2.8499999046325684
1,8,1,black_box,dr_pwldr,214671.51501115004,214671.51501115004,0.021000146865844727,2.8499999046325684
1,8,1,black_box,reopt_pwldr,219151.27991230635,219151.27991230635,0.021000146865844727,2.8499999046325684
1,8,1,local_search,obj_pwldr,214683.55645334453,214679.94818431005,0.021000146865844727,0.2369999885559082
1,8,1,local_search,dr_pwldr,214671.51501115004,214671.51501115004,0.021000146865844727,0.2369999885559082
1,8,1,local_search,reopt_pwldr,219151.27991230635,219151.27991230635,0.021000146865844727,0.2369999885559082
1,8,2,black_box,obj_pwldr,214683.62979901774,214680.81062697645,0.03699994087219238,3.319999933242798
1,8,2,black_box,dr_pwldr,214671.51501115004,214671.51501115004,0.03699994087219238,3.319999933242798
1,8,2,black_box,reopt_pwldr,219151.27991230635,219151.27991230635,0.03699994087219238,3.319999933242798
1,8,2,local_search,obj_pwldr,214683.62979901774,214680.81062697645,0.03699994087219238,0.2870001792907715
1,8,2,local_search,dr_pwldr,214671.51501115004,214671.51501115004,0.03699994087219238,0.2870001792907715
1,8,2,local_search,reopt_pwldr,219151.27991230635,219151.27991230635,0.03699994087219238,0.2870001792907715
1,8,3,black_box,obj_pwldr,214682.9762477802,214681.30489012317,0.029999971389770508,3.8459999561309814
1,8,3,black_box,dr_pwldr,214671.51501115004,214671.51501115004,0.029999971389770508,3.8459999561309814
1,8,3,black_box,reopt_pwldr,219151.27991230635,219151.27991230635,0.029999971389770508,3.8459999561309814
1,8,3,local_search,obj_pwldr,214682.9762477802,214681.30489012317,0.029999971389770508,0.36500000953674316
1,8,3,local_search,dr_pwldr,214671.51501115004,214671.51501115004,0.029999971389770508,0.36500000953674316
1,8,3,local_search,reopt_pwldr,219151.27991230635,219151.27991230635,0.029999971389770508,0.36500000953674316
1,8,4,black_box,obj_pwldr,214684.4343312482,214681.2241670789,0.03600001335144043,4.269999980926514
1,8,4,black_box,dr_pwldr,214671.51501115004,214671.51501115004,0.03600001335144043,4.269999980926514
1,8,4,black_box,reopt_pwldr,219151.27991230635,219151.27991230635,0.03600001335144043,4.269999980926514
1,8,4,local_search,obj_pwldr,214684.4343312482,214681.2241670789,0.03600001335144043,0.4479999542236328
1,8,4,local_search,dr_pwldr,214671.51501115004,214671.51501115004,0.03600001335144043,0.4479999542236328
1,8,4,local_search,reopt_pwldr,219151.27991230635,219151.27991230635,0.03600001335144043,0.4479999542236328
1,8,5,black_box,obj_pwldr,214685.4602257852,214679.20465325602,0.0410001277923584,4.805000066757202
1,8,5,black_box,dr_pwldr,214671.51501115004,214671.51501115004,0.0410001277923584,4.805000066757202
1,8,5,black_box,reopt_pwldr,219151.27991230635,219151.27991230635,0.0410001277923584,4.805000066757202
1,8,5,local_search,obj_pwldr,214685.4602257852,214679.20465325602,0.0410001277923584,0.5150001049041748
1,8,5,local_search,dr_pwldr,214671.51501115004,214671.51501115004,0.0410001277923584,0.5150001049041748
1,8,5,local_search,reopt_pwldr,219151.27991230635,219151.27991230635,0.0410001277923584,0.5150001049041748
1,8,6,black_box,obj_pwldr,214684.4843761562,214682.0019681996,0.042999982833862305,5.254000186920166
1,8,6,black_box,dr_pwldr,214671.51501115004,214671.51501115004,0.042999982833862305,5.254000186920166
1,8,6,black_box,reopt_pwldr,219151.27991230635,219151.27991230635,0.042999982833862305,5.254000186920166
1,8,6,local_search,obj_pwldr,214684.4843761562,214681.26799963246,0.042999982833862305,1.1959998607635498
1,8,6,local_search,dr_pwldr,214671.51501115004,214671.51501115004,0.042999982833862305,1.1959998607635498
1,8,6,local_search,reopt_pwldr,219151.27991230635,219151.27991230635,0.042999982833862305,1.1959998607635498
1,8,7,black_box,obj_pwldr,214683.8819289109,214682.0069096133,0.053999900817871094,5.793999910354614
1,8,7,black_box,dr_pwldr,214671.51501115004,214671.51501115004,0.053999900817871094,5.793999910354614
1,8,7,black_box,reopt_pwldr,219151.27991230635,219151.27991230635,0.053999900817871094,5.793999910354614
1,8,7,local_search,obj_pwldr,214683.8819289109,214682.0069096133,0.053999900817871094,0.8009998798370361
1,8,7,local_search,dr_pwldr,214671.51501115004,214671.51501115004,0.053999900817871094,0.8009998798370361
1,8,7,local_search,reopt_pwldr,219151.27991230635,219151.27991230635,0.053999900817871094,0.8009998798370361
1,8,8,black_box,obj_pwldr,214683.8676415858,214682.26284433488,0.053999900817871094,6.48799991607666
1,8,8,black_box,dr_pwldr,214671.51501115004,214671.51501115004,0.053999900817871094,6.48799991607666
1,8,8,black_box,reopt_pwldr,219151.27991230635,219151.27991230635,0.053999900817871094,6.48799991607666
1,8,8,local_search,obj_pwldr,214683.8676415858,214682.2487577796,0.053999900817871094,1.5540001392364502
1,8,8,local_search,dr_pwldr,214671.51501115004,214671.51501115004,0.053999900817871094,1.5540001392364502
1,8,8,local_search,reopt_pwldr,219151.27991230635,219151.27991230635,0.053999900817871094,1.5540001392364502
1,8,9,black_box,obj_pwldr,214685.0452781701,214681.83527414605,0.06500005722045898,6.7210001945495605
1,8,9,black_box,dr_pwldr,214671.51501115004,214671.51501115004,0.06500005722045898,6.7210001945495605
1,8,9,black_box,reopt_pwldr,219151.27991230635,219151.27991230635,0.06500005722045898,6.7210001945495605
1,8,9,local_search,obj_pwldr,214685.0452781701,214681.83527414605,0.06500005722045898,1.0210001468658447
1,8,9,local_search,dr_pwldr,214671.51501115004,214671.51501115004,0.06500005722045898,1.0210001468658447
1,8,9,local_search,reopt_pwldr,219151.27991230635,219151.27991230635,0.06500005722045898,1.0210001468658447
1,8,10,black_box,obj_pwldr,214684.61074309153,214681.85873754363,0.05099987983703613,7.452000141143799
1,8,10,black_box,dr_pwldr,214671.51501115004,214671.51501115004,0.05099987983703613,7.452000141143799
1,8,10,black_box,reopt_pwldr,219151.27991230635,219151.27991230635,0.05099987983703613,7.452000141143799
1,8,10,local_search,obj_pwldr,214684.61074309153,214681.85873754363,0.05099987983703613,1.188999891281128
1,8,10,local_search,dr_pwldr,214671.51501115004,214671.51501115004,0.05099987983703613,1.188999891281128
1,8,10,local_search,reopt_pwldr,219151.27991230635,219151.27991230635,0.05099987983703613,1.188999891281128
1,9,1,black_box,obj_pwldr,214688.07898274536,214688.07898274536,0.02500009536743164,2.876000165939331
1,9,1,black_box,dr_pwldr,214671.51501115004,214671.51501115004,0.02500009536743164,2.876000165939331
1,9,1,black_box,reopt_pwldr,219151.27991230635,219151.27991230635,0.02500009536743164,2.876000165939331
1,9,1,local_search,obj_pwldr,214688.07898274536,214688.07898274536,0.02500009536743164,0.23600006103515625
1,9,1,local_search,dr_pwldr,214671.51501115004,214671.51501115004,0.02500009536743164,0.23600006103515625
1,9,1,local_search,reopt_pwldr,219151.27991230635,219151.27991230635,0.02500009536743164,0.23600006103515625
1,9,2,black_box,obj_pwldr,214688.07898274536,214688.07898274536,0.04999995231628418,3.319000005722046
1,9,2,black_box,dr_pwldr,214671.51501115004,214671.51501115004,0.04999995231628418,3.319000005722046
1,9,2,black_box,reopt_pwldr,219151.27991230635,219151.27991230635,0.04999995231628418,3.319000005722046
1,9,2,local_search,obj_pwldr,214688.07898274536,214688.07898274536,0.04999995231628418,0.27499985694885254
1,9,2,local_search,dr_pwldr,214671.51501115004,214671.51501115004,0.04999995231628418,0.27499985694885254
1,9,2,local_search,reopt_pwldr,219151.27991230635,219151.27991230635,0.04999995231628418,0.27499985694885254
1,9,3,black_box,obj_pwldr,214688.07898274536,214688.07898274536,0.03400015830993652,3.7309999465942383
1,9,3,black_box,dr_pwldr,214671.51501115004,214671.51501115004,0.03400015830993652,3.7309999465942383
1,9,3,black_box,reopt_pwldr,219151.27991230635,219151.27991230635,0.03400015830993652,3.7309999465942383
1,9,3,local_search,obj_pwldr,214688.07898274536,214688.07898274536,0.03400015830993652,0.3559999465942383
1,9,3,local_search,dr_pwldr,214671.51501115004,214671.51501115004,0.03400015830993652,0.3559999465942383
1,9,3,local_search,reopt_pwldr,219151.27991230635,219151.27991230635,0.03400015830993652,0.3559999465942383
1,9,4,black_box,obj_pwldr,214688.07898274536,214688.07898274536,0.03699994087219238,4.115999937057495
1,9,4,black_box,dr_pwldr,214671.51501115004,214671.51501115004,0.03699994087219238,4.115999937057495
1,9,4,black_box,reopt_pwldr,219151.27991230635,219151.27991230635,0.03699994087219238,4.115999937057495
1,9,4,local_search,obj_pwldr,214688.07898274536,214688.07898274536,0.03699994087219238,0.42600011825561523
1,9,4,local_search,dr_pwldr,214671.51501115004,214671.51501115004,0.03699994087219238,0.42600011825561523
1,9,4,local_search,reopt_pwldr,219151.27991230635,219151.27991230635,0.03699994087219238,0.42600011825561523
1,9,5,black_box,obj_pwldr,214688.07898274536,214688.07898274536,0.034999847412109375,4.562999963760376
1,9,5,black_box,dr_pwldr,214671.51501115004,214671.51501115004,0.034999847412109375,4.562999963760376
1,9,5,black_box,reopt_pwldr,219151.27991230635,219151.27991230635,0.034999847412109375,4.562999963760376
1,9,5,local_search,obj_pwldr,214688.07898274536,214688.07898274536,0.034999847412109375,0.5550000667572021
1,9,5,local_search,dr_pwldr,214671.51501115004,214671.51501115004,0.034999847412109375,0.5550000667572021
1,9,5,local_search,reopt_pwldr,219151.27991230635,219151.27991230635,0.034999847412109375,0.5550000667572021
1,9,6,black_box,obj_pwldr,214688.07898274536,214688.07898274536,0.03900003433227539,5.0290000438690186
1,9,6,black_box,dr_pwldr,214671.51501115004,214671.51501115004,0.03900003433227539,5.0290000438690186
1,9,6,black_box,reopt_pwldr,219151.27991230635,219151.27991230635,0.03900003433227539,5.0290000438690186
1,9,6,local_search,obj_pwldr,214688.07898274536,214688.07898274536,0.03900003433227539,0.6459999084472656
1,9,6,local_search,dr_pwldr,214671.51501115004,214671.51501115004,0.03900003433227539,0.6459999084472656
1,9,6,local_search,reopt_pwldr,219151.27991230635,219151.27991230635,0.03900003433227539,0.6459999084472656
1,9,7,black_box,obj_pwldr,214688.07898274536,214688.07898274536,0.0559999942779541,5.572999954223633
1,9,7,black_box,dr_pwldr,214671.51501115004,214671.51501115004,0.0559999942779541,5.572999954223633
1,9,7,black_box,reopt_pwldr,219151.27991230635,219151.27991230635,0.0559999942779541,5.572999954223633
1,9,7,local_search,obj_pwldr,214688.07898274536,214688.07898274536,0.0559999942779541,0.75
1,9,7,local_search,dr_pwldr,214671.51501115004,214671.51501115004,0.0559999942779541,0.75
1,9,7,local_search,reopt_pwldr,219151.27991230635,219151.27991230635,0.0559999942779541,0.75
1,9,8,black_box,obj_pwldr,214688.07898274536,214688.07898274536,0.05200004577636719,6.396999835968018
1,9,8,black_box,dr_pwldr,214671.51501115004,214671.51501115004,0.05200004577636719,6.396999835968018
1,9,8,black_box,reopt_pwldr,219151.27991230635,219151.27991230635,0.05200004577636719,6.396999835968018
1,9,8,local_search,obj_pwldr,214688.07898274536,214688.07898274536,0.05200004577636719,0.8459999561309814
1,9,8,local_search,dr_pwldr,214671.51501115004,214671.51501115004,0.05200004577636719,0.8459999561309814
1,9,8,local_search,reopt_pwldr,219151.27991230635,219151.27991230635,0.05200004577636719,0.8459999561309814
1,9,9,black_box,obj_pwldr,214688.07898274536,214688.07898274536,0.0559999942779541,6.812000036239624
1,9,9,black_box,dr_pwldr,214671.51501115004,214671.51501115004,0.0559999942779541,6.812000036239624
1,9,9,black_box,reopt_pwldr,219151.27991230635,219151.27991230635,0.0559999942779541,6.812000036239624
1,9,9,local_search,obj_pwldr,214688.07898274536,214688.07898274536,0.0559999942779541,1.0249998569488525
1,9,9,local_search,dr_pwldr,214671.51501115004,214671.51501115004,0.0559999942779541,1.0249998569488525
1,9,9,local_search,reopt_pwldr,219151.27991230635,219151.27991230635,0.0559999942779541,1.0249998569488525
1,9,10,black_box,obj_pwldr,214688.07898274536,214688.07898274536,0.06599998474121094,7.1540000438690186
1,9,10,black_box,dr_pwldr,214671.51501115004,214671.51501115004,0.06599998474121094,7.1540000438690186
1,9,10,black_box,reopt_pwldr,219151.27991230635,219151.27991230635,0.06599998474121094,7.1540000438690186
1,9,10,local_search,obj_pwldr,214688.07898274536,214688.07898274536,0.06599998474121094,1.2239999771118164
1,9,10,local_search,dr_pwldr,214671.51501115004,214671.51501115004,0.06599998474121094,1.2239999771118164
1,9,10,local_search,reopt_pwldr,219151.27991230635,219151.27991230635,0.06599998474121094,1.2239999771118164
1,10,1,black_box,obj_pwldr,205574.85298078353,205233.85717299941,0.026000022888183594,2.744999885559082
1,10,1,black_box,dr_pwldr,205261.78523403473,204957.54129599538,0.026000022888183594,2.744999885559082
1,10,1,black_box,reopt_pwldr,196457.00959256254,200546.94495958486,0.026000022888183594,2.744999885559082
1,10,1,local_search,obj_pwldr,205574.85298078353,205233.85717299941,0.026000022888183594,0.2199997901916504
1,10,1,local_search,dr_pwldr,205261.78523403473,204957.54129599538,0.026000022888183594,0.2199997901916504
1,10,1,local_search,reopt_pwldr,196457.00959256254,200546.94495958486,0.026000022888183594,0.2199997901916504
1,10,2,black_box,obj_pwldr,205622.32024286245,205214.02992278637,0.03699994087219238,3.0429999828338623
1,10,2,black_box,dr_pwldr,205416.47835716355,204936.7107212844,0.03699994087219238,3.0429999828338623
1,10,2,black_box,reopt_pwldr,204021.7663658101,200691.86672573662,0.03699994087219238,3.0429999828338623
1,10,2,local_search,obj_pwldr,205622.32024286245,205208.39232373683,0.03699994087219238,0.42799997329711914
1,10,2,local_search,dr_pwldr,205416.47835716355,204916.22402807113,0.03699994087219238,0.42799997329711914
1,10,2,local_search,reopt_pwldr,204021.7663658101,200055.33523654472,0.03699994087219238,0.42799997329711914
1,10,3,black_box,obj_pwldr,205574.85298078353,205192.7405411615,0.029000043869018555,3.322999954223633
1,10,3,black_box,dr_pwldr,205261.78523403473,204901.2962875985,0.029000043869018555,3.322999954223633
1,10,3,black_box,reopt_pwldr,196457.00959256254,199963.71711270115,0.029000043869018555,3.322999954223633
1,10,3,local_search,obj_pwldr,205574.85298078353,205192.7405411615,0.029000043869018555,0.3229999542236328
1,10,3,local_search,dr_pwldr,205261.78523403473,204901.2962875985,0.029000043869018555,0.3229999542236328
1,10,3,local_search,reopt_pwldr,196457.00959256254,199963.71711270115,0.029000043869018555,0.3229999542236328
1,10,4,black_box,obj_pwldr,205248.99761026283,205193.03377599784,0.04800009727478027,3.5789999961853027
1,10,4,black_box,dr_pwldr,204984.6353245335,204908.62412871857,0.04800009727478027,3.5789999961853027
1,10,4,black_box,reopt_pwldr,200995.863656511,200306.63039775612,0.04800009727478027,3.5789999961853027
1,10,4,local_search,obj_pwldr,205248.99761026283,205193.0337759978,0.04800009727478027,0.7430000305175781
1,10,4,local_search,dr_pwldr,204984.6353245335,204908.62412871848,0.04800009727478027,0.7430000305175781
1,10,4,local_search,reopt_pwldr,200995.863656511,200306.63039775606,0.04800009727478027,0.7430000305175781
1,10,5,black_box,obj_pwldr,205565.27087769355,205192.2241304165,0.03600001335144043,3.9579999446868896
1,10,5,black_box,dr_pwldr,205246.21522257567,204905.82977435406,0.03600001335144043,3.9579999446868896
1,10,5,black_box,reopt_pwldr,196457.0095925625,200178.72507450898,0.03600001335144043,3.9579999446868896
1,10,5,local_search,obj_pwldr,205565.27087769355,205192.2241304165,0.03600001335144043,0.4570000171661377
1,10,5,local_search,dr_pwldr,205246.21522257567,204905.82977435406,0.03600001335144043,0.4570000171661377
1,10,5,local_search,reopt_pwldr,196457.0095925625,200178.72507450898,0.03600001335144043,0.4570000171661377
1,10,6,black_box,obj_pwldr,205210.59382108774,205196.3467506067,0.03599977493286133,4.286999940872192
1,10,6,black_box,dr_pwldr,204912.51100073487,204901.5318281238,0.03599977493286133,4.286999940872192
1,10,6,black_box,reopt_pwldr,199699.04820966834,199711.35009018262,0.03599977493286133,4.286999940872192
1,10,6,local_search,obj_pwldr,205210.59382108774,205192.59322098913,0.03599977493286133,0.8059999942779541
1,10,6,local_search,dr_pwldr,204912.51100073487,204902.17799586887,0.03599977493286133,0.8059999942779541
1,10,6,local_search,reopt_pwldr,199699.04820966834,199985.1519186632,0.03599977493286133,0.8059999942779541
1,10,7,black_box,obj_pwldr,205301.37112975796,205192.30700630345,0.031999826431274414,4.6000001430511475
1,10,7,black_box,dr_pwldr,205064.1206284341,204905.95222408912,0.031999826431274414,4.6000001430511475
1,10,7,black_box,reopt_pwldr,202130.57717249825,200176.2364660243,0.031999826431274414,4.6000001430511475
1,10,7,local_search,obj_pwldr,205301.37112975796,205192.30700630345,0.031999826431274414,0.6499998569488525
1,10,7,local_search,dr_pwldr,205064.1206284341,204905.95222408912,0.031999826431274414,0.6499998569488525
1,10,7,local_search,reopt_pwldr,202130.57717249825,200176.2364660243,0.031999826431274414,0.6499998569488525
1,10,8,black_box,obj_pwldr,205227.1204282306,205192.16421853637,0.039999961853027344,4.957000017166138
1,10,8,black_box,dr_pwldr,204925.4372989559,204905.9034326984,0.039999961853027344,4.957000017166138
1,10,8,black_box,reopt_pwldr,198978.59518364485,200196.15639685918,0.039999961853027344,4.957000017166138
1,10,8,local_search,obj_pwldr,205227.1204282306,205192.16421853637,0.039999961853027344,0.7010002136230469
1,10,8,local_search,dr_pwldr,204925.4372989559,204905.9034326984,0.039999961853027344,0.7010002136230469
1,10,8,local_search,reopt_pwldr,198978.59518364485,200196.15639685918,0.039999961853027344,0.7010002136230469
1,10,9,black_box,obj_pwldr,205212.18695182668,205192.8283610185,0.04200005531311035,5.559000015258789
1,10,9,black_box,dr_pwldr,204945.3506974663,204904.43032131103,0.04200005531311035,5.559000015258789
1,10,9,black_box,reopt_pwldr,200995.86365651104,200135.08173063298,0.04200005531311035,5.559000015258789
1,10,9,local_search,obj_pwldr,205212.18695182668,205192.8283610185,0.04200005531311035,1.43399977684021
1,10,9,local_search,dr_pwldr,204945.3506974663,204904.43032131103,0.04200005531311035,1.43399977684021
1,10,9,local_search,reopt_pwldr,200995.86365651104,200135.08173063298,0.04200005531311035,1.43399977684021
1,10,10,black_box,obj_pwldr,205257.8570174354,205192.0252667125,0.053999900817871094,6.240999937057495
1,10,10,black_box,dr_pwldr,204956.4043510435,204904.68749003555,0.053999900817871094,6.240999937057495
1,10,10,black_box,reopt_pwldr,198520.12507617523,200140.0129611323,0.053999900817871094,6.240999937057495
1,10,10,local_search,obj_pwldr,205257.8570174354,205192.02526671256,0.053999900817871094,0.9769999980926514
1,10,10,local_search,dr_pwldr,204956.4043510435,204904.68749003558,0.053999900817871094,0.9769999980926514
1,10,10,local_search,reopt_pwldr,198520.12507617523,200140.01296113234,0.053999900817871094,0.9769999980926514
1,11,1,black_box,obj_pwldr,214683.8673498678,214679.59066240035,0.03400015830993652,5.945000171661377
1,11,1,black_box,dr_pwldr,214671.51501115004,214671.51501115004,0.03400015830993652,5.945000171661377
1,11,1,black_box,reopt_pwldr,219151.27991230635,219151.27991230635,0.03400015830993652,5.945000171661377
1,11,1,local_search,obj_pwldr,214683.8673498678,214679.59066240035,0.03400015830993652,0.9509999752044678
1,11,1,local_search,dr_pwldr,214671.51501115004,214671.51501115004,0.03400015830993652,0.9509999752044678
1,11,1,local_search,reopt_pwldr,219151.27991230635,219151.27991230635,0.03400015830993652,0.9509999752044678
1,11,2,black_box,obj_pwldr,214683.57707485228,214678.04844468253,0.08899998664855957,12.052000045776367
1,11,2,black_box,dr_pwldr,214671.51501115004,214671.51501115007,0.08899998664855957,12.052000045776367
1,11,2,black_box,reopt_pwldr,219151.27991230635,219151.27991230635,0.08899998664855957,12.052000045776367
1,11,2,local_search,obj_pwldr,214683.57707485228,214678.04844468253,0.08899998664855957,1.1600000858306885
1,11,2,local_search,dr_pwldr,214671.51501115004,214671.51501115004,0.08899998664855957,1.1600000858306885
1,11,2,local_search,reopt_pwldr,219151.27991230635,219151.27991230635,0.08899998664855957,1.1600000858306885
1,11,3,black_box,obj_pwldr,214682.8194029368,214679.5109966725,0.11700010299682617,21.02300000190735
1,11,3,black_box,dr_pwldr,214671.51501115004,214671.51501115004,0.11700010299682617,21.02300000190735
1,11,3,black_box,reopt_pwldr,219151.27991230635,219151.27991230635,0.11700010299682617,21.02300000190735
1,11,3,local_search,obj_pwldr,214682.8194029368,214679.5109966725,0.11700010299682617,2.384000062942505
1,11,3,local_search,dr_pwldr,214671.51501115004,214671.51501115004,0.11700010299682617,2.384000062942505
1,11,3,local_search,reopt_pwldr,219151.27991230635,219151.27991230635,0.11700010299682617,2.384000062942505
1,11,4,black_box,obj_pwldr,214683.41954457335,214681.2855118088,0.17799997329711914,31.415000200271606
1,11,4,black_box,dr_pwldr,214671.51501115004,214671.51501115004,0.17799997329711914,31.415000200271606
1,11,4,black_box,reopt_pwldr,219151.27991230635,219151.27991230635,0.17799997329711914,31.415000200271606
1,11,4,local_search,obj_pwldr,214683.41954457335,214681.2855118088,0.17799997329711914,3.31000018119812
1,11,4,local_search,dr_pwldr,214671.51501115004,214671.51501115004,0.17799997329711914,3.31000018119812
1,11,4,local_search,reopt_pwldr,219151.27991230635,219151.27991230635,0.17799997329711914,3.31000018119812
1,11,5,black_box,obj_pwldr,214682.7852634615,214681.23957682267,0.2090001106262207,41.71499991416931
1,11,5,black_box,dr_pwldr,214671.51501115004,214671.51501115004,0.2090001106262207,41.71499991416931
1,11,5,black_box,reopt_pwldr,219151.27991230635,219151.27991230635,0.2090001106262207,41.71499991416931
1,11,5,local_search,obj_pwldr,214682.7852634615,214681.23957682267,0.2090001106262207,4.625
1,11,5,local_search,dr_pwldr,214671.51501115004,214671.51501115004,0.2090001106262207,4.625
1,11,5,local_search,reopt_pwldr,219151.27991230635,219151.27991230635,0.2090001106262207,4.625
1,11,6,black_box,obj_pwldr,214682.53863991602,214681.27636173912,0.2850000858306885,50.64699983596802
1,11,6,black_box,dr_pwldr,214671.51501115004,214671.51501115004,0.2850000858306885,50.64699983596802
1,11,6,black_box,reopt_pwldr,219151.27991230635,219151.27991230635,0.2850000858306885,50.64699983596802
1,11,6,local_search,obj_pwldr,214682.53863991602,214681.27636173912,0.2850000858306885,6.8420000076293945
1,11,6,local_search,dr_pwldr,214671.51501115004,214671.51501115004,0.2850000858306885,6.8420000076293945
1,11,6,local_search,reopt_pwldr,219151.27991230635,219151.27991230635,0.2850000858306885,6.8420000076293945
1,11,7,black_box,obj_pwldr,214682.8647904651,214680.91150839246,0.3689999580383301,61.64800000190735
1,11,7,black_box,dr_pwldr,214671.51501115004,214671.51501115004,0.3689999580383301,61.64800000190735
1,11,7,black_box,reopt_pwldr,219151.27991230635,219151.27991230635,0.3689999580383301,61.64800000190735
1,11,7,local_search,obj_pwldr,214682.8647904651,214680.91150839246,0.3689999580383301,8.24399995803833
1,11,7,local_search,dr_pwldr,214671.51501115004,214671.51501115004,0.3689999580383301,8.24399995803833
1,11,7,local_search,reopt_pwldr,219151.27991230635,219151.27991230635,0.3689999580383301,8.24399995803833
1,11,8,black_box,obj_pwldr,214682.8303115788,214681.31312573896,0.42999982833862305,72.07400012016296
1,11,8,black_box,dr_pwldr,214671.51501115004,214671.51501115004,0.42999982833862305,72.07400012016296
1,11,8,black_box,reopt_pwldr,219151.27991230635,219151.27991230635,0.42999982833862305,72.07400012016296
1,11,8,local_search,obj_pwldr,214682.8303115788,214681.31312573896,0.42999982833862305,9.914000034332275
1,11,8,local_search,dr_pwldr,214671.51501115004,214671.51501115004,0.42999982833862305,9.914000034332275
1,11,8,local_search,reopt_pwldr,219151.27991230635,219151.27991230635,0.42999982833862305,9.914000034332275
1,11,9,black_box,obj_pwldr,214682.8437949188,214681.26496642537,0.46900010108947754,82.8600001335144
1,11,9,black_box,dr_pwldr,214671.51501115004,214671.51501115004,0.46900010108947754,82.8600001335144
1,11,9,black_box,reopt_pwldr,219151.27991230635,219151.27991230635,0.46900010108947754,82.8600001335144
1,11,9,local_search,obj_pwldr,214682.8437949188,214681.26496642537,0.46900010108947754,13.098000049591064
1,11,9,local_search,dr_pwldr,214671.51501115004,214671.51501115004,0.46900010108947754,13.098000049591064
1,11,9,local_search,reopt_pwldr,219151.27991230635,219151.27991230635,0.46900010108947754,13.098000049591064
1,11,10,black_box,obj_pwldr,214682.82509195778,214681.25452080244,0.49900007247924805,94.35800004005432
1,11,10,black_box,dr_pwldr,214671.51501115004,214671.51501115004,0.49900007247924805,94.35800004005432
1,11,10,black_box,reopt_pwldr,219151.27991230635,219151.27991230635,0.49900007247924805,94.35800004005432
1,11,10,local_search,obj_pwldr,214682.82509195778,214681.25452080244,0.49900007247924805,17.251999855041504
1,11,10,local_search,dr_pwldr,214671.51501115004,214671.51501115004,0.49900007247924805,17.251999855041504
1,11,10,local_search,reopt_pwldr,219151.27991230635,219151.27991230635,0.49900007247924805,17.251999855041504
1,12,1,black_box,obj_pwldr,200399.1454996784,200239.33094668234,0.026999950408935547,2.9739999771118164
1,12,1,black_box,dr_pwldr,200517.44940595003,200391.4241070953,0.026999950408935547,2.9739999771118164
1,12,1,black_box,reopt_pwldr,196966.2558716294,198508.24514616834,0.026999950408935547,2.9739999771118164
1,12,1,local_search,obj_pwldr,200399.1454996784,200239.33094668234,0.026999950408935547,0.2259998321533203
1,12,1,local_search,dr_pwldr,200517.44940595003,200391.42410709528,0.026999950408935547,0.2259998321533203
1,12,1,local_search,reopt_pwldr,196966.2558716294,198508.24514616834,0.026999950408935547,0.2259998321533203
1,12,2,black_box,obj_pwldr,201851.82762852922,200118.80339988673,0.032000064849853516,3.427999973297119
1,12,2,black_box,dr_pwldr,202014.79668163302,200276.72667021427,0.032000064849853516,3.427999973297119
1,12,2,black_box,reopt_pwldr,204361.26388518864,198184.50550634804,0.032000064849853516,3.427999973297119
1,12,2,local_search,obj_pwldr,201851.82762852922,200110.7239369761,0.032000064849853516,0.4960000514984131
1,12,2,local_search,dr_pwldr,202014.79668163302,200277.90036930668,0.032000064849853516,0.4960000514984131
1,12,2,local_search,reopt_pwldr,204361.26388518864,198860.85306783047,0.032000064849853516,0.4960000514984131
1,12,3,black_box,obj_pwldr,200266.1068488146,200102.47429554904,0.029999971389770508,3.884999990463257
1,12,3,black_box,dr_pwldr,200399.97124672186,200268.16007294643,0.029999971389770508,3.884999990463257
1,12,3,black_box,reopt_pwldr,196966.25587162946,198751.97711098046,0.029999971389770508,3.884999990463257
1,12,3,local_search,obj_pwldr,200266.1068488146,200102.47429554904,0.029999971389770508,0.35500001907348633
1,12,3,local_search,dr_pwldr,200399.97124672186,200268.16007294643,0.029999971389770508,0.35500001907348633
1,12,3,local_search,reopt_pwldr,196966.25587162946,198751.97711098046,0.029999971389770508,0.35500001907348633
1,12,4,black_box,obj_pwldr,200520.87852749295,200107.66062097123,0.03600001335144043,4.296000003814697
1,12,4,black_box,dr_pwldr,200722.32265944954,200277.39635409036,0.03600001335144043,4.296000003814697
1,12,4,black_box,reopt_pwldr,201403.26067976485,198897.73313719284,0.03600001335144043,4.296000003814697
1,12,4,local_search,obj_pwldr,200520.87852749295,200104.85877407042,0.03600001335144043,0.7069997787475586
1,12,4,local_search,dr_pwldr,200722.32265944954,200269.2439694438,0.03600001335144043,0.7069997787475586
1,12,4,local_search,reopt_pwldr,201403.26067976485,198484.39544790503,0.03600001335144043,0.7069997787475586
1,12,5,black_box,obj_pwldr,200282.73455818818,200106.93126389678,0.04400014877319336,4.733000040054321
1,12,5,black_box,dr_pwldr,200408.98937011292,200269.18955523704,0.04400014877319336,4.733000040054321
1,12,5,black_box,reopt_pwldr,196966.25587162946,198309.17746829192,0.04400014877319336,4.733000040054321
1,12,5,local_search,obj_pwldr,200282.73455818818,200101.18175539165,0.04400014877319336,0.8169999122619629
1,12,5,local_search,dr_pwldr,200408.98937011292,200266.58500707283,0.04400014877319336,0.8169999122619629
1,12,5,local_search,reopt_pwldr,196966.25587162946,198650.8512788496,0.04400014877319336,0.8169999122619629
1,12,6,black_box,obj_pwldr,200231.03583791983,200106.18416374037,0.04699993133544922,5.233000040054321
1,12,6,black_box,dr_pwldr,200425.6867451627,200272.30143233563,0.04699993133544922,5.233000040054321
1,12,6,black_box,reopt_pwldr,200135.54502029764,198693.06781910075,0.04699993133544922,5.233000040054321
1,12,6,local_search,obj_pwldr,200231.03583791983,200106.18416374037,0.04699993133544922,0.6409997940063477
1,12,6,local_search,dr_pwldr,200425.6867451627,200272.30143233563,0.04699993133544922,0.6409997940063477
1,12,6,local_search,reopt_pwldr,200135.54502029764,198693.06781910075,0.04699993133544922,0.6409997940063477
1,12,7,black_box,obj_pwldr,200259.24224713666,200102.39237260586,0.05000019073486328,6.046999931335449
1,12,7,black_box,dr_pwldr,200391.79737974107,200266.14442089904,0.05000019073486328,6.046999931335449
1,12,7,black_box,reopt_pwldr,196966.25587162946,198632.04060720035,0.05000019073486328,6.046999931335449
1,12,7,local_search,obj_pwldr,200259.24224713666,200102.39237260583,0.05000019073486328,1.5350000858306885
1,12,7,local_search,dr_pwldr,200391.79737974107,200266.14442089904,0.05000019073486328,1.5350000858306885
1,12,7,local_search,reopt_pwldr,196966.25587162946,198632.04060720035,0.05000019073486328,1.5350000858306885
1,12,8,black_box,obj_pwldr,200137.94847286932,200101.56908205262,0.05299997329711914,6.610999822616577
1,12,8,black_box,dr_pwldr,200315.70160156843,200269.84963195876,0.05299997329711914,6.610999822616577
1,12,8,black_box,reopt_pwldr,199431.25854281592,198429.7307103769,0.05299997329711914,6.610999822616577
1,12,8,local_search,obj_pwldr,200137.94847286932,200100.42602161274,0.05299997329711914,2.2309999465942383
1,12,8,local_search,dr_pwldr,200315.70160156843,200265.25249445898,0.05299997329711914,2.2309999465942383
1,12,8,local_search,reopt_pwldr,199431.25854281592,198654.9096261815,0.05299997329711914,2.2309999465942383
1,12,9,black_box,obj_pwldr,200267.48405324484,200101.59224979425,0.04499983787536621,6.809000015258789
1,12,9,black_box,dr_pwldr,200396.45958254862,200268.78353054574,0.04499983787536621,6.809000015258789
1,12,9,black_box,reopt_pwldr,196966.25587162946,198660.0472386562,0.04499983787536621,6.809000015258789
1,12,9,local_search,obj_pwldr,200267.48405324484,200101.59224979422,0.04499983787536621,2.0179998874664307
1,12,9,local_search,dr_pwldr,200396.45958254862,200268.78353054574,0.04499983787536621,2.0179998874664307
1,12,9,local_search,reopt_pwldr,196966.25587162946,198660.04723865617,0.04499983787536621,2.0179998874664307
1,12,10,black_box,obj_pwldr,200112.48073420094,200100.91237506818,0.06499981880187988,7.242000102996826
1,12,10,black_box,dr_pwldr,200285.63298947402,200265.3088897422,0.06499981880187988,7.242000102996826
1,12,10,black_box,reopt_pwldr,198983.0762389638,198567.4728632241,0.06499981880187988,7.242000102996826
1,12,10,local_search,obj_pwldr,200112.48073420094,200099.55988156598,0.06499981880187988,3.378000020980835
1,12,10,local_search,dr_pwldr,200285.63298947402,200265.3030011746,0.06499981880187988,3.378000020980835
1,12,10,local_search,reopt_pwldr,198983.0762389638,198565.7715815442,0.06499981880187988,3.378000020980835
2,1,1,black_box,obj_pwldr,212858.49257878665,212858.49257878665,0.026000022888183594,2.940000057220459
2,1,1,black_box,dr_pwldr,212882.40143108886,212882.40143108886,0.026000022888183594,2.940000057220459
2,1,1,black_box,reopt_pwldr,217398.075080512,217398.075080512,0.026000022888183594,2.940000057220459
2,1,1,local_search,obj_pwldr,212858.49257878665,212858.49257878665,0.026000022888183594,0.23199987411499023
2,1,1,local_search,dr_pwldr,212882.40143108886,212882.40143108886,0.026000022888183594,0.23199987411499023
2,1,1,local_search,reopt_pwldr,217398.075080512,217398.075080512,0.026000022888183594,0.23199987411499023
2,1,2,black_box,obj_pwldr,212858.49257878665,212858.49257878665,0.0410001277923584,3.315999984741211
2,1,2,black_box,dr_pwldr,212882.40143108886,212882.40143108886,0.0410001277923584,3.315999984741211
2,1,2,black_box,reopt_pwldr,217398.075080512,217398.075080512,0.0410001277923584,3.315999984741211
2,1,2,local_search,obj_pwldr,212858.49257878665,212858.49257878665,0.0410001277923584,0.29199981689453125
2,1,2,local_search,dr_pwldr,212882.40143108886,212882.40143108886,0.0410001277923584,0.29199981689453125
2,1,2,local_search,reopt_pwldr,217398.075080512,217398.075080512,0.0410001277923584,0.29199981689453125
2,1,3,black_box,obj_pwldr,212858.49257878665,212858.49257878665,0.04799985885620117,3.7300000190734863
2,1,3,black_box,dr_pwldr,212882.40143108886,212882.40143108886,0.04799985885620117,3.7300000190734863
2,1,3,black_box,reopt_pwldr,217398.075080512,217398.075080512,0.04799985885620117,3.7300000190734863
2,1,3,local_search,obj_pwldr,212858.49257878665,212858.49257878665,0.04799985885620117,0.3560001850128174
2,1,3,local_search,dr_pwldr,212882.40143108886,212882.40143108886,0.04799985885620117,0.3560001850128174
2,1,3,local_search,reopt_pwldr,217398.075080512,217398.075080512,0.04799985885620117,0.3560001850128174
2,1,4,black_box,obj_pwldr,212858.49257878665,212858.49257878665,0.04399991035461426,4.074999809265137
2,1,4,black_box,dr_pwldr,212882.40143108886,212882.40143108886,0.04399991035461426,4.074999809265137
2,1,4,black_box,reopt_pwldr,217398.075080512,217398.075080512,0.04399991035461426,4.074999809265137
2,1,4,local_search,obj_pwldr,212858.49257878665,212858.49257878665,0.04399991035461426,0.46000003814697266
2,1,4,local_search,dr_pwldr,212882.40143108886,212882.40143108886,0.04399991035461426,0.46000003814697266
2,1,4,local_search,reopt_pwldr,217398.075080512,217398.075080512,0.04399991035461426,0.46000003814697266
2,1,5,black_box,obj_pwldr,212858.49257878665,212858.49257878665,0.03800010681152344,4.61899995803833
2,1,5,black_box,dr_pwldr,212882.40143108886,212882.40143108886,0.03800010681152344,4.61899995803833
2,1,5,black_box,reopt_pwldr,217398.075080512,217398.075080512,0.03800010681152344,4.61899995803833
2,1,5,local_search,obj_pwldr,212858.49257878665,212858.49257878665,0.03800010681152344,0.5850000381469727
2,1,5,local_search,dr_pwldr,212882.40143108886,212882.40143108886,0.03800010681152344,0.5850000381469727
2,1,5,local_search,reopt_pwldr,217398.075080512,217398.075080512,0.03800010681152344,0.5850000381469727
2,1,6,black_box,obj_pwldr,212858.49257878665,212858.49257878665,0.04500007629394531,5.048999786376953
2,1,6,black_box,dr_pwldr,212882.40143108886,212882.40143108886,0.04500007629394531,5.048999786376953
2,1,6,black_box,reopt_pwldr,217398.075080512,217398.075080512,0.04500007629394531,5.048999786376953
2,1,6,local_search,obj_pwldr,212858.49257878665,212858.49257878665,0.04500007629394531,0.6329998970031738
2,1,6,local_search,dr_pwldr,212882.40143108886,212882.40143108886,0.04500007629394531,0.6329998970031738
2,1,6,local_search,reopt_pwldr,217398.075080512,217398.075080512,0.04500007629394531,0.6329998970031738
2,1,7,black_box,obj_pwldr,212858.49257878665,212858.49257878665,0.04199981689453125,5.917999982833862
2,1,7,black_box,dr_pwldr,212882.40143108886,212882.40143108886,0.04199981689453125,5.917999982833862
2,1,7,black_box,reopt_pwldr,217398.075080512,217398.075080512,0.04199981689453125,5.917999982833862
2,1,7,local_search,obj_pwldr,212858.49257878665,212858.49257878665,0.04199981689453125,0.7759997844696045
2,1,7,local_search,dr_pwldr,212882.40143108886,212882.40143108886,0.04199981689453125,0.7759997844696045
2,1,7,local_search,reopt_pwldr,217398.075080512,217398.075080512,0.04199981689453125,0.7759997844696045
2,1,8,black_box,obj_pwldr,212858.49257878665,212858.49257878665,0.04800009727478027,7.170000076293945
2,1,8,black_box,dr_pwldr,212882.40143108886,212882.40143108886,0.04800009727478027,7.170000076293945
2,1,8,black_box,reopt_pwldr,217398.075080512,217398.075080512,0.04800009727478027,7.170000076293945
2,1,8,local_search,obj_pwldr,212858.49257878665,212858.49257878665,0.04800009727478027,1.1770000457763672
2,1,8,local_search,dr_pwldr,212882.40143108886,212882.40143108886,0.04800009727478027,1.1770000457763672
2,1,8,local_search,reopt_pwldr,217398.075080512,217398.075080512,0.04800009727478027,1.1770000457763672
2,1,9,black_box,obj_pwldr,212858.49257878665,212858.49257878665,0.05800008773803711,6.516999959945679
2,1,9,black_box,dr_pwldr,212882.40143108886,212882.40143108886,0.05800008773803711,6.516999959945679
2,1,9,black_box,reopt_pwldr,217398.075080512,217398.075080512,0.05800008773803711,6.516999959945679
2,1,9,local_search,obj_pwldr,212858.49257878665,212858.49257878665,0.05800008773803711,0.9830000400543213
2,1,9,local_search,dr_pwldr,212882.40143108886,212882.40143108886,0.05800008773803711,0.9830000400543213
2,1,9,local_search,reopt_pwldr,217398.075080512,217398.075080512,0.05800008773803711,0.9830000400543213
2,1,10,black_box,obj_pwldr,212858.49257878665,212858.49257878665,0.05500006675720215,7.007999897003174
2,1,10,black_box,dr_pwldr,212882.40143108886,212882.40143108886,0.05500006675720215,7.007999897003174
2,1,10,black_box,reopt_pwldr,217398.075080512,217398.075080512,0.05500006675720215,7.007999897003174
2,1,10,local_search,obj_pwldr,212858.49257878665,212858.49257878665,0.05500006675720215,1.1710000038146973
2,1,10,local_search,dr_pwldr,212882.40143108886,212882.40143108886,0.05500006675720215,1.1710000038146973
2,1,10,local_search,reopt_pwldr,217398.075080512,217398.075080512,0.05500006675720215,1.1710000038146973
2,2,1,black_box,obj_pwldr,212858.37676860078,212852.88654261574,0.031000137329101562,6.289000034332275
2,2,1,black_box,dr_pwldr,212882.40143108886,212882.40143108886,0.031000137329101562,6.289000034332275
2,2,1,black_box,reopt_pwldr,217398.075080512,217398.075080512,0.031000137329101562,6.289000034332275
2,2,1,local_search,obj_pwldr,212858.37676860078,212852.88654261574,0.031000137329101562,0.996999979019165
2,2,1,local_search,dr_pwldr,212882.40143108886,212882.40143108886,0.031000137329101562,0.996999979019165
2,2,1,local_search,reopt_pwldr,217398.075080512,217398.075080512,0.031000137329101562,0.996999979019165
2,2,2,black_box,obj_pwldr,212859.39593274123,212851.43731960555,0.06999993324279785,11.51800012588501
2,2,2,black_box,dr_pwldr,212882.40143108886,212882.40143108886,0.06999993324279785,11.51800012588501
2,2,2,black_box,reopt_pwldr,217398.075080512,217398.075080512,0.06999993324279785,11.51800012588501
2,2,2,local_search,obj_pwldr,212859.39593274123,212851.43731960555,0.06999993324279785,0.4609999656677246
2,2,2,local_search,dr_pwldr,212882.40143108886,212882.40143108886,0.06999993324279785,0.4609999656677246
2,2,2,local_search,reopt_pwldr,217398.075080512,217398.075080512,0.06999993324279785,0.4609999656677246
2,2,3,black_box,obj_pwldr,212855.91335368215,212852.8618359953,0.11299991607666016,21.550000190734863
2,2,3,black_box,dr_pwldr,212882.40143108886,212882.40143108886,0.11299991607666016,21.550000190734863
2,2,3,black_box,reopt_pwldr,217398.075080512,217398.075080512,0.11299991607666016,21.550000190734863
2,2,3,local_search,obj_pwldr,212855.91335368215,212852.86183599528,0.11299991607666016,5.366999864578247
2,2,3,local_search,dr_pwldr,212882.40143108886,212882.40143108886,0.11299991607666016,5.366999864578247
2,2,3,local_search,reopt_pwldr,217398.075080512,217398.075080512,0.11299991607666016,5.366999864578247
2,2,4,black_box,obj_pwldr,212857.24243073314,212854.35566186428,0.17199993133544922,31.390999794006348
2,2,4,black_box,dr_pwldr,212882.40143108886,212882.40143108886,0.17199993133544922,31.390999794006348
2,2,4,black_box,reopt_pwldr,217398.075080512,217398.075080512,0.17199993133544922,31.390999794006348
2,2,4,local_search,obj_pwldr,212857.24243073314,212853.6902210682,0.17199993133544922,7.372999906539917
2,2,4,local_search,dr_pwldr,212882.40143108886,212882.40143108886,0.17199993133544922,7.372999906539917
2,2,4,local_search,reopt_pwldr,217398.075080512,217398.075080512,0.17199993133544922,7.372999906539917
2,2,5,black_box,obj_pwldr,212857.17828003236,212854.2303218001,0.21000003814697266,41.1949999332428
2,2,5,black_box,dr_pwldr,212882.40143108886,212882.40143108886,0.21000003814697266,41.1949999332428
2,2,5,black_box,reopt_pwldr,217398.075080512,217398.075080512,0.21000003814697266,41.1949999332428
2,2,5,local_search,obj_pwldr,212857.17828003236,212854.2303218001,0.21000003814697266,4.567999839782715
2,2,5,local_search,dr_pwldr,212882.40143108886,212882.40143108886,0.21000003814697266,4.567999839782715
2,2,5,local_search,reopt_pwldr,217398.075080512,217398.075080512,0.21000003814697266,4.567999839782715
2,2,6,black_box,obj_pwldr,212857.03699179637,212854.75757341261,0.29600000381469727,50.85000014305115
2,2,6,black_box,dr_pwldr,212882.40143108886,212882.40143108886,0.29600000381469727,50.85000014305115
2,2,6,black_box,reopt_pwldr,217398.075080512,217398.075080512,0.29600000381469727,50.85000014305115
2,2,6,local_search,obj_pwldr,212857.03699179637,212854.75757341261,0.29600000381469727,6.39300012588501
2,2,6,local_search,dr_pwldr,212882.40143108886,212882.40143108886,0.29600000381469727,6.39300012588501
2,2,6,local_search,reopt_pwldr,217398.075080512,217398.075080512,0.29600000381469727,6.39300012588501
2,2,7,black_box,obj_pwldr,212856.75805822018,212854.96018937646,0.35699987411499023,61.71799993515015
2,2,7,black_box,dr_pwldr,212882.40143108886,212882.40143108886,0.35699987411499023,61.71799993515015
2,2,7,black_box,reopt_pwldr,217398.075080512,217398.075080512,0.35699987411499023,61.71799993515015
2,2,7,local_search,obj_pwldr,212856.75805822018,212854.96018937646,0.35699987411499023,8.19700002670288
2,2,7,local_search,dr_pwldr,212882.40143108886,212882.40143108886,0.35699987411499023,8.19700002670288
2,2,7,local_search,reopt_pwldr,217398.075080512,217398.075080512,0.35699987411499023,8.19700002670288
2,2,8,black_box,obj_pwldr,212856.86295014276,212855.07374265816,0.4240000247955322,72.2519998550415
2,2,8,black_box,dr_pwldr,212882.40143108886,212882.40143108886,0.4240000247955322,72.2519998550415
2,2,8,black_box,reopt_pwldr,217398.075080512,217398.075080512,0.4240000247955322,72.2519998550415
2,2,8,local_search,obj_pwldr,212856.86295014276,212855.07374265816,0.4240000247955322,10.630000114440918
2,2,8,local_search,dr_pwldr,212882.40143108886,212882.40143108886,0.4240000247955322,10.630000114440918
2,2,8,local_search,reopt_pwldr,217398.075080512,217398.075080512,0.4240000247955322,10.630000114440918
2,2,9,black_box,obj_pwldr,212856.81156818892,212855.47717513406,0.44499993324279785,82.95199990272522
2,2,9,black_box,dr_pwldr,212882.40143108886,212882.40143108886,0.44499993324279785,82.95199990272522
2,2,9,black_box,reopt_pwldr,217398.075080512,217398.075080512,0.44499993324279785,82.95199990272522
2,2,9,local_search,obj_pwldr,212856.81156818892,212855.47717513406,0.44499993324279785,11.244999885559082
2,2,9,local_search,dr_pwldr,212882.40143108886,212882.40143108886,0.44499993324279785,11.244999885559082
2,2,9,local_search,reopt_pwldr,217398.075080512,217398.075080512,0.44499993324279785,11.244999885559082
2,2,10,black_box,obj_pwldr,212856.8679382439,212855.76301955854,0.5060000419616699,93.47499990463257
2,2,10,black_box,dr_pwldr,212882.40143108886,212882.40143108886,0.5060000419616699,93.47499990463257
2,2,10,black_box,reopt_pwldr,217398.075080512,217398.075080512,0.5060000419616699,93.47499990463257
2,2,10,local_search,obj_pwldr,212856.8679382439,212855.76301955854,0.5060000419616699,13.202000141143799
2,2,10,local_search,dr_pwldr,212882.40143108886,212882.40143108886,0.5060000419616699,13.202000141143799
2,2,10,local_search,reopt_pwldr,217398.075080512,217398.075080512,0.5060000419616699,13.202000141143799
2,3,1,black_box,obj_pwldr,212858.49257878665,212858.49257878665,0.02200007438659668,2.7300000190734863
2,3,1,black_box,dr_pwldr,212882.40143108886,212882.40143108886,0.02200007438659668,2.7300000190734863
2,3,1,black_box,reopt_pwldr,217398.075080512,217398.075080512,0.02200007438659668,2.7300000190734863
2,3,1,local_search,obj_pwldr,212858.49257878665,212858.49257878665,0.02200007438659668,0.21900010108947754
2,3,1,local_search,dr_pwldr,212882.40143108886,212882.40143108886,0.02200007438659668,0.21900010108947754
2,3,1,local_search,reopt_pwldr,217398.075080512,217398.075080512,0.02200007438659668,0.21900010108947754
2,3,2,black_box,obj_pwldr,212858.49257878665,212858.49257878665,0.04900002479553223,3.006999969482422
2,3,2,black_box,dr_pwldr,212882.40143108886,212882.40143108886,0.04900002479553223,3.006999969482422
2,3,2,black_box,reopt_pwldr,217398.075080512,217398.075080512,0.04900002479553223,3.006999969482422
2,3,2,local_search,obj_pwldr,212858.49257878665,212858.49257878665,0.04900002479553223,0.2690000534057617
2,3,2,local_search,dr_pwldr,212882.40143108886,212882.40143108886,0.04900002479553223,0.2690000534057617
2,3,2,local_search,reopt_pwldr,217398.075080512,217398.075080512,0.04900002479553223,0.2690000534057617
2,3,3,black_box,obj_pwldr,212858.49257878665,212858.49257878665,0.03800010681152344,3.2799999713897705
2,3,3,black_box,dr_pwldr,212882.40143108886,212882.40143108886,0.03800010681152344,3.2799999713897705
2,3,3,black_box,reopt_pwldr,217398.075080512,217398.075080512,0.03800010681152344,3.2799999713897705
2,3,3,local_search,obj_pwldr,212858.49257878665,212858.49257878665,0.03800010681152344,0.3529999256134033
2,3,3,local_search,dr_pwldr,212882.40143108886,212882.40143108886,0.03800010681152344,0.3529999256134033
2,3,3,local_search,reopt_pwldr,217398.075080512,217398.075080512,0.03800010681152344,0.3529999256134033
2,3,4,black_box,obj_pwldr,212858.49257878665,212858.49257878665,0.054000139236450195,3.8959999084472656
2,3,4,black_box,dr_pwldr,212882.40143108886,212882.40143108886,0.054000139236450195,3.8959999084472656
2,3,4,black_box,reopt_pwldr,217398.075080512,217398.075080512,0.054000139236450195,3.8959999084472656
2,3,4,local_search,obj_pwldr,212858.49257878665,212858.49257878665,0.054000139236450195,0.42100000381469727
2,3,4,local_search,dr_pwldr,212882.40143108886,212882.40143108886,0.054000139236450195,0.42100000381469727
2,3,4,local_search,reopt_pwldr,217398.075080512,217398.075080512,0.054000139236450195,0.42100000381469727
2,3,5,black_box,obj_pwldr,212858.49257878665,212858.49257878665,0.0410001277923584,4.164000034332275
2,3,5,black_box,dr_pwldr,212882.40143108886,212882.40143108886,0.0410001277923584,4.164000034332275
2,3,5,black_box,reopt_pwldr,217398.075080512,217398.075080512,0.0410001277923584,4.164000034332275
2,3,5,local_search,obj_pwldr,212858.49257878665,212858.49257878665,0.0410001277923584,0.5079998970031738
2,3,5,local_search,dr_pwldr,212882.40143108886,212882.40143108886,0.0410001277923584,0.5079998970031738
2,3,5,local_search,reopt_pwldr,217398.075080512,217398.075080512,0.0410001277923584,0.5079998970031738
2,3,6,black_box,obj_pwldr,212858.49257878665,212858.49257878665,0.042999982833862305,4.41100001335144
2,3,6,black_box,dr_pwldr,212882.40143108886,212882.40143108886,0.042999982833862305,4.41100001335144
2,3,6,black_box,reopt_pwldr,217398.075080512,217398.075080512,0.042999982833862305,4.41100001335144
2,3,6,local_search,obj_pwldr,212858.49257878665,212858.49257878665,0.042999982833862305,0.5320000648498535
2,3,6,local_search,dr_pwldr,212882.40143108886,212882.40143108886,0.042999982833862305,0.5320000648498535
2,3,6,local_search,reopt_pwldr,217398.075080512,217398.075080512,0.042999982833862305,0.5320000648498535
2,3,7,black_box,obj_pwldr,212858.49257878665,212858.49257878665,0.03900003433227539,4.699000120162964
2,3,7,black_box,dr_pwldr,212882.40143108886,212882.40143108886,0.03900003433227539,4.699000120162964
2,3,7,black_box,reopt_pwldr,217398.075080512,217398.075080512,0.03900003433227539,4.699000120162964
2,3,7,local_search,obj_pwldr,212858.49257878665,212858.49257878665,0.03900003433227539,0.7029998302459717
2,3,7,local_search,dr_pwldr,212882.40143108886,212882.40143108886,0.03900003433227539,0.7029998302459717
2,3,7,local_search,reopt_pwldr,217398.075080512,217398.075080512,0.03900003433227539,0.7029998302459717
2,3,8,black_box,obj_pwldr,212858.49257878665,212858.49257878665,0.04199981689453125,5.049000024795532
2,3,8,black_box,dr_pwldr,212882.40143108886,212882.40143108886,0.04199981689453125,5.049000024795532
2,3,8,black_box,reopt_pwldr,217398.075080512,217398.075080512,0.04199981689453125,5.049000024795532
2,3,8,local_search,obj_pwldr,212858.49257878665,212858.49257878665,0.04199981689453125,0.7050001621246338
2,3,8,local_search,dr_pwldr,212882.40143108886,212882.40143108886,0.04199981689453125,0.7050001621246338
2,3,8,local_search,reopt_pwldr,217398.075080512,217398.075080512,0.04199981689453125,0.7050001621246338
2,3,9,black_box,obj_pwldr,212858.49257878665,212858.49257878665,0.046000003814697266,5.422000169754028
2,3,9,black_box,dr_pwldr,212882.40143108886,212882.40143108886,0.046000003814697266,5.422000169754028
2,3,9,black_box,reopt_pwldr,217398.075080512,217398.075080512,0.046000003814697266,5.422000169754028
2,3,9,local_search,obj_pwldr,212858.49257878665,212858.49257878665,0.046000003814697266,0.8389999866485596
2,3,9,local_search,dr_pwldr,212882.40143108886,212882.40143108886,0.046000003814697266,0.8389999866485596
2,3,9,local_search,reopt_pwldr,217398.075080512,217398.075080512,0.046000003814697266,0.8389999866485596
2,3,10,black_box,obj_pwldr,212858.49257878665,212858.49257878665,0.04400014877319336,5.726999998092651
2,3,10,black_box,dr_pwldr,212882.40143108886,212882.40143108886,0.04400014877319336,5.726999998092651
2,3,10,black_box,reopt_pwldr,217398.075080512,217398.075080512,0.04400014877319336,5.726999998092651
2,3,10,local_search,obj_pwldr,212858.49257878665,212858.49257878665,0.04400014877319336,0.8940000534057617
2,3,10,local_search,dr_pwldr,212882.40143108886,212882.40143108886,0.04400014877319336,0.8940000534057617
2,3,10,local_search,reopt_pwldr,217398.075080512,217398.075080512,0.04400014877319336,0.8940000534057617
2,4,1,black_box,obj_pwldr,212865.42742755145,212855.0504102595,0.03699994087219238,2.9160001277923584
2,4,1,black_box,dr_pwldr,212882.40143108886,212882.40143108886,0.03699994087219238,2.9160001277923584
2,4,1,black_box,reopt_pwldr,217398.075080512,217398.075080512,0.03699994087219238,2.9160001277923584
2,4,1,local_search,obj_pwldr,212865.42742755145,212855.0504102595,0.03699994087219238,0.2220001220703125
2,4,1,local_search,dr_pwldr,212882.40143108886,212882.40143108886,0.03699994087219238,0.2220001220703125
2,4,1,local_search,reopt_pwldr,217398.075080512,217398.075080512,0.03699994087219238,0.2220001220703125
2,4,2,black_box,obj_pwldr,212861.89013933824,212857.07852286045,0.03900003433227539,3.249000072479248
2,4,2,black_box,dr_pwldr,212882.40143108886,212882.40143108886,0.03900003433227539,3.249000072479248
2,4,2,black_box,reopt_pwldr,217398.075080512,217398.075080512,0.03900003433227539,3.249000072479248
2,4,2,local_search,obj_pwldr,212861.89013933824,212857.07852286045,0.03900003433227539,0.27899980545043945
2,4,2,local_search,dr_pwldr,212882.40143108886,212882.40143108886,0.03900003433227539,0.27899980545043945
2,4,2,local_search,reopt_pwldr,217398.075080512,217398.075080512,0.03900003433227539,0.27899980545043945
2,4,3,black_box,obj_pwldr,212860.8449713804,212857.75862317937,0.04700016975402832,3.7269999980926514
2,4,3,black_box,dr_pwldr,212882.40143108886,212882.40143108886,0.04700016975402832,3.7269999980926514
2,4,3,black_box,reopt_pwldr,217398.075080512,217398.075080512,0.04700016975402832,3.7269999980926514
2,4,3,local_search,obj_pwldr,212860.8449713804,212857.75862317937,0.04700016975402832,0.3710000514984131
2,4,3,local_search,dr_pwldr,212882.40143108886,212882.40143108886,0.04700016975402832,0.3710000514984131
2,4,3,local_search,reopt_pwldr,217398.075080512,217398.075080512,0.04700016975402832,0.3710000514984131
2,4,4,black_box,obj_pwldr,212861.40531132778,212858.6671270668,0.03800010681152344,4.0920000076293945
2,4,4,black_box,dr_pwldr,212882.40143108886,212882.40143108886,0.03800010681152344,4.0920000076293945
2,4,4,black_box,reopt_pwldr,217398.075080512,217398.075080512,0.03800010681152344,4.0920000076293945
2,4,4,local_search,obj_pwldr,212861.40531132778,212856.9316245444,0.03800010681152344,0.6770000457763672
2,4,4,local_search,dr_pwldr,212882.40143108886,212882.40143108886,0.03800010681152344,0.6770000457763672
2,4,4,local_search,reopt_pwldr,217398.075080512,217398.075080512,0.03800010681152344,0.6770000457763672
2,4,5,black_box,obj_pwldr,212862.34692585433,212857.6953969397,0.04200005531311035,4.666000127792358
2,4,5,black_box,dr_pwldr,212882.40143108886,212882.40143108886,0.04200005531311035,4.666000127792358
2,4,5,black_box,reopt_pwldr,217398.075080512,217398.075080512,0.04200005531311035,4.666000127792358
2,4,5,local_search,obj_pwldr,212862.34692585433,212857.6953969397,0.04200005531311035,0.5219998359680176
2,4,5,local_search,dr_pwldr,212882.40143108886,212882.40143108886,0.04200005531311035,0.5219998359680176
2,4,5,local_search,reopt_pwldr,217398.075080512,217398.075080512,0.04200005531311035,0.5219998359680176
2,4,6,black_box,obj_pwldr,212861.06976628967,212858.71450999953,0.037000179290771484,5.36899995803833
2,4,6,black_box,dr_pwldr,212882.40143108886,212882.40143108886,0.037000179290771484,5.36899995803833
2,4,6,black_box,reopt_pwldr,217398.075080512,217398.075080512,0.037000179290771484,5.36899995803833
2,4,6,local_search,obj_pwldr,212861.06976628967,212858.71450999953,0.037000179290771484,0.6370000839233398
2,4,6,local_search,dr_pwldr,212882.40143108886,212882.40143108886,0.037000179290771484,0.6370000839233398
2,4,6,local_search,reopt_pwldr,217398.075080512,217398.075080512,0.037000179290771484,0.6370000839233398
2,4,7,black_box,obj_pwldr,212860.40672507088,212857.65970075404,0.03800010681152344,5.761999845504761
2,4,7,black_box,dr_pwldr,212882.40143108886,212882.40143108886,0.03800010681152344,5.761999845504761
2,4,7,black_box,reopt_pwldr,217398.075080512,217398.075080512,0.03800010681152344,5.761999845504761
2,4,7,local_search,obj_pwldr,212860.40672507088,212857.65970075404,0.03800010681152344,0.7790000438690186
2,4,7,local_search,dr_pwldr,212882.40143108886,212882.40143108886,0.03800010681152344,0.7790000438690186
2,4,7,local_search,reopt_pwldr,217398.075080512,217398.075080512,0.03800010681152344,0.7790000438690186
2,4,8,black_box,obj_pwldr,212860.42703004173,212857.84048960294,0.05500006675720215,6.055000066757202
2,4,8,black_box,dr_pwldr,212882.40143108886,212882.40143108886,0.05500006675720215,6.055000066757202
2,4,8,black_box,reopt_pwldr,217398.075080512,217398.075080512,0.05500006675720215,6.055000066757202
2,4,8,local_search,obj_pwldr,212860.42703004173,212856.83780231743,0.05500006675720215,3.680999994277954
2,4,8,local_search,dr_pwldr,212882.40143108886,212882.40143108886,0.05500006675720215,3.680999994277954
2,4,8,local_search,reopt_pwldr,217398.075080512,217398.075080512,0.05500006675720215,3.680999994277954
2,4,9,black_box,obj_pwldr,212862.0523644712,212858.1825520606,0.06099987030029297,6.4690001010894775
2,4,9,black_box,dr_pwldr,212882.40143108886,212882.40143108886,0.06099987030029297,6.4690001010894775
2,4,9,black_box,reopt_pwldr,217398.075080512,217398.075080512,0.06099987030029297,6.4690001010894775
2,4,9,local_search,obj_pwldr,212862.0523644712,212858.1825520606,0.06099987030029297,1.0360000133514404
2,4,9,local_search,dr_pwldr,212882.40143108886,212882.40143108886,0.06099987030029297,1.0360000133514404
2,4,9,local_search,reopt_pwldr,217398.075080512,217398.075080512,0.06099987030029297,1.0360000133514404
2,4,10,black_box,obj_pwldr,212861.7539080876,212858.8458296997,0.07000017166137695,6.99399995803833
2,4,10,black_box,dr_pwldr,212882.40143108886,212882.40143108886,0.07000017166137695,6.99399995803833
2,4,10,black_box,reopt_pwldr,217398.075080512,217398.075080512,0.07000017166137695,6.99399995803833
2,4,10,local_search,obj_pwldr,212861.7539080876,212858.17562426804,0.07000017166137695,1.6380000114440918
2,4,10,local_search,dr_pwldr,212882.40143108886,212882.40143108886,0.07000017166137695,1.6380000114440918
2,4,10,local_search,reopt_pwldr,217398.075080512,217398.075080512,0.07000017166137695,1.6380000114440918
2,5,1,black_box,obj_pwldr,212858.49257878665,212858.49257878665,0.0280001163482666,5.758999824523926
2,5,1,black_box,dr_pwldr,212882.40143108886,212882.40143108886,0.0280001163482666,5.758999824523926
2,5,1,black_box,reopt_pwldr,217398.075080512,217398.075080512,0.0280001163482666,5.758999824523926
2,5,1,local_search,obj_pwldr,212858.49257878665,212858.49257878665,0.0280001163482666,0.2869999408721924
2,5,1,local_search,dr_pwldr,212882.40143108886,212882.40143108886,0.0280001163482666,0.2869999408721924
2,5,1,local_search,reopt_pwldr,217398.075080512,217398.075080512,0.0280001163482666,0.2869999408721924
2,5,2,black_box,obj_pwldr,212858.49257878665,212858.49257878665,0.06999993324279785,12.144000053405762
2,5,2,black_box,dr_pwldr,212882.40143108886,212882.40143108886,0.06999993324279785,12.144000053405762
2,5,2,black_box,reopt_pwldr,217398.075080512,217398.075080512,0.06999993324279785,12.144000053405762
2,5,2,local_search,obj_pwldr,212858.49257878665,212858.49257878665,0.06999993324279785,1.0269999504089355
2,5,2,local_search,dr_pwldr,212882.40143108886,212882.40143108886,0.06999993324279785,1.0269999504089355
2,5,2,local_search,reopt_pwldr,217398.075080512,217398.075080512,0.06999993324279785,1.0269999504089355
2,5,3,black_box,obj_pwldr,212858.49257878665,212858.49257878665,0.12000012397766113,21.069000005722046
2,5,3,black_box,dr_pwldr,212882.40143108886,212882.40143108886,0.12000012397766113,21.069000005722046
2,5,3,black_box,reopt_pwldr,217398.075080512,217398.075080512,0.12000012397766113,21.069000005722046
2,5,3,local_search,obj_pwldr,212858.49257878665,212858.49257878665,0.12000012397766113,1.943000078201294
2,5,3,local_search,dr_pwldr,212882.40143108886,212882.40143108886,0.12000012397766113,1.943000078201294
2,5,3,local_search,reopt_pwldr,217398.075080512,217398.075080512,0.12000012397766113,1.943000078201294
2,5,4,black_box,obj_pwldr,212858.49257878665,212858.49257878665,0.17399978637695312,30.56500005722046
2,5,4,black_box,dr_pwldr,212882.40143108886,212882.40143108886,0.17399978637695312,30.56500005722046
2,5,4,black_box,reopt_pwldr,217398.075080512,217398.075080512,0.17399978637695312,30.56500005722046
2,5,4,local_search,obj_pwldr,212858.49257878665,212858.49257878665,0.17399978637695312,3.1569998264312744
2,5,4,local_search,dr_pwldr,212882.40143108886,212882.40143108886,0.17399978637695312,3.1569998264312744
2,5,4,local_search,reopt_pwldr,217398.075080512,217398.075080512,0.17399978637695312,3.1569998264312744
2,5,5,black_box,obj_pwldr,212858.49257878665,212858.49257878665,0.20800018310546875,41.537999868392944
2,5,5,black_box,dr_pwldr,212882.40143108886,212882.40143108886,0.20800018310546875,41.537999868392944
2,5,5,black_box,reopt_pwldr,217398.075080512,217398.075080512,0.20800018310546875,41.537999868392944
2,5,5,local_search,obj_pwldr,212858.49257878665,212858.49257878665,0.20800018310546875,4.634000062942505
2,5,5,local_search,dr_pwldr,212882.40143108886,212882.40143108886,0.20800018310546875,4.634000062942505
2,5,5,local_search,reopt_pwldr,217398.075080512,217398.075080512,0.20800018310546875,4.634000062942505
2,5,6,black_box,obj_pwldr,212858.49257878665,212858.49257878665,0.29600000381469727,54.276000022888184
2,5,6,black_box,dr_pwldr,212882.40143108886,212882.40143108886,0.29600000381469727,54.276000022888184
2,5,6,black_box,reopt_pwldr,217398.075080512,217398.075080512,0.29600000381469727,54.276000022888184
2,5,6,local_search,obj_pwldr,212858.49257878665,212858.49257878665,0.29600000381469727,8.776000022888184
2,5,6,local_search,dr_pwldr,212882.40143108886,212882.40143108886,0.29600000381469727,8.776000022888184
2,5,6,local_search,reopt_pwldr,217398.075080512,217398.075080512,0.29600000381469727,8.776000022888184
2,5,7,black_box,obj_pwldr,212858.49257878665,212858.49257878665,0.4030001163482666,62.75399994850159
2,5,7,black_box,dr_pwldr,212882.40143108886,212882.40143108886,0.4030001163482666,62.75399994850159
2,5,7,black_box,reopt_pwldr,217398.075080512,217398.075080512,0.4030001163482666,62.75399994850159
2,5,7,local_search,obj_pwldr,212858.49257878665,212858.49257878665,0.4030001163482666,8.352999925613403
2,5,7,local_search,dr_pwldr,212882.40143108886,212882.40143108886,0.4030001163482666,8.352999925613403
2,5,7,local_search,reopt_pwldr,217398.075080512,217398.075080512,0.4030001163482666,8.352999925613403
2,5,8,black_box,obj_pwldr,212858.49257878665,212858.49257878665,0.4030001163482666,72.64600014686584
2,5,8,black_box,dr_pwldr,212882.40143108886,212882.40143108886,0.4030001163482666,72.64600014686584
2,5,8,black_box,reopt_pwldr,217398.075080512,217398.075080512,0.4030001163482666,72.64600014686584
2,5,8,local_search,obj_pwldr,212858.49257878665,212858.49257878665,0.4030001163482666,11.382999897003174
2,5,8,local_search,dr_pwldr,212882.40143108886,212882.40143108886,0.4030001163482666,11.382999897003174
2,5,8,local_search,reopt_pwldr,217398.075080512,217398.075080512,0.4030001163482666,11.382999897003174
2,5,9,black_box,obj_pwldr,212858.49257878665,212858.49257878665,0.4590001106262207,82.03699994087219
2,5,9,black_box,dr_pwldr,212882.40143108886,212882.40143108886,0.4590001106262207,82.03699994087219
2,5,9,black_box,reopt_pwldr,217398.075080512,217398.075080512,0.4590001106262207,82.03699994087219
2,5,9,local_search,obj_pwldr,212858.49257878665,212858.49257878665,0.4590001106262207,11.57200002670288
2,5,9,local_search,dr_pwldr,212882.40143108886,212882.40143108886,0.4590001106262207,11.57200002670288
2,5,9,local_search,reopt_pwldr,217398.075080512,217398.075080512,0.4590001106262207,11.57200002670288
2,5,10,black_box,obj_pwldr,212858.49257878665,212858.49257878665,0.5230000019073486,93.1340000629425
2,5,10,black_box,dr_pwldr,212882.40143108886,212882.40143108886,0.5230000019073486,93.1340000629425
2,5,10,black_box,reopt_pwldr,217398.075080512,217398.075080512,0.5230000019073486,93.1340000629425
2,5,10,local_search,obj_pwldr,212858.49257878665,212858.49257878665,0.5230000019073486,13.769999980926514
2,5,10,local_search,dr_pwldr,212882.40143108886,212882.40143108886,0.5230000019073486,13.769999980926514
2,5,10,local_search,reopt_pwldr,217398.075080512,217398.075080512,0.5230000019073486,13.769999980926514
2,6,1,black_box,obj_pwldr,203738.88690944607,203314.5018836307,0.02700018882751465,2.7180001735687256
2,6,1,black_box,dr_pwldr,204123.3405870018,203500.91928000544,0.02700018882751465,2.7180001735687256
2,6,1,black_box,reopt_pwldr,194115.63414836553,198154.35297955945,0.02700018882751465,2.7180001735687256
2,6,1,local_search,obj_pwldr,203738.88690944607,203314.5018836307,0.02700018882751465,0.24000000953674316
2,6,1,local_search,dr_pwldr,204123.3405870018,203500.91928000544,0.02700018882751465,0.24000000953674316
2,6,1,local_search,reopt_pwldr,194115.63414836553,198154.35297955945,0.02700018882751465,0.24000000953674316
2,6,2,black_box,obj_pwldr,203661.91955349734,203274.58497625534,0.04200005531311035,3.003000020980835
2,6,2,black_box,dr_pwldr,203837.18036626757,203460.76552803617,0.04200005531311035,3.003000020980835
2,6,2,black_box,reopt_pwldr,201876.44779241466,198305.23855525398,0.04200005531311035,3.003000020980835
2,6,2,local_search,obj_pwldr,203661.91955349734,203274.58497625534,0.04200005531311035,0.2560000419616699
2,6,2,local_search,dr_pwldr,203837.18036626757,203460.76552803617,0.04200005531311035,0.2560000419616699
2,6,2,local_search,reopt_pwldr,201876.44779241466,198305.23855525398,0.04200005531311035,0.2560000419616699
2,6,3,black_box,obj_pwldr,203738.88690944613,203271.17698839045,0.046000003814697266,3.4129998683929443
2,6,3,black_box,dr_pwldr,204123.3405870018,203455.68486364407,0.046000003814697266,3.4129998683929443
2,6,3,black_box,reopt_pwldr,194115.63414836553,198263.84172854412,0.046000003814697266,3.4129998683929443
2,6,3,local_search,obj_pwldr,203738.88690944613,203271.17698839042,0.046000003814697266,0.7059998512268066
2,6,3,local_search,dr_pwldr,204123.3405870018,203455.68486364404,0.046000003814697266,0.7059998512268066
2,6,3,local_search,reopt_pwldr,194115.63414836553,198263.8417285441,0.046000003814697266,0.7059998512268066
2,6,4,black_box,obj_pwldr,203304.29241018425,203271.4430700798,0.03699994087219238,3.8869998455047607
2,6,4,black_box,dr_pwldr,203487.6842291003,203468.8312875957,0.03699994087219238,3.8869998455047607
2,6,4,black_box,reopt_pwldr,198772.12233479475,197822.9568214513,0.03699994087219238,3.8869998455047607
2,6,4,local_search,obj_pwldr,203304.29241018425,203267.90022745362,0.03699994087219238,0.7179999351501465
2,6,4,local_search,dr_pwldr,203487.6842291003,203454.2074903147,0.03699994087219238,0.7179999351501465
2,6,4,local_search,reopt_pwldr,198772.12233479475,198206.7826696687,0.03699994087219238,0.7179999351501465
2,6,5,black_box,obj_pwldr,203625.8631263581,203268.05467458244,0.039999961853027344,4.059999942779541
2,6,5,black_box,dr_pwldr,203804.7732533522,203452.7817352592,0.039999961853027344,4.059999942779541
2,6,5,black_box,reopt_pwldr,201876.44779241466,198289.13669404705,0.039999961853027344,4.059999942779541
2,6,5,local_search,obj_pwldr,203625.8631263581,203268.05467458238,0.039999961853027344,0.8880000114440918
2,6,5,local_search,dr_pwldr,203804.7732533522,203452.78173525914,0.039999961853027344,0.8880000114440918
2,6,5,local_search,reopt_pwldr,201876.44779241466,198289.13669404693,0.039999961853027344,0.8880000114440918
2,6,6,black_box,obj_pwldr,203285.41723436775,203269.86190299087,0.03600001335144043,4.318000078201294
2,6,6,black_box,dr_pwldr,203496.209756598,203462.5822230804,0.03600001335144043,4.318000078201294
2,6,6,black_box,reopt_pwldr,197441.69713867237,197968.27723049512,0.03600001335144043,4.318000078201294
2,6,6,local_search,obj_pwldr,203285.41723436775,203268.8309090578,0.03600001335144043,0.7880001068115234
2,6,6,local_search,dr_pwldr,203496.209756598,203454.20192693573,0.03600001335144043,0.7880001068115234
2,6,6,local_search,reopt_pwldr,197441.69713867237,198241.93635514384,0.03600001335144043,0.7880001068115234
2,6,7,black_box,obj_pwldr,203346.30657213004,203267.83431015754,0.0410001277923584,4.5929999351501465
2,6,7,black_box,dr_pwldr,203519.45877861095,203453.83175691485,0.0410001277923584,4.5929999351501465
2,6,7,black_box,reopt_pwldr,199936.24438140253,198221.04681486633,0.0410001277923584,4.5929999351501465
2,6,7,local_search,obj_pwldr,203346.30657213004,203267.83431015757,0.0410001277923584,0.6180000305175781
2,6,7,local_search,dr_pwldr,203519.45877861095,203453.83175691485,0.0410001277923584,0.6180000305175781
2,6,7,local_search,reopt_pwldr,199936.24438140253,198221.04681486633,0.0410001277923584,0.6180000305175781
2,6,8,black_box,obj_pwldr,203324.37869122214,203268.707943812,0.048999786376953125,4.930999994277954
2,6,8,black_box,dr_pwldr,203567.33963170115,203459.8941493002,0.048999786376953125,4.930999994277954
2,6,8,black_box,reopt_pwldr,196702.57202971523,198023.37261804577,0.048999786376953125,4.930999994277954
2,6,8,local_search,obj_pwldr,203324.37869122214,203268.12297317164,0.048999786376953125,1.0279998779296875
2,6,8,local_search,dr_pwldr,203567.33963170115,203453.67879549053,0.048999786376953125,1.0279998779296875
2,6,8,local_search,reopt_pwldr,196702.57202971523,198236.28143631486,0.048999786376953125,1.0279998779296875
2,6,9,black_box,obj_pwldr,203277.0726395932,203268.0177531215,0.04199981689453125,5.391999959945679
2,6,9,black_box,dr_pwldr,203456.28376506222,203457.0179855781,0.04199981689453125,5.391999959945679
2,6,9,black_box,reopt_pwldr,198772.12233479475,198104.56646569906,0.04199981689453125,5.391999959945679
2,6,9,local_search,obj_pwldr,203277.0726395932,203268.01775312153,0.04199981689453125,0.8289999961853027
2,6,9,local_search,dr_pwldr,203456.28376506222,203457.01798557813,0.04199981689453125,0.8289999961853027
2,6,9,local_search,reopt_pwldr,198772.12233479475,198104.56646569908,0.04199981689453125,0.8289999961853027
2,6,10,black_box,obj_pwldr,203367.561973302,203267.9291549165,0.04699993133544922,5.6650002002716064
2,6,10,black_box,dr_pwldr,203633.72212257062,203456.14297917226,0.04699993133544922,5.6650002002716064
2,6,10,black_box,reopt_pwldr,196232.2196876515,198131.11476555688,0.04699993133544922,5.6650002002716064
2,6,10,local_search,obj_pwldr,203367.561973302,203267.8250411322,0.04699993133544922,1.3299999237060547
2,6,10,local_search,dr_pwldr,203633.72212257062,203454.86471275974,0.04699993133544922,1.3299999237060547
2,6,10,local_search,reopt_pwldr,196232.2196876515,198176.06927410577,0.04699993133544922,1.3299999237060547
2,7,1,black_box,obj_pwldr,199305.23870247736,199125.50900140143,0.02500009536743164,2.884999990463257
2,7,1,black_box,dr_pwldr,199074.11836795846,198918.49904247432,0.02500009536743164,2.884999990463257
2,7,1,black_box,reopt_pwldr,196181.66975793403,197818.3994991208,0.02500009536743164,2.884999990463257
2,7,1,local_search,obj_pwldr,199305.23870247736,199125.50900140143,0.02500009536743164,0.22900009155273438
2,7,1,local_search,dr_pwldr,199074.11836795846,198918.49904247432,0.02500009536743164,0.22900009155273438
2,7,1,local_search,reopt_pwldr,196181.66975793403,197818.3994991208,0.02500009536743164,0.22900009155273438
2,7,2,black_box,obj_pwldr,200583.31809104054,198983.3009020043,0.04900002479553223,3.4100000858306885
2,7,2,black_box,dr_pwldr,200520.27094103885,198774.08632588733,0.04900002479553223,3.4100000858306885
2,7,2,black_box,reopt_pwldr,203253.80486545927,198127.755796146,0.04900002479553223,3.4100000858306885
2,7,2,local_search,obj_pwldr,200583.31809104054,198983.3009020043,0.04900002479553223,0.2990000247955322
2,7,2,local_search,dr_pwldr,200520.27094103885,198774.08632588733,0.04900002479553223,0.2990000247955322
2,7,2,local_search,reopt_pwldr,203253.80486545927,198127.755796146,0.04900002479553223,0.2990000247955322
2,7,3,black_box,obj_pwldr,199161.13538880815,198978.6001521324,0.03299999237060547,3.9019999504089355
2,7,3,black_box,dr_pwldr,198928.32973880737,198771.5972252453,0.03299999237060547,3.9019999504089355
2,7,3,black_box,reopt_pwldr,196181.66975793403,197863.5647450399,0.03299999237060547,3.9019999504089355
2,7,3,local_search,obj_pwldr,199161.13538880815,198978.6001521324,0.03299999237060547,0.37600016593933105
2,7,3,local_search,dr_pwldr,198928.32973880737,198771.5972252453,0.03299999237060547,0.37600016593933105
2,7,3,local_search,reopt_pwldr,196181.66975793403,197863.5647450399,0.03299999237060547,0.37600016593933105
2,7,4,black_box,obj_pwldr,199351.9488483205,198981.43168198317,0.057000160217285156,4.877000093460083
2,7,4,black_box,dr_pwldr,199203.35213200483,198769.9402209445,0.057000160217285156,4.877000093460083
2,7,4,black_box,reopt_pwldr,200424.95082244917,197827.73786726862,0.057000160217285156,4.877000093460083
2,7,4,local_search,obj_pwldr,199351.9488483205,198981.43168198317,0.057000160217285156,0.43200016021728516
2,7,4,local_search,dr_pwldr,199203.35213200483,198769.9402209445,0.057000160217285156,0.43200016021728516
2,7,4,local_search,reopt_pwldr,200424.95082244917,197827.73786726862,0.057000160217285156,0.43200016021728516
2,7,5,black_box,obj_pwldr,199178.54926797104,198981.13991509823,0.03699994087219238,4.963000059127808
2,7,5,black_box,dr_pwldr,198943.1558878591,198770.66831620806,0.03699994087219238,4.963000059127808
2,7,5,black_box,reopt_pwldr,196181.66975793403,197724.48776550614,0.03699994087219238,4.963000059127808
2,7,5,local_search,obj_pwldr,199178.54926797104,198980.87156715905,0.03699994087219238,0.815000057220459
2,7,5,local_search,dr_pwldr,198943.1558878591,198769.76573911202,0.03699994087219238,0.815000057220459
2,7,5,local_search,reopt_pwldr,196181.66975793403,197902.30080280776,0.03699994087219238,0.815000057220459
2,7,6,black_box,obj_pwldr,199076.63620331328,198978.89416296754,0.03900003433227539,5.63100004196167
2,7,6,black_box,dr_pwldr,198881.4541867433,198768.7709195675,0.03900003433227539,5.63100004196167
2,7,6,black_box,reopt_pwldr,199212.58480401651,197908.71949174278,0.03900003433227539,5.63100004196167
2,7,6,local_search,obj_pwldr,199076.63620331328,198978.89416296754,0.03900003433227539,0.6789999008178711
2,7,6,local_search,dr_pwldr,198881.4541867433,198768.7709195675,0.03900003433227539,0.6789999008178711
2,7,6,local_search,reopt_pwldr,199212.58480401651,197908.71949174278,0.03900003433227539,0.6789999008178711
2,7,7,black_box,obj_pwldr,199163.63536183667,198979.91303242318,0.046000003814697266,5.770999908447266
2,7,7,black_box,dr_pwldr,198928.26865635344,198770.44106970556,0.046000003814697266,5.770999908447266
2,7,7,black_box,reopt_pwldr,196181.66975793403,198018.9815336082,0.046000003814697266,5.770999908447266
2,7,7,local_search,obj_pwldr,199163.63536183667,198978.41734904068,0.046000003814697266,2.5149998664855957
2,7,7,local_search,dr_pwldr,198928.26865635344,198769.8928174516,0.046000003814697266,2.5149998664855957
2,7,7,local_search,reopt_pwldr,196181.66975793403,197977.12956126215,0.046000003814697266,2.5149998664855957
2,7,8,black_box,obj_pwldr,199009.6441474233,198978.43183141403,0.05099987983703613,6.299999952316284
2,7,8,black_box,dr_pwldr,198805.21275225986,198770.4699587014,0.05099987983703613,6.299999952316284
2,7,8,black_box,reopt_pwldr,198539.0481271089,197934.06170033079,0.05099987983703613,6.299999952316284
2,7,8,local_search,obj_pwldr,199009.6441474233,198978.43183141403,0.05099987983703613,0.8889999389648438
2,7,8,local_search,dr_pwldr,198805.21275225986,198770.4699587014,0.05099987983703613,0.8889999389648438
2,7,8,local_search,reopt_pwldr,198539.0481271089,197934.06170033079,0.05099987983703613,0.8889999389648438
2,7,9,black_box,obj_pwldr,199164.60387158126,198979.41788505059,0.04999995231628418,6.931999921798706
2,7,9,black_box,dr_pwldr,198926.946587577,198770.53680924696,0.04999995231628418,6.931999921798706
2,7,9,black_box,reopt_pwldr,196181.66975793405,197807.44876040926,0.04999995231628418,6.931999921798706
2,7,9,local_search,obj_pwldr,199164.60387158126,198978.52092792207,0.04999995231628418,1.939000129699707
2,7,9,local_search,dr_pwldr,198926.946587577,198770.54469512307,0.04999995231628418,1.939000129699707
2,7,9,local_search,reopt_pwldr,196181.66975793405,197805.48950185132,0.04999995231628418,1.939000129699707
2,7,10,black_box,obj_pwldr,198980.33577010132,198977.965293931,0.04700016975402832,7.325000047683716
2,7,10,black_box,dr_pwldr,198771.93260523747,198769.10598310284,0.04700016975402832,7.325000047683716
2,7,10,black_box,reopt_pwldr,198110.433878168,197984.22116935658,0.04700016975402832,7.325000047683716
2,7,10,local_search,obj_pwldr,198980.33577010132,198977.965293931,0.04700016975402832,1.1970000267028809
2,7,10,local_search,dr_pwldr,198771.93260523747,198769.10598310284,0.04700016975402832,1.1970000267028809
2,7,10,local_search,reopt_pwldr,198110.433878168,197984.22116935658,0.04700016975402832,1.1970000267028809
2,8,1,black_box,obj_pwldr,212858.49257878665,212858.49257878665,0.023999929428100586,2.7260000705718994
2,8,1,black_box,dr_pwldr,212882.40143108886,212882.40143108886,0.023999929428100586,2.7260000705718994
2,8,1,black_box,reopt_pwldr,217398.075080512,217398.075080512,0.023999929428100586,2.7260000705718994
2,8,1,local_search,obj_pwldr,212858.49257878665,212858.49257878665,0.023999929428100586,0.22099995613098145
2,8,1,local_search,dr_pwldr,212882.40143108886,212882.40143108886,0.023999929428100586,0.22099995613098145
2,8,1,local_search,reopt_pwldr,217398.075080512,217398.075080512,0.023999929428100586,0.22099995613098145
2,8,2,black_box,obj_pwldr,212858.49257878665,212858.49257878665,0.026999950408935547,3.0350000858306885
2,8,2,black_box,dr_pwldr,212882.40143108886,212882.40143108886,0.026999950408935547,3.0350000858306885
2,8,2,black_box,reopt_pwldr,217398.075080512,217398.075080512,0.026999950408935547,3.0350000858306885
2,8,2,local_search,obj_pwldr,212858.49257878665,212858.49257878665,0.026999950408935547,0.2720000743865967
2,8,2,local_search,dr_pwldr,212882.40143108886,212882.40143108886,0.026999950408935547,0.2720000743865967
2,8,2,local_search,reopt_pwldr,217398.075080512,217398.075080512,0.026999950408935547,0.2720000743865967
2,8,3,black_box,obj_pwldr,212858.49257878665,212858.49257878665,0.039999961853027344,3.248000144958496
2,8,3,black_box,dr_pwldr,212882.40143108886,212882.40143108886,0.039999961853027344,3.248000144958496
2,8,3,black_box,reopt_pwldr,217398.075080512,217398.075080512,0.039999961853027344,3.248000144958496
2,8,3,local_search,obj_pwldr,212858.49257878665,212858.49257878665,0.039999961853027344,0.32000017166137695
2,8,3,local_search,dr_pwldr,212882.40143108886,212882.40143108886,0.039999961853027344,0.32000017166137695
2,8,3,local_search,reopt_pwldr,217398.075080512,217398.075080512,0.039999961853027344,0.32000017166137695
2,8,4,black_box,obj_pwldr,212858.49257878665,212858.49257878665,0.04900002479553223,3.5759999752044678
2,8,4,black_box,dr_pwldr,212882.40143108886,212882.40143108886,0.04900002479553223,3.5759999752044678
2,8,4,black_box,reopt_pwldr,217398.075080512,217398.075080512,0.04900002479553223,3.5759999752044678
2,8,4,local_search,obj_pwldr,212858.49257878665,212858.49257878665,0.04900002479553223,0.39800000190734863
2,8,4,local_search,dr_pwldr,212882.40143108886,212882.40143108886,0.04900002479553223,0.39800000190734863
2,8,4,local_search,reopt_pwldr,217398.075080512,217398.075080512,0.04900002479553223,0.39800000190734863
2,8,5,black_box,obj_pwldr,212858.49257878665,212858.49257878665,0.042999982833862305,3.8889999389648438
2,8,5,black_box,dr_pwldr,212882.40143108886,212882.40143108886,0.042999982833862305,3.8889999389648438
2,8,5,black_box,reopt_pwldr,217398.075080512,217398.075080512,0.042999982833862305,3.8889999389648438
2,8,5,local_search,obj_pwldr,212858.49257878665,212858.49257878665,0.042999982833862305,0.42799997329711914
2,8,5,local_search,dr_pwldr,212882.40143108886,212882.40143108886,0.042999982833862305,0.42799997329711914
2,8,5,local_search,reopt_pwldr,217398.075080512,217398.075080512,0.042999982833862305,0.42799997329711914
2,8,6,black_box,obj_pwldr,212858.49257878665,212858.49257878665,0.03699994087219238,4.608000040054321
2,8,6,black_box,dr_pwldr,212882.40143108886,212882.40143108886,0.03699994087219238,4.608000040054321
2,8,6,black_box,reopt_pwldr,217398.075080512,217398.075080512,0.03699994087219238,4.608000040054321
2,8,6,local_search,obj_pwldr,212858.49257878665,212858.49257878665,0.03699994087219238,0.5310001373291016
2,8,6,local_search,dr_pwldr,212882.40143108886,212882.40143108886,0.03699994087219238,0.5310001373291016
2,8,6,local_search,reopt_pwldr,217398.075080512,217398.075080512,0.03699994087219238,0.5310001373291016
2,8,7,black_box,obj_pwldr,212858.49257878665,212858.49257878665,0.04199981689453125,5.016999959945679
2,8,7,black_box,dr_pwldr,212882.40143108886,212882.40143108886,0.04199981689453125,5.016999959945679
2,8,7,black_box,reopt_pwldr,217398.075080512,217398.075080512,0.04199981689453125,5.016999959945679
2,8,7,local_search,obj_pwldr,212858.49257878665,212858.49257878665,0.04199981689453125,0.624000072479248
2,8,7,local_search,dr_pwldr,212882.40143108886,212882.40143108886,0.04199981689453125,0.624000072479248
2,8,7,local_search,reopt_pwldr,217398.075080512,217398.075080512,0.04199981689453125,0.624000072479248
2,8,8,black_box,obj_pwldr,212858.49257878665,212858.49257878665,0.04999995231628418,5.062000036239624
2,8,8,black_box,dr_pwldr,212882.40143108886,212882.40143108886,0.04999995231628418,5.062000036239624
2,8,8,black_box,reopt_pwldr,217398.075080512,217398.075080512,0.04999995231628418,5.062000036239624
2,8,8,local_search,obj_pwldr,212858.49257878665,212858.49257878665,0.04999995231628418,0.7049999237060547
2,8,8,local_search,dr_pwldr,212882.40143108886,212882.40143108886,0.04999995231628418,0.7049999237060547
2,8,8,local_search,reopt_pwldr,217398.075080512,217398.075080512,0.04999995231628418,0.7049999237060547
2,8,9,black_box,obj_pwldr,212858.49257878665,212858.49257878665,0.04700016975402832,5.433000087738037
2,8,9,black_box,dr_pwldr,212882.40143108886,212882.40143108886,0.04700016975402832,5.433000087738037
2,8,9,black_box,reopt_pwldr,217398.075080512,217398.075080512,0.04700016975402832,5.433000087738037
2,8,9,local_search,obj_pwldr,212858.49257878665,212858.49257878665,0.04700016975402832,0.8310000896453857
2,8,9,local_search,dr_pwldr,212882.40143108886,212882.40143108886,0.04700016975402832,0.8310000896453857
2,8,9,local_search,reopt_pwldr,217398.075080512,217398.075080512,0.04700016975402832,0.8310000896453857
2,8,10,black_box,obj_pwldr,212858.49257878665,212858.49257878665,0.05299997329711914,5.825999975204468
2,8,10,black_box,dr_pwldr,212882.40143108886,212882.40143108886,0.05299997329711914,5.825999975204468
2,8,10,black_box,reopt_pwldr,217398.075080512,217398.075080512,0.05299997329711914,5.825999975204468
2,8,10,local_search,obj_pwldr,212858.49257878665,212858.49257878665,0.05299997329711914,0.937999963760376
2,8,10,local_search,dr_pwldr,212882.40143108886,212882.40143108886,0.05299997329711914,0.937999963760376
2,8,10,local_search,reopt_pwldr,217398.075080512,217398.075080512,0.05299997329711914,0.937999963760376
2,9,1,black_box,obj_pwldr,212853.97004938583,212851.93644122357,0.032000064849853516,2.879999876022339
2,9,1,black_box,dr_pwldr,212882.40143108886,212882.40143108886,0.032000064849853516,2.879999876022339
2,9,1,black_box,reopt_pwldr,217398.075080512,217398.075080512,0.032000064849853516,2.879999876022339
2,9,1,local_search,obj_pwldr,212853.97004938583,212851.93644122357,0.032000064849853516,0.23600006103515625
2,9,1,local_search,dr_pwldr,212882.40143108886,212882.40143108886,0.032000064849853516,0.23600006103515625
2,9,1,local_search,reopt_pwldr,217398.075080512,217398.075080512,0.032000064849853516,0.23600006103515625
2,9,2,black_box,obj_pwldr,212854.04339505904,212851.50067217983,0.046000003814697266,3.327000141143799
2,9,2,black_box,dr_pwldr,212882.40143108886,212882.40143108886,0.046000003814697266,3.327000141143799
2,9,2,black_box,reopt_pwldr,217398.075080512,217398.075080512,0.046000003814697266,3.327000141143799
2,9,2,local_search,obj_pwldr,212854.04339505904,212851.50067217983,0.046000003814697266,0.2980000972747803
2,9,2,local_search,dr_pwldr,212882.40143108886,212882.40143108886,0.046000003814697266,0.2980000972747803
2,9,2,local_search,reopt_pwldr,217398.075080512,217398.075080512,0.046000003814697266,0.2980000972747803
2,9,3,black_box,obj_pwldr,212853.3898438215,212851.60180009992,0.04500007629394531,3.8010001182556152
2,9,3,black_box,dr_pwldr,212882.40143108886,212882.40143108886,0.04500007629394531,3.8010001182556152
2,9,3,black_box,reopt_pwldr,217398.075080512,217398.075080512,0.04500007629394531,3.8010001182556152
2,9,3,local_search,obj_pwldr,212853.3898438215,212851.60180009992,0.04500007629394531,0.36999988555908203
2,9,3,local_search,dr_pwldr,212882.40143108886,212882.40143108886,0.04500007629394531,0.36999988555908203
2,9,3,local_search,reopt_pwldr,217398.075080512,217398.075080512,0.04500007629394531,0.36999988555908203
2,9,4,black_box,obj_pwldr,212854.8479272895,212851.61391486943,0.0409998893737793,4.259000062942505
2,9,4,black_box,dr_pwldr,212882.40143108886,212882.40143108886,0.0409998893737793,4.259000062942505
2,9,4,black_box,reopt_pwldr,217398.075080512,217398.075080512,0.0409998893737793,4.259000062942505
2,9,4,local_search,obj_pwldr,212854.8479272895,212850.8792457775,0.0409998893737793,1.0829999446868896
2,9,4,local_search,dr_pwldr,212882.40143108886,212882.40143108886,0.0409998893737793,1.0829999446868896
2,9,4,local_search,reopt_pwldr,217398.075080512,217398.075080512,0.0409998893737793,1.0829999446868896
2,9,5,black_box,obj_pwldr,212855.8738218265,212851.93855879598,0.03600001335144043,4.702999830245972
2,9,5,black_box,dr_pwldr,212882.40143108886,212882.40143108886,0.03600001335144043,4.702999830245972
2,9,5,black_box,reopt_pwldr,217398.075080512,217398.075080512,0.03600001335144043,4.702999830245972
2,9,5,local_search,obj_pwldr,212855.8738218265,212851.50023011395,0.03600001335144043,0.8459999561309814
2,9,5,local_search,dr_pwldr,212882.40143108886,212882.40143108886,0.03600001335144043,0.8459999561309814
2,9,5,local_search,reopt_pwldr,217398.075080512,217398.075080512,0.03600001335144043,0.8459999561309814
2,9,6,black_box,obj_pwldr,212854.8979721975,212852.0457842873,0.04200005531311035,5.167999982833862
2,9,6,black_box,dr_pwldr,212882.40143108886,212882.40143108886,0.04200005531311035,5.167999982833862
2,9,6,black_box,reopt_pwldr,217398.075080512,217398.075080512,0.04200005531311035,5.167999982833862
2,9,6,local_search,obj_pwldr,212854.8979721975,212852.0457842873,0.04200005531311035,0.6629998683929443
2,9,6,local_search,dr_pwldr,212882.40143108886,212882.40143108886,0.04200005531311035,0.6629998683929443
2,9,6,local_search,reopt_pwldr,217398.075080512,217398.075080512,0.04200005531311035,0.6629998683929443
2,9,7,black_box,obj_pwldr,212854.2955249522,212852.38573725344,0.04399991035461426,5.943999767303467
2,9,7,black_box,dr_pwldr,212882.40143108886,212882.40143108886,0.04399991035461426,5.943999767303467
2,9,7,black_box,reopt_pwldr,217398.075080512,217398.075080512,0.04399991035461426,5.943999767303467
2,9,7,local_search,obj_pwldr,212854.2955249522,212852.38573725344,0.04399991035461426,0.7770001888275146
2,9,7,local_search,dr_pwldr,212882.40143108886,212882.40143108886,0.04399991035461426,0.7770001888275146
2,9,7,local_search,reopt_pwldr,217398.075080512,217398.075080512,0.04399991035461426,0.7770001888275146
2,9,8,black_box,obj_pwldr,212854.2812376271,212852.4264393546,0.06099987030029297,6.7220001220703125
2,9,8,black_box,dr_pwldr,212882.40143108886,212882.40143108886,0.06099987030029297,6.7220001220703125
2,9,8,black_box,reopt_pwldr,217398.075080512,217398.075080512,0.06099987030029297,6.7220001220703125
2,9,8,local_search,obj_pwldr,212854.2812376271,212852.4264393546,0.06099987030029297,0.9179999828338623
2,9,8,local_search,dr_pwldr,212882.40143108886,212882.40143108886,0.06099987030029297,0.9179999828338623
2,9,8,local_search,reopt_pwldr,217398.075080512,217398.075080512,0.06099987030029297,0.9179999828338623
2,9,9,black_box,obj_pwldr,212855.45887421138,212852.4965922953,0.06399989128112793,6.789999961853027
2,9,9,black_box,dr_pwldr,212882.40143108886,212882.40143108886,0.06399989128112793,6.789999961853027
2,9,9,black_box,reopt_pwldr,217398.075080512,217398.075080512,0.06399989128112793,6.789999961853027
2,9,9,local_search,obj_pwldr,212855.45887421138,212852.19994718218,0.06399989128112793,3.1540000438690186
2,9,9,local_search,dr_pwldr,212882.40143108886,212882.40143108886,0.06399989128112793,3.1540000438690186
2,9,9,local_search,reopt_pwldr,217398.075080512,217398.075080512,0.06399989128112793,3.1540000438690186
2,9,10,black_box,obj_pwldr,212855.02433913283,212852.1077604633,0.046000003814697266,7.440000057220459
2,9,10,black_box,dr_pwldr,212882.40143108886,212882.40143108886,0.046000003814697266,7.440000057220459
2,9,10,black_box,reopt_pwldr,217398.075080512,217398.075080512,0.046000003814697266,7.440000057220459
2,9,10,local_search,obj_pwldr,212855.02433913283,212852.1077604633,0.046000003814697266,1.2360000610351562
2,9,10,local_search,dr_pwldr,212882.40143108886,212882.40143108886,0.046000003814697266,1.2360000610351562
2,9,10,local_search,reopt_pwldr,217398.075080512,217398.075080512,0.046000003814697266,1.2360000610351562
2,10,1,black_box,obj_pwldr,201622.9996440562,201297.8331532008,0.02500009536743164,2.8400001525878906
2,10,1,black_box,dr_pwldr,201847.008641991,201503.61366701117,0.02500009536743164,2.8400001525878906
2,10,1,black_box,reopt_pwldr,192574.28634739868,196101.45854657635,0.02500009536743164,2.8400001525878906
2,10,1,local_search,obj_pwldr,201622.9996440562,201297.8331532008,0.02500009536743164,0.2369999885559082
2,10,1,local_search,dr_pwldr,201847.008641991,201503.61366701117,0.02500009536743164,0.2369999885559082
2,10,1,local_search,reopt_pwldr,192574.28634739868,196101.45854657635,0.02500009536743164,0.2369999885559082
2,10,2,black_box,obj_pwldr,201947.2136917856,201295.79124883207,0.03600001335144043,3.296999931335449
2,10,2,black_box,dr_pwldr,202092.46985152664,201503.567296425,0.03600001335144043,3.296999931335449
2,10,2,black_box,reopt_pwldr,200847.877572274,195849.23399531865,0.03600001335144043,3.296999931335449
2,10,2,local_search,obj_pwldr,201947.2136917856,201295.79124883207,0.03600001335144043,0.2990000247955322
2,10,2,local_search,dr_pwldr,202092.46985152664,201503.567296425,0.03600001335144043,0.2990000247955322
2,10,2,local_search,reopt_pwldr,200847.877572274,195849.23399531865,0.03600001335144043,0.2990000247955322
2,10,3,black_box,obj_pwldr,201623.2079126395,201296.33091704195,0.04500007629394531,3.743000030517578
2,10,3,black_box,dr_pwldr,201847.008641991,201503.31715603723,0.04500007629394531,3.743000030517578
2,10,3,black_box,reopt_pwldr,192574.28634739868,195947.03410146313,0.04500007629394531,3.743000030517578
2,10,3,local_search,obj_pwldr,201623.2079126395,201296.33091704195,0.04500007629394531,0.36700010299682617
2,10,3,local_search,dr_pwldr,201847.008641991,201503.31715603723,0.04500007629394531,0.36700010299682617
2,10,3,local_search,reopt_pwldr,192574.28634739868,195947.03410146313,0.04500007629394531,0.36700010299682617
2,10,4,black_box,obj_pwldr,201365.5416686277,201297.99626558376,0.04900002479553223,4.127999782562256
2,10,4,black_box,dr_pwldr,201553.47326811595,201503.46308699631,0.04900002479553223,4.127999782562256
2,10,4,black_box,reopt_pwldr,197537.83807062625,195876.09435319513,0.04900002479553223,4.127999782562256
2,10,4,local_search,obj_pwldr,201365.5416686277,201297.99626558376,0.04900002479553223,0.43000006675720215
2,10,4,local_search,dr_pwldr,201553.47326811595,201503.46308699631,0.04900002479553223,0.43000006675720215
2,10,4,local_search,reopt_pwldr,197537.83807062625,195876.09435319513,0.04900002479553223,0.43000006675720215
2,10,5,black_box,obj_pwldr,201623.3502212189,201298.35612920814,0.03800010681152344,4.759000062942505
2,10,5,black_box,dr_pwldr,201847.008641991,201503.28201295692,0.03800010681152344,4.759000062942505
2,10,5,black_box,reopt_pwldr,192574.28634739868,195978.5184570934,0.03800010681152344,4.759000062942505
2,10,5,local_search,obj_pwldr,201623.3502212189,201298.35612920814,0.03800010681152344,0.5329999923706055
2,10,5,local_search,dr_pwldr,201847.008641991,201503.28201295692,0.03800010681152344,0.5329999923706055
2,10,5,local_search,reopt_pwldr,192574.28634739868,195978.5184570934,0.03800010681152344,0.5329999923706055
2,10,6,black_box,obj_pwldr,201299.82348795643,201296.66384390846,0.04400014877319336,5.111999988555908
2,10,6,black_box,dr_pwldr,201503.71297773547,201503.28804297044,0.04400014877319336,5.111999988555908
2,10,6,black_box,reopt_pwldr,196119.24971277732,195973.11622443865,0.04400014877319336,5.111999988555908
2,10,6,local_search,obj_pwldr,201299.82348795643,201296.66384390846,0.04400014877319336,0.625
2,10,6,local_search,dr_pwldr,201503.71297773547,201503.28804297044,0.04400014877319336,0.625
2,10,6,local_search,reopt_pwldr,196119.24971277732,195973.11622443865,0.04400014877319336,0.625
2,10,7,black_box,obj_pwldr,201514.58483579036,201297.41726348517,0.042999982833862305,5.70799994468689
2,10,7,black_box,dr_pwldr,201680.42559672872,201503.2944236063,0.042999982833862305,5.70799994468689
2,10,7,black_box,reopt_pwldr,198779.1028837442,195967.39987312834,0.042999982833862305,5.70799994468689
2,10,7,local_search,obj_pwldr,201514.58483579036,201297.41726348517,0.042999982833862305,0.7829999923706055
2,10,7,local_search,dr_pwldr,201680.42559672872,201503.2944236063,0.042999982833862305,0.7829999923706055
2,10,7,local_search,reopt_pwldr,198779.1028837442,195967.39987312834,0.042999982833862305,0.7829999923706055
2,10,8,black_box,obj_pwldr,201309.6798863858,201298.10974544316,0.05500006675720215,6.286999940872192
2,10,8,black_box,dr_pwldr,201514.2755468289,201503.31295479985,0.05500006675720215,6.286999940872192
2,10,8,black_box,reopt_pwldr,195331.14506952793,195950.79795055193,0.05500006675720215,6.286999940872192
2,10,8,local_search,obj_pwldr,201309.6798863858,201298.10974544316,0.05500006675720215,0.8640000820159912
2,10,8,local_search,dr_pwldr,201514.2755468289,201503.31295479985,0.05500006675720215,0.8640000820159912
2,10,8,local_search,reopt_pwldr,195331.14506952793,195950.79795055193,0.05500006675720215,0.8640000820159912
2,10,9,black_box,obj_pwldr,201365.3016030744,201297.17752897696,0.04800009727478027,6.45199990272522
2,10,9,black_box,dr_pwldr,201553.47326811595,201503.2679843239,0.04800009727478027,6.45199990272522
2,10,9,black_box,reopt_pwldr,197537.83807062625,195991.0865778576,0.04800009727478027,6.45199990272522
2,10,9,local_search,obj_pwldr,201365.3016030744,201297.17752897696,0.04800009727478027,0.9609999656677246
2,10,9,local_search,dr_pwldr,201553.47326811595,201503.2679843239,0.04800009727478027,0.9609999656677246
2,10,9,local_search,reopt_pwldr,197537.83807062625,195991.0865778576,0.04800009727478027,0.9609999656677246
2,10,10,black_box,obj_pwldr,201334.53386337086,201297.29783063618,0.06200003623962402,6.940999984741211
2,10,10,black_box,dr_pwldr,201540.32318882254,201503.64522172397,0.06200003623962402,6.940999984741211
2,10,10,black_box,reopt_pwldr,194829.6239329146,196107.9752540957,0.06200003623962402,6.940999984741211
2,10,10,local_search,obj_pwldr,201334.53386337086,201296.60670504035,0.06200003623962402,2.8329999446868896
2,10,10,local_search,dr_pwldr,201540.32318882254,201503.37144021882,0.06200003623962402,2.8329999446868896
2,10,10,local_search,reopt_pwldr,194829.6239329146,195912.65323733955,0.06200003623962402,2.8329999446868896
2,11,1,black_box,obj_pwldr,212858.49257878665,212858.49257878665,0.03699994087219238,2.8509998321533203
2,11,1,black_box,dr_pwldr,212882.40143108886,212882.40143108886,0.03699994087219238,2.8509998321533203
2,11,1,black_box,reopt_pwldr,217398.075080512,217398.075080512,0.03699994087219238,2.8509998321533203
2,11,1,local_search,obj_pwldr,212858.49257878665,212858.49257878665,0.03699994087219238,0.26600003242492676
2,11,1,local_search,dr_pwldr,212882.40143108886,212882.40143108886,0.03699994087219238,0.26600003242492676
2,11,1,local_search,reopt_pwldr,217398.075080512,217398.075080512,0.03699994087219238,0.26600003242492676
2,11,2,black_box,obj_pwldr,212858.49257878665,212858.49257878665,0.02500009536743164,3.3269999027252197
2,11,2,black_box,dr_pwldr,212882.40143108886,212882.40143108886,0.02500009536743164,3.3269999027252197
2,11,2,black_box,reopt_pwldr,217398.075080512,217398.075080512,0.02500009536743164,3.3269999027252197
2,11,2,local_search,obj_pwldr,212858.49257878665,212858.49257878665,0.02500009536743164,0.28800010681152344
2,11,2,local_search,dr_pwldr,212882.40143108886,212882.40143108886,0.02500009536743164,0.28800010681152344
2,11,2,local_search,reopt_pwldr,217398.075080512,217398.075080512,0.02500009536743164,0.28800010681152344
2,11,3,black_box,obj_pwldr,212858.49257878665,212858.29343116935,0.042999982833862305,3.8570001125335693
2,11,3,black_box,dr_pwldr,212882.40143108886,212882.40143108892,0.042999982833862305,3.8570001125335693
2,11,3,black_box,reopt_pwldr,217398.075080512,217398.07508051212,0.042999982833862305,3.8570001125335693
2,11,3,local_search,obj_pwldr,212858.49257878665,212858.2235292541,0.042999982833862305,0.6029999256134033
2,11,3,local_search,dr_pwldr,212882.40143108886,212882.40143108886,0.042999982833862305,0.6029999256134033
2,11,3,local_search,reopt_pwldr,217398.075080512,217398.075080512,0.042999982833862305,0.6029999256134033
2,11,4,black_box,obj_pwldr,212858.49257878665,212858.40737030018,0.032000064849853516,4.2179999351501465
2,11,4,black_box,dr_pwldr,212882.40143108886,212882.40143108886,0.032000064849853516,4.2179999351501465
2,11,4,black_box,reopt_pwldr,217398.075080512,217398.075080512,0.032000064849853516,4.2179999351501465
2,11,4,local_search,obj_pwldr,212858.49257878665,212858.40737030018,0.032000064849853516,0.4330000877380371
2,11,4,local_search,dr_pwldr,212882.40143108886,212882.40143108886,0.032000064849853516,0.4330000877380371
2,11,4,local_search,reopt_pwldr,217398.075080512,217398.075080512,0.032000064849853516,0.4330000877380371
2,11,5,black_box,obj_pwldr,212858.49257878665,212858.15484494914,0.03900003433227539,4.733000040054321
2,11,5,black_box,dr_pwldr,212882.40143108886,212882.40143108886,0.03900003433227539,4.733000040054321
2,11,5,black_box,reopt_pwldr,217398.075080512,217398.075080512,0.03900003433227539,4.733000040054321
2,11,5,local_search,obj_pwldr,212858.49257878665,212858.15484494914,0.03900003433227539,0.5419998168945312
2,11,5,local_search,dr_pwldr,212882.40143108886,212882.40143108886,0.03900003433227539,0.5419998168945312
2,11,5,local_search,reopt_pwldr,217398.075080512,217398.075080512,0.03900003433227539,0.5419998168945312
2,11,6,black_box,obj_pwldr,212858.49257878665,212858.49257878665,0.04500007629394531,5.252000093460083
2,11,6,black_box,dr_pwldr,212882.40143108886,212882.40143108886,0.04500007629394531,5.252000093460083
2,11,6,black_box,reopt_pwldr,217398.075080512,217398.075080512,0.04500007629394531,5.252000093460083
2,11,6,local_search,obj_pwldr,212858.49257878665,212858.49257878665,0.04500007629394531,1.2549998760223389
2,11,6,local_search,dr_pwldr,212882.40143108886,212882.40143108886,0.04500007629394531,1.2549998760223389
2,11,6,local_search,reopt_pwldr,217398.075080512,217398.075080512,0.04500007629394531,1.2549998760223389
2,11,7,black_box,obj_pwldr,212858.49257878665,212858.31800760934,0.04900002479553223,5.815999984741211
2,11,7,black_box,dr_pwldr,212882.40143108886,212882.40143108886,0.04900002479553223,5.815999984741211
2,11,7,black_box,reopt_pwldr,217398.075080512,217398.075080512,0.04900002479553223,5.815999984741211
2,11,7,local_search,obj_pwldr,212858.49257878665,212858.2126187738,0.04900002479553223,3.2330000400543213
2,11,7,local_search,dr_pwldr,212882.40143108886,212882.40143108886,0.04900002479553223,3.2330000400543213
2,11,7,local_search,reopt_pwldr,217398.075080512,217398.075080512,0.04900002479553223,3.2330000400543213
2,11,8,black_box,obj_pwldr,212858.49257878665,212858.3991855153,0.06100010871887207,6.694000005722046
2,11,8,black_box,dr_pwldr,212882.40143108886,212882.40143108886,0.06100010871887207,6.694000005722046
2,11,8,black_box,reopt_pwldr,217398.075080512,217398.075080512,0.06100010871887207,6.694000005722046
2,11,8,local_search,obj_pwldr,212858.49257878665,212858.3991855153,0.06100010871887207,0.8810000419616699
2,11,8,local_search,dr_pwldr,212882.40143108886,212882.40143108886,0.06100010871887207,0.8810000419616699
2,11,8,local_search,reopt_pwldr,217398.075080512,217398.075080512,0.06100010871887207,0.8810000419616699
2,11,9,black_box,obj_pwldr,212858.49257878665,212858.44704680238,0.05200004577636719,6.860000133514404
2,11,9,black_box,dr_pwldr,212882.40143108886,212882.40143108886,0.05200004577636719,6.860000133514404
2,11,9,black_box,reopt_pwldr,217398.075080512,217398.075080512,0.05200004577636719,6.860000133514404
2,11,9,local_search,obj_pwldr,212858.49257878665,212858.4346403703,0.05200004577636719,1.9490001201629639
2,11,9,local_search,dr_pwldr,212882.40143108886,212882.40143108874,0.05200004577636719,1.9490001201629639
2,11,9,local_search,reopt_pwldr,217398.075080512,217398.0750805117,0.05200004577636719,1.9490001201629639
2,11,10,black_box,obj_pwldr,212858.49257878665,212858.15976991056,0.06099987030029297,7.432000160217285
2,11,10,black_box,dr_pwldr,212882.40143108886,212882.40143108886,0.06099987030029297,7.432000160217285
2,11,10,black_box,reopt_pwldr,217398.075080512,217398.075080512,0.06099987030029297,7.432000160217285
2,11,10,local_search,obj_pwldr,212858.49257878665,212858.15976991056,0.06099987030029297,1.1430001258850098
2,11,10,local_search,dr_pwldr,212882.40143108886,212882.40143108886,0.06099987030029297,1.1430001258850098
2,11,10,local_search,reopt_pwldr,217398.075080512,217398.075080512,0.06099987030029297,1.1430001258850098
2,12,1,black_box,obj_pwldr,203661.57313931375,202644.1698874296,0.04800009727478027,4.7769999504089355
2,12,1,black_box,dr_pwldr,203981.3941960614,202897.95759249886,0.04800009727478027,4.7769999504089355
2,12,1,black_box,reopt_pwldr,194114.7830279648,201328.31016535935,0.04800009727478027,4.7769999504089355
2,12,1,local_search,obj_pwldr,203661.57313931375,202644.1698874296,0.04800009727478027,0.247999906539917
2,12,1,local_search,dr_pwldr,203981.3941960614,202897.95759249886,0.04800009727478027,0.247999906539917
2,12,1,local_search,reopt_pwldr,194114.7830279648,201328.31016535935,0.04800009727478027,0.247999906539917
2,12,2,black_box,obj_pwldr,202652.44982391762,202592.9704259502,0.07899999618530273,12.196000099182129
2,12,2,black_box,dr_pwldr,202895.7192700227,202860.61867463126,0.07899999618530273,12.196000099182129
2,12,2,black_box,reopt_pwldr,201875.88037881412,200193.3449670094,0.07899999618530273,12.196000099182129
2,12,2,local_search,obj_pwldr,202652.44982391762,202554.88203205005,0.07899999618530273,2.6469998359680176
2,12,2,local_search,dr_pwldr,202895.7192700227,202806.59888287078,0.07899999618530273,2.6469998359680176
2,12,2,local_search,reopt_pwldr,201875.88037881412,201285.42461001023,0.07899999618530273,2.6469998359680176
2,12,3,black_box,obj_pwldr,203405.38855342678,202546.5241223994,0.1119999885559082,20.867000102996826
2,12,3,black_box,dr_pwldr,203516.15109972892,202802.8642369535,0.1119999885559082,20.867000102996826
2,12,3,black_box,reopt_pwldr,205756.42905423822,201085.7515800056,0.1119999885559082,20.867000102996826
2,12,3,local_search,obj_pwldr,203405.38855342678,202545.1620841479,0.1119999885559082,2.2179999351501465
2,12,3,local_search,dr_pwldr,203516.15109972892,202793.39924895435,0.1119999885559082,2.2179999351501465
2,12,3,local_search,reopt_pwldr,205756.42905423822,201483.6131287981,0.1119999885559082,2.2179999351501465
2,12,4,black_box,obj_pwldr,202731.66008159303,202546.05496471247,0.16900014877319336,31.377000093460083
2,12,4,black_box,dr_pwldr,203015.79847006878,202802.02863476804,0.16900014877319336,31.377000093460083
2,12,4,black_box,reopt_pwldr,198771.44143847402,201144.57978983654,0.16900014877319336,31.377000093460083
2,12,4,local_search,obj_pwldr,202731.66008159303,202542.78718174464,0.16900014877319336,5.103999853134155
2,12,4,local_search,dr_pwldr,203015.79847006878,202793.33968054198,0.16900014877319336,5.103999853134155
2,12,4,local_search,reopt_pwldr,198771.44143847402,201463.27577592817,0.16900014877319336,5.103999853134155
2,12,5,black_box,obj_pwldr,202551.19740183005,202541.44969430755,0.21300005912780762,41.93499994277954
2,12,5,black_box,dr_pwldr,202793.00890032778,202794.23193488875,0.21300005912780762,41.93499994277954
2,12,5,black_box,reopt_pwldr,201875.88037881412,201354.0536804608,0.21300005912780762,41.93499994277954
2,12,5,local_search,obj_pwldr,202551.19740183005,202541.44969430755,0.21300005912780762,4.41700005531311
2,12,5,local_search,dr_pwldr,202793.00890032778,202794.23193488875,0.21300005912780762,4.41700005531311
2,12,5,local_search,reopt_pwldr,201875.88037881412,201354.0536804608,0.21300005912780762,4.41700005531311
2,12,6,black_box,obj_pwldr,202831.83125956397,202542.6520892326,0.24500012397766113,53.46600008010864
2,12,6,black_box,dr_pwldr,203014.03981859266,202800.36883295645,0.24500012397766113,53.46600008010864
2,12,6,black_box,reopt_pwldr,204093.33676477073,201174.79179650897,0.24500012397766113,53.46600008010864
2,12,6,local_search,obj_pwldr,202831.83125956397,202540.7400292776,0.24500012397766113,11.40500020980835
2,12,6,local_search,dr_pwldr,203014.03981859266,202794.08064265441,0.24500012397766113,11.40500020980835
2,12,6,local_search,reopt_pwldr,204093.33676477073,201403.28874417092,0.24500012397766113,11.40500020980835
2,12,7,black_box,obj_pwldr,202615.1853340091,202540.01691218218,0.3769998550415039,63.93499994277954
2,12,7,black_box,dr_pwldr,202889.53907620892,202794.01304391562,0.3769998550415039,63.93499994277954
2,12,7,black_box,reopt_pwldr,199935.6060411018,201369.69951174568,0.3769998550415039,63.93499994277954
2,12,7,local_search,obj_pwldr,202615.1853340091,202540.01691218218,0.3769998550415039,8.937999963760376
2,12,7,local_search,dr_pwldr,202889.53907620892,202794.01304391562,0.3769998550415039,8.937999963760376
2,12,7,local_search,reopt_pwldr,199935.6060411018,201369.69951174568,0.3769998550415039,8.937999963760376
2,12,8,black_box,obj_pwldr,202562.0840735157,202540.98426429072,0.42100000381469727,73.7649998664856
2,12,8,black_box,dr_pwldr,202808.0270488676,202795.15255191215,0.42100000381469727,73.7649998664856
2,12,8,black_box,reopt_pwldr,201875.88037881412,201319.7143787928,0.42100000381469727,73.7649998664856
2,12,8,local_search,obj_pwldr,202562.0840735157,202540.98426429046,0.42100000381469727,21.25100016593933
2,12,8,local_search,dr_pwldr,202808.0270488676,202795.1525519119,0.42100000381469727,21.25100016593933
2,12,8,local_search,reopt_pwldr,201875.88037881412,201319.71437879265,0.42100000381469727,21.25100016593933
2,12,9,black_box,obj_pwldr,202706.63857248178,202539.95378186562,0.44700002670288086,85.25399994850159
2,12,9,black_box,dr_pwldr,202913.87821866892,202795.53670869482,0.44700002670288086,85.25399994850159
2,12,9,black_box,reopt_pwldr,203428.09984898343,201300.63133958317,0.44700002670288086,85.25399994850159
2,12,9,local_search,obj_pwldr,202706.63857248178,202539.95378186557,0.44700002670288086,25.795000076293945
2,12,9,local_search,dr_pwldr,202913.87821866892,202795.5367086948,0.44700002670288086,25.795000076293945
2,12,9,local_search,reopt_pwldr,203428.09984898343,201300.63133958314,0.44700002670288086,25.795000076293945
2,12,10,black_box,obj_pwldr,202565.88893998295,202538.13933499448,0.5099999904632568,96.09999990463257
2,12,10,black_box,dr_pwldr,202833.5809001156,202796.95618893372,0.5099999904632568,96.09999990463257
2,12,10,black_box,reopt_pwldr,200464.77176956824,201289.99474109287,0.5099999904632568,96.09999990463257
2,12,10,local_search,obj_pwldr,202565.88893998295,202534.59282543883,0.5099999904632568,48.36899995803833
2,12,10,local_search,dr_pwldr,202833.5809001156,202792.65601740705,0.5099999904632568,48.36899995803833
2,12,10,local_search,reopt_pwldr,200464.77176956824,201432.47374870954,0.5099999904632568,48.36899995803833
3,1,1,black_box,obj_pwldr,219585.95749569414,219585.95749569414,0.029000043869018555,2.8399999141693115
3,1,1,black_box,dr_pwldr,219585.7001618469,219585.7001618469,0.029000043869018555,2.8399999141693115
3,1,1,black_box,reopt_pwldr,224069.37756396038,224069.37756396038,0.029000043869018555,2.8399999141693115
3,1,1,local_search,obj_pwldr,219585.95749569414,219585.95749569414,0.029000043869018555,0.21000003814697266
3,1,1,local_search,dr_pwldr,219585.7001618469,219585.7001618469,0.029000043869018555,0.21000003814697266
3,1,1,local_search,reopt_pwldr,224069.37756396038,224069.37756396038,0.029000043869018555,0.21000003814697266
3,1,2,black_box,obj_pwldr,219585.95749569414,219585.95749569414,0.031000137329101562,3.2839999198913574
3,1,2,black_box,dr_pwldr,219585.7001618469,219585.7001618469,0.031000137329101562,3.2839999198913574
3,1,2,black_box,reopt_pwldr,224069.37756396038,224069.37756396038,0.031000137329101562,3.2839999198913574
3,1,2,local_search,obj_pwldr,219585.95749569414,219585.95749569414,0.031000137329101562,0.3020000457763672
3,1,2,local_search,dr_pwldr,219585.7001618469,219585.7001618469,0.031000137329101562,0.3020000457763672
3,1,2,local_search,reopt_pwldr,224069.37756396038,224069.37756396038,0.031000137329101562,0.3020000457763672
3,1,3,black_box,obj_pwldr,219585.95749569414,219585.7718561585,0.04500007629394531,3.8910000324249268
3,1,3,black_box,dr_pwldr,219585.7001618469,219585.7001618469,0.04500007629394531,3.8910000324249268
3,1,3,black_box,reopt_pwldr,224069.37756396038,224069.37756396038,0.04500007629394531,3.8910000324249268
3,1,3,local_search,obj_pwldr,219585.95749569414,219585.7718561585,0.04500007629394531,0.3540000915527344
3,1,3,local_search,dr_pwldr,219585.7001618469,219585.7001618469,0.04500007629394531,0.3540000915527344
3,1,3,local_search,reopt_pwldr,224069.37756396038,224069.37756396038,0.04500007629394531,0.3540000915527344
3,1,4,black_box,obj_pwldr,219585.95749569414,219585.88804084426,0.042999982833862305,4.363999843597412
3,1,4,black_box,dr_pwldr,219585.7001618469,219585.7001618469,0.042999982833862305,4.363999843597412
3,1,4,black_box,reopt_pwldr,224069.37756396038,224069.37756396038,0.042999982833862305,4.363999843597412
3,1,4,local_search,obj_pwldr,219585.95749569414,219585.88804084426,0.042999982833862305,0.4099998474121094
3,1,4,local_search,dr_pwldr,219585.7001618469,219585.7001618469,0.042999982833862305,0.4099998474121094
3,1,4,local_search,reopt_pwldr,224069.37756396038,224069.37756396038,0.042999982833862305,0.4099998474121094
3,1,5,black_box,obj_pwldr,219585.95749569414,219585.95749569414,0.042999982833862305,4.7779998779296875
3,1,5,black_box,dr_pwldr,219585.7001618469,219585.7001618469,0.042999982833862305,4.7779998779296875
3,1,5,black_box,reopt_pwldr,224069.37756396038,224069.37756396038,0.042999982833862305,4.7779998779296875
3,1,5,local_search,obj_pwldr,219585.95749569414,219585.95749569414,0.042999982833862305,0.5160000324249268
3,1,5,local_search,dr_pwldr,219585.7001618469,219585.7001618469,0.042999982833862305,0.5160000324249268
3,1,5,local_search,reopt_pwldr,224069.37756396038,224069.37756396038,0.042999982833862305,0.5160000324249268
3,1,6,black_box,obj_pwldr,219585.95749569414,219585.04665006485,0.04200005531311035,5.221999883651733
3,1,6,black_box,dr_pwldr,219585.7001618469,219585.7001618469,0.04200005531311035,5.221999883651733
3,1,6,black_box,reopt_pwldr,224069.37756396038,224069.37756396038,0.04200005531311035,5.221999883651733
3,1,6,local_search,obj_pwldr,219585.95749569414,219584.04702950476,0.04200005531311035,1.3199999332427979
3,1,6,local_search,dr_pwldr,219585.7001618469,219585.7001618469,0.04200005531311035,1.3199999332427979
3,1,6,local_search,reopt_pwldr,224069.37756396038,224069.37756396038,0.04200005531311035,1.3199999332427979
3,1,7,black_box,obj_pwldr,219585.95749569414,219585.84373061918,0.056999921798706055,5.621999979019165
3,1,7,black_box,dr_pwldr,219585.7001618469,219585.70016184688,0.056999921798706055,5.621999979019165
3,1,7,black_box,reopt_pwldr,224069.37756396038,224069.3775639595,0.056999921798706055,5.621999979019165
3,1,7,local_search,obj_pwldr,219585.95749569414,219585.8018552754,0.056999921798706055,2.622999906539917
3,1,7,local_search,dr_pwldr,219585.7001618469,219585.70016184734,0.056999921798706055,2.622999906539917
3,1,7,local_search,reopt_pwldr,224069.37756396038,224069.37756396065,0.056999921798706055,2.622999906539917
3,1,8,black_box,obj_pwldr,219585.95749569414,219584.40988320732,0.05900001525878906,6.17900013923645
3,1,8,black_box,dr_pwldr,219585.7001618469,219585.7001618469,0.05900001525878906,6.17900013923645
3,1,8,black_box,reopt_pwldr,224069.37756396038,224069.37756396038,0.05900001525878906,6.17900013923645
3,1,8,local_search,obj_pwldr,219585.95749569414,219584.40988320732,0.05900001525878906,0.8989999294281006
3,1,8,local_search,dr_pwldr,219585.7001618469,219585.7001618469,0.05900001525878906,0.8989999294281006
3,1,8,local_search,reopt_pwldr,224069.37756396038,224069.37756396038,0.05900001525878906,0.8989999294281006
3,1,9,black_box,obj_pwldr,219585.95749569414,219585.73264782922,0.042999982833862305,7.307000160217285
3,1,9,black_box,dr_pwldr,219585.7001618469,219585.7001618469,0.042999982833862305,7.307000160217285
3,1,9,black_box,reopt_pwldr,224069.37756396038,224069.37756396038,0.042999982833862305,7.307000160217285
3,1,9,local_search,obj_pwldr,219585.95749569414,219585.5047757994,0.042999982833862305,2.638000011444092
3,1,9,local_search,dr_pwldr,219585.7001618469,219585.7001618469,0.042999982833862305,2.638000011444092
3,1,9,local_search,reopt_pwldr,224069.37756396038,224069.37756396038,0.042999982833862305,2.638000011444092
3,1,10,black_box,obj_pwldr,219585.95749569414,219585.09400893364,0.06200003623962402,7.318000078201294
3,1,10,black_box,dr_pwldr,219585.7001618469,219585.7001618469,0.06200003623962402,7.318000078201294
3,1,10,black_box,reopt_pwldr,224069.37756396038,224069.37756396038,0.06200003623962402,7.318000078201294
3,1,10,local_search,obj_pwldr,219585.95749569414,219584.03047176093,0.06200003623962402,3.863999843597412
3,1,10,local_search,dr_pwldr,219585.7001618469,219585.7001618469,0.06200003623962402,3.863999843597412
3,1,10,local_search,reopt_pwldr,224069.37756396038,224069.37756396038,0.06200003623962402,3.863999843597412
3,2,1,black_box,obj_pwldr,202088.54405076738,201995.10199093973,0.0279998779296875,2.871000051498413
3,2,1,black_box,dr_pwldr,202538.47695933824,202421.0349398959,0.0279998779296875,2.871000051498413
3,2,1,black_box,reopt_pwldr,197913.5031297047,199387.1046455829,0.0279998779296875,2.871000051498413
3,2,1,local_search,obj_pwldr,202088.54405076738,201995.10199093973,0.0279998779296875,0.2350001335144043
3,2,1,local_search,dr_pwldr,202538.47695933824,202421.0349398959,0.0279998779296875,0.2350001335144043
3,2,1,local_search,reopt_pwldr,197913.5031297047,199387.1046455829,0.0279998779296875,0.2350001335144043
3,2,2,black_box,obj_pwldr,204258.74619605203,201993.75593629022,0.03600001335144043,3.5360000133514404
3,2,2,black_box,dr_pwldr,204448.18267175023,202419.1899701852,0.03600001335144043,3.5360000133514404
3,2,2,black_box,reopt_pwldr,206632.12794112338,199475.1659356899,0.03600001335144043,3.5360000133514404
3,2,2,local_search,obj_pwldr,204258.74619605203,201993.75593629022,0.03600001335144043,0.30100011825561523
3,2,2,local_search,dr_pwldr,204448.18267175023,202419.1899701852,0.03600001335144043,0.30100011825561523
3,2,2,local_search,reopt_pwldr,206632.12794112338,199475.1659356899,0.03600001335144043,0.30100011825561523
3,2,3,black_box,obj_pwldr,202085.4728572316,201994.28539978864,0.03399991989135742,3.8350000381469727
3,2,3,black_box,dr_pwldr,202538.47695933824,202421.88977807466,0.03399991989135742,3.8350000381469727
3,2,3,black_box,reopt_pwldr,197913.50312970462,199355.48890345453,0.03399991989135742,3.8350000381469727
3,2,3,local_search,obj_pwldr,202085.4728572316,201994.28539978867,0.03399991989135742,0.41099977493286133
3,2,3,local_search,dr_pwldr,202538.47695933824,202421.88977807466,0.03399991989135742,0.41099977493286133
3,2,3,local_search,reopt_pwldr,197913.50312970462,199355.48890345453,0.03399991989135742,0.41099977493286133
3,2,4,black_box,obj_pwldr,202643.79280272694,201993.61027082297,0.0409998893737793,4.457000017166138
3,2,4,black_box,dr_pwldr,202945.0336637804,202422.45956446204,0.0409998893737793,4.457000017166138
3,2,4,black_box,reopt_pwldr,203144.67801655567,199336.04524442545,0.0409998893737793,4.457000017166138
3,2,4,local_search,obj_pwldr,202643.79280272694,201993.61027082297,0.0409998893737793,0.43400001525878906
3,2,4,local_search,dr_pwldr,202945.0336637804,202422.45956446204,0.0409998893737793,0.43400001525878906
3,2,4,local_search,reopt_pwldr,203144.67801655567,199336.04524442545,0.0409998893737793,0.43400001525878906
3,2,5,black_box,obj_pwldr,202085.0091512969,201994.359288623,0.03900003433227539,4.7159998416900635
3,2,5,black_box,dr_pwldr,202538.47695933824,202428.5638706744,0.03900003433227539,4.7159998416900635
3,2,5,black_box,reopt_pwldr,197913.5031297047,199175.05139631705,0.03900003433227539,4.7159998416900635
3,2,5,local_search,obj_pwldr,202085.0091512969,201994.30273498403,0.03900003433227539,0.9500000476837158
3,2,5,local_search,dr_pwldr,202538.47695933824,202419.73704187907,0.03900003433227539,0.9500000476837158
3,2,5,local_search,reopt_pwldr,197913.5031297047,199445.46456099037,0.03900003433227539,0.9500000476837158
3,2,6,black_box,obj_pwldr,202241.19271375806,201994.62821734237,0.039999961853027344,5.128999948501587
3,2,6,black_box,dr_pwldr,202585.4833655912,202425.45981909902,0.039999961853027344,5.128999948501587
3,2,6,black_box,reopt_pwldr,201650.05662031262,199251.51340069907,0.039999961853027344,5.128999948501587
3,2,6,local_search,obj_pwldr,202241.19271375806,201994.62821734237,0.039999961853027344,0.6439998149871826
3,2,6,local_search,dr_pwldr,202585.4833655912,202425.45981909902,0.039999961853027344,0.6439998149871826
3,2,6,local_search,reopt_pwldr,201650.05662031262,199251.51340069907,0.039999961853027344,0.6439998149871826
3,2,7,black_box,obj_pwldr,202086.63199703142,201993.3509972216,0.04500007629394531,5.634999990463257
3,2,7,black_box,dr_pwldr,202538.47695933824,202431.7834661778,0.04500007629394531,5.634999990463257
3,2,7,black_box,reopt_pwldr,197913.5031297047,199106.423788255,0.04500007629394531,5.634999990463257
3,2,7,local_search,obj_pwldr,202086.63199703142,201991.09209425756,0.04500007629394531,1.070000171661377
3,2,7,local_search,dr_pwldr,202538.47695933824,202419.63480112096,0.04500007629394531,1.070000171661377
3,2,7,local_search,reopt_pwldr,197913.5031297047,199467.04691527662,0.04500007629394531,1.070000171661377
3,2,8,black_box,obj_pwldr,202096.5605739746,201994.15340238513,0.04699993133544922,6.153000116348267
3,2,8,black_box,dr_pwldr,202474.37640210113,202422.20679005783,0.04699993133544922,6.153000116348267
3,2,8,black_box,reopt_pwldr,200819.71140017745,199344.3102904894,0.04699993133544922,6.153000116348267
3,2,8,local_search,obj_pwldr,202096.5605739746,201994.15340238513,0.04699993133544922,1.7829999923706055
3,2,8,local_search,dr_pwldr,202474.37640210113,202422.20679005783,0.04699993133544922,1.7829999923706055
3,2,8,local_search,reopt_pwldr,200819.71140017745,199344.3102904894,0.04699993133544922,1.7829999923706055
3,2,9,black_box,obj_pwldr,202086.40954048227,201990.9343906452,0.04800009727478027,6.601000070571899
3,2,9,black_box,dr_pwldr,202538.47695933824,202424.04656544546,0.04800009727478027,6.601000070571899
3,2,9,black_box,reopt_pwldr,197913.5031297047,199330.54813266784,0.04800009727478027,6.601000070571899
3,2,9,local_search,obj_pwldr,202086.40954048227,201990.9343906452,0.04800009727478027,0.9649999141693115
3,2,9,local_search,dr_pwldr,202538.47695933824,202424.04656544546,0.04800009727478027,0.9649999141693115
3,2,9,local_search,reopt_pwldr,197913.5031297047,199330.54813266784,0.04800009727478027,0.9649999141693115
3,2,10,black_box,obj_pwldr,202037.4935773478,201991.94885908242,0.05800008773803711,7.121000051498413
3,2,10,black_box,dr_pwldr,202431.62566671206,202422.99615876525,0.05800008773803711,7.121000051498413
3,2,10,black_box,reopt_pwldr,200291.30989645535,199363.2371260296,0.05800008773803711,7.121000051498413
3,2,10,local_search,obj_pwldr,202037.4935773478,201991.94885908242,0.05800008773803711,2.2939999103546143
3,2,10,local_search,dr_pwldr,202431.62566671206,202422.99615876525,0.05800008773803711,2.2939999103546143
3,2,10,local_search,reopt_pwldr,200291.30989645535,199363.2371260296,0.05800008773803711,2.2939999103546143
3,3,1,black_box,obj_pwldr,219585.47543453114,219581.64969916473,0.029999971389770508,2.876000165939331
3,3,1,black_box,dr_pwldr,219585.7001618469,219585.7001618469,0.029999971389770508,2.876000165939331
3,3,1,black_box,reopt_pwldr,224069.37756396038,224069.37756396038,0.029999971389770508,2.876000165939331
3,3,1,local_search,obj_pwldr,219585.47543453114,219581.64969916473,0.029999971389770508,0.2390000820159912
3,3,1,local_search,dr_pwldr,219585.7001618469,219585.7001618469,0.029999971389770508,0.2390000820159912
3,3,1,local_search,reopt_pwldr,224069.37756396038,224069.37756396038,0.029999971389770508,0.2390000820159912
3,3,2,black_box,obj_pwldr,219587.48668746214,219581.84601988434,0.04800009727478027,3.373999834060669
3,3,2,black_box,dr_pwldr,219585.7001618469,219585.7001618469,0.04800009727478027,3.373999834060669
3,3,2,black_box,reopt_pwldr,224069.37756396038,224069.37756396038,0.04800009727478027,3.373999834060669
3,3,2,local_search,obj_pwldr,219587.48668746214,219581.84601988434,0.04800009727478027,0.2850000858306885
3,3,2,local_search,dr_pwldr,219585.7001618469,219585.7001618469,0.04800009727478027,0.2850000858306885
3,3,2,local_search,reopt_pwldr,224069.37756396038,224069.37756396038,0.04800009727478027,0.2850000858306885
3,3,3,black_box,obj_pwldr,219586.90257118462,219584.202244456,0.0409998893737793,3.938999891281128
3,3,3,black_box,dr_pwldr,219585.7001618469,219585.7001618469,0.0409998893737793,3.938999891281128
3,3,3,black_box,reopt_pwldr,224069.37756396038,224069.37756396038,0.0409998893737793,3.938999891281128
3,3,3,local_search,obj_pwldr,219586.90257118462,219583.6091697838,0.0409998893737793,0.6579999923706055
3,3,3,local_search,dr_pwldr,219585.7001618469,219585.7001618469,0.0409998893737793,0.6579999923706055
3,3,3,local_search,reopt_pwldr,224069.37756396038,224069.37756396038,0.0409998893737793,0.6579999923706055
3,3,4,black_box,obj_pwldr,219585.26059692385,219582.7073778151,0.03299999237060547,4.442000150680542
3,3,4,black_box,dr_pwldr,219585.7001618469,219585.7001618469,0.03299999237060547,4.442000150680542
3,3,4,black_box,reopt_pwldr,224069.37756396038,224069.37756396038,0.03299999237060547,4.442000150680542
3,3,4,local_search,obj_pwldr,219585.26059692385,219582.7073778151,0.03299999237060547,0.5180001258850098
3,3,4,local_search,dr_pwldr,219585.7001618469,219585.7001618469,0.03299999237060547,0.5180001258850098
3,3,4,local_search,reopt_pwldr,224069.37756396038,224069.37756396038,0.03299999237060547,0.5180001258850098
3,3,5,black_box,obj_pwldr,219587.54843483592,219583.29936086977,0.3189997673034668,4.952000141143799
3,3,5,black_box,dr_pwldr,219585.7001618469,219585.7001618469,0.3189997673034668,4.952000141143799
3,3,5,black_box,reopt_pwldr,224069.37756396038,224069.37756396038,0.3189997673034668,4.952000141143799
3,3,5,local_search,obj_pwldr,219587.54843483592,219583.29936086977,0.3189997673034668,0.5130000114440918
3,3,5,local_search,dr_pwldr,219585.7001618469,219585.7001618469,0.3189997673034668,0.5130000114440918
3,3,5,local_search,reopt_pwldr,224069.37756396038,224069.37756396038,0.3189997673034668,0.5130000114440918
3,3,6,black_box,obj_pwldr,219585.78266483892,219584.31953865686,0.039999961853027344,5.066999912261963
3,3,6,black_box,dr_pwldr,219585.7001618469,219585.7001618469,0.039999961853027344,5.066999912261963
3,3,6,black_box,reopt_pwldr,224069.37756396038,224069.37756396038,0.039999961853027344,5.066999912261963
3,3,6,local_search,obj_pwldr,219585.78266483892,219583.76536057875,0.039999961853027344,1.7750000953674316
3,3,6,local_search,dr_pwldr,219585.7001618469,219585.7001618469,0.039999961853027344,1.7750000953674316
3,3,6,local_search,reopt_pwldr,224069.37756396038,224069.37756396038,0.039999961853027344,1.7750000953674316
3,3,7,black_box,obj_pwldr,219587.0517291414,219583.84248327083,0.046000003814697266,5.48799991607666
3,3,7,black_box,dr_pwldr,219585.7001618469,219585.7001618469,0.046000003814697266,5.48799991607666
3,3,7,black_box,reopt_pwldr,224069.37756396038,224069.37756396038,0.046000003814697266,5.48799991607666
3,3,7,local_search,obj_pwldr,219587.0517291414,219583.84248327083,0.046000003814697266,0.693000078201294
3,3,7,local_search,dr_pwldr,219585.7001618469,219585.7001618469,0.046000003814697266,0.693000078201294
3,3,7,local_search,reopt_pwldr,224069.37756396038,224069.37756396038,0.046000003814697266,0.693000078201294
3,3,8,black_box,obj_pwldr,219586.07784363252,219584.82567627382,0.046000003814697266,5.998000144958496
3,3,8,black_box,dr_pwldr,219585.7001618469,219585.7001618469,0.046000003814697266,5.998000144958496
3,3,8,black_box,reopt_pwldr,224069.37756396038,224069.37756396038,0.046000003814697266,5.998000144958496
3,3,8,local_search,obj_pwldr,219586.07784363252,219584.2919583105,0.046000003814697266,2.9690001010894775
3,3,8,local_search,dr_pwldr,219585.7001618469,219585.7001618469,0.046000003814697266,2.9690001010894775
3,3,8,local_search,reopt_pwldr,224069.37756396038,224069.37756396038,0.046000003814697266,2.9690001010894775
3,3,9,black_box,obj_pwldr,219586.86994388019,219585.25125174865,0.04699993133544922,6.648000001907349
3,3,9,black_box,dr_pwldr,219585.7001618469,219585.7001618469,0.04699993133544922,6.648000001907349
3,3,9,black_box,reopt_pwldr,224069.37756396038,224069.37756396038,0.04699993133544922,6.648000001907349
3,3,9,local_search,obj_pwldr,219586.86994388019,219584.730500791,0.04699993133544922,5.66100001335144
3,3,9,local_search,dr_pwldr,219585.7001618469,219585.7001618469,0.04699993133544922,5.66100001335144
3,3,9,local_search,reopt_pwldr,224069.37756396038,224069.37756396038,0.04699993133544922,5.66100001335144
3,3,10,black_box,obj_pwldr,219586.8015086633,219584.883896347,0.06399989128112793,7.003999948501587
3,3,10,black_box,dr_pwldr,219585.7001618469,219585.7001618469,0.06399989128112793,7.003999948501587
3,3,10,black_box,reopt_pwldr,224069.37756396038,224069.37756396038,0.06399989128112793,7.003999948501587
3,3,10,local_search,obj_pwldr,219586.8015086633,219584.54006804107,0.06399989128112793,1.8040001392364502
3,3,10,local_search,dr_pwldr,219585.7001618469,219585.7001618469,0.06399989128112793,1.8040001392364502
3,3,10,local_search,reopt_pwldr,224069.37756396038,224069.37756396038,0.06399989128112793,1.8040001392364502
3,4,1,black_box,obj_pwldr,209418.9800363327,209241.48960583852,0.03000020980834961,2.943000078201294
3,4,1,black_box,dr_pwldr,208961.4966802798,208818.04196308958,0.03000020980834961,2.943000078201294
3,4,1,black_box,reopt_pwldr,202369.24348877248,204708.20451217698,0.03000020980834961,2.943000078201294
3,4,1,local_search,obj_pwldr,209418.9800363327,209241.48960583852,0.03000020980834961,0.247999906539917
3,4,1,local_search,dr_pwldr,208961.4966802798,208818.04196308958,0.03000020980834961,0.247999906539917
3,4,1,local_search,reopt_pwldr,202369.24348877248,204708.20451217698,0.03000020980834961,0.247999906539917
3,4,2,black_box,obj_pwldr,209936.61719829243,209241.8845486606,0.037000179290771484,3.513000011444092
3,4,2,black_box,dr_pwldr,209583.41033695196,208817.52395085196,0.037000179290771484,3.513000011444092
3,4,2,black_box,reopt_pwldr,209602.62151383504,204658.47508138957,0.037000179290771484,3.513000011444092
3,4,2,local_search,obj_pwldr,209936.61719829243,209241.8845486606,0.037000179290771484,0.2799999713897705
3,4,2,local_search,dr_pwldr,209583.41033695196,208817.52395085196,0.037000179290771484,0.2799999713897705
3,4,2,local_search,reopt_pwldr,209602.62151383504,204658.47508138957,0.037000179290771484,0.2799999713897705
3,4,3,black_box,obj_pwldr,209423.41238464788,209194.7705309972,0.053999900817871094,3.7739999294281006
3,4,3,black_box,dr_pwldr,208961.4966802798,208765.76189501595,0.053999900817871094,3.7739999294281006
3,4,3,black_box,reopt_pwldr,202369.24348877248,204944.85306565932,0.053999900817871094,3.7739999294281006
3,4,3,local_search,obj_pwldr,209423.41238464788,209194.77053099722,0.053999900817871094,0.3989999294281006
3,4,3,local_search,dr_pwldr,208961.4966802798,208765.761895016,0.053999900817871094,0.3989999294281006
3,4,3,local_search,reopt_pwldr,202369.24348877248,204944.85306565935,0.053999900817871094,0.3989999294281006
3,4,4,black_box,obj_pwldr,209332.10949633757,209197.25458989642,0.0409998893737793,4.427999973297119
3,4,4,black_box,dr_pwldr,208923.30422913347,208767.47675278617,0.0409998893737793,4.427999973297119
3,4,4,black_box,reopt_pwldr,206709.27030380975,204829.54722208166,0.0409998893737793,4.427999973297119
3,4,4,local_search,obj_pwldr,209332.10949633757,209197.2545898964,0.0409998893737793,0.8570001125335693
3,4,4,local_search,dr_pwldr,208923.30422913347,208767.47675278614,0.0409998893737793,0.8570001125335693
3,4,4,local_search,reopt_pwldr,206709.27030380975,204829.54722208163,0.0409998893737793,0.8570001125335693
3,4,5,black_box,obj_pwldr,209381.72812024673,209194.1085652753,0.042999982833862305,4.634000062942505
3,4,5,black_box,dr_pwldr,208913.17211269608,208762.6834874489,0.042999982833862305,4.634000062942505
3,4,5,black_box,reopt_pwldr,202369.24348877248,204728.20878401204,0.042999982833862305,4.634000062942505
3,4,5,local_search,obj_pwldr,209381.72812024673,209194.1085652753,0.042999982833862305,0.5399999618530273
3,4,5,local_search,dr_pwldr,208913.17211269608,208762.6834874489,0.042999982833862305,0.5399999618530273
3,4,5,local_search,reopt_pwldr,202369.24348877248,204728.20878401204,0.042999982833862305,0.5399999618530273
3,4,6,black_box,obj_pwldr,209208.56585687667,209194.3080071744,0.03600001335144043,5.0269999504089355
3,4,6,black_box,dr_pwldr,208785.6603619072,208761.97418244576,0.03600001335144043,5.0269999504089355
3,4,6,black_box,reopt_pwldr,205469.2626423712,204583.2123594842,0.03600001335144043,5.0269999504089355
3,4,6,local_search,obj_pwldr,209208.56585687667,209193.8038716396,0.03600001335144043,0.9730000495910645
3,4,6,local_search,dr_pwldr,208785.6603619072,208765.5199813398,0.03600001335144043,0.9730000495910645
3,4,6,local_search,reopt_pwldr,205469.2626423712,204857.66539053366,0.03600001335144043,0.9730000495910645
3,4,7,black_box,obj_pwldr,209373.02486209013,209194.8812554969,0.059999942779541016,5.569000005722046
3,4,7,black_box,dr_pwldr,208905.9152032169,208767.6993031133,0.059999942779541016,5.569000005722046
3,4,7,black_box,reopt_pwldr,202369.24348877248,204903.61333528912,0.059999942779541016,5.569000005722046
3,4,7,local_search,obj_pwldr,209373.02486209013,209193.68219906022,0.059999942779541016,1.6549999713897705
3,4,7,local_search,dr_pwldr,208905.9152032169,208767.6310862198,0.059999942779541016,1.6549999713897705
3,4,7,local_search,reopt_pwldr,202369.24348877248,204900.61821664125,0.059999942779541016,1.6549999713897705
3,4,8,black_box,obj_pwldr,209196.15070286096,209193.7816150889,0.04900002479553223,6.003000020980835
3,4,8,black_box,dr_pwldr,208765.79088279145,208763.85737013063,0.04900002479553223,6.003000020980835
3,4,8,black_box,reopt_pwldr,204780.3694971259,204773.63105193726,0.04900002479553223,6.003000020980835
3,4,8,local_search,obj_pwldr,209196.15070286096,209193.7816150889,0.04900002479553223,0.8469998836517334
3,4,8,local_search,dr_pwldr,208765.79088279145,208763.85737013063,0.04900002479553223,0.8469998836517334
3,4,8,local_search,reopt_pwldr,204780.3694971259,204773.63105193726,0.04900002479553223,0.8469998836517334
3,4,9,black_box,obj_pwldr,209307.40939516135,209194.30731882586,0.054000139236450195,6.46399998664856
3,4,9,black_box,dr_pwldr,208903.42588580248,208763.93030640986,0.054000139236450195,6.46399998664856
3,4,9,black_box,reopt_pwldr,206709.27030380975,204858.8179709782,0.054000139236450195,6.46399998664856
3,4,9,local_search,obj_pwldr,209307.40939516135,209194.30731882586,0.054000139236450195,0.996999979019165
3,4,9,local_search,dr_pwldr,208903.42588580248,208763.93030640986,0.054000139236450195,0.996999979019165
3,4,9,local_search,reopt_pwldr,206709.27030380975,204858.8179709782,0.054000139236450195,0.996999979019165
3,4,10,black_box,obj_pwldr,209205.19448756232,209192.9682988655,0.0820000171661377,6.9629998207092285
3,4,10,black_box,dr_pwldr,208770.0711018641,208762.78767575027,0.0820000171661377,6.9629998207092285
3,4,10,black_box,reopt_pwldr,204341.9829501526,204719.21001001782,0.0820000171661377,6.9629998207092285
3,4,10,local_search,obj_pwldr,209205.19448756232,209192.55804543925,0.0820000171661377,2.1740000247955322
3,4,10,local_search,dr_pwldr,208770.0711018641,208762.76465457949,0.0820000171661377,2.1740000247955322
3,4,10,local_search,reopt_pwldr,204341.9829501526,204717.61069044162,0.0820000171661377,2.1740000247955322
3,5,1,black_box,obj_pwldr,219585.95749569414,219585.95749569414,0.029000043869018555,2.744000196456909
3,5,1,black_box,dr_pwldr,219585.7001618469,219585.7001618469,0.029000043869018555,2.744000196456909
3,5,1,black_box,reopt_pwldr,224069.37756396038,224069.37756396038,0.029000043869018555,2.744000196456909
3,5,1,local_search,obj_pwldr,219585.95749569414,219585.95749569414,0.029000043869018555,0.21700000762939453
3,5,1,local_search,dr_pwldr,219585.7001618469,219585.7001618469,0.029000043869018555,0.21700000762939453
3,5,1,local_search,reopt_pwldr,224069.37756396038,224069.37756396038,0.029000043869018555,0.21700000762939453
3,5,2,black_box,obj_pwldr,219585.95749569414,219585.95749569414,0.032000064849853516,3.182000160217285
3,5,2,black_box,dr_pwldr,219585.7001618469,219585.7001618469,0.032000064849853516,3.182000160217285
3,5,2,black_box,reopt_pwldr,224069.37756396038,224069.37756396038,0.032000064849853516,3.182000160217285
3,5,2,local_search,obj_pwldr,219585.95749569414,219585.95749569414,0.032000064849853516,0.30900001525878906
3,5,2,local_search,dr_pwldr,219585.7001618469,219585.7001618469,0.032000064849853516,0.30900001525878906
3,5,2,local_search,reopt_pwldr,224069.37756396038,224069.37756396038,0.032000064849853516,0.30900001525878906
3,5,3,black_box,obj_pwldr,219585.95749569414,219585.95749569414,0.03400015830993652,3.4739999771118164
3,5,3,black_box,dr_pwldr,219585.7001618469,219585.7001618469,0.03400015830993652,3.4739999771118164
3,5,3,black_box,reopt_pwldr,224069.37756396038,224069.37756396038,0.03400015830993652,3.4739999771118164
3,5,3,local_search,obj_pwldr,219585.95749569414,219585.95749569414,0.03400015830993652,0.312000036239624
3,5,3,local_search,dr_pwldr,219585.7001618469,219585.7001618469,0.03400015830993652,0.312000036239624
3,5,3,local_search,reopt_pwldr,224069.37756396038,224069.37756396038,0.03400015830993652,0.312000036239624
3,5,4,black_box,obj_pwldr,219585.95749569414,219585.95749569414,0.048999786376953125,3.881999969482422
3,5,4,black_box,dr_pwldr,219585.7001618469,219585.7001618469,0.048999786376953125,3.881999969482422
3,5,4,black_box,reopt_pwldr,224069.37756396038,224069.37756396038,0.048999786376953125,3.881999969482422
3,5,4,local_search,obj_pwldr,219585.95749569414,219585.95749569414,0.048999786376953125,0.4309999942779541
3,5,4,local_search,dr_pwldr,219585.7001618469,219585.7001618469,0.048999786376953125,0.4309999942779541
3,5,4,local_search,reopt_pwldr,224069.37756396038,224069.37756396038,0.048999786376953125,0.4309999942779541
3,5,5,black_box,obj_pwldr,219585.95749569414,219585.95749569414,0.039999961853027344,4.085000038146973
3,5,5,black_box,dr_pwldr,219585.7001618469,219585.7001618469,0.039999961853027344,4.085000038146973
3,5,5,black_box,reopt_pwldr,224069.37756396038,224069.37756396038,0.039999961853027344,4.085000038146973
3,5,5,local_search,obj_pwldr,219585.95749569414,219585.95749569414,0.039999961853027344,0.4849998950958252
3,5,5,local_search,dr_pwldr,219585.7001618469,219585.7001618469,0.039999961853027344,0.4849998950958252
3,5,5,local_search,reopt_pwldr,224069.37756396038,224069.37756396038,0.039999961853027344,0.4849998950958252
3,5,6,black_box,obj_pwldr,219585.95749569414,219585.95749569414,0.04499983787536621,4.3500001430511475
3,5,6,black_box,dr_pwldr,219585.7001618469,219585.7001618469,0.04499983787536621,4.3500001430511475
3,5,6,black_box,reopt_pwldr,224069.37756396038,224069.37756396038,0.04499983787536621,4.3500001430511475
3,5,6,local_search,obj_pwldr,219585.95749569414,219585.95749569414,0.04499983787536621,0.6019999980926514
3,5,6,local_search,dr_pwldr,219585.7001618469,219585.7001618469,0.04499983787536621,0.6019999980926514
3,5,6,local_search,reopt_pwldr,224069.37756396038,224069.37756396038,0.04499983787536621,0.6019999980926514
3,5,7,black_box,obj_pwldr,219585.95749569414,219585.95749569414,0.03500008583068848,4.6529998779296875
3,5,7,black_box,dr_pwldr,219585.7001618469,219585.7001618469,0.03500008583068848,4.6529998779296875
3,5,7,black_box,reopt_pwldr,224069.37756396038,224069.37756396038,0.03500008583068848,4.6529998779296875
3,5,7,local_search,obj_pwldr,219585.95749569414,219585.95749569414,0.03500008583068848,0.6310000419616699
3,5,7,local_search,dr_pwldr,219585.7001618469,219585.7001618469,0.03500008583068848,0.6310000419616699
3,5,7,local_search,reopt_pwldr,224069.37756396038,224069.37756396038,0.03500008583068848,0.6310000419616699
3,5,8,black_box,obj_pwldr,219585.95749569414,219585.95749569414,0.046000003814697266,5.046000003814697
3,5,8,black_box,dr_pwldr,219585.7001618469,219585.7001618469,0.046000003814697266,5.046000003814697
3,5,8,black_box,reopt_pwldr,224069.37756396038,224069.37756396038,0.046000003814697266,5.046000003814697
3,5,8,local_search,obj_pwldr,219585.95749569414,219585.95749569414,0.046000003814697266,0.7029998302459717
3,5,8,local_search,dr_pwldr,219585.7001618469,219585.7001618469,0.046000003814697266,0.7029998302459717
3,5,8,local_search,reopt_pwldr,224069.37756396038,224069.37756396038,0.046000003814697266,0.7029998302459717
3,5,9,black_box,obj_pwldr,219585.95749569414,219585.95749569414,0.04699993133544922,5.460000038146973
3,5,9,black_box,dr_pwldr,219585.7001618469,219585.7001618469,0.04699993133544922,5.460000038146973
3,5,9,black_box,reopt_pwldr,224069.37756396038,224069.37756396038,0.04699993133544922,5.460000038146973
3,5,9,local_search,obj_pwldr,219585.95749569414,219585.95749569414,0.04699993133544922,0.8359999656677246
3,5,9,local_search,dr_pwldr,219585.7001618469,219585.7001618469,0.04699993133544922,0.8359999656677246
3,5,9,local_search,reopt_pwldr,224069.37756396038,224069.37756396038,0.04699993133544922,0.8359999656677246
3,5,10,black_box,obj_pwldr,219585.95749569414,219585.95749569414,0.05000019073486328,5.861000061035156
3,5,10,black_box,dr_pwldr,219585.7001618469,219585.7001618469,0.05000019073486328,5.861000061035156
3,5,10,black_box,reopt_pwldr,224069.37756396038,224069.37756396038,0.05000019073486328,5.861000061035156
3,5,10,local_search,obj_pwldr,219585.95749569414,219585.95749569414,0.05000019073486328,0.9210000038146973
3,5,10,local_search,dr_pwldr,219585.7001618469,219585.7001618469,0.05000019073486328,0.9210000038146973
3,5,10,local_search,reopt_pwldr,224069.37756396038,224069.37756396038,0.05000019073486328,0.9210000038146973
3,6,1,black_box,obj_pwldr,219585.95749569414,219585.95749569414,0.039999961853027344,2.8330001831054688
3,6,1,black_box,dr_pwldr,219585.7001618469,219585.7001618469,0.039999961853027344,2.8330001831054688
3,6,1,black_box,reopt_pwldr,224069.37756396038,224069.37756396038,0.039999961853027344,2.8330001831054688
3,6,1,local_search,obj_pwldr,219585.95749569414,219585.95749569414,0.039999961853027344,0.24300003051757812
3,6,1,local_search,dr_pwldr,219585.7001618469,219585.7001618469,0.039999961853027344,0.24300003051757812
3,6,1,local_search,reopt_pwldr,224069.37756396038,224069.37756396038,0.039999961853027344,0.24300003051757812
3,6,2,black_box,obj_pwldr,219585.95749569414,219585.95749569414,0.03599977493286133,3.2810001373291016
3,6,2,black_box,dr_pwldr,219585.7001618469,219585.7001618469,0.03599977493286133,3.2810001373291016
3,6,2,black_box,reopt_pwldr,224069.37756396038,224069.37756396038,0.03599977493286133,3.2810001373291016
3,6,2,local_search,obj_pwldr,219585.95749569414,219585.95749569414,0.03599977493286133,0.2840001583099365
3,6,2,local_search,dr_pwldr,219585.7001618469,219585.7001618469,0.03599977493286133,0.2840001583099365
3,6,2,local_search,reopt_pwldr,224069.37756396038,224069.37756396038,0.03599977493286133,0.2840001583099365
3,6,3,black_box,obj_pwldr,219585.95749569414,219585.95749569414,0.032000064849853516,3.749000072479248
3,6,3,black_box,dr_pwldr,219585.7001618469,219585.7001618469,0.032000064849853516,3.749000072479248
3,6,3,black_box,reopt_pwldr,224069.37756396038,224069.37756396038,0.032000064849853516,3.749000072479248
3,6,3,local_search,obj_pwldr,219585.95749569414,219585.95749569414,0.032000064849853516,0.36699986457824707
3,6,3,local_search,dr_pwldr,219585.7001618469,219585.7001618469,0.032000064849853516,0.36699986457824707
3,6,3,local_search,reopt_pwldr,224069.37756396038,224069.37756396038,0.032000064849853516,0.36699986457824707
3,6,4,black_box,obj_pwldr,219585.95749569414,219585.95749569414,0.05500006675720215,4.085999965667725
3,6,4,black_box,dr_pwldr,219585.7001618469,219585.7001618469,0.05500006675720215,4.085999965667725
3,6,4,black_box,reopt_pwldr,224069.37756396038,224069.37756396038,0.05500006675720215,4.085999965667725
3,6,4,local_search,obj_pwldr,219585.95749569414,219585.95749569414,0.05500006675720215,0.4230000972747803
3,6,4,local_search,dr_pwldr,219585.7001618469,219585.7001618469,0.05500006675720215,0.4230000972747803
3,6,4,local_search,reopt_pwldr,224069.37756396038,224069.37756396038,0.05500006675720215,0.4230000972747803
3,6,5,black_box,obj_pwldr,219585.95749569414,219585.95749569414,0.03800010681152344,4.900000095367432
3,6,5,black_box,dr_pwldr,219585.7001618469,219585.7001618469,0.03800010681152344,4.900000095367432
3,6,5,black_box,reopt_pwldr,224069.37756396038,224069.37756396038,0.03800010681152344,4.900000095367432
3,6,5,local_search,obj_pwldr,219585.95749569414,219585.95749569414,0.03800010681152344,0.5290000438690186
3,6,5,local_search,dr_pwldr,219585.7001618469,219585.7001618469,0.03800010681152344,0.5290000438690186
3,6,5,local_search,reopt_pwldr,224069.37756396038,224069.37756396038,0.03800010681152344,0.5290000438690186
3,6,6,black_box,obj_pwldr,219585.95749569414,219585.95749569414,0.05099987983703613,5.340000152587891
3,6,6,black_box,dr_pwldr,219585.7001618469,219585.7001618469,0.05099987983703613,5.340000152587891
3,6,6,black_box,reopt_pwldr,224069.37756396038,224069.37756396038,0.05099987983703613,5.340000152587891
3,6,6,local_search,obj_pwldr,219585.95749569414,219585.95749569414,0.05099987983703613,0.6820001602172852
3,6,6,local_search,dr_pwldr,219585.7001618469,219585.7001618469,0.05099987983703613,0.6820001602172852
3,6,6,local_search,reopt_pwldr,224069.37756396038,224069.37756396038,0.05099987983703613,0.6820001602172852
3,6,7,black_box,obj_pwldr,219585.95749569414,219585.95749569414,0.0559999942779541,5.577000141143799
3,6,7,black_box,dr_pwldr,219585.7001618469,219585.7001618469,0.0559999942779541,5.577000141143799
3,6,7,black_box,reopt_pwldr,224069.37756396038,224069.37756396038,0.0559999942779541,5.577000141143799
3,6,7,local_search,obj_pwldr,219585.95749569414,219585.95749569414,0.0559999942779541,0.7320001125335693
3,6,7,local_search,dr_pwldr,219585.7001618469,219585.7001618469,0.0559999942779541,0.7320001125335693
3,6,7,local_search,reopt_pwldr,224069.37756396038,224069.37756396038,0.0559999942779541,0.7320001125335693
3,6,8,black_box,obj_pwldr,219585.95749569414,219585.95749569414,0.046000003814697266,5.947999954223633
3,6,8,black_box,dr_pwldr,219585.7001618469,219585.7001618469,0.046000003814697266,5.947999954223633
3,6,8,black_box,reopt_pwldr,224069.37756396038,224069.37756396038,0.046000003814697266,5.947999954223633
3,6,8,local_search,obj_pwldr,219585.95749569414,219585.95749569414,0.046000003814697266,0.8960001468658447
3,6,8,local_search,dr_pwldr,219585.7001618469,219585.7001618469,0.046000003814697266,0.8960001468658447
3,6,8,local_search,reopt_pwldr,224069.37756396038,224069.37756396038,0.046000003814697266,0.8960001468658447
3,6,9,black_box,obj_pwldr,219585.95749569414,219585.95749569414,0.05000019073486328,6.460000038146973
3,6,9,black_box,dr_pwldr,219585.7001618469,219585.7001618469,0.05000019073486328,6.460000038146973
3,6,9,black_box,reopt_pwldr,224069.37756396038,224069.37756396038,0.05000019073486328,6.460000038146973
3,6,9,local_search,obj_pwldr,219585.95749569414,219585.95749569414,0.05000019073486328,1.005000114440918
3,6,9,local_search,dr_pwldr,219585.7001618469,219585.7001618469,0.05000019073486328,1.005000114440918
3,6,9,local_search,reopt_pwldr,224069.37756396038,224069.37756396038,0.05000019073486328,1.005000114440918
3,6,10,black_box,obj_pwldr,219585.95749569414,219585.95749569414,0.06399989128112793,7.052000045776367
3,6,10,black_box,dr_pwldr,219585.7001618469,219585.7001618469,0.06399989128112793,7.052000045776367
3,6,10,black_box,reopt_pwldr,224069.37756396038,224069.37756396038,0.06399989128112793,7.052000045776367
3,6,10,local_search,obj_pwldr,219585.95749569414,219585.95749569414,0.06399989128112793,1.2170000076293945
3,6,10,local_search,dr_pwldr,219585.7001618469,219585.7001618469,0.06399989128112793,1.2170000076293945
3,6,10,local_search,reopt_pwldr,224069.37756396038,224069.37756396038,0.06399989128112793,1.2170000076293945
3,7,1,black_box,obj_pwldr,219585.95749569414,219585.95749569414,0.029000043869018555,2.7779998779296875
3,7,1,black_box,dr_pwldr,219585.7001618469,219585.7001618469,0.029000043869018555,2.7779998779296875
3,7,1,black_box,reopt_pwldr,224069.37756396038,224069.37756396038,0.029000043869018555,2.7779998779296875
3,7,1,local_search,obj_pwldr,219585.95749569414,219585.95749569414,0.029000043869018555,0.21900010108947754
3,7,1,local_search,dr_pwldr,219585.7001618469,219585.7001618469,0.029000043869018555,0.21900010108947754
3,7,1,local_search,reopt_pwldr,224069.37756396038,224069.37756396038,0.029000043869018555,0.21900010108947754
3,7,2,black_box,obj_pwldr,219585.95749569414,219585.95749569414,0.02499985694885254,3.0439999103546143
3,7,2,black_box,dr_pwldr,219585.7001618469,219585.7001618469,0.02499985694885254,3.0439999103546143
3,7,2,black_box,reopt_pwldr,224069.37756396038,224069.37756396038,0.02499985694885254,3.0439999103546143
3,7,2,local_search,obj_pwldr,219585.95749569414,219585.95749569414,0.02499985694885254,0.2630000114440918
3,7,2,local_search,dr_pwldr,219585.7001618469,219585.7001618469,0.02499985694885254,0.2630000114440918
3,7,2,local_search,reopt_pwldr,224069.37756396038,224069.37756396038,0.02499985694885254,0.2630000114440918
3,7,3,black_box,obj_pwldr,219585.95749569414,219585.95749569414,0.039999961853027344,3.3239998817443848
3,7,3,black_box,dr_pwldr,219585.7001618469,219585.7001618469,0.039999961853027344,3.3239998817443848
3,7,3,black_box,reopt_pwldr,224069.37756396038,224069.37756396038,0.039999961853027344,3.3239998817443848
3,7,3,local_search,obj_pwldr,219585.95749569414,219585.95749569414,0.039999961853027344,0.32899999618530273
3,7,3,local_search,dr_pwldr,219585.7001618469,219585.7001618469,0.039999961853027344,0.32899999618530273
3,7,3,local_search,reopt_pwldr,224069.37756396038,224069.37756396038,0.039999961853027344,0.32899999618530273
3,7,4,black_box,obj_pwldr,219585.95749569414,219585.95749569414,0.03400015830993652,3.6439998149871826
3,7,4,black_box,dr_pwldr,219585.7001618469,219585.7001618469,0.03400015830993652,3.6439998149871826
3,7,4,black_box,reopt_pwldr,224069.37756396038,224069.37756396038,0.03400015830993652,3.6439998149871826
3,7,4,local_search,obj_pwldr,219585.95749569414,219585.95749569414,0.03400015830993652,0.40400004386901855
3,7,4,local_search,dr_pwldr,219585.7001618469,219585.7001618469,0.03400015830993652,0.40400004386901855
3,7,4,local_search,reopt_pwldr,224069.37756396038,224069.37756396038,0.03400015830993652,0.40400004386901855
3,7,5,black_box,obj_pwldr,219585.95749569414,219585.95749569414,0.03600001335144043,3.991000175476074
3,7,5,black_box,dr_pwldr,219585.7001618469,219585.7001618469,0.03600001335144043,3.991000175476074
3,7,5,black_box,reopt_pwldr,224069.37756396038,224069.37756396038,0.03600001335144043,3.991000175476074
3,7,5,local_search,obj_pwldr,219585.95749569414,219585.95749569414,0.03600001335144043,0.4760000705718994
3,7,5,local_search,dr_pwldr,219585.7001618469,219585.7001618469,0.03600001335144043,0.4760000705718994
3,7,5,local_search,reopt_pwldr,224069.37756396038,224069.37756396038,0.03600001335144043,0.4760000705718994
3,7,6,black_box,obj_pwldr,219585.95749569414,219585.95749569414,0.04400014877319336,4.5980000495910645
3,7,6,black_box,dr_pwldr,219585.7001618469,219585.7001618469,0.04400014877319336,4.5980000495910645
3,7,6,black_box,reopt_pwldr,224069.37756396038,224069.37756396038,0.04400014877319336,4.5980000495910645
3,7,6,local_search,obj_pwldr,219585.95749569414,219585.95749569414,0.04400014877319336,0.5970001220703125
3,7,6,local_search,dr_pwldr,219585.7001618469,219585.7001618469,0.04400014877319336,0.5970001220703125
3,7,6,local_search,reopt_pwldr,224069.37756396038,224069.37756396038,0.04400014877319336,0.5970001220703125
3,7,7,black_box,obj_pwldr,219585.95749569414,219585.95749569417,0.04500007629394531,5.510999917984009
3,7,7,black_box,dr_pwldr,219585.7001618469,219585.70016184694,0.04500007629394531,5.510999917984009
3,7,7,black_box,reopt_pwldr,224069.37756396038,224069.3775639604,0.04500007629394531,5.510999917984009
3,7,7,local_search,obj_pwldr,219585.95749569414,219585.95749569414,0.04500007629394531,1.378999948501587
3,7,7,local_search,dr_pwldr,219585.7001618469,219585.7001618469,0.04500007629394531,1.378999948501587
3,7,7,local_search,reopt_pwldr,224069.37756396038,224069.37756396038,0.04500007629394531,1.378999948501587
3,7,8,black_box,obj_pwldr,219585.95749569414,219585.95749569414,0.05099987983703613,5.144000053405762
3,7,8,black_box,dr_pwldr,219585.7001618469,219585.7001618469,0.05099987983703613,5.144000053405762
3,7,8,black_box,reopt_pwldr,224069.37756396038,224069.37756396038,0.05099987983703613,5.144000053405762
3,7,8,local_search,obj_pwldr,219585.95749569414,219585.95749569414,0.05099987983703613,0.7610001564025879
3,7,8,local_search,dr_pwldr,219585.7001618469,219585.7001618469,0.05099987983703613,0.7610001564025879
3,7,8,local_search,reopt_pwldr,224069.37756396038,224069.37756396038,0.05099987983703613,0.7610001564025879
3,7,9,black_box,obj_pwldr,219585.95749569414,219585.95749569414,0.04200005531311035,5.453999996185303
3,7,9,black_box,dr_pwldr,219585.7001618469,219585.7001618469,0.04200005531311035,5.453999996185303
3,7,9,black_box,reopt_pwldr,224069.37756396038,224069.37756396038,0.04200005531311035,5.453999996185303
3,7,9,local_search,obj_pwldr,219585.95749569414,219585.95749569414,0.04200005531311035,0.8459999561309814
3,7,9,local_search,dr_pwldr,219585.7001618469,219585.7001618469,0.04200005531311035,0.8459999561309814
3,7,9,local_search,reopt_pwldr,224069.37756396038,224069.37756396038,0.04200005531311035,0.8459999561309814
3,7,10,black_box,obj_pwldr,219585.95749569414,219585.95749569414,0.05500006675720215,5.797999858856201
3,7,10,black_box,dr_pwldr,219585.7001618469,219585.7001618469,0.05500006675720215,5.797999858856201
3,7,10,black_box,reopt_pwldr,224069.37756396038,224069.37756396038,0.05500006675720215,5.797999858856201
3,7,10,local_search,obj_pwldr,219585.95749569414,219585.95749569414,0.05500006675720215,0.937999963760376
3,7,10,local_search,dr_pwldr,219585.7001618469,219585.7001618469,0.05500006675720215,0.937999963760376
3,7,10,local_search,reopt_pwldr,224069.37756396038,224069.37756396038,0.05500006675720215,0.937999963760376
3,8,1,black_box,obj_pwldr,219585.95749569414,219585.95749569414,0.03900003433227539,5.3429999351501465
3,8,1,black_box,dr_pwldr,219585.7001618469,219585.7001618469,0.03900003433227539,5.3429999351501465
3,8,1,black_box,reopt_pwldr,224069.37756396038,224069.37756396038,0.03900003433227539,5.3429999351501465
3,8,1,local_search,obj_pwldr,219585.95749569414,219585.95749569414,0.03900003433227539,0.25499987602233887
3,8,1,local_search,dr_pwldr,219585.7001618469,219585.7001618469,0.03900003433227539,0.25499987602233887
3,8,1,local_search,reopt_pwldr,224069.37756396038,224069.37756396038,0.03900003433227539,0.25499987602233887
3,8,2,black_box,obj_pwldr,219585.95749569414,219585.95749569414,0.08100008964538574,12.430000066757202
3,8,2,black_box,dr_pwldr,219585.7001618469,219585.7001618469,0.08100008964538574,12.430000066757202
3,8,2,black_box,reopt_pwldr,224069.37756396038,224069.37756396038,0.08100008964538574,12.430000066757202
3,8,2,local_search,obj_pwldr,219585.95749569414,219585.95749569414,0.08100008964538574,1.2179999351501465
3,8,2,local_search,dr_pwldr,219585.7001618469,219585.7001618469,0.08100008964538574,1.2179999351501465
3,8,2,local_search,reopt_pwldr,224069.37756396038,224069.37756396038,0.08100008964538574,1.2179999351501465
3,8,3,black_box,obj_pwldr,219585.95749569414,219585.95749569414,0.12100005149841309,21.282999992370605
3,8,3,black_box,dr_pwldr,219585.7001618469,219585.7001618469,0.12100005149841309,21.282999992370605
3,8,3,black_box,reopt_pwldr,224069.37756396038,224069.37756396038,0.12100005149841309,21.282999992370605
3,8,3,local_search,obj_pwldr,219585.95749569414,219585.95749569414,0.12100005149841309,1.9930000305175781
3,8,3,local_search,dr_pwldr,219585.7001618469,219585.7001618469,0.12100005149841309,1.9930000305175781
3,8,3,local_search,reopt_pwldr,224069.37756396038,224069.37756396038,0.12100005149841309,1.9930000305175781
3,8,4,black_box,obj_pwldr,219585.95749569414,219585.95749569414,0.16499996185302734,30.365999937057495
3,8,4,black_box,dr_pwldr,219585.7001618469,219585.7001618469,0.16499996185302734,30.365999937057495
3,8,4,black_box,reopt_pwldr,224069.37756396038,224069.37756396038,0.16499996185302734,30.365999937057495
3,8,4,local_search,obj_pwldr,219585.95749569414,219585.95749569414,0.16499996185302734,3.180999994277954
3,8,4,local_search,dr_pwldr,219585.7001618469,219585.7001618469,0.16499996185302734,3.180999994277954
3,8,4,local_search,reopt_pwldr,224069.37756396038,224069.37756396038,0.16499996185302734,3.180999994277954
3,8,5,black_box,obj_pwldr,219585.95749569414,219585.95749569414,0.21399998664855957,41.05499982833862
3,8,5,black_box,dr_pwldr,219585.7001618469,219585.7001618469,0.21399998664855957,41.05499982833862
3,8,5,black_box,reopt_pwldr,224069.37756396038,224069.37756396038,0.21399998664855957,41.05499982833862
3,8,5,local_search,obj_pwldr,219585.95749569414,219585.95749569414,0.21399998664855957,4.430999994277954
3,8,5,local_search,dr_pwldr,219585.7001618469,219585.7001618469,0.21399998664855957,4.430999994277954
3,8,5,local_search,reopt_pwldr,224069.37756396038,224069.37756396038,0.21399998664855957,4.430999994277954
3,8,6,black_box,obj_pwldr,219585.95749569414,219585.95749569414,0.2890000343322754,51.182000160217285
3,8,6,black_box,dr_pwldr,219585.7001618469,219585.7001618469,0.2890000343322754,51.182000160217285
3,8,6,black_box,reopt_pwldr,224069.37756396038,224069.37756396038,0.2890000343322754,51.182000160217285
3,8,6,local_search,obj_pwldr,219585.95749569414,219585.95749569414,0.2890000343322754,7.48199987411499
3,8,6,local_search,dr_pwldr,219585.7001618469,219585.7001618469,0.2890000343322754,7.48199987411499
3,8,6,local_search,reopt_pwldr,224069.37756396038,224069.37756396038,0.2890000343322754,7.48199987411499
3,8,7,black_box,obj_pwldr,219585.95749569414,219585.95749569414,0.37199997901916504,62.03600001335144
3,8,7,black_box,dr_pwldr,219585.7001618469,219585.7001618469,0.37199997901916504,62.03600001335144
3,8,7,black_box,reopt_pwldr,224069.37756396038,224069.37756396038,0.37199997901916504,62.03600001335144
3,8,7,local_search,obj_pwldr,219585.95749569414,219585.95749569414,0.37199997901916504,9.36299991607666
3,8,7,local_search,dr_pwldr,219585.7001618469,219585.7001618469,0.37199997901916504,9.36299991607666
3,8,7,local_search,reopt_pwldr,224069.37756396038,224069.37756396038,0.37199997901916504,9.36299991607666
3,8,8,black_box,obj_pwldr,219585.95749569414,219585.95749569414,0.41699981689453125,70.96099996566772
3,8,8,black_box,dr_pwldr,219585.7001618469,219585.7001618469,0.41699981689453125,70.96099996566772
3,8,8,black_box,reopt_pwldr,224069.37756396038,224069.37756396038,0.41699981689453125,70.96099996566772
3,8,8,local_search,obj_pwldr,219585.95749569414,219585.95749569414,0.41699981689453125,9.213000059127808
3,8,8,local_search,dr_pwldr,219585.7001618469,219585.7001618469,0.41699981689453125,9.213000059127808
3,8,8,local_search,reopt_pwldr,224069.37756396038,224069.37756396038,0.41699981689453125,9.213000059127808
3,8,9,black_box,obj_pwldr,219585.95749569414,219585.95749569414,0.4659998416900635,81.92400002479553
3,8,9,black_box,dr_pwldr,219585.7001618469,219585.7001618469,0.4659998416900635,81.92400002479553
3,8,9,black_box,reopt_pwldr,224069.37756396038,224069.37756396038,0.4659998416900635,81.92400002479553
3,8,9,local_search,obj_pwldr,219585.95749569414,219585.95749569414,0.4659998416900635,11.366999864578247
3,8,9,local_search,dr_pwldr,219585.7001618469,219585.7001618469,0.4659998416900635,11.366999864578247
3,8,9,local_search,reopt_pwldr,224069.37756396038,224069.37756396038,0.4659998416900635,11.366999864578247
3,8,10,black_box,obj_pwldr,219585.95749569414,219585.7142107732,0.5190000534057617,93.20000004768372
3,8,10,black_box,dr_pwldr,219585.7001618469,219585.7001618469,0.5190000534057617,93.20000004768372
3,8,10,black_box,reopt_pwldr,224069.37756396038,224069.37756396038,0.5190000534057617,93.20000004768372
3,8,10,local_search,obj_pwldr,219585.95749569414,219584.24573737706,0.5190000534057617,5960.370000123978
3,8,10,local_search,dr_pwldr,219585.7001618469,219585.7001618469,0.5190000534057617,5960.370000123978
3,8,10,local_search,reopt_pwldr,224069.37756396038,224069.37756396038,0.5190000534057617,5960.370000123978
3,9,1,black_box,obj_pwldr,219588.23684323233,219581.86800576648,0.024000167846679688,6.986999988555908
3,9,1,black_box,dr_pwldr,219585.7001618469,219585.7001618469,0.024000167846679688,6.986999988555908
3,9,1,black_box,reopt_pwldr,224069.37756396038,224069.37756396038,0.024000167846679688,6.986999988555908
3,9,1,local_search,obj_pwldr,219588.23684323233,219581.86800576648,0.024000167846679688,0.7980000972747803
3,9,1,local_search,dr_pwldr,219585.7001618469,219585.7001618469,0.024000167846679688,0.7980000972747803
3,9,1,local_search,reopt_pwldr,224069.37756396038,224069.37756396038,0.024000167846679688,0.7980000972747803
3,9,2,black_box,obj_pwldr,219585.05440948208,219582.87393850132,0.07500004768371582,12.759000062942505
3,9,2,black_box,dr_pwldr,219585.7001618469,219585.7001618469,0.07500004768371582,12.759000062942505
3,9,2,black_box,reopt_pwldr,224069.37756396038,224069.37756396038,0.07500004768371582,12.759000062942505
3,9,2,local_search,obj_pwldr,219585.05440948208,219582.83317932216,0.07500004768371582,3.0230000019073486
3,9,2,local_search,dr_pwldr,219585.7001618469,219585.7001618469,0.07500004768371582,3.0230000019073486
3,9,2,local_search,reopt_pwldr,224069.37756396038,224069.37756396038,0.07500004768371582,3.0230000019073486
3,9,3,black_box,obj_pwldr,219585.25504281974,219583.57866641245,0.12299990653991699,20.58299994468689
3,9,3,black_box,dr_pwldr,219585.7001618469,219585.7001618469,0.12299990653991699,20.58299994468689
3,9,3,black_box,reopt_pwldr,224069.37756396038,224069.37756396038,0.12299990653991699,20.58299994468689
3,9,3,local_search,obj_pwldr,219585.25504281974,219583.57866641245,0.12299990653991699,2.003999948501587
3,9,3,local_search,dr_pwldr,219585.7001618469,219585.7001618469,0.12299990653991699,2.003999948501587
3,9,3,local_search,reopt_pwldr,224069.37756396038,224069.37756396038,0.12299990653991699,2.003999948501587
3,9,4,black_box,obj_pwldr,219586.77407393197,219583.33683475506,0.1640000343322754,30.203999996185303
3,9,4,black_box,dr_pwldr,219585.7001618469,219585.7001618469,0.1640000343322754,30.203999996185303
3,9,4,black_box,reopt_pwldr,224069.37756396038,224069.37756396038,0.1640000343322754,30.203999996185303
3,9,4,local_search,obj_pwldr,219586.77407393197,219583.33683475506,0.1640000343322754,3.5230000019073486
3,9,4,local_search,dr_pwldr,219585.7001618469,219585.7001618469,0.1640000343322754,3.5230000019073486
3,9,4,local_search,reopt_pwldr,224069.37756396038,224069.37756396038,0.1640000343322754,3.5230000019073486
3,9,5,black_box,obj_pwldr,219586.78722379496,219584.16250201443,0.21300005912780762,40.394999980926514
3,9,5,black_box,dr_pwldr,219585.7001618469,219585.7001618469,0.21300005912780762,40.394999980926514
3,9,5,black_box,reopt_pwldr,224069.37756396038,224069.37756396038,0.21300005912780762,40.394999980926514
3,9,5,local_search,obj_pwldr,219586.78722379496,219584.16250201443,0.21300005912780762,4.546999931335449
3,9,5,local_search,dr_pwldr,219585.7001618469,219585.7001618469,0.21300005912780762,4.546999931335449
3,9,5,local_search,reopt_pwldr,224069.37756396038,224069.37756396038,0.21300005912780762,4.546999931335449
3,9,6,black_box,obj_pwldr,219586.86253128163,219584.3822913812,0.2890000343322754,51.312999963760376
3,9,6,black_box,dr_pwldr,219585.7001618469,219585.7001618469,0.2890000343322754,51.312999963760376
3,9,6,black_box,reopt_pwldr,224069.37756396038,224069.37756396038,0.2890000343322754,51.312999963760376
3,9,6,local_search,obj_pwldr,219586.86253128163,219584.3822913812,0.2890000343322754,5.872999906539917
3,9,6,local_search,dr_pwldr,219585.7001618469,219585.7001618469,0.2890000343322754,5.872999906539917
3,9,6,local_search,reopt_pwldr,224069.37756396038,224069.37756396038,0.2890000343322754,5.872999906539917
3,9,7,black_box,obj_pwldr,219586.20569494148,219583.99668965593,0.36299991607666016,61.081000089645386
3,9,7,black_box,dr_pwldr,219585.7001618469,219585.7001618469,0.36299991607666016,61.081000089645386
3,9,7,black_box,reopt_pwldr,224069.37756396038,224069.37756396038,0.36299991607666016,61.081000089645386
3,9,7,local_search,obj_pwldr,219586.20569494148,219583.99668965593,0.36299991607666016,7.546999931335449
3,9,7,local_search,dr_pwldr,219585.7001618469,219585.7001618469,0.36299991607666016,7.546999931335449
3,9,7,local_search,reopt_pwldr,224069.37756396038,224069.37756396038,0.36299991607666016,7.546999931335449
3,9,8,black_box,obj_pwldr,219586.05319719165,219584.9388071135,0.42299985885620117,72.73000001907349
3,9,8,black_box,dr_pwldr,219585.7001618469,219585.7001618469,0.42299985885620117,72.73000001907349
3,9,8,black_box,reopt_pwldr,224069.37756396038,224069.37756396038,0.42299985885620117,72.73000001907349
3,9,8,local_search,obj_pwldr,219586.05319719165,219584.43252308297,0.42299985885620117,32.687999963760376
3,9,8,local_search,dr_pwldr,219585.7001618469,219585.7001618469,0.42299985885620117,32.687999963760376
3,9,8,local_search,reopt_pwldr,224069.37756396038,224069.37756396038,0.42299985885620117,32.687999963760376
3,9,9,black_box,obj_pwldr,219586.07408844325,219584.51511929365,0.47300004959106445,81.76699995994568
3,9,9,black_box,dr_pwldr,219585.7001618469,219585.7001618469,0.47300004959106445,81.76699995994568
3,9,9,black_box,reopt_pwldr,224069.37756396038,224069.37756396038,0.47300004959106445,81.76699995994568
3,9,9,local_search,obj_pwldr,219586.07408844325,219584.51511929365,0.47300004959106445,10.753000020980835
3,9,9,local_search,dr_pwldr,219585.7001618469,219585.7001618469,0.47300004959106445,10.753000020980835
3,9,9,local_search,reopt_pwldr,224069.37756396038,224069.37756396038,0.47300004959106445,10.753000020980835
3,9,10,black_box,obj_pwldr,219585.99948408175,219585.48762219507,0.5150001049041748,92.74700021743774
3,9,10,black_box,dr_pwldr,219585.7001618469,219585.7001618469,0.5150001049041748,92.74700021743774
3,9,10,black_box,reopt_pwldr,224069.37756396038,224069.37756396038,0.5150001049041748,92.74700021743774
3,9,10,local_search,obj_pwldr,219585.99948408175,219585.25534260584,0.5150001049041748,19.52999997138977
3,9,10,local_search,dr_pwldr,219585.7001618469,219585.7001618469,0.5150001049041748,19.52999997138977
3,9,10,local_search,reopt_pwldr,224069.37756396038,224069.37756396038,0.5150001049041748,19.52999997138977
3,10,1,black_box,obj_pwldr,209677.26653415168,209452.95232140087,0.03300023078918457,2.7330000400543213
3,10,1,black_box,dr_pwldr,209814.08957906422,209675.21461516383,0.03300023078918457,2.7330000400543213
3,10,1,black_box,reopt_pwldr,200625.10480707334,203676.408858339,0.03300023078918457,2.7330000400543213
3,10,1,local_search,obj_pwldr,209677.26653415168,209452.95232140087,0.03300023078918457,0.22600007057189941
3,10,1,local_search,dr_pwldr,209814.08957906422,209675.21461516383,0.03300023078918457,0.22600007057189941
3,10,1,local_search,reopt_pwldr,200625.10480707334,203676.408858339,0.03300023078918457,0.22600007057189941
3,10,2,black_box,obj_pwldr,209999.70156096749,209423.32618104597,0.03699994087219238,3.0240001678466797
3,10,2,black_box,dr_pwldr,210253.3289606069,209647.57641610666,0.03699994087219238,3.0240001678466797
3,10,2,black_box,reopt_pwldr,208439.86239270214,203693.02362415733,0.03699994087219238,3.0240001678466797
3,10,2,local_search,obj_pwldr,209999.70156096749,209423.32618104597,0.03699994087219238,0.492999792098999
3,10,2,local_search,dr_pwldr,210253.3289606069,209647.57641610666,0.03699994087219238,0.492999792098999
3,10,2,local_search,reopt_pwldr,208439.86239270214,203693.02362415733,0.03699994087219238,0.492999792098999
3,10,3,black_box,obj_pwldr,209677.2665341517,209418.0248883111,0.029999971389770508,3.2669999599456787
3,10,3,black_box,dr_pwldr,209814.08957906422,209644.00451016566,0.029999971389770508,3.2669999599456787
3,10,3,black_box,reopt_pwldr,200625.10480707334,203712.06838505887,0.029999971389770508,3.2669999599456787
3,10,3,local_search,obj_pwldr,209677.2665341517,209418.0248883111,0.029999971389770508,0.317000150680542
3,10,3,local_search,dr_pwldr,209814.08957906422,209644.00451016566,0.029999971389770508,0.317000150680542
3,10,3,local_search,reopt_pwldr,200625.10480707334,203712.06838505887,0.029999971389770508,0.317000150680542
3,10,4,black_box,obj_pwldr,209517.1522974884,209412.7244918558,0.0559999942779541,3.567999839782715
3,10,4,black_box,dr_pwldr,209769.48116260362,209639.94502967776,0.0559999942779541,3.567999839782715
3,10,4,black_box,reopt_pwldr,205313.95935845043,203661.1156790584,0.0559999942779541,3.567999839782715
3,10,4,local_search,obj_pwldr,209517.1522974884,209412.7244918558,0.0559999942779541,0.39099979400634766
3,10,4,local_search,dr_pwldr,209769.48116260362,209639.94502967776,0.0559999942779541,0.39099979400634766
3,10,4,local_search,reopt_pwldr,205313.95935845043,203661.1156790584,0.0559999942779541,0.39099979400634766
3,10,5,black_box,obj_pwldr,209659.33847523865,209412.51134677522,0.03600001335144043,3.9639999866485596
3,10,5,black_box,dr_pwldr,209806.01859216104,209642.4026366902,0.03600001335144043,3.9639999866485596
3,10,5,black_box,reopt_pwldr,200625.10480707334,203665.6810737086,0.03600001335144043,3.9639999866485596
3,10,5,local_search,obj_pwldr,209659.33847523865,209412.51134677522,0.03600001335144043,0.45200014114379883
3,10,5,local_search,dr_pwldr,209806.01859216104,209642.4026366902,0.03600001335144043,0.45200014114379883
3,10,5,local_search,reopt_pwldr,200625.10480707334,203665.6810737086,0.03600001335144043,0.45200014114379883
3,10,6,black_box,obj_pwldr,209424.6593740163,209414.13926154253,0.03800010681152344,4.287999868392944
3,10,6,black_box,dr_pwldr,209662.57334829375,209636.8537540135,0.03800010681152344,4.287999868392944
3,10,6,black_box,reopt_pwldr,203974.28662948633,203461.5621804928,0.03800010681152344,4.287999868392944
3,10,6,local_search,obj_pwldr,209424.6593740163,209413.31956587438,0.03800010681152344,1.2679998874664307
3,10,6,local_search,dr_pwldr,209662.57334829375,209642.00416396893,0.03800010681152344,1.2679998874664307
3,10,6,local_search,reopt_pwldr,203974.28662948633,203751.8131013865,0.03800010681152344,1.2679998874664307
3,10,7,black_box,obj_pwldr,209604.78324440145,209412.10352028187,0.04200005531311035,4.561000108718872
3,10,7,black_box,dr_pwldr,209862.91164908148,209640.48699531326,0.04200005531311035,4.561000108718872
3,10,7,black_box,reopt_pwldr,206486.1729962951,203657.9595781038,0.04200005531311035,4.561000108718872
3,10,7,local_search,obj_pwldr,209604.78324440145,209412.10352028185,0.04200005531311035,1.2239999771118164
3,10,7,local_search,dr_pwldr,209862.91164908148,209640.48699531323,0.04200005531311035,1.2239999771118164
3,10,7,local_search,reopt_pwldr,206486.1729962951,203657.95957810376,0.04200005531311035,1.2239999771118164
3,10,8,black_box,obj_pwldr,209417.35466639488,209412.49949651488,0.0410001277923584,5.040999889373779
3,10,8,black_box,dr_pwldr,209637.50083613695,209638.5426372171,0.0410001277923584,5.040999889373779
3,10,8,black_box,reopt_pwldr,203230.02400228262,203575.36125430142,0.0410001277923584,5.040999889373779
3,10,8,local_search,obj_pwldr,209417.35466639488,209412.49949651482,0.0410001277923584,1.5160000324249268
3,10,8,local_search,dr_pwldr,209637.50083613695,209638.54263721703,0.0410001277923584,1.5160000324249268
3,10,8,local_search,reopt_pwldr,203230.02400228262,203575.36125430133,0.0410001277923584,1.5160000324249268
3,10,9,black_box,obj_pwldr,209476.71352830614,209412.16052605657,0.05799984931945801,5.8459999561309814
3,10,9,black_box,dr_pwldr,209725.76636720297,209641.7025319725,0.05799984931945801,5.8459999561309814
3,10,9,black_box,reopt_pwldr,205313.9593584504,203684.9756305568,0.05799984931945801,5.8459999561309814
3,10,9,local_search,obj_pwldr,209476.71352830614,209412.1605260566,0.05799984931945801,0.8830001354217529
3,10,9,local_search,dr_pwldr,209725.76636720297,209641.70253197252,0.05799984931945801,0.8830001354217529
3,10,9,local_search,reopt_pwldr,205313.9593584504,203684.97563055684,0.05799984931945801,0.8830001354217529
3,10,10,black_box,obj_pwldr,209432.8450519987,209412.09380434212,0.04200005531311035,5.706000089645386
3,10,10,black_box,dr_pwldr,209639.9935362717,209640.84057384092,0.04200005531311035,5.706000089645386
3,10,10,black_box,reopt_pwldr,202756.4023304266,203667.75702351565,0.04200005531311035,5.706000089645386
3,10,10,local_search,obj_pwldr,209432.8450519987,209412.09380434212,0.04200005531311035,0.9600000381469727
3,10,10,local_search,dr_pwldr,209639.9935362717,209640.84057384092,0.04200005531311035,0.9600000381469727
3,10,10,local_search,reopt_pwldr,202756.4023304266,203667.75702351565,0.04200005531311035,0.9600000381469727
3,11,1,black_box,obj_pwldr,209243.1717742724,208597.56582852727,0.02500009536743164,4.578000068664551
3,11,1,black_box,dr_pwldr,209868.55054513906,208853.29289174604,0.02500009536743164,4.578000068664551
3,11,1,black_box,reopt_pwldr,199768.75982596527,206638.60780399284,0.02500009536743164,4.578000068664551
3,11,1,local_search,obj_pwldr,209243.1717742724,208597.56582852727,0.02500009536743164,0.2349998950958252
3,11,1,local_search,dr_pwldr,209868.55054513906,208853.29289174607,0.02500009536743164,0.2349998950958252
3,11,1,local_search,reopt_pwldr,199768.75982596527,206638.60780399284,0.02500009536743164,0.2349998950958252
3,11,2,black_box,obj_pwldr,208658.98996726022,208557.59205494862,0.07800006866455078,12.35700011253357
3,11,2,black_box,dr_pwldr,208847.36209776867,208892.0195322747,0.07800006866455078,12.35700011253357
3,11,2,black_box,reopt_pwldr,207868.96573863,205051.42225927796,0.07800006866455078,12.35700011253357
3,11,2,local_search,obj_pwldr,208658.98996726022,208522.7834658929,0.07800006866455078,2.6579999923706055
3,11,2,local_search,dr_pwldr,208847.36209776867,208791.39023804467,0.07800006866455078,2.6579999923706055
3,11,2,local_search,reopt_pwldr,207868.96573863,206258.59736186435,0.07800006866455078,2.6579999923706055
3,11,3,black_box,obj_pwldr,209198.674404899,208510.18594686332,0.11299991607666016,20.953999996185303
3,11,3,black_box,dr_pwldr,209823.9832386507,208790.12149695115,0.11299991607666016,20.953999996185303
3,11,3,black_box,reopt_pwldr,199768.75982596527,206055.31076173496,0.11299991607666016,20.953999996185303
3,11,3,local_search,obj_pwldr,209198.674404899,208506.80759337285,0.11299991607666016,3.368000030517578
3,11,3,local_search,dr_pwldr,209823.9832386507,208766.56537366397,0.11299991607666016,3.368000030517578
3,11,3,local_search,reopt_pwldr,199768.75982596527,206494.6782447154,0.11299991607666016,3.368000030517578
3,11,4,black_box,obj_pwldr,208580.9059314851,208506.2317973074,0.1660001277923584,31.552000045776367
3,11,4,black_box,dr_pwldr,208936.30526662595,208761.87257890456,0.1660001277923584,31.552000045776367
3,11,4,black_box,reopt_pwldr,204628.88337356396,206560.4040523467,0.1660001277923584,31.552000045776367
3,11,4,local_search,obj_pwldr,208580.9059314851,208506.2317973074,0.1660001277923584,3.183000087738037
3,11,4,local_search,dr_pwldr,208936.30526662595,208761.87257890456,0.1660001277923584,3.183000087738037
3,11,4,local_search,reopt_pwldr,204628.88337356396,206560.4040523467,0.1660001277923584,3.183000087738037
3,11,5,black_box,obj_pwldr,208561.90753908118,208508.09558842075,0.21000003814697266,41.62700009346008
3,11,5,black_box,dr_pwldr,208752.65951889232,208760.5158167302,0.21000003814697266,41.62700009346008
3,11,5,black_box,reopt_pwldr,207868.96573863004,206649.58559056415,0.21000003814697266,41.62700009346008
3,11,5,local_search,obj_pwldr,208561.90753908118,208506.8724219889,0.21000003814697266,8.703999996185303
3,11,5,local_search,dr_pwldr,208752.65951889232,208760.6608516107,0.21000003814697266,8.703999996185303
3,11,5,local_search,reopt_pwldr,207868.96573863004,206644.74541496724,0.21000003814697266,8.703999996185303
3,11,6,black_box,obj_pwldr,208703.37624019838,208508.03396089072,0.25800013542175293,52.668999910354614
3,11,6,black_box,dr_pwldr,209142.64124302176,208760.76442099668,0.25800013542175293,52.668999910354614
3,11,6,black_box,reopt_pwldr,203240.2766456789,206605.76157745795,0.25800013542175293,52.668999910354614
3,11,6,local_search,obj_pwldr,208703.37624019838,208506.7751826119,0.25800013542175293,10.26200008392334
3,11,6,local_search,dr_pwldr,209142.64124302176,208771.7914307333,0.25800013542175293,10.26200008392334
3,11,6,local_search,reopt_pwldr,203240.2766456789,206352.665693596,0.25800013542175293,10.26200008392334
3,11,7,black_box,obj_pwldr,208525.65486314252,208505.7036810007,0.38299989700317383,63.782999992370605
3,11,7,black_box,dr_pwldr,208813.36049227012,208764.11581411428,0.38299989700317383,63.782999992370605
3,11,7,black_box,reopt_pwldr,205843.91426046405,206493.8035167942,0.38299989700317383,63.782999992370605
3,11,7,local_search,obj_pwldr,208525.65486314252,208505.70368100077,0.38299989700317383,8.410000085830688
3,11,7,local_search,dr_pwldr,208813.36049227012,208764.11581411434,0.38299989700317383,8.410000085830688
3,11,7,local_search,reopt_pwldr,205843.91426046405,206493.80351679426,0.38299989700317383,8.410000085830688
3,11,8,black_box,obj_pwldr,208581.03070697116,208507.08714129875,0.4120001792907715,74.19900012016296
3,11,8,black_box,dr_pwldr,208767.9571413657,208776.38522348163,0.4120001792907715,74.19900012016296
3,11,8,black_box,reopt_pwldr,207868.96573862998,206307.77354949672,0.4120001792907715,74.19900012016296
3,11,8,local_search,obj_pwldr,208581.03070697116,208507.0871412987,0.4120001792907715,19.252000093460083
3,11,8,local_search,dr_pwldr,208767.9571413657,208776.38522348163,0.4120001792907715,19.252000093460083
3,11,8,local_search,reopt_pwldr,207868.96573862998,206307.77354949666,0.4120001792907715,19.252000093460083
3,11,9,black_box,obj_pwldr,208584.03901098086,208505.4855914916,0.4719998836517334,84.34899997711182
3,11,9,black_box,dr_pwldr,208936.30526662592,208771.71611043796,0.4719998836517334,84.34899997711182
3,11,9,black_box,reopt_pwldr,204628.88337356396,206349.89611167568,0.4719998836517334,84.34899997711182
3,11,9,local_search,obj_pwldr,208584.03901098086,208505.48559149163,0.4719998836517334,13.082000017166138
3,11,9,local_search,dr_pwldr,208936.30526662592,208771.71611043796,0.4719998836517334,13.082000017166138
3,11,9,local_search,reopt_pwldr,204628.88337356396,206349.89611167568,0.4719998836517334,13.082000017166138
3,11,10,black_box,obj_pwldr,208509.2086709194,208506.1336335328,0.5120000839233398,95.82600021362305
3,11,10,black_box,dr_pwldr,208769.5704857277,208772.58872842192,0.5120000839233398,95.82600021362305
3,11,10,black_box,reopt_pwldr,206396.20102723662,206324.7414962805,0.5120000839233398,95.82600021362305
3,11,10,local_search,obj_pwldr,208509.2086709194,208505.79318637899,0.5120000839233398,34.14300012588501
3,11,10,local_search,dr_pwldr,208769.5704857277,208764.44580058826,0.5120000839233398,34.14300012588501
3,11,10,local_search,reopt_pwldr,206396.20102723662,206484.60308247586,0.5120000839233398,34.14300012588501
3,12,1,black_box,obj_pwldr,219588.58880763318,219584.17569125438,0.026000022888183594,2.8499999046325684
3,12,1,black_box,dr_pwldr,219585.7001618469,219585.7001618469,0.026000022888183594,2.8499999046325684
3,12,1,black_box,reopt_pwldr,224069.37756396038,224069.37756396038,0.026000022888183594,2.8499999046325684
3,12,1,local_search,obj_pwldr,219588.58880763318,219584.17569125438,0.026000022888183594,0.23199987411499023
3,12,1,local_search,dr_pwldr,219585.7001618469,219585.7001618469,0.026000022888183594,0.23199987411499023
3,12,1,local_search,reopt_pwldr,224069.37756396038,224069.37756396038,0.026000022888183594,0.23199987411499023
3,12,2,black_box,obj_pwldr,219588.51995389102,219586.07493536433,0.03900003433227539,3.2799999713897705
3,12,2,black_box,dr_pwldr,219585.7001618469,219585.7001618469,0.03900003433227539,3.2799999713897705
3,12,2,black_box,reopt_pwldr,224069.37756396038,224069.37756396038,0.03900003433227539,3.2799999713897705
3,12,2,local_search,obj_pwldr,219588.51995389102,219586.07493536433,0.03900003433227539,0.2869999408721924
3,12,2,local_search,dr_pwldr,219585.7001618469,219585.7001618469,0.03900003433227539,0.2869999408721924
3,12,2,local_search,reopt_pwldr,224069.37756396038,224069.37756396038,0.03900003433227539,0.2869999408721924
3,12,3,black_box,obj_pwldr,219589.74040579126,219586.1482720362,0.032000064849853516,3.7890000343322754
3,12,3,black_box,dr_pwldr,219585.7001618469,219585.7001618469,0.032000064849853516,3.7890000343322754
3,12,3,black_box,reopt_pwldr,224069.37756396038,224069.37756396038,0.032000064849853516,3.7890000343322754
3,12,3,local_search,obj_pwldr,219589.74040579126,219586.1482720362,0.032000064849853516,0.3690001964569092
3,12,3,local_search,dr_pwldr,219585.7001618469,219585.7001618469,0.032000064849853516,0.3690001964569092
3,12,3,local_search,reopt_pwldr,224069.37756396038,224069.37756396038,0.032000064849853516,0.3690001964569092
3,12,4,black_box,obj_pwldr,219590.28652572865,219586.19254288962,0.04800009727478027,4.197999954223633
3,12,4,black_box,dr_pwldr,219585.7001618469,219585.7001618469,0.04800009727478027,4.197999954223633
3,12,4,black_box,reopt_pwldr,224069.37756396038,224069.37756396038,0.04800009727478027,4.197999954223633
3,12,4,local_search,obj_pwldr,219590.28652572865,219586.19254288962,0.04800009727478027,0.41499996185302734
3,12,4,local_search,dr_pwldr,219585.7001618469,219585.7001618469,0.04800009727478027,0.41499996185302734
3,12,4,local_search,reopt_pwldr,224069.37756396038,224069.37756396038,0.04800009727478027,0.41499996185302734
3,12,5,black_box,obj_pwldr,219590.83157014597,219585.9820751104,0.03399991989135742,4.6579999923706055
3,12,5,black_box,dr_pwldr,219585.7001618469,219585.7001618469,0.03399991989135742,4.6579999923706055
3,12,5,black_box,reopt_pwldr,224069.37756396038,224069.37756396038,0.03399991989135742,4.6579999923706055
3,12,5,local_search,obj_pwldr,219590.83157014597,219585.9820751104,0.03399991989135742,0.5239999294281006
3,12,5,local_search,dr_pwldr,219585.7001618469,219585.7001618469,0.03399991989135742,0.5239999294281006
3,12,5,local_search,reopt_pwldr,224069.37756396038,224069.37756396038,0.03399991989135742,0.5239999294281006
3,12,6,black_box,obj_pwldr,219589.1820516645,219586.61878901158,0.04200005531311035,5.129000186920166
3,12,6,black_box,dr_pwldr,219585.7001618469,219585.7001618469,0.04200005531311035,5.129000186920166
3,12,6,black_box,reopt_pwldr,224069.37756396038,224069.37756396038,0.04200005531311035,5.129000186920166
3,12,6,local_search,obj_pwldr,219589.1820516645,219586.61878901158,0.04200005531311035,0.6760001182556152
3,12,6,local_search,dr_pwldr,219585.7001618469,219585.7001618469,0.04200005531311035,0.6760001182556152
3,12,6,local_search,reopt_pwldr,224069.37756396038,224069.37756396038,0.04200005531311035,0.6760001182556152
3,12,7,black_box,obj_pwldr,219587.99248853195,219586.55140225132,0.04799985885620117,5.624000072479248
3,12,7,black_box,dr_pwldr,219585.7001618469,219585.7001618469,0.04799985885620117,5.624000072479248
3,12,7,black_box,reopt_pwldr,224069.37756396038,224069.37756396038,0.04799985885620117,5.624000072479248
3,12,7,local_search,obj_pwldr,219587.99248853195,219586.10254471313,0.04799985885620117,1.2149999141693115
3,12,7,local_search,dr_pwldr,219585.7001618469,219585.7001618469,0.04799985885620117,1.2149999141693115
3,12,7,local_search,reopt_pwldr,224069.37756396038,224069.37756396038,0.04799985885620117,1.2149999141693115
3,12,8,black_box,obj_pwldr,219589.65247407492,219586.88967769887,0.05200004577636719,6.186000108718872
3,12,8,black_box,dr_pwldr,219585.7001618469,219585.7001618469,0.05200004577636719,6.186000108718872
3,12,8,black_box,reopt_pwldr,224069.37756396038,224069.37756396038,0.05200004577636719,6.186000108718872
3,12,8,local_search,obj_pwldr,219589.65247407492,219586.88967769887,0.05200004577636719,0.9170000553131104
3,12,8,local_search,dr_pwldr,219585.7001618469,219585.7001618469,0.05200004577636719,0.9170000553131104
3,12,8,local_search,reopt_pwldr,224069.37756396038,224069.37756396038,0.05200004577636719,0.9170000553131104
3,12,9,black_box,obj_pwldr,219589.48419940943,219586.89847098076,0.05299997329711914,6.736000061035156
3,12,9,black_box,dr_pwldr,219585.7001618469,219585.7001618469,0.05299997329711914,6.736000061035156
3,12,9,black_box,reopt_pwldr,224069.37756396038,224069.37756396038,0.05299997329711914,6.736000061035156
3,12,9,local_search,obj_pwldr,219589.48419940943,219586.89847098076,0.05299997329711914,1.1420001983642578
3,12,9,local_search,dr_pwldr,219585.7001618469,219585.7001618469,0.05299997329711914,1.1420001983642578
3,12,9,local_search,reopt_pwldr,224069.37756396038,224069.37756396038,0.05299997329711914,1.1420001983642578
3,12,10,black_box,obj_pwldr,219589.65196753823,219586.14121884535,0.0710000991821289,7.730000019073486
3,12,10,black_box,dr_pwldr,219585.7001618469,219585.7001618469,0.0710000991821289,7.730000019073486
3,12,10,black_box,reopt_pwldr,224069.37756396038,224069.37756396038,0.0710000991821289,7.730000019073486
3,12,10,local_search,obj_pwldr,219589.65196753823,219586.14121884535,0.0710000991821289,1.2369999885559082
3,12,10,local_search,dr_pwldr,219585.7001618469,219585.7001618469,0.0710000991821289,1.2369999885559082
3,12,10,local_search,reopt_pwldr,224069.37756396038,224069.37756396038,0.0710000991821289,1.2369999885559082
4,1,1,black_box,obj_pwldr,241700.0604062059,241693.73411953016,0.029999971389770508,3.549999952316284
4,1,1,black_box,dr_pwldr,241429.17575022217,241416.55422593703,0.029999971389770508,3.549999952316284
4,1,1,black_box,reopt_pwldr,188035.03474719124,188035.03474719112,0.029999971389770508,3.549999952316284
4,1,1,local_search,obj_pwldr,241700.0604062059,241693.7341195302,0.029999971389770508,0.23800015449523926
4,1,1,local_search,dr_pwldr,241429.17575022217,241416.55422593717,0.029999971389770508,0.23800015449523926
4,1,1,local_search,reopt_pwldr,188035.03474719124,188035.03474719124,0.029999971389770508,0.23800015449523926
4,1,2,black_box,obj_pwldr,243141.1313493352,241584.8057140966,0.03600001335144043,3.3320000171661377
4,1,2,black_box,dr_pwldr,242748.20793671577,241273.46334752557,0.03600001335144043,3.3320000171661377
4,1,2,black_box,reopt_pwldr,186062.03775777883,185250.10343476472,0.03600001335144043,3.3320000171661377
4,1,2,local_search,obj_pwldr,243141.1313493352,241571.85970223826,0.03600001335144043,0.47099995613098145
4,1,2,local_search,dr_pwldr,242748.20793671577,241275.54598046205,0.03600001335144043,0.47099995613098145
4,1,2,local_search,reopt_pwldr,186062.03775777883,184963.71616513806,0.03600001335144043,0.47099995613098145
4,1,3,black_box,obj_pwldr,241582.92147027157,241572.92718906872,0.03600001335144043,3.7689998149871826
4,1,3,black_box,dr_pwldr,241273.6512422731,241267.24527752327,0.03600001335144043,3.7689998149871826
4,1,3,black_box,reopt_pwldr,183572.25420376108,184418.9292417652,0.03600001335144043,3.7689998149871826
4,1,3,local_search,obj_pwldr,241582.92147027157,241572.92718906872,0.03600001335144043,0.4309999942779541
4,1,3,local_search,dr_pwldr,241273.6512422731,241267.24527752327,0.03600001335144043,0.4309999942779541
4,1,3,local_search,reopt_pwldr,183572.25420376108,184418.9292417652,0.03600001335144043,0.4309999942779541
4,1,4,black_box,obj_pwldr,242090.63869683535,241572.3857337138,0.04199981689453125,4.196000099182129
4,1,4,black_box,dr_pwldr,241718.27091546814,241275.42377325645,0.04199981689453125,4.196000099182129
4,1,4,black_box,reopt_pwldr,185548.38625023552,185384.90661879344,0.04199981689453125,4.196000099182129
4,1,4,local_search,obj_pwldr,242090.63869683535,241571.25435621108,0.04199981689453125,1.056999921798706
4,1,4,local_search,dr_pwldr,241718.27091546814,241280.12666672145,0.04199981689453125,1.056999921798706
4,1,4,local_search,reopt_pwldr,185548.38625023552,185887.4894498158,0.04199981689453125,1.056999921798706
4,1,5,black_box,obj_pwldr,241582.71534537876,241568.91962710815,0.03399991989135742,4.569000005722046
4,1,5,black_box,dr_pwldr,241303.83353447646,241255.32439966334,0.03399991989135742,4.569000005722046
4,1,5,black_box,reopt_pwldr,186911.263957323,183812.2431862679,0.03399991989135742,4.569000005722046
4,1,5,local_search,obj_pwldr,241582.71534537876,241568.91962710815,0.03399991989135742,0.5130000114440918
4,1,5,local_search,dr_pwldr,241303.83353447646,241255.32439966334,0.03399991989135742,0.5130000114440918
4,1,5,local_search,reopt_pwldr,186911.263957323,183812.2431862679,0.03399991989135742,0.5130000114440918
4,1,6,black_box,obj_pwldr,241822.0402198939,241566.59458039788,0.048999786376953125,5.009999990463257
4,1,6,black_box,dr_pwldr,241431.7261138469,241257.2083305323,0.048999786376953125,5.009999990463257
4,1,6,black_box,reopt_pwldr,182547.22506608523,184252.44770295118,0.048999786376953125,5.009999990463257
4,1,6,local_search,obj_pwldr,241822.0402198939,241565.57026473386,0.048999786376953125,0.9160001277923584
4,1,6,local_search,dr_pwldr,241431.7261138469,241258.69225910777,0.048999786376953125,0.9160001277923584
4,1,6,local_search,reopt_pwldr,182547.22506608523,184120.2838418166,0.048999786376953125,0.9160001277923584
4,1,7,black_box,obj_pwldr,241568.3701498197,241565.86575877547,0.04900002479553223,5.466000080108643
4,1,7,black_box,dr_pwldr,241262.33580057338,241260.82407143994,0.04900002479553223,5.466000080108643
4,1,7,black_box,reopt_pwldr,183572.25420376108,183671.671951748,0.04900002479553223,5.466000080108643
4,1,7,local_search,obj_pwldr,241568.3701498197,241563.22979667858,0.04900002479553223,1.061000108718872
4,1,7,local_search,dr_pwldr,241262.33580057338,241254.11033064616,0.04900002479553223,1.061000108718872
4,1,7,local_search,reopt_pwldr,183572.25420376108,183789.78065843918,0.04900002479553223,1.061000108718872
4,1,8,black_box,obj_pwldr,241707.5950725733,241563.46064061057,0.04399991035461426,5.9670000076293945
4,1,8,black_box,dr_pwldr,241350.3992895835,241255.5688311048,0.04399991035461426,5.9670000076293945
4,1,8,black_box,reopt_pwldr,184658.3048098622,183725.52386812228,0.04399991035461426,5.9670000076293945
4,1,8,local_search,obj_pwldr,241707.5950725733,241562.19900099077,0.04399991035461426,1.7549998760223389
4,1,8,local_search,dr_pwldr,241350.3992895835,241257.45437257452,0.04399991035461426,1.7549998760223389
4,1,8,local_search,reopt_pwldr,184658.3048098622,183934.0860099626,0.04399991035461426,1.7549998760223389
4,1,9,black_box,obj_pwldr,241571.02485030203,241564.3116174751,0.0559999942779541,6.463000059127808
4,1,9,black_box,dr_pwldr,241282.23522778173,241253.02504718993,0.0559999942779541,6.463000059127808
4,1,9,black_box,reopt_pwldr,185548.38625023552,183734.2274317312,0.0559999942779541,6.463000059127808
4,1,9,local_search,obj_pwldr,241571.02485030203,241561.2525587881,0.0559999942779541,5.860999822616577
4,1,9,local_search,dr_pwldr,241282.23522778173,241259.82724749707,0.0559999942779541,5.860999822616577
4,1,9,local_search,reopt_pwldr,185548.38625023552,184023.2874942646,0.0559999942779541,5.860999822616577
4,1,10,black_box,obj_pwldr,241656.8617728449,241563.2595099956,0.06299996376037598,7.188999891281128
4,1,10,black_box,dr_pwldr,241307.58695238648,241253.3588668557,0.06299996376037598,7.188999891281128
4,1,10,black_box,reopt_pwldr,184319.59940737527,183322.93948514696,0.06299996376037598,7.188999891281128
4,1,10,local_search,obj_pwldr,241656.8617728449,241561.47987779297,0.06299996376037598,4.412999868392944
4,1,10,local_search,dr_pwldr,241307.58695238648,241254.639935984,0.06299996376037598,4.412999868392944
4,1,10,local_search,reopt_pwldr,184319.59940737527,183669.41613422817,0.06299996376037598,4.412999868392944
4,2,1,black_box,obj_pwldr,255099.55847175384,255099.55847175384,0.032000064849853516,6.064000129699707
4,2,1,black_box,dr_pwldr,254611.42662680065,254611.42662680065,0.032000064849853516,6.064000129699707
4,2,1,black_box,reopt_pwldr,194193.18811443204,194193.18811443204,0.032000064849853516,6.064000129699707
4,2,1,local_search,obj_pwldr,255099.55847175384,255099.55847175384,0.032000064849853516,1.0099999904632568
4,2,1,local_search,dr_pwldr,254611.42662680065,254611.42662680065,0.032000064849853516,1.0099999904632568
4,2,1,local_search,reopt_pwldr,194193.18811443204,194193.18811443204,0.032000064849853516,1.0099999904632568
4,2,2,black_box,obj_pwldr,255099.55847175384,255099.55847175384,0.0820000171661377,12.184999942779541
4,2,2,black_box,dr_pwldr,254611.42662680065,254611.42662680065,0.0820000171661377,12.184999942779541
4,2,2,black_box,reopt_pwldr,194193.18811443204,194193.18811443204,0.0820000171661377,12.184999942779541
4,2,2,local_search,obj_pwldr,255099.55847175384,255099.55847175384,0.0820000171661377,1.0079998970031738
4,2,2,local_search,dr_pwldr,254611.42662680065,254611.42662680065,0.0820000171661377,1.0079998970031738
4,2,2,local_search,reopt_pwldr,194193.18811443204,194193.18811443204,0.0820000171661377,1.0079998970031738
4,2,3,black_box,obj_pwldr,255099.55847175384,255099.55847175384,0.11600017547607422,20.60599994659424
4,2,3,black_box,dr_pwldr,254611.42662680065,254611.42662680065,0.11600017547607422,20.60599994659424
4,2,3,black_box,reopt_pwldr,194193.18811443204,194193.18811443204,0.11600017547607422,20.60599994659424
4,2,3,local_search,obj_pwldr,255099.55847175384,255099.55847175384,0.11600017547607422,2.0990002155303955
4,2,3,local_search,dr_pwldr,254611.42662680065,254611.42662680065,0.11600017547607422,2.0990002155303955
4,2,3,local_search,reopt_pwldr,194193.18811443204,194193.18811443204,0.11600017547607422,2.0990002155303955
4,2,4,black_box,obj_pwldr,255099.55847175384,255099.55847175384,0.17599987983703613,31.079999923706055
4,2,4,black_box,dr_pwldr,254611.42662680065,254611.42662680065,0.17599987983703613,31.079999923706055
4,2,4,black_box,reopt_pwldr,194193.18811443204,194193.18811443204,0.17599987983703613,31.079999923706055
4,2,4,local_search,obj_pwldr,255099.55847175384,255099.55847175384,0.17599987983703613,3.6409997940063477
4,2,4,local_search,dr_pwldr,254611.42662680065,254611.42662680065,0.17599987983703613,3.6409997940063477
4,2,4,local_search,reopt_pwldr,194193.18811443204,194193.18811443204,0.17599987983703613,3.6409997940063477
4,2,5,black_box,obj_pwldr,255099.55847175384,255099.55847175384,0.2070000171661377,41.36500000953674
4,2,5,black_box,dr_pwldr,254611.42662680065,254611.42662680065,0.2070000171661377,41.36500000953674
4,2,5,black_box,reopt_pwldr,194193.18811443204,194193.18811443204,0.2070000171661377,41.36500000953674
4,2,5,local_search,obj_pwldr,255099.55847175384,255099.55847175384,0.2070000171661377,5.286999940872192
4,2,5,local_search,dr_pwldr,254611.42662680065,254611.42662680065,0.2070000171661377,5.286999940872192
4,2,5,local_search,reopt_pwldr,194193.18811443204,194193.18811443204,0.2070000171661377,5.286999940872192
4,2,6,black_box,obj_pwldr,255099.55847175384,255099.55847175384,0.29200005531311035,51.17300009727478
4,2,6,black_box,dr_pwldr,254611.42662680065,254611.42662680065,0.29200005531311035,51.17300009727478
4,2,6,black_box,reopt_pwldr,194193.18811443204,194193.18811443204,0.29200005531311035,51.17300009727478
4,2,6,local_search,obj_pwldr,255099.55847175384,255099.55847175384,0.29200005531311035,7.253999948501587
4,2,6,local_search,dr_pwldr,254611.42662680065,254611.42662680065,0.29200005531311035,7.253999948501587
4,2,6,local_search,reopt_pwldr,194193.18811443204,194193.18811443204,0.29200005531311035,7.253999948501587
4,2,7,black_box,obj_pwldr,255099.55847175384,255099.55847175384,0.3660001754760742,61.72099995613098
4,2,7,black_box,dr_pwldr,254611.42662680065,254611.42662680065,0.3660001754760742,61.72099995613098
4,2,7,black_box,reopt_pwldr,194193.18811443204,194193.18811443204,0.3660001754760742,61.72099995613098
4,2,7,local_search,obj_pwldr,255099.55847175384,255099.55847175384,0.3660001754760742,8.214999914169312
4,2,7,local_search,dr_pwldr,254611.42662680065,254611.42662680065,0.3660001754760742,8.214999914169312
4,2,7,local_search,reopt_pwldr,194193.18811443204,194193.18811443204,0.3660001754760742,8.214999914169312
4,2,8,black_box,obj_pwldr,255099.55847175384,255099.55847175384,0.4070000648498535,72.81199979782104
4,2,8,black_box,dr_pwldr,254611.42662680065,254611.42662680065,0.4070000648498535,72.81199979782104
4,2,8,black_box,reopt_pwldr,194193.18811443204,194193.18811443204,0.4070000648498535,72.81199979782104
4,2,8,local_search,obj_pwldr,255099.55847175384,255099.55847175384,0.4070000648498535,9.687999963760376
4,2,8,local_search,dr_pwldr,254611.42662680065,254611.42662680065,0.4070000648498535,9.687999963760376
4,2,8,local_search,reopt_pwldr,194193.18811443204,194193.18811443204,0.4070000648498535,9.687999963760376
4,2,9,black_box,obj_pwldr,255099.55847175384,255099.55847175384,0.4519999027252197,82.7979998588562
4,2,9,black_box,dr_pwldr,254611.42662680065,254611.42662680065,0.4519999027252197,82.7979998588562
4,2,9,black_box,reopt_pwldr,194193.18811443204,194193.18811443204,0.4519999027252197,82.7979998588562
4,2,9,local_search,obj_pwldr,255099.55847175384,255099.55847175384,0.4519999027252197,13.199000120162964
4,2,9,local_search,dr_pwldr,254611.42662680065,254611.42662680065,0.4519999027252197,13.199000120162964
4,2,9,local_search,reopt_pwldr,194193.18811443204,194193.18811443204,0.4519999027252197,13.199000120162964
4,2,10,black_box,obj_pwldr,255099.55847175384,255099.55847175384,0.4869999885559082,93.10599994659424
4,2,10,black_box,dr_pwldr,254611.42662680065,254611.42662680065,0.4869999885559082,93.10599994659424
4,2,10,black_box,reopt_pwldr,194193.18811443204,194193.18811443204,0.4869999885559082,93.10599994659424
4,2,10,local_search,obj_pwldr,255099.55847175384,255099.55847175384,0.4869999885559082,14.545000076293945
4,2,10,local_search,dr_pwldr,254611.42662680065,254611.42662680065,0.4869999885559082,14.545000076293945
4,2,10,local_search,reopt_pwldr,194193.18811443204,194193.18811443204,0.4869999885559082,14.545000076293945
4,3,1,black_box,obj_pwldr,255099.78512932942,255099.52264758496,0.031000137329101562,2.93500018119812
4,3,1,black_box,dr_pwldr,254777.50211295235,254611.42662680065,0.031000137329101562,2.93500018119812
4,3,1,black_box,reopt_pwldr,194193.18811443204,194193.18811443204,0.031000137329101562,2.93500018119812
4,3,1,local_search,obj_pwldr,255099.78512932942,255099.52264758496,0.031000137329101562,0.2349998950958252
4,3,1,local_search,dr_pwldr,254777.50211295235,254611.42662680065,0.031000137329101562,0.2349998950958252
4,3,1,local_search,reopt_pwldr,194193.18811443204,194193.18811443204,0.031000137329101562,0.2349998950958252
4,3,2,black_box,obj_pwldr,255100.1146197198,255099.3735792471,0.03299999237060547,3.4200000762939453
4,3,2,black_box,dr_pwldr,254611.42662680065,254785.99142349671,0.03299999237060547,3.4200000762939453
4,3,2,black_box,reopt_pwldr,194193.18811443204,194193.18811443204,0.03299999237060547,3.4200000762939453
4,3,2,local_search,obj_pwldr,255100.1146197198,255099.3735792471,0.03299999237060547,0.2839999198913574
4,3,2,local_search,dr_pwldr,254611.42662680065,254785.99142349671,0.03299999237060547,0.2839999198913574
4,3,2,local_search,reopt_pwldr,194193.18811443204,194193.18811443204,0.03299999237060547,0.2839999198913574
4,3,3,black_box,obj_pwldr,255099.98866712098,255099.40734166384,0.039999961853027344,3.7939999103546143
4,3,3,black_box,dr_pwldr,254777.50211295235,254785.99142349671,0.039999961853027344,3.7939999103546143
4,3,3,black_box,reopt_pwldr,194193.18811443204,194193.18811443204,0.039999961853027344,3.7939999103546143
4,3,3,local_search,obj_pwldr,255099.98866712098,255099.40734166384,0.039999961853027344,0.3839998245239258
4,3,3,local_search,dr_pwldr,254777.50211295235,254785.99142349671,0.039999961853027344,0.3839998245239258
4,3,3,local_search,reopt_pwldr,194193.18811443204,194193.18811443204,0.039999961853027344,0.3839998245239258
4,3,4,black_box,obj_pwldr,255099.92384299263,255099.52890525264,0.042999982833862305,4.2820000648498535
4,3,4,black_box,dr_pwldr,254785.99142349671,254785.99142349671,0.042999982833862305,4.2820000648498535
4,3,4,black_box,reopt_pwldr,194193.18811443204,194193.18811443204,0.042999982833862305,4.2820000648498535
4,3,4,local_search,obj_pwldr,255099.92384299263,255099.52890525264,0.042999982833862305,0.4419999122619629
4,3,4,local_search,dr_pwldr,254785.99142349671,254785.99142349671,0.042999982833862305,0.4419999122619629
4,3,4,local_search,reopt_pwldr,194193.18811443204,194193.18811443204,0.042999982833862305,0.4419999122619629
4,3,5,black_box,obj_pwldr,255099.8557124405,255099.46607223817,0.03699994087219238,4.732000112533569
4,3,5,black_box,dr_pwldr,254785.99142349671,254785.99142349671,0.03699994087219238,4.732000112533569
4,3,5,black_box,reopt_pwldr,194193.18811443204,194193.18811443204,0.03699994087219238,4.732000112533569
4,3,5,local_search,obj_pwldr,255099.8557124405,255099.46607223817,0.03699994087219238,0.5169999599456787
4,3,5,local_search,dr_pwldr,254785.99142349671,254785.99142349671,0.03699994087219238,0.5169999599456787
4,3,5,local_search,reopt_pwldr,194193.18811443204,194193.18811443204,0.03699994087219238,0.5169999599456787
4,3,6,black_box,obj_pwldr,255099.96373141365,255099.14502569282,0.04399991035461426,5.323999881744385
4,3,6,black_box,dr_pwldr,254777.50211295235,254800.87918179482,0.04399991035461426,5.323999881744385
4,3,6,black_box,reopt_pwldr,194193.18811443204,194193.18811443204,0.04399991035461426,5.323999881744385
4,3,6,local_search,obj_pwldr,255099.96373141365,255098.75642296113,0.04399991035461426,2.5759999752044678
4,3,6,local_search,dr_pwldr,254777.50211295235,254626.3101691847,0.04399991035461426,2.5759999752044678
4,3,6,local_search,reopt_pwldr,194193.18811443204,194193.18811443204,0.04399991035461426,2.5759999752044678
4,3,7,black_box,obj_pwldr,255100.02456996893,255099.54993106273,0.05000019073486328,6.1570000648498535
4,3,7,black_box,dr_pwldr,254777.50211295235,254611.42662680065,0.05000019073486328,6.1570000648498535
4,3,7,black_box,reopt_pwldr,194193.18811443204,194193.18811443204,0.05000019073486328,6.1570000648498535
4,3,7,local_search,obj_pwldr,255100.02456996893,255098.95669407025,0.05000019073486328,1.5480000972747803
4,3,7,local_search,dr_pwldr,254777.50211295235,254611.42662680018,0.05000019073486328,1.5480000972747803
4,3,7,local_search,reopt_pwldr,194193.18811443204,194193.1881144317,0.05000019073486328,1.5480000972747803
4,3,8,black_box,obj_pwldr,255099.97805604961,255099.10328136623,0.05099987983703613,6.3459999561309814
4,3,8,black_box,dr_pwldr,254777.50211295235,254626.3143620646,0.05099987983703613,6.3459999561309814
4,3,8,black_box,reopt_pwldr,194193.18811443204,194193.18811443204,0.05099987983703613,6.3459999561309814
4,3,8,local_search,obj_pwldr,255099.97805604961,255098.84030221432,0.05099987983703613,2.427999973297119
4,3,8,local_search,dr_pwldr,254777.50211295235,254792.3876822686,0.05099987983703613,2.427999973297119
4,3,8,local_search,reopt_pwldr,194193.18811443204,194193.18811443204,0.05099987983703613,2.427999973297119
4,3,9,black_box,obj_pwldr,255099.93768482574,255099.04366116563,0.05299997329711914,6.888999938964844
4,3,9,black_box,dr_pwldr,254611.42662680065,254800.8791638561,0.05299997329711914,6.888999938964844
4,3,9,black_box,reopt_pwldr,194193.18811443204,194193.18811443204,0.05299997329711914,6.888999938964844
4,3,9,local_search,obj_pwldr,255099.93768482574,255098.9432648492,0.05299997329711914,2.872999906539917
4,3,9,local_search,dr_pwldr,254611.42662680065,254792.38790401458,0.05299997329711914,2.872999906539917
4,3,9,local_search,reopt_pwldr,194193.18811443204,194193.18811443204,0.05299997329711914,2.872999906539917
4,3,10,black_box,obj_pwldr,255099.99200171058,255099.4963415424,0.0820000171661377,7.368000030517578
4,3,10,black_box,dr_pwldr,254611.42662680065,254626.30581581182,0.0820000171661377,7.368000030517578
4,3,10,black_box,reopt_pwldr,194193.18811443204,194193.18811443204,0.0820000171661377,7.368000030517578
4,3,10,local_search,obj_pwldr,255099.99200171058,255099.36442258325,0.0820000171661377,2.2819998264312744
4,3,10,local_search,dr_pwldr,254611.42662680065,254792.3832209465,0.0820000171661377,2.2819998264312744
4,3,10,local_search,reopt_pwldr,194193.18811443204,194193.18811443204,0.0820000171661377,2.2819998264312744
4,4,1,black_box,obj_pwldr,255105.0497520563,255095.89050261944,0.023000001907348633,3.0169999599456787
4,4,1,black_box,dr_pwldr,254611.42662680065,254611.42662680065,0.023000001907348633,3.0169999599456787
4,4,1,black_box,reopt_pwldr,194193.18811443204,194193.18811443204,0.023000001907348633,3.0169999599456787
4,4,1,local_search,obj_pwldr,255105.0497520563,255095.89050261944,0.023000001907348633,0.22900009155273438
4,4,1,local_search,dr_pwldr,254611.42662680065,254611.42662680065,0.023000001907348633,0.22900009155273438
4,4,1,local_search,reopt_pwldr,194193.18811443204,194193.18811443204,0.023000001907348633,0.22900009155273438
4,4,2,black_box,obj_pwldr,255100.27199945803,255096.82456963015,0.03099989891052246,3.3910000324249268
4,4,2,black_box,dr_pwldr,254611.42662680065,254611.42662680065,0.03099989891052246,3.3910000324249268
4,4,2,black_box,reopt_pwldr,194193.18811443204,194193.18811443204,0.03099989891052246,3.3910000324249268
4,4,2,local_search,obj_pwldr,255100.27199945803,255096.82456963015,0.03099989891052246,0.2869999408721924
4,4,2,local_search,dr_pwldr,254611.42662680065,254611.42662680065,0.03099989891052246,0.2869999408721924
4,4,2,local_search,reopt_pwldr,194193.18811443204,194193.18811443204,0.03099989891052246,0.2869999408721924
4,4,3,black_box,obj_pwldr,255100.50427392154,255096.72926487727,0.03399991989135742,3.7760000228881836
4,4,3,black_box,dr_pwldr,254611.42662680065,254611.42662680065,0.03399991989135742,3.7760000228881836
4,4,3,black_box,reopt_pwldr,194193.18811443204,194193.18811443204,0.03399991989135742,3.7760000228881836
4,4,3,local_search,obj_pwldr,255100.50427392154,255096.4084010886,0.03399991989135742,0.6409997940063477
4,4,3,local_search,dr_pwldr,254611.42662680065,254611.42662680065,0.03399991989135742,0.6409997940063477
4,4,3,local_search,reopt_pwldr,194193.18811443204,194193.18811443204,0.03399991989135742,0.6409997940063477
4,4,4,black_box,obj_pwldr,255101.3026246284,255098.5227545937,0.0409998893737793,4.240999937057495
4,4,4,black_box,dr_pwldr,254611.42662680065,254611.42662680065,0.0409998893737793,4.240999937057495
4,4,4,black_box,reopt_pwldr,194193.18811443204,194193.18811443204,0.0409998893737793,4.240999937057495
4,4,4,local_search,obj_pwldr,255101.3026246284,255098.5227545937,0.0409998893737793,0.43000006675720215
4,4,4,local_search,dr_pwldr,254611.42662680065,254611.42662680065,0.0409998893737793,0.43000006675720215
4,4,4,local_search,reopt_pwldr,194193.18811443204,194193.18811443204,0.0409998893737793,0.43000006675720215
4,4,5,black_box,obj_pwldr,255101.6618294277,255098.72658917517,0.03399991989135742,4.543999910354614
4,4,5,black_box,dr_pwldr,254611.42662680065,254611.42662680065,0.03399991989135742,4.543999910354614
4,4,5,black_box,reopt_pwldr,194193.18811443204,194193.18811443204,0.03399991989135742,4.543999910354614
4,4,5,local_search,obj_pwldr,255101.6618294277,255098.72658917517,0.03399991989135742,0.5190000534057617
4,4,5,local_search,dr_pwldr,254611.42662680065,254611.42662680065,0.03399991989135742,0.5190000534057617
4,4,5,local_search,reopt_pwldr,194193.18811443204,194193.18811443204,0.03399991989135742,0.5190000534057617
4,4,6,black_box,obj_pwldr,255100.54982178024,255098.7995279582,0.037999868392944336,5.394000053405762
4,4,6,black_box,dr_pwldr,254611.42662680065,254611.42662680065,0.037999868392944336,5.394000053405762
4,4,6,black_box,reopt_pwldr,194193.18811443204,194193.18811443204,0.037999868392944336,5.394000053405762
4,4,6,local_search,obj_pwldr,255100.54982178024,255098.7995279582,0.037999868392944336,0.6909999847412109
4,4,6,local_search,dr_pwldr,254611.42662680065,254611.42662680065,0.037999868392944336,0.6909999847412109
4,4,6,local_search,reopt_pwldr,194193.18811443204,194193.18811443204,0.037999868392944336,0.6909999847412109
4,4,7,black_box,obj_pwldr,255101.36383337813,255099.10375357018,0.051000118255615234,5.718999862670898
4,4,7,black_box,dr_pwldr,254611.42662680065,254611.42662680065,0.051000118255615234,5.718999862670898
4,4,7,black_box,reopt_pwldr,194193.18811443204,194193.18811443204,0.051000118255615234,5.718999862670898
4,4,7,local_search,obj_pwldr,255101.36383337813,255099.10375357018,0.051000118255615234,0.7279999256134033
4,4,7,local_search,dr_pwldr,254611.42662680065,254611.42662680065,0.051000118255615234,0.7279999256134033
4,4,7,local_search,reopt_pwldr,194193.18811443204,194193.18811443204,0.051000118255615234,0.7279999256134033
4,4,8,black_box,obj_pwldr,255100.33973754803,255099.46774362412,0.04800009727478027,5.997999906539917
4,4,8,black_box,dr_pwldr,254611.42662680065,254611.42662680065,0.04800009727478027,5.997999906539917
4,4,8,black_box,reopt_pwldr,194193.18811443204,194193.18811443204,0.04800009727478027,5.997999906539917
4,4,8,local_search,obj_pwldr,255100.33973754803,255098.9905057946,0.04800009727478027,2.0209999084472656
4,4,8,local_search,dr_pwldr,254611.42662680065,254611.42662680065,0.04800009727478027,2.0209999084472656
4,4,8,local_search,reopt_pwldr,194193.18811443204,194193.18811443204,0.04800009727478027,2.0209999084472656
4,4,9,black_box,obj_pwldr,255101.7345193879,255099.2006456692,0.06199979782104492,6.559000015258789
4,4,9,black_box,dr_pwldr,254611.42662680065,254611.42662680065,0.06199979782104492,6.559000015258789
4,4,9,black_box,reopt_pwldr,194193.18811443204,194193.18811443204,0.06199979782104492,6.559000015258789
4,4,9,local_search,obj_pwldr,255101.7345193879,255099.2006456692,0.06199979782104492,1.0269999504089355
4,4,9,local_search,dr_pwldr,254611.42662680065,254611.42662680065,0.06199979782104492,1.0269999504089355
4,4,9,local_search,reopt_pwldr,194193.18811443204,194193.18811443204,0.06199979782104492,1.0269999504089355
4,4,10,black_box,obj_pwldr,255100.9543447037,255099.18299907836,0.0559999942779541,7.041999816894531
4,4,10,black_box,dr_pwldr,254611.42662680065,254611.42662680065,0.0559999942779541,7.041999816894531
4,4,10,black_box,reopt_pwldr,194193.18811443204,194193.18811443204,0.0559999942779541,7.041999816894531
4,4,10,local_search,obj_pwldr,255100.9543447037,255099.18299907836,0.0559999942779541,1.1589999198913574
4,4,10,local_search,dr_pwldr,254611.42662680065,254611.42662680065,0.0559999942779541,1.1589999198913574
4,4,10,local_search,reopt_pwldr,194193.18811443204,194193.18811443204,0.0559999942779541,1.1589999198913574
4,5,1,black_box,obj_pwldr,255099.55847175384,255099.55847175384,0.029000043869018555,2.743000030517578
4,5,1,black_box,dr_pwldr,254611.42662680065,254611.42662680065,0.029000043869018555,2.743000030517578
4,5,1,black_box,reopt_pwldr,194193.18811443204,194193.18811443204,0.029000043869018555,2.743000030517578
4,5,1,local_search,obj_pwldr,255099.55847175384,255099.55847175384,0.029000043869018555,0.21799993515014648
4,5,1,local_search,dr_pwldr,254611.42662680065,254611.42662680065,0.029000043869018555,0.21799993515014648
4,5,1,local_search,reopt_pwldr,194193.18811443204,194193.18811443204,0.029000043869018555,0.21799993515014648
4,5,2,black_box,obj_pwldr,255099.55847175384,255099.55847175384,0.032000064849853516,3.0840001106262207
4,5,2,black_box,dr_pwldr,254611.42662680065,254611.42662680065,0.032000064849853516,3.0840001106262207
4,5,2,black_box,reopt_pwldr,194193.18811443204,194193.18811443204,0.032000064849853516,3.0840001106262207
4,5,2,local_search,obj_pwldr,255099.55847175384,255099.55847175384,0.032000064849853516,0.2669999599456787
4,5,2,local_search,dr_pwldr,254611.42662680065,254611.42662680065,0.032000064849853516,0.2669999599456787
4,5,2,local_search,reopt_pwldr,194193.18811443204,194193.18811443204,0.032000064849853516,0.2669999599456787
4,5,3,black_box,obj_pwldr,255099.55847175384,255099.55847175384,0.04500007629394531,3.9700000286102295
4,5,3,black_box,dr_pwldr,254611.42662680065,254611.42662680065,0.04500007629394531,3.9700000286102295
4,5,3,black_box,reopt_pwldr,194193.18811443204,194193.18811443204,0.04500007629394531,3.9700000286102295
4,5,3,local_search,obj_pwldr,255099.55847175384,255099.55847175384,0.04500007629394531,0.3250000476837158
4,5,3,local_search,dr_pwldr,254611.42662680065,254611.42662680065,0.04500007629394531,0.3250000476837158
4,5,3,local_search,reopt_pwldr,194193.18811443204,194193.18811443204,0.04500007629394531,0.3250000476837158
4,5,4,black_box,obj_pwldr,255099.55847175384,255099.55847175384,0.04200005531311035,3.7079999446868896
4,5,4,black_box,dr_pwldr,254611.42662680065,254611.42662680065,0.04200005531311035,3.7079999446868896
4,5,4,black_box,reopt_pwldr,194193.18811443204,194193.18811443204,0.04200005531311035,3.7079999446868896
4,5,4,local_search,obj_pwldr,255099.55847175384,255099.55847175384,0.04200005531311035,0.3919999599456787
4,5,4,local_search,dr_pwldr,254611.42662680065,254611.42662680065,0.04200005531311035,0.3919999599456787
4,5,4,local_search,reopt_pwldr,194193.18811443204,194193.18811443204,0.04200005531311035,0.3919999599456787
4,5,5,black_box,obj_pwldr,255099.55847175384,255099.55847175384,0.037999868392944336,4.011000156402588
4,5,5,black_box,dr_pwldr,254611.42662680065,254611.42662680065,0.037999868392944336,4.011000156402588
4,5,5,black_box,reopt_pwldr,194193.18811443204,194193.18811443204,0.037999868392944336,4.011000156402588
4,5,5,local_search,obj_pwldr,255099.55847175384,255099.55847175384,0.037999868392944336,0.4590001106262207
4,5,5,local_search,dr_pwldr,254611.42662680065,254611.42662680065,0.037999868392944336,0.4590001106262207
4,5,5,local_search,reopt_pwldr,194193.18811443204,194193.18811443204,0.037999868392944336,0.4590001106262207
4,5,6,black_box,obj_pwldr,255099.55847175384,255099.55847175384,0.0410001277923584,4.329999923706055
4,5,6,black_box,dr_pwldr,254611.42662680065,254611.42662680065,0.0410001277923584,4.329999923706055
4,5,6,black_box,reopt_pwldr,194193.18811443204,194193.18811443204,0.0410001277923584,4.329999923706055
4,5,6,local_search,obj_pwldr,255099.55847175384,255099.55847175384,0.0410001277923584,0.5099999904632568
4,5,6,local_search,dr_pwldr,254611.42662680065,254611.42662680065,0.0410001277923584,0.5099999904632568
4,5,6,local_search,reopt_pwldr,194193.18811443204,194193.18811443204,0.0410001277923584,0.5099999904632568
4,5,7,black_box,obj_pwldr,255099.55847175384,255099.55847175384,0.04700016975402832,5.0290000438690186
4,5,7,black_box,dr_pwldr,254611.42662680065,254611.42662680065,0.04700016975402832,5.0290000438690186
4,5,7,black_box,reopt_pwldr,194193.18811443204,194193.18811443204,0.04700016975402832,5.0290000438690186
4,5,7,local_search,obj_pwldr,255099.55847175384,255099.55847175384,0.04700016975402832,0.6989998817443848
4,5,7,local_search,dr_pwldr,254611.42662680065,254611.42662680065,0.04700016975402832,0.6989998817443848
4,5,7,local_search,reopt_pwldr,194193.18811443204,194193.18811443204,0.04700016975402832,0.6989998817443848
4,5,8,black_box,obj_pwldr,255099.55847175384,255099.55847175384,0.04800009727478027,5.397000074386597
4,5,8,black_box,dr_pwldr,254611.42662680065,254611.42662680065,0.04800009727478027,5.397000074386597
4,5,8,black_box,reopt_pwldr,194193.18811443204,194193.18811443204,0.04800009727478027,5.397000074386597
4,5,8,local_search,obj_pwldr,255099.55847175384,255099.55847175384,0.04800009727478027,0.7269999980926514
4,5,8,local_search,dr_pwldr,254611.42662680065,254611.42662680065,0.04800009727478027,0.7269999980926514
4,5,8,local_search,reopt_pwldr,194193.18811443204,194193.18811443204,0.04800009727478027,0.7269999980926514
4,5,9,black_box,obj_pwldr,255099.55847175384,255099.55847175384,0.053999900817871094,5.460000038146973
4,5,9,black_box,dr_pwldr,254611.42662680065,254611.42662680065,0.053999900817871094,5.460000038146973
4,5,9,black_box,reopt_pwldr,194193.18811443204,194193.18811443204,0.053999900817871094,5.460000038146973
4,5,9,local_search,obj_pwldr,255099.55847175384,255099.55847175384,0.053999900817871094,0.8339998722076416
4,5,9,local_search,dr_pwldr,254611.42662680065,254611.42662680065,0.053999900817871094,0.8339998722076416
4,5,9,local_search,reopt_pwldr,194193.18811443204,194193.18811443204,0.053999900817871094,0.8339998722076416
4,5,10,black_box,obj_pwldr,255099.55847175384,255099.55847175384,0.04500007629394531,5.866000175476074
4,5,10,black_box,dr_pwldr,254611.42662680065,254611.42662680065,0.04500007629394531,5.866000175476074
4,5,10,black_box,reopt_pwldr,194193.18811443204,194193.18811443204,0.04500007629394531,5.866000175476074
4,5,10,local_search,obj_pwldr,255099.55847175384,255099.55847175384,0.04500007629394531,0.9129998683929443
4,5,10,local_search,dr_pwldr,254611.42662680065,254611.42662680065,0.04500007629394531,0.9129998683929443
4,5,10,local_search,reopt_pwldr,194193.18811443204,194193.18811443204,0.04500007629394531,0.9129998683929443
4,6,1,black_box,obj_pwldr,255099.55847175384,255099.55847175384,0.029000043869018555,2.7109999656677246
4,6,1,black_box,dr_pwldr,254611.42662680065,254611.42662680065,0.029000043869018555,2.7109999656677246
4,6,1,black_box,reopt_pwldr,194193.18811443204,194193.18811443204,0.029000043869018555,2.7109999656677246
4,6,1,local_search,obj_pwldr,255099.55847175384,255099.55847175384,0.029000043869018555,0.22099995613098145
4,6,1,local_search,dr_pwldr,254611.42662680065,254611.42662680065,0.029000043869018555,0.22099995613098145
4,6,1,local_search,reopt_pwldr,194193.18811443204,194193.18811443204,0.029000043869018555,0.22099995613098145
4,6,2,black_box,obj_pwldr,255099.55847175384,255099.55847175384,0.026999950408935547,3.052000045776367
4,6,2,black_box,dr_pwldr,254611.42662680065,254611.42662680065,0.026999950408935547,3.052000045776367
4,6,2,black_box,reopt_pwldr,194193.18811443204,194193.18811443204,0.026999950408935547,3.052000045776367
4,6,2,local_search,obj_pwldr,255099.55847175384,255099.55847175384,0.026999950408935547,0.2929999828338623
4,6,2,local_search,dr_pwldr,254611.42662680065,254611.42662680065,0.026999950408935547,0.2929999828338623
4,6,2,local_search,reopt_pwldr,194193.18811443204,194193.18811443204,0.026999950408935547,0.2929999828338623
4,6,3,black_box,obj_pwldr,255099.55847175384,255099.55847175384,0.0409998893737793,3.2929999828338623
4,6,3,black_box,dr_pwldr,254611.42662680065,254611.42662680065,0.0409998893737793,3.2929999828338623
4,6,3,black_box,reopt_pwldr,194193.18811443204,194193.18811443204,0.0409998893737793,3.2929999828338623
4,6,3,local_search,obj_pwldr,255099.55847175384,255099.55847175384,0.0409998893737793,0.3250000476837158
4,6,3,local_search,dr_pwldr,254611.42662680065,254611.42662680065,0.0409998893737793,0.3250000476837158
4,6,3,local_search,reopt_pwldr,194193.18811443204,194193.18811443204,0.0409998893737793,0.3250000476837158
4,6,4,black_box,obj_pwldr,255099.55847175384,255099.55847175384,0.03299999237060547,3.615000009536743
4,6,4,black_box,dr_pwldr,254611.42662680065,254611.42662680065,0.03299999237060547,3.615000009536743
4,6,4,black_box,reopt_pwldr,194193.18811443204,194193.18811443204,0.03299999237060547,3.615000009536743
4,6,4,local_search,obj_pwldr,255099.55847175384,255099.55847175384,0.03299999237060547,0.43899989128112793
4,6,4,local_search,dr_pwldr,254611.42662680065,254611.42662680065,0.03299999237060547,0.43899989128112793
4,6,4,local_search,reopt_pwldr,194193.18811443204,194193.18811443204,0.03299999237060547,0.43899989128112793
4,6,5,black_box,obj_pwldr,255099.55847175384,255099.55847175384,0.031999826431274414,3.9179999828338623
4,6,5,black_box,dr_pwldr,254611.42662680065,254611.42662680065,0.031999826431274414,3.9179999828338623
4,6,5,black_box,reopt_pwldr,194193.18811443204,194193.18811443204,0.031999826431274414,3.9179999828338623
4,6,5,local_search,obj_pwldr,255099.55847175384,255099.55847175384,0.031999826431274414,0.47500014305114746
4,6,5,local_search,dr_pwldr,254611.42662680065,254611.42662680065,0.031999826431274414,0.47500014305114746
4,6,5,local_search,reopt_pwldr,194193.18811443204,194193.18811443204,0.031999826431274414,0.47500014305114746
4,6,6,black_box,obj_pwldr,255099.55847175384,255099.55847175384,0.03599977493286133,4.257999897003174
4,6,6,black_box,dr_pwldr,254611.42662680065,254611.42662680065,0.03599977493286133,4.257999897003174
4,6,6,black_box,reopt_pwldr,194193.18811443204,194193.18811443204,0.03599977493286133,4.257999897003174
4,6,6,local_search,obj_pwldr,255099.55847175384,255099.55847175384,0.03599977493286133,0.5500001907348633
4,6,6,local_search,dr_pwldr,254611.42662680065,254611.42662680065,0.03599977493286133,0.5500001907348633
4,6,6,local_search,reopt_pwldr,194193.18811443204,194193.18811443204,0.03599977493286133,0.5500001907348633
4,6,7,black_box,obj_pwldr,255099.55847175384,255099.55847175384,0.04500007629394531,4.623999834060669
4,6,7,black_box,dr_pwldr,254611.42662680065,254611.42662680065,0.04500007629394531,4.623999834060669
4,6,7,black_box,reopt_pwldr,194193.18811443204,194193.18811443204,0.04500007629394531,4.623999834060669
4,6,7,local_search,obj_pwldr,255099.55847175384,255099.55847175384,0.04500007629394531,0.6449999809265137
4,6,7,local_search,dr_pwldr,254611.42662680065,254611.42662680065,0.04500007629394531,0.6449999809265137
4,6,7,local_search,reopt_pwldr,194193.18811443204,194193.18811443204,0.04500007629394531,0.6449999809265137
4,6,8,black_box,obj_pwldr,255099.55847175384,255099.55847175384,0.0409998893737793,5.0320000648498535
4,6,8,black_box,dr_pwldr,254611.42662680065,254611.42662680065,0.0409998893737793,5.0320000648498535
4,6,8,black_box,reopt_pwldr,194193.18811443204,194193.18811443204,0.0409998893737793,5.0320000648498535
4,6,8,local_search,obj_pwldr,255099.55847175384,255099.55847175384,0.0409998893737793,0.7190001010894775
4,6,8,local_search,dr_pwldr,254611.42662680065,254611.42662680065,0.0409998893737793,0.7190001010894775
4,6,8,local_search,reopt_pwldr,194193.18811443204,194193.18811443204,0.0409998893737793,0.7190001010894775
4,6,9,black_box,obj_pwldr,255099.55847175384,255099.55847175384,0.04200005531311035,5.651000022888184
4,6,9,black_box,dr_pwldr,254611.42662680065,254611.42662680065,0.04200005531311035,5.651000022888184
4,6,9,black_box,reopt_pwldr,194193.18811443204,194193.18811443204,0.04200005531311035,5.651000022888184
4,6,9,local_search,obj_pwldr,255099.55847175384,255099.55847175384,0.04200005531311035,0.9790000915527344
4,6,9,local_search,dr_pwldr,254611.42662680065,254611.42662680065,0.04200005531311035,0.9790000915527344
4,6,9,local_search,reopt_pwldr,194193.18811443204,194193.18811443204,0.04200005531311035,0.9790000915527344
4,6,10,black_box,obj_pwldr,255099.55847175384,255099.55847175384,0.05500006675720215,6.004999876022339
4,6,10,black_box,dr_pwldr,254611.42662680065,254611.42662680065,0.05500006675720215,6.004999876022339
4,6,10,black_box,reopt_pwldr,194193.18811443204,194193.18811443204,0.05500006675720215,6.004999876022339
4,6,10,local_search,obj_pwldr,255099.55847175384,255099.55847175384,0.05500006675720215,0.937000036239624
4,6,10,local_search,dr_pwldr,254611.42662680065,254611.42662680065,0.05500006675720215,0.937000036239624
4,6,10,local_search,reopt_pwldr,194193.18811443204,194193.18811443204,0.05500006675720215,0.937000036239624
4,7,1,black_box,obj_pwldr,241523.23260581988,241520.00768116664,0.0279998779296875,2.7870001792907715
4,7,1,black_box,dr_pwldr,241479.2826069406,241468.47748226445,0.0279998779296875,2.7870001792907715
4,7,1,black_box,reopt_pwldr,194193.188114432,194193.18811443204,0.0279998779296875,2.7870001792907715
4,7,1,local_search,obj_pwldr,241523.23260581988,241520.00768116664,0.0279998779296875,0.21000003814697266
4,7,1,local_search,dr_pwldr,241479.2826069406,241468.47748226445,0.0279998779296875,0.21000003814697266
4,7,1,local_search,reopt_pwldr,194193.188114432,194193.18811443204,0.0279998779296875,0.21000003814697266
4,7,2,black_box,obj_pwldr,242881.62217678543,241410.26880453803,0.029999971389770508,3.123000144958496
4,7,2,black_box,dr_pwldr,242673.2254550996,241307.3230754975,0.029999971389770508,3.123000144958496
4,7,2,black_box,reopt_pwldr,188035.03474719112,187476.38323637826,0.029999971389770508,3.123000144958496
4,7,2,local_search,obj_pwldr,242881.62217678543,241410.26880453803,0.029999971389770508,0.27300000190734863
4,7,2,local_search,dr_pwldr,242673.2254550996,241307.3230754975,0.029999971389770508,0.27300000190734863
4,7,2,local_search,reopt_pwldr,188035.03474719112,187476.38323637826,0.029999971389770508,0.27300000190734863
4,7,3,black_box,obj_pwldr,241422.2140309886,241399.58186548186,0.029999971389770508,3.3530001640319824
4,7,3,black_box,dr_pwldr,241293.35267573243,241293.41911217078,0.029999971389770508,3.3530001640319824
4,7,3,black_box,reopt_pwldr,182646.63206161305,185829.322784362,0.029999971389770508,3.3530001640319824
4,7,3,local_search,obj_pwldr,241422.2140309886,241399.58186548186,0.029999971389770508,0.3400001525878906
4,7,3,local_search,dr_pwldr,241293.35267573243,241293.41911217078,0.029999971389770508,0.3400001525878906
4,7,3,local_search,reopt_pwldr,182646.63206161305,185829.322784362,0.029999971389770508,0.3400001525878906
4,7,4,black_box,obj_pwldr,241877.59175860713,241404.09401375297,0.032000064849853516,3.6599998474121094
4,7,4,black_box,dr_pwldr,241685.49213314542,241285.625986024,0.032000064849853516,3.6599998474121094
4,7,4,black_box,reopt_pwldr,184763.32389209207,185355.14930801612,0.032000064849853516,3.6599998474121094
4,7,4,local_search,obj_pwldr,241877.59175860713,241403.88072697687,0.032000064849853516,0.9500000476837158
4,7,4,local_search,dr_pwldr,241685.49213314542,241288.0815087792,0.032000064849853516,0.9500000476837158
4,7,4,local_search,reopt_pwldr,184763.32389209207,185676.67019402538,0.032000064849853516,0.9500000476837158
4,7,5,black_box,obj_pwldr,241406.65413266135,241397.84556057767,0.03500008583068848,3.99399995803833
4,7,5,black_box,dr_pwldr,241306.49036221934,241283.52715205794,0.03500008583068848,3.99399995803833
4,7,5,black_box,reopt_pwldr,186239.6051548712,184580.31072149888,0.03500008583068848,3.99399995803833
4,7,5,local_search,obj_pwldr,241406.65413266135,241395.86925880943,0.03500008583068848,0.687999963760376
4,7,5,local_search,dr_pwldr,241306.49036221934,241275.2043095277,0.03500008583068848,0.687999963760376
4,7,5,local_search,reopt_pwldr,186239.6051548712,184725.9760093434,0.03500008583068848,0.687999963760376
4,7,6,black_box,obj_pwldr,241634.0275297038,241397.15917909014,0.04200005531311035,4.2769999504089355
4,7,6,black_box,dr_pwldr,241481.14468536532,241279.1398860119,0.04200005531311035,4.2769999504089355
4,7,6,black_box,reopt_pwldr,187320.75229601222,185221.2274253604,0.04200005531311035,4.2769999504089355
4,7,6,local_search,obj_pwldr,241634.0275297038,241395.2620522833,0.04200005531311035,1.9739999771118164
4,7,6,local_search,dr_pwldr,241481.14468536532,241271.62296871064,0.04200005531311035,1.9739999771118164
4,7,6,local_search,reopt_pwldr,187320.75229601222,184481.45936189315,0.04200005531311035,1.9739999771118164
4,7,7,black_box,obj_pwldr,241405.04519506267,241395.1748035042,0.05299997329711914,4.644000053405762
4,7,7,black_box,dr_pwldr,241276.08326893428,241278.5815805144,0.05299997329711914,4.644000053405762
4,7,7,black_box,reopt_pwldr,182646.63206161305,184414.87144302984,0.05299997329711914,4.644000053405762
4,7,7,local_search,obj_pwldr,241405.04519506267,241393.49905913306,0.05299997329711914,0.9160001277923584
4,7,7,local_search,dr_pwldr,241276.08326893428,241272.07907952112,0.05299997329711914,0.9160001277923584
4,7,7,local_search,reopt_pwldr,182646.63206161305,184526.19214078248,0.05299997329711914,0.9160001277923584
4,7,8,black_box,obj_pwldr,241524.03586475103,241394.57842044433,0.05299997329711914,4.982000112533569
4,7,8,black_box,dr_pwldr,241359.61059055582,241274.5244299297,0.05299997329711914,4.982000112533569
4,7,8,black_box,reopt_pwldr,183804.91533790008,184229.18255297054,0.05299997329711914,4.982000112533569
4,7,8,local_search,obj_pwldr,241524.03586475103,241394.12794726234,0.05299997329711914,1.0250000953674316
4,7,8,local_search,dr_pwldr,241359.61059055582,241269.73796884785,0.05299997329711914,1.0250000953674316
4,7,8,local_search,reopt_pwldr,183804.91533790008,184329.83503095782,0.05299997329711914,1.0250000953674316
4,7,9,black_box,obj_pwldr,241398.83851129145,241394.70222607194,0.045999765396118164,5.418999910354614
4,7,9,black_box,dr_pwldr,241287.19553822294,241268.94608678526,0.045999765396118164,5.418999910354614
4,7,9,black_box,reopt_pwldr,184763.32389209207,183995.72445461803,0.045999765396118164,5.418999910354614
4,7,9,local_search,obj_pwldr,241398.83851129145,241394.70222607194,0.045999765396118164,0.8000001907348633
4,7,9,local_search,dr_pwldr,241287.19553822294,241268.94608678526,0.045999765396118164,0.8000001907348633
4,7,9,local_search,reopt_pwldr,184763.32389209207,183995.72445461803,0.045999765396118164,0.8000001907348633
4,7,10,black_box,obj_pwldr,241476.45697851485,241395.99990778102,0.04399991035461426,5.797000169754028
4,7,10,black_box,dr_pwldr,241333.51934895467,241273.65186393878,0.04399991035461426,5.797000169754028
4,7,10,black_box,reopt_pwldr,185563.94044334214,184947.8553315152,0.04399991035461426,5.797000169754028
4,7,10,local_search,obj_pwldr,241476.45697851485,241394.4629229907,0.04399991035461426,1.379000186920166
4,7,10,local_search,dr_pwldr,241333.51934895467,241278.77153491756,0.04399991035461426,1.379000186920166
4,7,10,local_search,reopt_pwldr,185563.94044334214,185280.61295358083,0.04399991035461426,1.379000186920166
4,8,1,black_box,obj_pwldr,241188.66140236994,241143.8855758827,0.03399991989135742,5.954999923706055
4,8,1,black_box,dr_pwldr,240464.37217559287,240380.31708199912,0.03399991989135742,5.954999923706055
4,8,1,black_box,reopt_pwldr,194193.18811443204,180300.91042299924,0.03399991989135742,5.954999923706055
4,8,1,local_search,obj_pwldr,241188.66140236994,241143.8855758827,0.03399991989135742,0.24600005149841309
4,8,1,local_search,dr_pwldr,240464.37217559287,240380.31708199912,0.03399991989135742,0.24600005149841309
4,8,1,local_search,reopt_pwldr,194193.18811443204,180300.91042299924,0.03399991989135742,0.24600005149841309
4,8,2,black_box,obj_pwldr,241567.06963945102,240971.22408740057,0.08699989318847656,12.759999990463257
4,8,2,black_box,dr_pwldr,240996.0804894778,240206.7863399628,0.08699989318847656,12.759999990463257
4,8,2,black_box,reopt_pwldr,184467.57172122307,183163.57056901447,0.08699989318847656,12.759999990463257
4,8,2,local_search,obj_pwldr,241567.06963945102,240971.22408740054,0.08699989318847656,1.9500000476837158
4,8,2,local_search,dr_pwldr,240996.0804894778,240206.7863399628,0.08699989318847656,1.9500000476837158
4,8,2,local_search,reopt_pwldr,184467.57172122307,183163.57056901447,0.08699989318847656,1.9500000476837158
4,8,3,black_box,obj_pwldr,240987.44028080095,240973.22309429303,0.11599993705749512,21.310999870300293
4,8,3,black_box,dr_pwldr,240170.89607584552,240201.98024867201,0.11599993705749512,21.310999870300293
4,8,3,black_box,reopt_pwldr,182447.9905402521,181875.03202289352,0.11599993705749512,21.310999870300293
4,8,3,local_search,obj_pwldr,240987.44028080095,240970.99720655679,0.11599993705749512,8.716000080108643
4,8,3,local_search,dr_pwldr,240170.89607584552,240206.23964793974,0.11599993705749512,8.716000080108643
4,8,3,local_search,reopt_pwldr,182447.9905402521,182909.43757712477,0.11599993705749512,8.716000080108643
4,8,4,black_box,obj_pwldr,241055.27947752053,240970.84343290838,0.16100001335144043,31.889000177383423
4,8,4,black_box,dr_pwldr,240384.67370481277,240192.91796300185,0.16100001335144043,31.889000177383423
4,8,4,black_box,reopt_pwldr,184594.9988448887,183033.36396448844,0.16100001335144043,31.889000177383423
4,8,4,local_search,obj_pwldr,241055.27947752053,240970.84343290844,0.16100001335144043,3.8930001258850098
4,8,4,local_search,dr_pwldr,240384.67370481277,240192.91796300194,0.16100001335144043,3.8930001258850098
4,8,4,local_search,reopt_pwldr,184594.9988448887,183033.36396448853,0.16100001335144043,3.8930001258850098
4,8,5,black_box,obj_pwldr,241015.72620554586,240970.46956674714,0.20300006866455078,42.05999994277954
4,8,5,black_box,dr_pwldr,240232.48039230958,240210.4086108297,0.20300006866455078,42.05999994277954
4,8,5,black_box,reopt_pwldr,186095.65900560754,183194.26378580113,0.20300006866455078,42.05999994277954
4,8,5,local_search,obj_pwldr,241015.72620554586,240970.46956674714,0.20300006866455078,5.799000024795532
4,8,5,local_search,dr_pwldr,240232.48039230958,240210.4086108297,0.20300006866455078,5.799000024795532
4,8,5,local_search,reopt_pwldr,186095.65900560754,183194.26378580113,0.20300006866455078,5.799000024795532
4,8,6,black_box,obj_pwldr,240997.23207475786,240969.0210334094,0.24699997901916504,51.82099986076355
4,8,6,black_box,dr_pwldr,240250.26117991962,240200.71129880607,0.24699997901916504,51.82099986076355
4,8,6,black_box,reopt_pwldr,180983.04540119626,182670.25468814638,0.24699997901916504,51.82099986076355
4,8,6,local_search,obj_pwldr,240997.23207475786,240969.0210334094,0.24699997901916504,6.42900013923645
4,8,6,local_search,dr_pwldr,240250.26117991962,240200.71129880607,0.24699997901916504,6.42900013923645
4,8,6,local_search,reopt_pwldr,180983.04540119626,182670.25468814638,0.24699997901916504,6.42900013923645
4,8,7,black_box,obj_pwldr,240987.92523839197,240970.22041314445,0.3689999580383301,62.75399994850159
4,8,7,black_box,dr_pwldr,240170.89607584552,240202.30373616944,0.3689999580383301,62.75399994850159
4,8,7,black_box,reopt_pwldr,182447.9905402521,182837.94965522172,0.3689999580383301,62.75399994850159
4,8,7,local_search,obj_pwldr,240987.92523839197,240970.01616636093,0.3689999580383301,14.05400013923645
4,8,7,local_search,dr_pwldr,240170.89607584552,240210.32251649574,0.3689999580383301,14.05400013923645
4,8,7,local_search,reopt_pwldr,182447.9905402521,182962.93923465503,0.3689999580383301,14.05400013923645
4,8,8,black_box,obj_pwldr,240976.9755486978,240970.98464239808,0.41700005531311035,72.87400007247925
4,8,8,black_box,dr_pwldr,240236.67409126554,240208.31389637952,0.41700005531311035,72.87400007247925
4,8,8,black_box,reopt_pwldr,183622.65783750638,183247.36450132597,0.41700005531311035,72.87400007247925
4,8,8,local_search,obj_pwldr,240976.9755486978,240969.09403640745,0.41700005531311035,19.189000129699707
4,8,8,local_search,dr_pwldr,240236.67409126554,240192.98216079595,0.41700005531311035,19.189000129699707
4,8,8,local_search,reopt_pwldr,183622.65783750638,183026.4935080845,0.41700005531311035,19.189000129699707
4,8,9,black_box,obj_pwldr,240997.12579554506,240970.07710988517,0.4589998722076416,84.88199996948242
4,8,9,black_box,dr_pwldr,240200.8500765571,240202.63989130183,0.4589998722076416,84.88199996948242
4,8,9,black_box,reopt_pwldr,184594.9988448887,182714.36280867984,0.4589998722076416,84.88199996948242
4,8,9,local_search,obj_pwldr,240997.12579554506,240970.0138926939,0.4589998722076416,21.67900013923645
4,8,9,local_search,dr_pwldr,240200.8500765571,240196.22881249944,0.4589998722076416,21.67900013923645
4,8,9,local_search,reopt_pwldr,184594.9988448887,182611.022288888,0.4589998722076416,21.67900013923645
4,8,10,black_box,obj_pwldr,240974.86565734757,240968.5382858252,0.5220000743865967,95.08300018310547
4,8,10,black_box,dr_pwldr,240202.4512352705,240205.03883195698,0.5220000743865967,95.08300018310547
4,8,10,black_box,reopt_pwldr,181509.48702992612,183107.92327046703,0.5220000743865967,95.08300018310547
4,8,10,local_search,obj_pwldr,240974.86565734757,240967.74860921522,0.5220000743865967,45.68299984931946
4,8,10,local_search,dr_pwldr,240202.4512352705,240203.51646201703,0.5220000743865967,45.68299984931946
4,8,10,local_search,reopt_pwldr,181509.48702992612,182924.93573636582,0.5220000743865967,45.68299984931946
4,9,1,black_box,obj_pwldr,255099.55847175384,255099.55847175384,0.029999971389770508,2.985999822616577
4,9,1,black_box,dr_pwldr,254611.42662680065,254611.42662680062,0.029999971389770508,2.985999822616577
4,9,1,black_box,reopt_pwldr,194193.18811443204,194193.188114432,0.029999971389770508,2.985999822616577
4,9,1,local_search,obj_pwldr,255099.55847175384,255099.55847175384,0.029999971389770508,0.23400020599365234
4,9,1,local_search,dr_pwldr,254611.42662680065,254611.42662680065,0.029999971389770508,0.23400020599365234
4,9,1,local_search,reopt_pwldr,194193.18811443204,194193.18811443204,0.029999971389770508,0.23400020599365234
4,9,2,black_box,obj_pwldr,255099.55847175384,255099.55847175384,0.03600001335144043,3.2960000038146973
4,9,2,black_box,dr_pwldr,254611.42662680065,254611.42662680065,0.03600001335144043,3.2960000038146973
4,9,2,black_box,reopt_pwldr,194193.18811443204,194193.18811443204,0.03600001335144043,3.2960000038146973
4,9,2,local_search,obj_pwldr,255099.55847175384,255099.55847175384,0.03600001335144043,0.29600000381469727
4,9,2,local_search,dr_pwldr,254611.42662680065,254611.42662680065,0.03600001335144043,0.29600000381469727
4,9,2,local_search,reopt_pwldr,194193.18811443204,194193.18811443204,0.03600001335144043,0.29600000381469727
4,9,3,black_box,obj_pwldr,255099.55847175384,255099.55847175384,0.05200004577636719,3.700000047683716
4,9,3,black_box,dr_pwldr,254611.42662680065,254611.42662680065,0.05200004577636719,3.700000047683716
4,9,3,black_box,reopt_pwldr,194193.18811443204,194193.18811443204,0.05200004577636719,3.700000047683716
4,9,3,local_search,obj_pwldr,255099.55847175384,255099.55847175384,0.05200004577636719,0.3380000591278076
4,9,3,local_search,dr_pwldr,254611.42662680065,254611.42662680065,0.05200004577636719,0.3380000591278076
4,9,3,local_search,reopt_pwldr,194193.18811443204,194193.18811443204,0.05200004577636719,0.3380000591278076
4,9,4,black_box,obj_pwldr,255099.55847175384,255099.55847175384,0.03699994087219238,4.0920000076293945
4,9,4,black_box,dr_pwldr,254611.42662680065,254611.42662680065,0.03699994087219238,4.0920000076293945
4,9,4,black_box,reopt_pwldr,194193.18811443204,194193.18811443204,0.03699994087219238,4.0920000076293945
4,9,4,local_search,obj_pwldr,255099.55847175384,255099.55847175384,0.03699994087219238,0.43400001525878906
4,9,4,local_search,dr_pwldr,254611.42662680065,254611.42662680065,0.03699994087219238,0.43400001525878906
4,9,4,local_search,reopt_pwldr,194193.18811443204,194193.18811443204,0.03699994087219238,0.43400001525878906
4,9,5,black_box,obj_pwldr,255099.55847175384,255099.55847175384,0.03699994087219238,4.546999931335449
4,9,5,black_box,dr_pwldr,254611.42662680065,254611.42662680065,0.03699994087219238,4.546999931335449
4,9,5,black_box,reopt_pwldr,194193.18811443204,194193.18811443204,0.03699994087219238,4.546999931335449
4,9,5,local_search,obj_pwldr,255099.55847175384,255099.55847175384,0.03699994087219238,0.5250000953674316
4,9,5,local_search,dr_pwldr,254611.42662680065,254611.42662680065,0.03699994087219238,0.5250000953674316
4,9,5,local_search,reopt_pwldr,194193.18811443204,194193.18811443204,0.03699994087219238,0.5250000953674316
4,9,6,black_box,obj_pwldr,255099.55847175384,255099.55847175384,0.03600001335144043,4.98199987411499
4,9,6,black_box,dr_pwldr,254611.42662680065,254611.42662680065,0.03600001335144043,4.98199987411499
4,9,6,black_box,reopt_pwldr,194193.18811443204,194193.18811443204,0.03600001335144043,4.98199987411499
4,9,6,local_search,obj_pwldr,255099.55847175384,255099.55847175384,0.03600001335144043,0.6559998989105225
4,9,6,local_search,dr_pwldr,254611.42662680065,254611.42662680065,0.03600001335144043,0.6559998989105225
4,9,6,local_search,reopt_pwldr,194193.18811443204,194193.18811443204,0.03600001335144043,0.6559998989105225
4,9,7,black_box,obj_pwldr,255099.55847175384,255099.55847175384,0.04500007629394531,5.499000072479248
4,9,7,black_box,dr_pwldr,254611.42662680065,254611.42662680065,0.04500007629394531,5.499000072479248
4,9,7,black_box,reopt_pwldr,194193.18811443204,194193.18811443204,0.04500007629394531,5.499000072479248
4,9,7,local_search,obj_pwldr,255099.55847175384,255099.55847175384,0.04500007629394531,0.7780001163482666
4,9,7,local_search,dr_pwldr,254611.42662680065,254611.42662680065,0.04500007629394531,0.7780001163482666
4,9,7,local_search,reopt_pwldr,194193.18811443204,194193.18811443204,0.04500007629394531,0.7780001163482666
4,9,8,black_box,obj_pwldr,255099.55847175384,255099.55847175384,0.04999995231628418,7.091000080108643
4,9,8,black_box,dr_pwldr,254611.42662680065,254611.42662680065,0.04999995231628418,7.091000080108643
4,9,8,black_box,reopt_pwldr,194193.18811443204,194193.18811443204,0.04999995231628418,7.091000080108643
4,9,8,local_search,obj_pwldr,255099.55847175384,255099.55847175384,0.04999995231628418,0.9330000877380371
4,9,8,local_search,dr_pwldr,254611.42662680065,254611.42662680065,0.04999995231628418,0.9330000877380371
4,9,8,local_search,reopt_pwldr,194193.18811443204,194193.18811443204,0.04999995231628418,0.9330000877380371
4,9,9,black_box,obj_pwldr,255099.55847175384,255099.55847175384,0.05200004577636719,6.638000011444092
4,9,9,black_box,dr_pwldr,254611.42662680065,254611.42662680065,0.05200004577636719,6.638000011444092
4,9,9,black_box,reopt_pwldr,194193.18811443204,194193.18811443204,0.05200004577636719,6.638000011444092
4,9,9,local_search,obj_pwldr,255099.55847175384,255099.55847175384,0.05200004577636719,0.9709999561309814
4,9,9,local_search,dr_pwldr,254611.42662680065,254611.42662680065,0.05200004577636719,0.9709999561309814
4,9,9,local_search,reopt_pwldr,194193.18811443204,194193.18811443204,0.05200004577636719,0.9709999561309814
4,9,10,black_box,obj_pwldr,255099.55847175384,255099.55847175384,0.06399989128112793,7.133000135421753
4,9,10,black_box,dr_pwldr,254611.42662680065,254611.42662680065,0.06399989128112793,7.133000135421753
4,9,10,black_box,reopt_pwldr,194193.18811443204,194193.18811443204,0.06399989128112793,7.133000135421753
4,9,10,local_search,obj_pwldr,255099.55847175384,255099.55847175384,0.06399989128112793,1.1659998893737793
4,9,10,local_search,dr_pwldr,254611.42662680065,254611.42662680065,0.06399989128112793,1.1659998893737793
4,9,10,local_search,reopt_pwldr,194193.18811443204,194193.18811443204,0.06399989128112793,1.1659998893737793
4,10,1,black_box,obj_pwldr,255099.442661568,255093.42394023942,0.029000043869018555,5.601999998092651
4,10,1,black_box,dr_pwldr,254611.42662680065,254611.42662680065,0.029000043869018555,5.601999998092651
4,10,1,black_box,reopt_pwldr,194193.18811443204,194193.18811443204,0.029000043869018555,5.601999998092651
4,10,1,local_search,obj_pwldr,255099.442661568,255093.42394023942,0.029000043869018555,0.27500009536743164
4,10,1,local_search,dr_pwldr,254611.42662680065,254611.42662680065,0.029000043869018555,0.27500009536743164
4,10,1,local_search,reopt_pwldr,194193.18811443204,194193.18811443204,0.029000043869018555,0.27500009536743164
4,10,2,black_box,obj_pwldr,255100.46182570845,255094.15776075586,0.07399988174438477,12.223999977111816
4,10,2,black_box,dr_pwldr,254611.42662680065,254611.42662680065,0.07399988174438477,12.223999977111816
4,10,2,black_box,reopt_pwldr,194193.18811443204,194193.18811443204,0.07399988174438477,12.223999977111816
4,10,2,local_search,obj_pwldr,255100.46182570845,255094.15776075586,0.07399988174438477,1.878999948501587
4,10,2,local_search,dr_pwldr,254611.42662680065,254611.42662680065,0.07399988174438477,1.878999948501587
4,10,2,local_search,reopt_pwldr,194193.18811443204,194193.18811443204,0.07399988174438477,1.878999948501587
4,10,3,black_box,obj_pwldr,255096.97924664937,255095.19940958108,0.13199996948242188,20.475000143051147
4,10,3,black_box,dr_pwldr,254611.42662680065,254611.42662680065,0.13199996948242188,20.475000143051147
4,10,3,black_box,reopt_pwldr,194193.18811443204,194193.18811443204,0.13199996948242188,20.475000143051147
4,10,3,local_search,obj_pwldr,255096.97924664937,255095.19940958108,0.13199996948242188,2.6040000915527344
4,10,3,local_search,dr_pwldr,254611.42662680065,254611.42662680065,0.13199996948242188,2.6040000915527344
4,10,3,local_search,reopt_pwldr,194193.18811443204,194193.18811443204,0.13199996948242188,2.6040000915527344
4,10,4,black_box,obj_pwldr,255098.30832370033,255095.19851252128,0.18799996376037598,31.031999826431274
4,10,4,black_box,dr_pwldr,254611.42662680065,254611.42662680065,0.18799996376037598,31.031999826431274
4,10,4,black_box,reopt_pwldr,194193.18811443204,194193.18811443204,0.18799996376037598,31.031999826431274
4,10,4,local_search,obj_pwldr,255098.30832370033,255095.19851252128,0.18799996376037598,3.363999843597412
4,10,4,local_search,dr_pwldr,254611.42662680065,254611.42662680065,0.18799996376037598,3.363999843597412
4,10,4,local_search,reopt_pwldr,194193.18811443204,194193.18811443204,0.18799996376037598,3.363999843597412
4,10,5,black_box,obj_pwldr,255098.24417299958,255095.69984075066,0.21200013160705566,41.638999938964844
4,10,5,black_box,dr_pwldr,254611.42662680065,254611.42662680065,0.21200013160705566,41.638999938964844
4,10,5,black_box,reopt_pwldr,194193.18811443204,194193.18811443204,0.21200013160705566,41.638999938964844
4,10,5,local_search,obj_pwldr,255098.24417299958,255094.63043376652,0.21200013160705566,9.047000169754028
4,10,5,local_search,dr_pwldr,254611.42662680065,254611.42662680065,0.21200013160705566,9.047000169754028
4,10,5,local_search,reopt_pwldr,194193.18811443204,194193.18811443204,0.21200013160705566,9.047000169754028
4,10,6,black_box,obj_pwldr,255098.10288476356,255095.90977229172,0.28800010681152344,51.85899996757507
4,10,6,black_box,dr_pwldr,254611.42662680065,254611.42662680065,0.28800010681152344,51.85899996757507
4,10,6,black_box,reopt_pwldr,194193.18811443204,194193.18811443204,0.28800010681152344,51.85899996757507
4,10,6,local_search,obj_pwldr,255098.10288476356,255095.90977229172,0.28800010681152344,6.221999883651733
4,10,6,local_search,dr_pwldr,254611.42662680065,254611.42662680065,0.28800010681152344,6.221999883651733
4,10,6,local_search,reopt_pwldr,194193.18811443204,194193.18811443204,0.28800010681152344,6.221999883651733
4,10,7,black_box,obj_pwldr,255097.82395118737,255096.60337338533,0.3680000305175781,62.7960000038147
4,10,7,black_box,dr_pwldr,254611.42662680065,254611.42662680065,0.3680000305175781,62.7960000038147
4,10,7,black_box,reopt_pwldr,194193.18811443204,194193.18811443204,0.3680000305175781,62.7960000038147
4,10,7,local_search,obj_pwldr,255097.82395118737,255096.60337338533,0.3680000305175781,7.994999885559082
4,10,7,local_search,dr_pwldr,254611.42662680065,254611.42662680065,0.3680000305175781,7.994999885559082
4,10,7,local_search,reopt_pwldr,194193.18811443204,194193.18811443204,0.3680000305175781,7.994999885559082
4,10,8,black_box,obj_pwldr,255097.92884310998,255096.70201553387,0.40400004386901855,72.80299997329712
4,10,8,black_box,dr_pwldr,254611.42662680065,254611.42662680065,0.40400004386901855,72.80299997329712
4,10,8,black_box,reopt_pwldr,194193.18811443204,194193.18811443204,0.40400004386901855,72.80299997329712
4,10,8,local_search,obj_pwldr,255097.92884310998,255096.70201553387,0.40400004386901855,10.541999816894531
4,10,8,local_search,dr_pwldr,254611.42662680065,254611.42662680065,0.40400004386901855,10.541999816894531
4,10,8,local_search,reopt_pwldr,194193.18811443204,194193.18811443204,0.40400004386901855,10.541999816894531
4,10,9,black_box,obj_pwldr,255097.8774611561,255096.45821066742,0.44099998474121094,82.67199993133545
4,10,9,black_box,dr_pwldr,254611.42662680065,254611.42662680065,0.44099998474121094,82.67199993133545
4,10,9,black_box,reopt_pwldr,194193.18811443204,194193.18811443204,0.44099998474121094,82.67199993133545
4,10,9,local_search,obj_pwldr,255097.8774611561,255096.45821066742,0.44099998474121094,12.661999940872192
4,10,9,local_search,dr_pwldr,254611.42662680065,254611.42662680065,0.44099998474121094,12.661999940872192
4,10,9,local_search,reopt_pwldr,194193.18811443204,194193.18811443204,0.44099998474121094,12.661999940872192
4,10,10,black_box,obj_pwldr,255097.93383121112,255096.1156551551,0.5450000762939453,93.8769998550415
4,10,10,black_box,dr_pwldr,254611.42662680065,254611.42662680065,0.5450000762939453,93.8769998550415
4,10,10,black_box,reopt_pwldr,194193.18811443204,194193.18811443204,0.5450000762939453,93.8769998550415
4,10,10,local_search,obj_pwldr,255097.93383121112,255096.1156551551,0.5450000762939453,14.218999862670898
4,10,10,local_search,dr_pwldr,254611.42662680065,254611.42662680065,0.5450000762939453,14.218999862670898
4,10,10,local_search,reopt_pwldr,194193.18811443204,194193.18811443204,0.5450000762939453,14.218999862670898
4,11,1,black_box,obj_pwldr,234334.82605324176,234333.26587649845,0.03299999237060547,2.8500001430511475
4,11,1,black_box,dr_pwldr,233403.99558425072,233406.02474199113,0.03299999237060547,2.8500001430511475
4,11,1,black_box,reopt_pwldr,194193.18811443204,194193.18811443204,0.03299999237060547,2.8500001430511475
4,11,1,local_search,obj_pwldr,234334.82605324176,234333.26587649845,0.03299999237060547,0.23399996757507324
4,11,1,local_search,dr_pwldr,233403.99558425072,233406.02474199113,0.03299999237060547,0.23399996757507324
4,11,1,local_search,reopt_pwldr,194193.18811443204,194193.18811443204,0.03299999237060547,0.23399996757507324
4,11,2,black_box,obj_pwldr,237541.03086350576,234292.62531200578,0.03600001335144043,3.2929999828338623
4,11,2,black_box,dr_pwldr,236688.671486441,233603.50608020136,0.03600001335144043,3.2929999828338623
4,11,2,black_box,reopt_pwldr,194193.18811443204,206742.4967533139,0.03600001335144043,3.2929999828338623
4,11,2,local_search,obj_pwldr,237541.03086350576,234292.62531200578,0.03600001335144043,0.29600000381469727
4,11,2,local_search,dr_pwldr,236688.671486441,233603.50608020136,0.03600001335144043,0.29600000381469727
4,11,2,local_search,reopt_pwldr,194193.18811443204,206742.4967533139,0.03600001335144043,0.29600000381469727
4,11,3,black_box,obj_pwldr,234296.51820482418,234290.2321987597,0.037999868392944336,3.756999969482422
4,11,3,black_box,dr_pwldr,233633.84620416517,233530.5844030406,0.037999868392944336,3.756999969482422
4,11,3,black_box,reopt_pwldr,208236.55080568974,203166.41233466478,0.037999868392944336,3.756999969482422
4,11,3,local_search,obj_pwldr,234296.51820482418,234290.2321987597,0.037999868392944336,0.3489999771118164
4,11,3,local_search,dr_pwldr,233633.84620416517,233530.5844030406,0.037999868392944336,0.3489999771118164
4,11,3,local_search,reopt_pwldr,208236.55080568974,203166.41233466478,0.037999868392944336,0.3489999771118164
4,11,4,black_box,obj_pwldr,235502.01640814633,234290.81219399974,0.05299997329711914,4.133999824523926
4,11,4,black_box,dr_pwldr,234622.7690285207,233517.99321549785,0.05299997329711914,4.133999824523926
4,11,4,black_box,reopt_pwldr,194193.18811443204,202215.08073410334,0.05299997329711914,4.133999824523926
4,11,4,local_search,obj_pwldr,235502.01640814633,234290.81219399974,0.05299997329711914,0.440000057220459
4,11,4,local_search,dr_pwldr,234622.7690285207,233517.99321549785,0.05299997329711914,0.440000057220459
4,11,4,local_search,reopt_pwldr,194193.18811443204,202215.08073410334,0.05299997329711914,0.440000057220459
4,11,5,black_box,obj_pwldr,234289.2509402042,234289.95404754585,0.034999847412109375,4.966000080108643
4,11,5,black_box,dr_pwldr,233536.79430197016,233521.28097714594,0.034999847412109375,4.966000080108643
4,11,5,black_box,reopt_pwldr,203466.74085805565,202634.1508504738,0.034999847412109375,4.966000080108643
4,11,5,local_search,obj_pwldr,234289.2509402042,234289.95404754588,0.034999847412109375,0.5480000972747803
4,11,5,local_search,dr_pwldr,233536.79430197016,233521.28097714594,0.034999847412109375,0.5480000972747803
4,11,5,local_search,reopt_pwldr,203466.74085805565,202634.1508504738,0.034999847412109375,0.5480000972747803
4,11,6,black_box,obj_pwldr,234907.1927541187,234288.8045907328,0.046000003814697266,5.50600004196167
4,11,6,black_box,dr_pwldr,234172.1582186041,233542.98848064343,0.046000003814697266,5.50600004196167
4,11,6,black_box,reopt_pwldr,202115.5620289279,203691.97832152894,0.046000003814697266,5.50600004196167
4,11,6,local_search,obj_pwldr,234907.1927541187,234288.8045907328,0.046000003814697266,0.6440000534057617
4,11,6,local_search,dr_pwldr,234172.1582186041,233542.98848064343,0.046000003814697266,0.6440000534057617
4,11,6,local_search,reopt_pwldr,202115.5620289279,203691.97832152894,0.046000003814697266,0.6440000534057617
4,11,7,black_box,obj_pwldr,234292.07311060705,234288.91667165805,0.04699993133544922,5.63700008392334
4,11,7,black_box,dr_pwldr,233494.71735456944,233539.72300957274,0.04699993133544922,5.63700008392334
4,11,7,black_box,reopt_pwldr,201106.6483621249,203534.01794930964,0.04699993133544922,5.63700008392334
4,11,7,local_search,obj_pwldr,234292.07311060705,234288.91667165805,0.04699993133544922,0.7680001258850098
4,11,7,local_search,dr_pwldr,233494.71735456944,233539.72300957274,0.04699993133544922,0.7680001258850098
4,11,7,local_search,reopt_pwldr,201106.6483621249,203534.01794930964,0.04699993133544922,0.7680001258850098
4,11,8,black_box,obj_pwldr,234659.77833840292,234288.82707161526,0.051000118255615234,6.0980000495910645
4,11,8,black_box,dr_pwldr,233885.0184054906,233529.6523165625,0.051000118255615234,6.0980000495910645
4,11,8,black_box,reopt_pwldr,200323.5974014581,203014.4416878717,0.051000118255615234,6.0980000495910645
4,11,8,local_search,obj_pwldr,234659.77833840292,234288.82707161526,0.051000118255615234,0.8670001029968262
4,11,8,local_search,dr_pwldr,233885.0184054906,233529.6523165625,0.051000118255615234,0.8670001029968262
4,11,8,local_search,reopt_pwldr,200323.5974014581,203014.4416878717,0.051000118255615234,0.8670001029968262
4,11,9,black_box,obj_pwldr,234290.39640519916,234289.2088791135,0.04800009727478027,6.636000156402588
4,11,9,black_box,dr_pwldr,233574.08226184503,233527.88537752855,0.04800009727478027,6.636000156402588
4,11,9,black_box,reopt_pwldr,205368.65955061722,202986.59891592723,0.04800009727478027,6.636000156402588
4,11,9,local_search,obj_pwldr,234290.39640519916,234289.2088791135,0.04800009727478027,1.0279998779296875
4,11,9,local_search,dr_pwldr,233574.08226184503,233527.88537752855,0.04800009727478027,1.0279998779296875
4,11,9,local_search,reopt_pwldr,205368.65955061722,202986.59891592723,0.04800009727478027,1.0279998779296875
4,11,10,black_box,obj_pwldr,234536.70752737866,234288.59756797715,0.05500006675720215,7.109999895095825
4,11,10,black_box,dr_pwldr,233736.00282919765,233561.29305151638,0.05500006675720215,7.109999895095825
4,11,10,black_box,reopt_pwldr,199189.39854663736,204663.93300341826,0.05500006675720215,7.109999895095825
4,11,10,local_search,obj_pwldr,234536.70752737866,234288.59756797715,0.05500006675720215,1.188999891281128
4,11,10,local_search,dr_pwldr,233736.00282919765,233561.29305151638,0.05500006675720215,1.188999891281128
4,11,10,local_search,reopt_pwldr,199189.39854663736,204663.93300341826,0.05500006675720215,1.188999891281128
4,12,1,black_box,obj_pwldr,255099.55847175384,255099.55847175384,0.026999950408935547,2.8560001850128174
4,12,1,black_box,dr_pwldr,254611.42662680065,254611.42662680065,0.026999950408935547,2.8560001850128174
4,12,1,black_box,reopt_pwldr,194193.18811443204,194193.18811443204,0.026999950408935547,2.8560001850128174
4,12,1,local_search,obj_pwldr,255099.55847175384,255099.55847175384,0.026999950408935547,0.23600006103515625
4,12,1,local_search,dr_pwldr,254611.42662680065,254611.42662680065,0.026999950408935547,0.23600006103515625
4,12,1,local_search,reopt_pwldr,194193.18811443204,194193.18811443204,0.026999950408935547,0.23600006103515625
4,12,2,black_box,obj_pwldr,255099.55847175384,255099.55847175384,0.04499983787536621,3.4010000228881836
4,12,2,black_box,dr_pwldr,254611.42662680065,254611.42662680065,0.04499983787536621,3.4010000228881836
4,12,2,black_box,reopt_pwldr,194193.18811443204,194193.18811443204,0.04499983787536621,3.4010000228881836
4,12,2,local_search,obj_pwldr,255099.55847175384,255099.55847175384,0.04499983787536621,0.28999996185302734
4,12,2,local_search,dr_pwldr,254611.42662680065,254611.42662680065,0.04499983787536621,0.28999996185302734
4,12,2,local_search,reopt_pwldr,194193.18811443204,194193.18811443204,0.04499983787536621,0.28999996185302734
4,12,3,black_box,obj_pwldr,255099.55847175384,255099.35278057167,0.04700016975402832,3.818000078201294
4,12,3,black_box,dr_pwldr,254611.42662680065,254612.6283114142,0.04700016975402832,3.818000078201294
4,12,3,black_box,reopt_pwldr,194193.18811443204,194193.18811443215,0.04700016975402832,3.818000078201294
4,12,3,local_search,obj_pwldr,255099.55847175384,255099.3527805712,0.04700016975402832,0.6749999523162842
4,12,3,local_search,dr_pwldr,254611.42662680065,254612.62831141372,0.04700016975402832,0.6749999523162842
4,12,3,local_search,reopt_pwldr,194193.18811443204,194193.1881144317,0.04700016975402832,0.6749999523162842
4,12,4,black_box,obj_pwldr,255099.55847175384,255099.55847175384,0.03299999237060547,4.233999967575073
4,12,4,black_box,dr_pwldr,254611.42662680065,254611.42662680065,0.03299999237060547,4.233999967575073
4,12,4,black_box,reopt_pwldr,194193.18811443204,194193.18811443204,0.03299999237060547,4.233999967575073
4,12,4,local_search,obj_pwldr,255099.55847175384,255099.55847175384,0.03299999237060547,0.4350001811981201
4,12,4,local_search,dr_pwldr,254611.42662680065,254611.42662680065,0.03299999237060547,0.4350001811981201
4,12,4,local_search,reopt_pwldr,194193.18811443204,194193.18811443204,0.03299999237060547,0.4350001811981201
4,12,5,black_box,obj_pwldr,255099.55847175384,255099.55847175384,0.04200005531311035,4.927999973297119
4,12,5,black_box,dr_pwldr,254611.42662680065,254611.42662680065,0.04200005531311035,4.927999973297119
4,12,5,black_box,reopt_pwldr,194193.18811443204,194193.18811443204,0.04200005531311035,4.927999973297119
4,12,5,local_search,obj_pwldr,255099.55847175384,255099.55847175384,0.04200005531311035,0.5720000267028809
4,12,5,local_search,dr_pwldr,254611.42662680065,254611.42662680065,0.04200005531311035,0.5720000267028809
4,12,5,local_search,reopt_pwldr,194193.18811443204,194193.18811443204,0.04200005531311035,0.5720000267028809
4,12,6,black_box,obj_pwldr,255099.55847175384,255099.42652479536,0.05799984931945801,5.855999946594238
4,12,6,black_box,dr_pwldr,254611.42662680065,254611.42662680065,0.05799984931945801,5.855999946594238
4,12,6,black_box,reopt_pwldr,194193.18811443204,194193.18811443204,0.05799984931945801,5.855999946594238
4,12,6,local_search,obj_pwldr,255099.55847175384,255099.39956662004,0.05799984931945801,1.375999927520752
4,12,6,local_search,dr_pwldr,254611.42662680065,254611.42662680065,0.05799984931945801,1.375999927520752
4,12,6,local_search,reopt_pwldr,194193.18811443204,194193.18811443204,0.05799984931945801,1.375999927520752
4,12,7,black_box,obj_pwldr,255099.55847175384,255098.68416040775,0.046000003814697266,5.819999933242798
4,12,7,black_box,dr_pwldr,254611.42662680065,254611.42662680065,0.046000003814697266,5.819999933242798
4,12,7,black_box,reopt_pwldr,194193.18811443204,194193.18811443204,0.046000003814697266,5.819999933242798
4,12,7,local_search,obj_pwldr,255099.55847175384,255098.65592603257,0.046000003814697266,1.1130001544952393
4,12,7,local_search,dr_pwldr,254611.42662680065,254611.42662680065,0.046000003814697266,1.1130001544952393
4,12,7,local_search,reopt_pwldr,194193.18811443204,194193.18811443204,0.046000003814697266,1.1130001544952393
4,12,8,black_box,obj_pwldr,255099.55847175384,255099.42090369295,0.05499982833862305,6.23799991607666
4,12,8,black_box,dr_pwldr,254611.42662680065,254611.42662680053,0.05499982833862305,6.23799991607666
4,12,8,black_box,reopt_pwldr,194193.18811443204,194193.18811443186,0.05499982833862305,6.23799991607666
4,12,8,local_search,obj_pwldr,255099.55847175384,255098.92955477722,0.05499982833862305,2.7300000190734863
4,12,8,local_search,dr_pwldr,254611.42662680065,254611.4266268007,0.05499982833862305,2.7300000190734863
4,12,8,local_search,reopt_pwldr,194193.18811443204,194193.18811443212,0.05499982833862305,2.7300000190734863
4,12,9,black_box,obj_pwldr,255099.55847175384,255099.05093948008,0.07200002670288086,6.739000082015991
4,12,9,black_box,dr_pwldr,254611.42662680065,254611.42662680065,0.07200002670288086,6.739000082015991
4,12,9,black_box,reopt_pwldr,194193.18811443204,194193.18811443204,0.07200002670288086,6.739000082015991
4,12,9,local_search,obj_pwldr,255099.55847175384,255099.02969024103,0.07200002670288086,1.377000093460083
4,12,9,local_search,dr_pwldr,254611.42662680065,254611.42662680065,0.07200002670288086,1.377000093460083
4,12,9,local_search,reopt_pwldr,194193.18811443204,194193.18811443204,0.07200002670288086,1.377000093460083
4,12,10,black_box,obj_pwldr,255099.55847175384,255099.3423223435,0.07800006866455078,7.443000078201294
4,12,10,black_box,dr_pwldr,254611.42662680065,254613.37203531788,0.07800006866455078,7.443000078201294
4,12,10,black_box,reopt_pwldr,194193.18811443204,194193.18811443195,0.07800006866455078,7.443000078201294
4,12,10,local_search,obj_pwldr,255099.55847175384,255099.34232234396,0.07800006866455078,1.1699998378753662
4,12,10,local_search,dr_pwldr,254611.42662680065,254613.372035318,0.07800006866455078,1.1699998378753662
4,12,10,local_search,reopt_pwldr,194193.18811443204,194193.18811443227,0.07800006866455078,1.1699998378753662
5,1,1,black_box,obj_pwldr,255764.57455182678,255757.04675386503,0.023999929428100586,2.9179999828338623
5,1,1,black_box,dr_pwldr,255763.84162612696,255763.84162612696,0.023999929428100586,2.9179999828338623
5,1,1,black_box,reopt_pwldr,195049.46837959575,195049.46837959575,0.023999929428100586,2.9179999828338623
5,1,1,local_search,obj_pwldr,255764.57455182678,255756.6505894654,0.023999929428100586,0.432999849319458
5,1,1,local_search,dr_pwldr,255763.84162612696,255763.84162612696,0.023999929428100586,0.432999849319458
5,1,1,local_search,reopt_pwldr,195049.46837959575,195049.46837959575,0.023999929428100586,0.432999849319458
5,1,2,black_box,obj_pwldr,255759.7967992285,255755.41394163322,0.031999826431274414,3.365000009536743
5,1,2,black_box,dr_pwldr,255763.84162612696,255763.84162612696,0.031999826431274414,3.365000009536743
5,1,2,black_box,reopt_pwldr,195049.46837959575,195049.46837959575,0.031999826431274414,3.365000009536743
5,1,2,local_search,obj_pwldr,255759.7967992285,255755.41394163322,0.031999826431274414,0.3279998302459717
5,1,2,local_search,dr_pwldr,255763.84162612696,255763.84162612696,0.031999826431274414,0.3279998302459717
5,1,2,local_search,reopt_pwldr,195049.46837959575,195049.46837959575,0.031999826431274414,0.3279998302459717
5,1,3,black_box,obj_pwldr,255760.02907369204,255756.61720908678,0.03600001335144043,3.74399995803833
5,1,3,black_box,dr_pwldr,255763.84162612696,255763.84162612696,0.03600001335144043,3.74399995803833
5,1,3,black_box,reopt_pwldr,195049.46837959575,195049.46837959575,0.03600001335144043,3.74399995803833
5,1,3,local_search,obj_pwldr,255760.02907369204,255756.61720908678,0.03600001335144043,0.3940000534057617
5,1,3,local_search,dr_pwldr,255763.84162612696,255763.84162612696,0.03600001335144043,0.3940000534057617
5,1,3,local_search,reopt_pwldr,195049.46837959575,195049.46837959575,0.03600001335144043,0.3940000534057617
5,1,4,black_box,obj_pwldr,255760.8274243989,255756.41109188518,0.04800009727478027,4.5950000286102295
5,1,4,black_box,dr_pwldr,255763.84162612696,255763.84162612696,0.04800009727478027,4.5950000286102295
5,1,4,black_box,reopt_pwldr,195049.46837959575,195049.46837959575,0.04800009727478027,4.5950000286102295
5,1,4,local_search,obj_pwldr,255760.8274243989,255755.82408593583,0.04800009727478027,0.8550000190734863
5,1,4,local_search,dr_pwldr,255763.84162612696,255763.84162612696,0.04800009727478027,0.8550000190734863
5,1,4,local_search,reopt_pwldr,195049.46837959575,195049.46837959575,0.04800009727478027,0.8550000190734863
5,1,5,black_box,obj_pwldr,255761.18662919817,255757.88123160452,0.034999847412109375,4.888999938964844
5,1,5,black_box,dr_pwldr,255763.84162612696,255763.84162612696,0.034999847412109375,4.888999938964844
5,1,5,black_box,reopt_pwldr,195049.46837959575,195049.46837959575,0.034999847412109375,4.888999938964844
5,1,5,local_search,obj_pwldr,255761.18662919817,255757.88123160452,0.034999847412109375,0.5829999446868896
5,1,5,local_search,dr_pwldr,255763.84162612696,255763.84162612696,0.034999847412109375,0.5829999446868896
5,1,5,local_search,reopt_pwldr,195049.46837959575,195049.46837959575,0.034999847412109375,0.5829999446868896
5,1,6,black_box,obj_pwldr,255760.0746215507,255757.8764376177,0.04399991035461426,5.3459999561309814
5,1,6,black_box,dr_pwldr,255763.84162612696,255763.84162612696,0.04399991035461426,5.3459999561309814
5,1,6,black_box,reopt_pwldr,195049.46837959575,195049.46837959575,0.04399991035461426,5.3459999561309814
5,1,6,local_search,obj_pwldr,255760.0746215507,255757.67416322822,0.04399991035461426,1.0980000495910645
5,1,6,local_search,dr_pwldr,255763.84162612696,255763.84162612696,0.04399991035461426,1.0980000495910645
5,1,6,local_search,reopt_pwldr,195049.46837959575,195049.46837959575,0.04399991035461426,1.0980000495910645
5,1,7,black_box,obj_pwldr,255760.8886331486,255758.68713727067,0.04399991035461426,5.5970001220703125
5,1,7,black_box,dr_pwldr,255763.84162612696,255763.84162612696,0.04399991035461426,5.5970001220703125
5,1,7,black_box,reopt_pwldr,195049.46837959575,195049.46837959575,0.04399991035461426,5.5970001220703125
5,1,7,local_search,obj_pwldr,255760.8886331486,255758.00378527766,0.04399991035461426,1.4639999866485596
5,1,7,local_search,dr_pwldr,255763.84162612696,255763.84162612696,0.04399991035461426,1.4639999866485596
5,1,7,local_search,reopt_pwldr,195049.46837959575,195049.46837959575,0.04399991035461426,1.4639999866485596
5,1,8,black_box,obj_pwldr,255759.8645373185,255758.50944880978,0.057000160217285156,6.016999959945679
5,1,8,black_box,dr_pwldr,255763.84162612696,255763.84162612696,0.057000160217285156,6.016999959945679
5,1,8,black_box,reopt_pwldr,195049.46837959575,195049.46837959575,0.057000160217285156,6.016999959945679
5,1,8,local_search,obj_pwldr,255759.8645373185,255758.34580760496,0.057000160217285156,1.6480000019073486
5,1,8,local_search,dr_pwldr,255763.84162612696,255763.84162612696,0.057000160217285156,1.6480000019073486
5,1,8,local_search,reopt_pwldr,195049.46837959575,195049.46837959575,0.057000160217285156,1.6480000019073486
5,1,9,black_box,obj_pwldr,255761.2593191584,255758.7435735139,0.04900002479553223,6.799000024795532
5,1,9,black_box,dr_pwldr,255763.84162612696,255763.84162612696,0.04900002479553223,6.799000024795532
5,1,9,black_box,reopt_pwldr,195049.46837959575,195049.46837959575,0.04900002479553223,6.799000024795532
5,1,9,local_search,obj_pwldr,255761.2593191584,255758.66129182678,0.04900002479553223,2.197000026702881
5,1,9,local_search,dr_pwldr,255763.84162612696,255763.84162612696,0.04900002479553223,2.197000026702881
5,1,9,local_search,reopt_pwldr,195049.46837959575,195049.46837959575,0.04900002479553223,2.197000026702881
5,1,10,black_box,obj_pwldr,255760.4791444742,255758.8234467076,0.07599997520446777,7.074000120162964
5,1,10,black_box,dr_pwldr,255763.84162612696,255763.84162612696,0.07599997520446777,7.074000120162964
5,1,10,black_box,reopt_pwldr,195049.46837959575,195049.46837959575,0.07599997520446777,7.074000120162964
5,1,10,local_search,obj_pwldr,255760.4791444742,255757.9267174201,0.07599997520446777,3.7990000247955322
5,1,10,local_search,dr_pwldr,255763.84162612696,255763.84162612696,0.07599997520446777,3.7990000247955322
5,1,10,local_search,reopt_pwldr,195049.46837959575,195049.46837959575,0.07599997520446777,3.7990000247955322
5,2,1,black_box,obj_pwldr,255759.08327152435,255759.08327152435,0.029999971389770508,6.674999952316284
5,2,1,black_box,dr_pwldr,255763.84162612696,255763.84162612696,0.029999971389770508,6.674999952316284
5,2,1,black_box,reopt_pwldr,195049.46837959575,195049.46837959575,0.029999971389770508,6.674999952316284
5,2,1,local_search,obj_pwldr,255759.08327152435,255759.08327152435,0.029999971389770508,1.5429999828338623
5,2,1,local_search,dr_pwldr,255763.84162612696,255763.84162612696,0.029999971389770508,1.5429999828338623
5,2,1,local_search,reopt_pwldr,195049.46837959575,195049.46837959575,0.029999971389770508,1.5429999828338623
5,2,2,black_box,obj_pwldr,255759.08327152435,255759.08327152435,0.07899999618530273,12.38699984550476
5,2,2,black_box,dr_pwldr,255763.84162612696,255763.84162612696,0.07899999618530273,12.38699984550476
5,2,2,black_box,reopt_pwldr,195049.46837959575,195049.46837959575,0.07899999618530273,12.38699984550476
5,2,2,local_search,obj_pwldr,255759.08327152435,255759.08327152435,0.07899999618530273,1.2100000381469727
5,2,2,local_search,dr_pwldr,255763.84162612696,255763.84162612696,0.07899999618530273,1.2100000381469727
5,2,2,local_search,reopt_pwldr,195049.46837959575,195049.46837959575,0.07899999618530273,1.2100000381469727
5,2,3,black_box,obj_pwldr,255759.08327152435,255759.08327152435,0.12000012397766113,21.44700002670288
5,2,3,black_box,dr_pwldr,255763.84162612696,255763.84162612696,0.12000012397766113,21.44700002670288
5,2,3,black_box,reopt_pwldr,195049.46837959575,195049.46837959575,0.12000012397766113,21.44700002670288
5,2,3,local_search,obj_pwldr,255759.08327152435,255759.08327152435,0.12000012397766113,4.368000030517578
5,2,3,local_search,dr_pwldr,255763.84162612696,255763.84162612696,0.12000012397766113,4.368000030517578
5,2,3,local_search,reopt_pwldr,195049.46837959575,195049.46837959575,0.12000012397766113,4.368000030517578
5,2,4,black_box,obj_pwldr,255759.08327152435,255759.08327152435,0.17299985885620117,30.20300006866455
5,2,4,black_box,dr_pwldr,255763.84162612696,255763.84162612696,0.17299985885620117,30.20300006866455
5,2,4,black_box,reopt_pwldr,195049.46837959575,195049.46837959575,0.17299985885620117,30.20300006866455
5,2,4,local_search,obj_pwldr,255759.08327152435,255759.08327152435,0.17299985885620117,7.741999864578247
5,2,4,local_search,dr_pwldr,255763.84162612696,255763.84162612696,0.17299985885620117,7.741999864578247
5,2,4,local_search,reopt_pwldr,195049.46837959575,195049.46837959575,0.17299985885620117,7.741999864578247
5,2,5,black_box,obj_pwldr,255759.08327152435,255759.08327152435,0.21500015258789062,41.01199984550476
5,2,5,black_box,dr_pwldr,255763.84162612696,255763.84162612696,0.21500015258789062,41.01199984550476
5,2,5,black_box,reopt_pwldr,195049.46837959575,195049.46837959575,0.21500015258789062,41.01199984550476
5,2,5,local_search,obj_pwldr,255759.08327152435,255759.08327152435,0.21500015258789062,4.249000072479248
5,2,5,local_search,dr_pwldr,255763.84162612696,255763.84162612696,0.21500015258789062,4.249000072479248
5,2,5,local_search,reopt_pwldr,195049.46837959575,195049.46837959575,0.21500015258789062,4.249000072479248
5,2,6,black_box,obj_pwldr,255759.08327152435,255759.08327152435,0.2929999828338623,51.34400010108948
5,2,6,black_box,dr_pwldr,255763.84162612696,255763.84162612696,0.2929999828338623,51.34400010108948
5,2,6,black_box,reopt_pwldr,195049.46837959575,195049.46837959575,0.2929999828338623,51.34400010108948
5,2,6,local_search,obj_pwldr,255759.08327152435,255759.08327152435,0.2929999828338623,6.518999814987183
5,2,6,local_search,dr_pwldr,255763.84162612696,255763.84162612696,0.2929999828338623,6.518999814987183
5,2,6,local_search,reopt_pwldr,195049.46837959575,195049.46837959575,0.2929999828338623,6.518999814987183
5,2,7,black_box,obj_pwldr,255759.08327152435,255759.08327152435,0.36100006103515625,62.33400011062622
5,2,7,black_box,dr_pwldr,255763.84162612696,255763.84162612696,0.36100006103515625,62.33400011062622
5,2,7,black_box,reopt_pwldr,195049.46837959575,195049.46837959575,0.36100006103515625,62.33400011062622
5,2,7,local_search,obj_pwldr,255759.08327152435,255759.08327152435,0.36100006103515625,8.455999851226807
5,2,7,local_search,dr_pwldr,255763.84162612696,255763.84162612696,0.36100006103515625,8.455999851226807
5,2,7,local_search,reopt_pwldr,195049.46837959575,195049.46837959575,0.36100006103515625,8.455999851226807
5,2,8,black_box,obj_pwldr,255759.08327152435,255759.08327152435,0.41700005531311035,73.01300001144409
5,2,8,black_box,dr_pwldr,255763.84162612696,255763.84162612696,0.41700005531311035,73.01300001144409
5,2,8,black_box,reopt_pwldr,195049.46837959575,195049.46837959575,0.41700005531311035,73.01300001144409
5,2,8,local_search,obj_pwldr,255759.08327152435,255759.08327152435,0.41700005531311035,10.375999927520752
5,2,8,local_search,dr_pwldr,255763.84162612696,255763.84162612696,0.41700005531311035,10.375999927520752
5,2,8,local_search,reopt_pwldr,195049.46837959575,195049.46837959575,0.41700005531311035,10.375999927520752
5,2,9,black_box,obj_pwldr,255759.08327152435,255759.08327152435,0.46000003814697266,83.71099996566772
5,2,9,black_box,dr_pwldr,255763.84162612696,255763.84162612696,0.46000003814697266,83.71099996566772
5,2,9,black_box,reopt_pwldr,195049.46837959575,195049.46837959575,0.46000003814697266,83.71099996566772
5,2,9,local_search,obj_pwldr,255759.08327152435,255759.08327152435,0.46000003814697266,13.5
5,2,9,local_search,dr_pwldr,255763.84162612696,255763.84162612696,0.46000003814697266,13.5
5,2,9,local_search,reopt_pwldr,195049.46837959575,195049.46837959575,0.46000003814697266,13.5
5,2,10,black_box,obj_pwldr,255759.08327152435,255759.08327152435,0.5199999809265137,93.70499992370605
5,2,10,black_box,dr_pwldr,255763.84162612696,255763.84162612696,0.5199999809265137,93.70499992370605
5,2,10,black_box,reopt_pwldr,195049.46837959575,195049.46837959575,0.5199999809265137,93.70499992370605
5,2,10,local_search,obj_pwldr,255759.08327152435,255759.08327152435,0.5199999809265137,14.776999950408936
5,2,10,local_search,dr_pwldr,255763.84162612696,255763.84162612696,0.5199999809265137,14.776999950408936
5,2,10,local_search,reopt_pwldr,195049.46837959575,195049.46837959575,0.5199999809265137,14.776999950408936
5,3,1,black_box,obj_pwldr,242659.88251999096,242654.04032522737,0.0280001163482666,2.819000005722046
5,3,1,black_box,dr_pwldr,243627.0922520073,243593.87208457844,0.0280001163482666,2.819000005722046
5,3,1,black_box,reopt_pwldr,180368.82877983755,180819.21355747955,0.0280001163482666,2.819000005722046
5,3,1,local_search,obj_pwldr,242659.88251999096,242654.04032522737,0.0280001163482666,0.20199990272521973
5,3,1,local_search,dr_pwldr,243627.0922520073,243593.87208457844,0.0280001163482666,0.20199990272521973
5,3,1,local_search,reopt_pwldr,180368.82877983755,180819.21355747955,0.0280001163482666,0.20199990272521973
5,3,2,black_box,obj_pwldr,243980.67527041846,242560.00452921406,0.031000137329101562,3.071000099182129
5,3,2,black_box,dr_pwldr,244584.44249168652,243501.6950074494,0.031000137329101562,3.071000099182129
5,3,2,black_box,reopt_pwldr,186569.2133940154,181607.71205380638,0.031000137329101562,3.071000099182129
5,3,2,local_search,obj_pwldr,243980.67527041846,242560.004529214,0.031000137329101562,0.5539999008178711
5,3,2,local_search,dr_pwldr,244584.44249168652,243501.69500744934,0.031000137329101562,0.5539999008178711
5,3,2,local_search,reopt_pwldr,186569.2133940154,181607.71205380638,0.031000137329101562,0.5539999008178711
5,3,3,black_box,obj_pwldr,242576.39011080508,242560.1380001167,0.031999826431274414,3.3410000801086426
5,3,3,black_box,dr_pwldr,243518.38458444033,243510.58765838546,0.031999826431274414,3.3410000801086426
5,3,3,black_box,reopt_pwldr,184316.11686725647,180791.83491263454,0.031999826431274414,3.3410000801086426
5,3,3,local_search,obj_pwldr,242576.39011080508,242560.13800011668,0.031999826431274414,0.6600000858306885
5,3,3,local_search,dr_pwldr,243518.38458444033,243510.58765838546,0.031999826431274414,0.6600000858306885
5,3,3,local_search,reopt_pwldr,184316.11686725647,180791.83491263454,0.031999826431274414,0.6600000858306885
5,3,4,black_box,obj_pwldr,243035.37962346335,242527.46739052553,0.03699994087219238,3.636000156402588
5,3,4,black_box,dr_pwldr,243777.01806908235,243489.74251232753,0.03699994087219238,3.636000156402588
5,3,4,black_box,reopt_pwldr,183944.74650734523,180538.34491244116,0.03699994087219238,3.636000156402588
5,3,4,local_search,obj_pwldr,243035.37962346335,242524.5893267946,0.03699994087219238,0.9780001640319824
5,3,4,local_search,dr_pwldr,243777.01806908235,243483.4848082039,0.03699994087219238,0.9780001640319824
5,3,4,local_search,reopt_pwldr,183944.74650734523,180747.59305547198,0.03699994087219238,0.9780001640319824
5,3,5,black_box,obj_pwldr,242553.41098802857,242525.15580800886,0.037000179290771484,3.9539999961853027
5,3,5,black_box,dr_pwldr,243523.34130969792,243463.33943854127,0.037000179290771484,3.9539999961853027
5,3,5,black_box,reopt_pwldr,181264.14749243538,182068.98587907973,0.037000179290771484,3.9539999961853027
5,3,5,local_search,obj_pwldr,242553.41098802857,242525.1558080089,0.037000179290771484,0.4830000400543213
5,3,5,local_search,dr_pwldr,243523.34130969792,243463.33943854127,0.037000179290771484,0.4830000400543213
5,3,5,local_search,reopt_pwldr,181264.14749243538,182068.98587907973,0.037000179290771484,0.4830000400543213
5,3,6,black_box,obj_pwldr,242754.9376873248,242526.21470615518,0.037000179290771484,4.264999866485596
5,3,6,black_box,dr_pwldr,243560.07887587935,243481.1749104332,0.037000179290771484,4.264999866485596
5,3,6,black_box,reopt_pwldr,182971.4723998821,180585.43172184494,0.037000179290771484,4.264999866485596
5,3,6,local_search,obj_pwldr,242754.9376873248,242526.21470615518,0.037000179290771484,0.557999849319458
5,3,6,local_search,dr_pwldr,243560.07887587935,243481.1749104332,0.037000179290771484,0.557999849319458
5,3,6,local_search,reopt_pwldr,182971.4723998821,180585.43172184494,0.037000179290771484,0.557999849319458
5,3,7,black_box,obj_pwldr,242536.45664254468,242524.50807580058,0.03900003433227539,4.623000144958496
5,3,7,black_box,dr_pwldr,243508.2308342472,243468.6533706819,0.03900003433227539,4.623000144958496
5,3,7,black_box,reopt_pwldr,180368.82877983758,181790.6391571206,0.03900003433227539,4.623000144958496
5,3,7,local_search,obj_pwldr,242536.45664254468,242524.50807580058,0.03900003433227539,0.6359999179840088
5,3,7,local_search,dr_pwldr,243508.2308342472,243468.6533706819,0.03900003433227539,0.6359999179840088
5,3,7,local_search,reopt_pwldr,180368.82877983758,181790.6391571206,0.03900003433227539,0.6359999179840088
5,3,8,black_box,obj_pwldr,242652.54417009125,242523.80338765882,0.04200005531311035,4.984999895095825
5,3,8,black_box,dr_pwldr,243491.66457160935,243470.19399837859,0.04200005531311035,4.984999895095825
5,3,8,black_box,reopt_pwldr,182299.74527770904,180933.66281722914,0.04200005531311035,4.984999895095825
5,3,8,local_search,obj_pwldr,242652.54417009125,242523.80338765882,0.04200005531311035,0.7230000495910645
5,3,8,local_search,dr_pwldr,243491.66457160935,243470.19399837859,0.04200005531311035,0.7230000495910645
5,3,8,local_search,reopt_pwldr,182299.74527770904,180933.66281722914,0.04200005531311035,0.7230000495910645
5,3,9,black_box,obj_pwldr,242529.10858609868,242523.7166837629,0.039999961853027344,5.357999801635742
5,3,9,black_box,dr_pwldr,243486.26200043852,243469.99420374248,0.039999961853027344,5.357999801635742
5,3,9,black_box,reopt_pwldr,182450.13277345273,180929.876611293,0.039999961853027344,5.357999801635742
5,3,9,local_search,obj_pwldr,242529.10858609868,242523.7166837629,0.039999961853027344,0.812999963760376
5,3,9,local_search,dr_pwldr,243486.26200043852,243469.99420374242,0.039999961853027344,0.812999963760376
5,3,9,local_search,reopt_pwldr,182450.13277345273,180929.876611293,0.039999961853027344,0.812999963760376
5,3,10,black_box,obj_pwldr,242603.22443266684,242524.02044049068,0.04799985885620117,5.744999885559082
5,3,10,black_box,dr_pwldr,243467.34380689714,243469.9788765858,0.04799985885620117,5.744999885559082
5,3,10,black_box,reopt_pwldr,181935.27961411953,180845.09121098887,0.04799985885620117,5.744999885559082
5,3,10,local_search,obj_pwldr,242603.22443266684,242523.86476461042,0.04799985885620117,1.2579998970031738
5,3,10,local_search,dr_pwldr,243467.34380689714,243478.77542519735,0.04799985885620117,1.2579998970031738
5,3,10,local_search,reopt_pwldr,181935.27961411953,180737.30473541698,0.04799985885620117,1.2579998970031738
5,4,1,black_box,obj_pwldr,255759.08327152435,255759.08327152435,0.03500008583068848,2.871000051498413
5,4,1,black_box,dr_pwldr,255763.84162612696,255763.84162612696,0.03500008583068848,2.871000051498413
5,4,1,black_box,reopt_pwldr,195049.46837959575,195049.46837959575,0.03500008583068848,2.871000051498413
5,4,1,local_search,obj_pwldr,255759.08327152435,255759.08327152435,0.03500008583068848,0.22099995613098145
5,4,1,local_search,dr_pwldr,255763.84162612696,255763.84162612696,0.03500008583068848,0.22099995613098145
5,4,1,local_search,reopt_pwldr,195049.46837959575,195049.46837959575,0.03500008583068848,0.22099995613098145
5,4,2,black_box,obj_pwldr,255759.08327152435,255759.08327152435,0.031000137329101562,3.1430001258850098
5,4,2,black_box,dr_pwldr,255763.84162612696,255763.84162612696,0.031000137329101562,3.1430001258850098
5,4,2,black_box,reopt_pwldr,195049.46837959575,195049.46837959575,0.031000137329101562,3.1430001258850098
5,4,2,local_search,obj_pwldr,255759.08327152435,255759.08327152435,0.031000137329101562,0.3229999542236328
5,4,2,local_search,dr_pwldr,255763.84162612696,255763.84162612696,0.031000137329101562,0.3229999542236328
5,4,2,local_search,reopt_pwldr,195049.46837959575,195049.46837959575,0.031000137329101562,0.3229999542236328
5,4,3,black_box,obj_pwldr,255759.08327152435,255759.08327152435,0.046000003814697266,3.565999984741211
5,4,3,black_box,dr_pwldr,255763.84162612696,255763.84162612696,0.046000003814697266,3.565999984741211
5,4,3,black_box,reopt_pwldr,195049.46837959575,195049.46837959575,0.046000003814697266,3.565999984741211
5,4,3,local_search,obj_pwldr,255759.08327152435,255759.08327152435,0.046000003814697266,0.3209998607635498
5,4,3,local_search,dr_pwldr,255763.84162612696,255763.84162612696,0.046000003814697266,0.3209998607635498
5,4,3,local_search,reopt_pwldr,195049.46837959575,195049.46837959575,0.046000003814697266,0.3209998607635498
5,4,4,black_box,obj_pwldr,255759.08327152435,255759.08327152435,0.03600001335144043,3.6589999198913574
5,4,4,black_box,dr_pwldr,255763.84162612696,255763.84162612696,0.03600001335144043,3.6589999198913574
5,4,4,black_box,reopt_pwldr,195049.46837959575,195049.46837959575,0.03600001335144043,3.6589999198913574
5,4,4,local_search,obj_pwldr,255759.08327152435,255759.08327152435,0.03600001335144043,0.3810000419616699
5,4,4,local_search,dr_pwldr,255763.84162612696,255763.84162612696,0.03600001335144043,0.3810000419616699
5,4,4,local_search,reopt_pwldr,195049.46837959575,195049.46837959575,0.03600001335144043,0.3810000419616699
5,4,5,black_box,obj_pwldr,255759.08327152435,255759.08327152435,0.05099987983703613,4.016999959945679
5,4,5,black_box,dr_pwldr,255763.84162612696,255763.84162612696,0.05099987983703613,4.016999959945679
5,4,5,black_box,reopt_pwldr,195049.46837959575,195049.46837959575,0.05099987983703613,4.016999959945679
5,4,5,local_search,obj_pwldr,255759.08327152435,255759.08327152435,0.05099987983703613,0.4679999351501465
5,4,5,local_search,dr_pwldr,255763.84162612696,255763.84162612696,0.05099987983703613,0.4679999351501465
5,4,5,local_search,reopt_pwldr,195049.46837959575,195049.46837959575,0.05099987983703613,0.4679999351501465
5,4,6,black_box,obj_pwldr,255759.08327152435,255759.08327152435,0.03600001335144043,4.296000003814697
5,4,6,black_box,dr_pwldr,255763.84162612696,255763.84162612696,0.03600001335144043,4.296000003814697
5,4,6,black_box,reopt_pwldr,195049.46837959575,195049.46837959575,0.03600001335144043,4.296000003814697
5,4,6,local_search,obj_pwldr,255759.08327152435,255759.08327152435,0.03600001335144043,0.5329999923706055
5,4,6,local_search,dr_pwldr,255763.84162612696,255763.84162612696,0.03600001335144043,0.5329999923706055
5,4,6,local_search,reopt_pwldr,195049.46837959575,195049.46837959575,0.03600001335144043,0.5329999923706055
5,4,7,black_box,obj_pwldr,255759.08327152435,255759.08327152435,0.039999961853027344,4.680000066757202
5,4,7,black_box,dr_pwldr,255763.84162612696,255763.84162612696,0.039999961853027344,4.680000066757202
5,4,7,black_box,reopt_pwldr,195049.46837959575,195049.46837959575,0.039999961853027344,4.680000066757202
5,4,7,local_search,obj_pwldr,255759.08327152435,255759.08327152435,0.039999961853027344,0.6530001163482666
5,4,7,local_search,dr_pwldr,255763.84162612696,255763.84162612696,0.039999961853027344,0.6530001163482666
5,4,7,local_search,reopt_pwldr,195049.46837959575,195049.46837959575,0.039999961853027344,0.6530001163482666
5,4,8,black_box,obj_pwldr,255759.08327152435,255759.08327152435,0.04700016975402832,5.101999998092651
5,4,8,black_box,dr_pwldr,255763.84162612696,255763.84162612696,0.04700016975402832,5.101999998092651
5,4,8,black_box,reopt_pwldr,195049.46837959575,195049.46837959575,0.04700016975402832,5.101999998092651
5,4,8,local_search,obj_pwldr,255759.08327152435,255759.08327152435,0.04700016975402832,0.7139999866485596
5,4,8,local_search,dr_pwldr,255763.84162612696,255763.84162612696,0.04700016975402832,0.7139999866485596
5,4,8,local_search,reopt_pwldr,195049.46837959575,195049.46837959575,0.04700016975402832,0.7139999866485596
5,4,9,black_box,obj_pwldr,255759.08327152435,255759.08327152435,0.042999982833862305,5.403000116348267
5,4,9,black_box,dr_pwldr,255763.84162612696,255763.84162612696,0.042999982833862305,5.403000116348267
5,4,9,black_box,reopt_pwldr,195049.46837959575,195049.46837959575,0.042999982833862305,5.403000116348267
5,4,9,local_search,obj_pwldr,255759.08327152435,255759.08327152435,0.042999982833862305,0.7979998588562012
5,4,9,local_search,dr_pwldr,255763.84162612696,255763.84162612696,0.042999982833862305,0.7979998588562012
5,4,9,local_search,reopt_pwldr,195049.46837959575,195049.46837959575,0.042999982833862305,0.7979998588562012
5,4,10,black_box,obj_pwldr,255759.08327152435,255759.08327152435,0.04900002479553223,5.7850000858306885
5,4,10,black_box,dr_pwldr,255763.84162612696,255763.84162612696,0.04900002479553223,5.7850000858306885
5,4,10,black_box,reopt_pwldr,195049.46837959575,195049.46837959575,0.04900002479553223,5.7850000858306885
5,4,10,local_search,obj_pwldr,255759.08327152435,255759.08327152435,0.04900002479553223,0.942000150680542
5,4,10,local_search,dr_pwldr,255763.84162612696,255763.84162612696,0.04900002479553223,0.942000150680542
5,4,10,local_search,reopt_pwldr,195049.46837959575,195049.46837959575,0.04900002479553223,0.942000150680542
5,5,1,black_box,obj_pwldr,235194.40150958896,235195.13250895508,0.03099989891052246,2.8489999771118164
5,5,1,black_box,dr_pwldr,235188.80777340638,235185.90101061418,0.03099989891052246,2.8489999771118164
5,5,1,black_box,reopt_pwldr,175288.76547132735,175418.33425911242,0.03099989891052246,2.8489999771118164
5,5,1,local_search,obj_pwldr,235194.40150958896,235195.13250895508,0.03099989891052246,0.2349998950958252
5,5,1,local_search,dr_pwldr,235188.80777340638,235185.90101061418,0.03099989891052246,0.2349998950958252
5,5,1,local_search,reopt_pwldr,175288.76547132735,175418.33425911242,0.03099989891052246,0.2349998950958252
5,5,2,black_box,obj_pwldr,238388.7146126936,235193.0896464646,0.032000064849853516,3.4149999618530273
5,5,2,black_box,dr_pwldr,238405.1744303301,235186.43203905082,0.032000064849853516,3.4149999618530273
5,5,2,black_box,reopt_pwldr,180319.1944079509,175361.63411230073,0.032000064849853516,3.4149999618530273
5,5,2,local_search,obj_pwldr,238388.7146126936,235193.0896464646,0.032000064849853516,0.2839999198913574
5,5,2,local_search,dr_pwldr,238405.1744303301,235186.43203905082,0.032000064849853516,0.2839999198913574
5,5,2,local_search,reopt_pwldr,180319.1944079509,175361.63411230073,0.032000064849853516,0.2839999198913574
5,5,3,black_box,obj_pwldr,235194.21855909313,235179.71678064193,0.04800009727478027,3.805000066757202
5,5,3,black_box,dr_pwldr,235188.80777340638,235222.7785115332,0.04800009727478027,3.805000066757202
5,5,3,black_box,reopt_pwldr,175288.76547132735,176441.45121331455,0.04800009727478027,3.805000066757202
5,5,3,local_search,obj_pwldr,235194.21855909313,235175.6012136006,0.04800009727478027,0.8510000705718994
5,5,3,local_search,dr_pwldr,235188.80777340638,235239.86964947602,0.04800009727478027,0.8510000705718994
5,5,3,local_search,reopt_pwldr,175288.76547132735,177061.38146916256,0.04800009727478027,0.8510000705718994
5,5,4,black_box,obj_pwldr,236366.89115559933,235174.70144819692,0.03699994087219238,4.5
5,5,4,black_box,dr_pwldr,236328.80535129897,235213.66427169528,0.03699994087219238,4.5
5,5,4,black_box,reopt_pwldr,178070.37992534944,176706.18836109355,0.03699994087219238,4.5
5,5,4,local_search,obj_pwldr,236366.89115559933,235172.1796589409,0.03699994087219238,1.437000036239624
5,5,4,local_search,dr_pwldr,236328.80535129897,235249.98082849244,0.03699994087219238,1.437000036239624
5,5,4,local_search,reopt_pwldr,178070.37992534944,177454.65794479748,0.03699994087219238,1.437000036239624
5,5,5,black_box,obj_pwldr,235192.806758464,235170.5983999054,0.0409998893737793,5.2200000286102295
5,5,5,black_box,dr_pwldr,235188.80777340638,235259.28733256305,0.0409998893737793,5.2200000286102295
5,5,5,black_box,reopt_pwldr,175288.76547132735,177913.11875832584,0.0409998893737793,5.2200000286102295
5,5,5,local_search,obj_pwldr,235192.806758464,235170.59839990537,0.0409998893737793,1.0480000972747803
5,5,5,local_search,dr_pwldr,235188.80777340638,235259.287332563,0.0409998893737793,1.0480000972747803
5,5,5,local_search,reopt_pwldr,175288.76547132735,177913.11875832584,0.0409998893737793,1.0480000972747803
5,5,6,black_box,obj_pwldr,235785.9204777761,235169.50593300056,0.03900003433227539,5.1590001583099365
5,5,6,black_box,dr_pwldr,235752.78655132584,235240.63255363345,0.03900003433227539,5.1590001583099365
5,5,6,black_box,reopt_pwldr,177196.20957251085,177479.06578951588,0.03900003433227539,5.1590001583099365
5,5,6,local_search,obj_pwldr,235785.9204777761,235169.50593299954,0.03900003433227539,1.2819998264312744
5,5,6,local_search,dr_pwldr,235752.78655132584,235240.63255363255,0.03900003433227539,1.2819998264312744
5,5,6,local_search,reopt_pwldr,177196.20957251085,177479.06578951527,0.03900003433227539,1.2819998264312744
5,5,7,black_box,obj_pwldr,235179.04991051217,235169.8219340238,0.04700016975402832,5.599999904632568
5,5,7,black_box,dr_pwldr,235293.77272263262,235221.7285561453,0.04700016975402832,5.599999904632568
5,5,7,black_box,reopt_pwldr,178882.76776271785,176920.84380964446,0.04700016975402832,5.599999904632568
5,5,7,local_search,obj_pwldr,235179.04991051217,235169.8219340238,0.04700016975402832,0.7840001583099365
5,5,7,local_search,dr_pwldr,235293.77272263262,235221.7285561453,0.04700016975402832,0.7840001583099365
5,5,7,local_search,reopt_pwldr,178882.76776271785,176920.84380964446,0.04700016975402832,0.7840001583099365
5,5,8,black_box,obj_pwldr,235545.61543870353,235168.40022525276,0.04500007629394531,6.16100001335144
5,5,8,black_box,dr_pwldr,235524.5363125252,235237.45432169642,0.04500007629394531,6.16100001335144
5,5,8,black_box,reopt_pwldr,176738.84946051452,177241.5153932532,0.04500007629394531,6.16100001335144
5,5,8,local_search,obj_pwldr,235545.61543870353,235168.40022525282,0.04500007629394531,0.8839998245239258
5,5,8,local_search,dr_pwldr,235524.5363125252,235237.4543216965,0.04500007629394531,0.8839998245239258
5,5,8,local_search,reopt_pwldr,176738.84946051452,177241.51539325324,0.04500007629394531,0.8839998245239258
5,5,9,black_box,obj_pwldr,235169.63431386254,235167.54112274022,0.04900002479553223,6.753000020980835
5,5,9,black_box,dr_pwldr,235262.1276759012,235236.65055826705,0.04900002479553223,6.753000020980835
5,5,9,black_box,reopt_pwldr,178070.37992534944,177144.94773862412,0.04900002479553223,6.753000020980835
5,5,9,local_search,obj_pwldr,235169.63431386254,235167.5411227402,0.04900002479553223,2.078000068664551
5,5,9,local_search,dr_pwldr,235262.1276759012,235236.65055826696,0.04900002479553223,2.078000068664551
5,5,9,local_search,reopt_pwldr,178070.37992534944,177144.9477386241,0.04900002479553223,2.078000068664551
5,5,10,black_box,obj_pwldr,235424.95959046186,235170.07124686142,0.05500006675720215,7.23799991607666
5,5,10,black_box,dr_pwldr,235408.7792601292,235235.00892768265,0.05500006675720215,7.23799991607666
5,5,10,black_box,reopt_pwldr,176457.22231251874,177256.6061485957,0.05500006675720215,7.23799991607666
5,5,10,local_search,obj_pwldr,235424.95959046186,235170.07124686142,0.05500006675720215,1.1489999294281006
5,5,10,local_search,dr_pwldr,235408.7792601292,235235.00892768265,0.05500006675720215,1.1489999294281006
5,5,10,local_search,reopt_pwldr,176457.22231251874,177256.6061485957,0.05500006675720215,1.1489999294281006
5,6,1,black_box,obj_pwldr,255758.69110640814,255756.41089440812,0.029999971389770508,5.772000074386597
5,6,1,black_box,dr_pwldr,255763.84162612696,255763.84162612696,0.029999971389770508,5.772000074386597
5,6,1,black_box,reopt_pwldr,195049.46837959575,195049.46837959575,0.029999971389770508,5.772000074386597
5,6,1,local_search,obj_pwldr,255758.69110640814,255756.41089440812,0.029999971389770508,0.9149999618530273
5,6,1,local_search,dr_pwldr,255763.84162612696,255763.84162612696,0.029999971389770508,0.9149999618530273
5,6,1,local_search,reopt_pwldr,195049.46837959575,195049.46837959575,0.029999971389770508,0.9149999618530273
5,6,2,black_box,obj_pwldr,255759.20812896767,255756.97436451825,0.07299995422363281,12.805000066757202
5,6,2,black_box,dr_pwldr,255763.84162612696,255763.84162612696,0.07299995422363281,12.805000066757202
5,6,2,black_box,reopt_pwldr,195049.46837959575,195049.46837959575,0.07299995422363281,12.805000066757202
5,6,2,local_search,obj_pwldr,255759.20812896767,255756.97436451825,0.07299995422363281,1.1160001754760742
5,6,2,local_search,dr_pwldr,255763.84162612696,255763.84162612696,0.07299995422363281,1.1160001754760742
5,6,2,local_search,reopt_pwldr,195049.46837959575,195049.46837959575,0.07299995422363281,1.1160001754760742
5,6,3,black_box,obj_pwldr,255759.77619343597,255756.83120657463,0.12199997901916504,21.519999980926514
5,6,3,black_box,dr_pwldr,255763.84162612696,255763.84162612696,0.12199997901916504,21.519999980926514
5,6,3,black_box,reopt_pwldr,195049.46837959575,195049.46837959575,0.12199997901916504,21.519999980926514
5,6,3,local_search,obj_pwldr,255759.77619343597,255756.83120657463,0.12199997901916504,2.000999927520752
5,6,3,local_search,dr_pwldr,255763.84162612696,255763.84162612696,0.12199997901916504,2.000999927520752
5,6,3,local_search,reopt_pwldr,195049.46837959575,195049.46837959575,0.12199997901916504,2.000999927520752
5,6,4,black_box,obj_pwldr,255759.59594755925,255756.61731151034,0.1660001277923584,31.170000076293945
5,6,4,black_box,dr_pwldr,255763.84162612696,255763.84162612696,0.1660001277923584,31.170000076293945
5,6,4,black_box,reopt_pwldr,195049.46837959575,195049.46837959575,0.1660001277923584,31.170000076293945
5,6,4,local_search,obj_pwldr,255759.59594755925,255756.61731151034,0.1660001277923584,3.1540000438690186
5,6,4,local_search,dr_pwldr,255763.84162612696,255763.84162612696,0.1660001277923584,3.1540000438690186
5,6,4,local_search,reopt_pwldr,195049.46837959575,195049.46837959575,0.1660001277923584,3.1540000438690186
5,6,5,black_box,obj_pwldr,255758.84623398798,255757.608831335,0.21399998664855957,41.568000078201294
5,6,5,black_box,dr_pwldr,255763.84162612696,255763.84162612696,0.21399998664855957,41.568000078201294
5,6,5,black_box,reopt_pwldr,195049.46837959575,195049.46837959575,0.21399998664855957,41.568000078201294
5,6,5,local_search,obj_pwldr,255758.84623398798,255757.608831335,0.21399998664855957,4.3459999561309814
5,6,5,local_search,dr_pwldr,255763.84162612696,255763.84162612696,0.21399998664855957,4.3459999561309814
5,6,5,local_search,reopt_pwldr,195049.46837959575,195049.46837959575,0.21399998664855957,4.3459999561309814
5,6,6,black_box,obj_pwldr,255759.21117017866,255757.87760718598,0.2820000648498535,52.69200015068054
5,6,6,black_box,dr_pwldr,255763.84162612696,255763.84162612696,0.2820000648498535,52.69200015068054
5,6,6,black_box,reopt_pwldr,195049.46837959575,195049.46837959575,0.2820000648498535,52.69200015068054
5,6,6,local_search,obj_pwldr,255759.21117017866,255757.87760718598,0.2820000648498535,6.912999868392944
5,6,6,local_search,dr_pwldr,255763.84162612696,255763.84162612696,0.2820000648498535,6.912999868392944
5,6,6,local_search,reopt_pwldr,195049.46837959575,195049.46837959575,0.2820000648498535,6.912999868392944
5,6,7,black_box,obj_pwldr,255758.8985087183,255756.85350490437,0.3599998950958252,62.09699988365173
5,6,7,black_box,dr_pwldr,255763.84162612696,255763.84162612696,0.3599998950958252,62.09699988365173
5,6,7,black_box,reopt_pwldr,195049.46837959575,195049.46837959575,0.3599998950958252,62.09699988365173
5,6,7,local_search,obj_pwldr,255758.8985087183,255756.85350490437,0.3599998950958252,8.029000043869019
5,6,7,local_search,dr_pwldr,255763.84162612696,255763.84162612696,0.3599998950958252,8.029000043869019
5,6,7,local_search,reopt_pwldr,195049.46837959575,195049.46837959575,0.3599998950958252,8.029000043869019
5,6,8,black_box,obj_pwldr,255758.9407086105,255757.20097173317,0.40599989891052246,72.59599995613098
5,6,8,black_box,dr_pwldr,255763.84162612696,255763.84162612696,0.40599989891052246,72.59599995613098
5,6,8,black_box,reopt_pwldr,195049.46837959575,195049.46837959575,0.40599989891052246,72.59599995613098
5,6,8,local_search,obj_pwldr,255758.9407086105,255757.20097173317,0.40599989891052246,9.52999997138977
5,6,8,local_search,dr_pwldr,255763.84162612696,255763.84162612696,0.40599989891052246,9.52999997138977
5,6,8,local_search,reopt_pwldr,195049.46837959575,195049.46837959575,0.40599989891052246,9.52999997138977
5,6,9,black_box,obj_pwldr,255758.92888633895,255758.1195410257,0.45599985122680664,83.8050000667572
5,6,9,black_box,dr_pwldr,255763.84162612696,255763.84162612696,0.45599985122680664,83.8050000667572
5,6,9,black_box,reopt_pwldr,195049.46837959575,195049.46837959575,0.45599985122680664,83.8050000667572
5,6,9,local_search,obj_pwldr,255758.92888633895,255758.1195410257,0.45599985122680664,12.360000133514404
5,6,9,local_search,dr_pwldr,255763.84162612696,255763.84162612696,0.45599985122680664,12.360000133514404
5,6,9,local_search,reopt_pwldr,195049.46837959575,195049.46837959575,0.45599985122680664,12.360000133514404
5,6,10,black_box,obj_pwldr,255758.9499330774,255757.93724095696,0.497999906539917,93.19700002670288
5,6,10,black_box,dr_pwldr,255763.84162612696,255763.84162612696,0.497999906539917,93.19700002670288
5,6,10,black_box,reopt_pwldr,195049.46837959575,195049.46837959575,0.497999906539917,93.19700002670288
5,6,10,local_search,obj_pwldr,255758.9499330774,255757.93724095696,0.497999906539917,14.299999952316284
5,6,10,local_search,dr_pwldr,255763.84162612696,255763.84162612696,0.497999906539917,14.299999952316284
5,6,10,local_search,reopt_pwldr,195049.46837959575,195049.46837959575,0.497999906539917,14.299999952316284
5,7,1,black_box,obj_pwldr,255759.08327152435,255759.08327152435,0.0280001163482666,3.124000072479248
5,7,1,black_box,dr_pwldr,255763.84162612696,255763.84162612696,0.0280001163482666,3.124000072479248
5,7,1,black_box,reopt_pwldr,195049.46837959575,195049.46837959575,0.0280001163482666,3.124000072479248
5,7,1,local_search,obj_pwldr,255759.08327152435,255759.08327152435,0.0280001163482666,0.23399996757507324
5,7,1,local_search,dr_pwldr,255763.84162612696,255763.84162612696,0.0280001163482666,0.23399996757507324
5,7,1,local_search,reopt_pwldr,195049.46837959575,195049.46837959575,0.0280001163482666,0.23399996757507324
5,7,2,black_box,obj_pwldr,255759.08327152435,255759.08327152435,0.032000064849853516,3.3929998874664307
5,7,2,black_box,dr_pwldr,255763.84162612696,255763.84162612696,0.032000064849853516,3.3929998874664307
5,7,2,black_box,reopt_pwldr,195049.46837959575,195049.46837959575,0.032000064849853516,3.3929998874664307
5,7,2,local_search,obj_pwldr,255759.08327152435,255759.08327152435,0.032000064849853516,0.29799985885620117
5,7,2,local_search,dr_pwldr,255763.84162612696,255763.84162612696,0.032000064849853516,0.29799985885620117
5,7,2,local_search,reopt_pwldr,195049.46837959575,195049.46837959575,0.032000064849853516,0.29799985885620117
5,7,3,black_box,obj_pwldr,255759.08327152435,255759.08327152435,0.03899979591369629,3.812000036239624
5,7,3,black_box,dr_pwldr,255763.84162612696,255763.84162612696,0.03899979591369629,3.812000036239624
5,7,3,black_box,reopt_pwldr,195049.46837959575,195049.46837959575,0.03899979591369629,3.812000036239624
5,7,3,local_search,obj_pwldr,255759.08327152435,255759.08327152435,0.03899979591369629,0.34400010108947754
5,7,3,local_search,dr_pwldr,255763.84162612696,255763.84162612696,0.03899979591369629,0.34400010108947754
5,7,3,local_search,reopt_pwldr,195049.46837959575,195049.46837959575,0.03899979591369629,0.34400010108947754
5,7,4,black_box,obj_pwldr,255759.08327152435,255759.08327152435,0.0409998893737793,4.249000072479248
5,7,4,black_box,dr_pwldr,255763.84162612696,255763.84162612696,0.0409998893737793,4.249000072479248
5,7,4,black_box,reopt_pwldr,195049.46837959575,195049.46837959575,0.0409998893737793,4.249000072479248
5,7,4,local_search,obj_pwldr,255759.08327152435,255759.08327152435,0.0409998893737793,0.4699997901916504
5,7,4,local_search,dr_pwldr,255763.84162612696,255763.84162612696,0.0409998893737793,0.4699997901916504
5,7,4,local_search,reopt_pwldr,195049.46837959575,195049.46837959575,0.0409998893737793,0.4699997901916504
5,7,5,black_box,obj_pwldr,255759.08327152435,255759.08327152435,0.03500008583068848,4.674000024795532
5,7,5,black_box,dr_pwldr,255763.84162612696,255763.84162612696,0.03500008583068848,4.674000024795532
5,7,5,black_box,reopt_pwldr,195049.46837959575,195049.46837959575,0.03500008583068848,4.674000024795532
5,7,5,local_search,obj_pwldr,255759.08327152435,255759.08327152435,0.03500008583068848,0.5250000953674316
5,7,5,local_search,dr_pwldr,255763.84162612696,255763.84162612696,0.03500008583068848,0.5250000953674316
5,7,5,local_search,reopt_pwldr,195049.46837959575,195049.46837959575,0.03500008583068848,0.5250000953674316
5,7,6,black_box,obj_pwldr,255759.08327152435,255758.71470363863,0.037999868392944336,5.169999837875366
5,7,6,black_box,dr_pwldr,255763.84162612696,255764.5427668345,0.037999868392944336,5.169999837875366
5,7,6,black_box,reopt_pwldr,195049.46837959575,195049.46837959575,0.037999868392944336,5.169999837875366
5,7,6,local_search,obj_pwldr,255759.08327152435,255758.61677581075,0.037999868392944336,1.6500000953674316
5,7,6,local_search,dr_pwldr,255763.84162612696,255763.92265223333,0.037999868392944336,1.6500000953674316
5,7,6,local_search,reopt_pwldr,195049.46837959575,195049.46837959575,0.037999868392944336,1.6500000953674316
5,7,7,black_box,obj_pwldr,255759.08327152435,255758.62897149078,0.04400014877319336,5.694000005722046
5,7,7,black_box,dr_pwldr,255763.84162612696,255764.00289933028,0.04400014877319336,5.694000005722046
5,7,7,black_box,reopt_pwldr,195049.46837959575,195049.46837959575,0.04400014877319336,5.694000005722046
5,7,7,local_search,obj_pwldr,255759.08327152435,255758.60105019284,0.04400014877319336,1.940999984741211
5,7,7,local_search,dr_pwldr,255763.84162612696,255763.84162612696,0.04400014877319336,1.940999984741211
5,7,7,local_search,reopt_pwldr,195049.46837959575,195049.46837959575,0.04400014877319336,1.940999984741211
5,7,8,black_box,obj_pwldr,255759.08327152435,255758.93092506184,0.05800008773803711,6.227999925613403
5,7,8,black_box,dr_pwldr,255763.84162612696,255766.49245297426,0.05800008773803711,6.227999925613403
5,7,8,black_box,reopt_pwldr,195049.46837959575,195049.46837959575,0.05800008773803711,6.227999925613403
5,7,8,local_search,obj_pwldr,255759.08327152435,255758.90588353336,0.05800008773803711,1.748999834060669
5,7,8,local_search,dr_pwldr,255763.84162612696,255766.38335645178,0.05800008773803711,1.748999834060669
5,7,8,local_search,reopt_pwldr,195049.46837959575,195049.46837959558,0.05800008773803711,1.748999834060669
5,7,9,black_box,obj_pwldr,255759.08327152435,255758.9729242585,0.04900002479553223,6.799999952316284
5,7,9,black_box,dr_pwldr,255763.84162612696,255766.66478560393,0.04900002479553223,6.799999952316284
5,7,9,black_box,reopt_pwldr,195049.46837959575,195049.46837959546,0.04900002479553223,6.799999952316284
5,7,9,local_search,obj_pwldr,255759.08327152435,255758.9040192039,0.04900002479553223,3.758999824523926
5,7,9,local_search,dr_pwldr,255763.84162612696,255766.3750326197,0.04900002479553223,3.758999824523926
5,7,9,local_search,reopt_pwldr,195049.46837959575,195049.46837959575,0.04900002479553223,3.758999824523926
5,7,10,black_box,obj_pwldr,255759.08327152435,255759.08327152435,0.06599998474121094,7.794999837875366
5,7,10,black_box,dr_pwldr,255763.84162612696,255763.84162612696,0.06599998474121094,7.794999837875366
5,7,10,black_box,reopt_pwldr,195049.46837959575,195049.46837959575,0.06599998474121094,7.794999837875366
5,7,10,local_search,obj_pwldr,255759.08327152435,255759.08327152435,0.06599998474121094,1.3280000686645508
5,7,10,local_search,dr_pwldr,255763.84162612696,255763.84162612696,0.06599998474121094,1.3280000686645508
5,7,10,local_search,reopt_pwldr,195049.46837959575,195049.46837959575,0.06599998474121094,1.3280000686645508
5,8,1,black_box,obj_pwldr,255759.08327152435,255759.08327152435,0.03099989891052246,3.0369999408721924
5,8,1,black_box,dr_pwldr,255763.84162612696,255763.84162612696,0.03099989891052246,3.0369999408721924
5,8,1,black_box,reopt_pwldr,195049.46837959575,195049.46837959575,0.03099989891052246,3.0369999408721924
5,8,1,local_search,obj_pwldr,255759.08327152435,255759.08327152435,0.03099989891052246,0.23100018501281738
5,8,1,local_search,dr_pwldr,255763.84162612696,255763.84162612696,0.03099989891052246,0.23100018501281738
5,8,1,local_search,reopt_pwldr,195049.46837959575,195049.46837959575,0.03099989891052246,0.23100018501281738
5,8,2,black_box,obj_pwldr,255759.08327152435,255759.08327152435,0.03600001335144043,3.323000192642212
5,8,2,black_box,dr_pwldr,255763.84162612696,255763.84162612696,0.03600001335144043,3.323000192642212
5,8,2,black_box,reopt_pwldr,195049.46837959575,195049.46837959575,0.03600001335144043,3.323000192642212
5,8,2,local_search,obj_pwldr,255759.08327152435,255759.08327152435,0.03600001335144043,0.2890000343322754
5,8,2,local_search,dr_pwldr,255763.84162612696,255763.84162612696,0.03600001335144043,0.2890000343322754
5,8,2,local_search,reopt_pwldr,195049.46837959575,195049.46837959575,0.03600001335144043,0.2890000343322754
5,8,3,black_box,obj_pwldr,255759.08327152435,255759.08327152435,0.0409998893737793,3.7130000591278076
5,8,3,black_box,dr_pwldr,255763.84162612696,255763.84162612696,0.0409998893737793,3.7130000591278076
5,8,3,black_box,reopt_pwldr,195049.46837959575,195049.46837959575,0.0409998893737793,3.7130000591278076
5,8,3,local_search,obj_pwldr,255759.08327152435,255759.08327152435,0.0409998893737793,0.3510000705718994
5,8,3,local_search,dr_pwldr,255763.84162612696,255763.84162612696,0.0409998893737793,0.3510000705718994
5,8,3,local_search,reopt_pwldr,195049.46837959575,195049.46837959575,0.0409998893737793,0.3510000705718994
5,8,4,black_box,obj_pwldr,255759.08327152435,255759.08327152435,0.046000003814697266,4.111999988555908
5,8,4,black_box,dr_pwldr,255763.84162612696,255763.84162612696,0.046000003814697266,4.111999988555908
5,8,4,black_box,reopt_pwldr,195049.46837959575,195049.46837959575,0.046000003814697266,4.111999988555908
5,8,4,local_search,obj_pwldr,255759.08327152435,255759.08327152435,0.046000003814697266,0.44700002670288086
5,8,4,local_search,dr_pwldr,255763.84162612696,255763.84162612696,0.046000003814697266,0.44700002670288086
5,8,4,local_search,reopt_pwldr,195049.46837959575,195049.46837959575,0.046000003814697266,0.44700002670288086
5,8,5,black_box,obj_pwldr,255759.08327152435,255759.08327152426,0.037999868392944336,4.621999979019165
5,8,5,black_box,dr_pwldr,255763.84162612696,255763.84162612684,0.037999868392944336,4.621999979019165
5,8,5,black_box,reopt_pwldr,195049.46837959575,195049.46837959567,0.037999868392944336,4.621999979019165
5,8,5,local_search,obj_pwldr,255759.08327152435,255759.08327152435,0.037999868392944336,0.5559999942779541
5,8,5,local_search,dr_pwldr,255763.84162612696,255763.84162612696,0.037999868392944336,0.5559999942779541
5,8,5,local_search,reopt_pwldr,195049.46837959575,195049.46837959575,0.037999868392944336,0.5559999942779541
5,8,6,black_box,obj_pwldr,255759.08327152435,255759.08327152435,0.0409998893737793,5.033999919891357
5,8,6,black_box,dr_pwldr,255763.84162612696,255763.84162612696,0.0409998893737793,5.033999919891357
5,8,6,black_box,reopt_pwldr,195049.46837959575,195049.46837959575,0.0409998893737793,5.033999919891357
5,8,6,local_search,obj_pwldr,255759.08327152435,255759.08327152435,0.0409998893737793,0.6189999580383301
5,8,6,local_search,dr_pwldr,255763.84162612696,255763.84162612696,0.0409998893737793,0.6189999580383301
5,8,6,local_search,reopt_pwldr,195049.46837959575,195049.46837959575,0.0409998893737793,0.6189999580383301
5,8,7,black_box,obj_pwldr,255759.08327152435,255759.08327152435,0.042999982833862305,5.5350000858306885
5,8,7,black_box,dr_pwldr,255763.84162612696,255763.84162612696,0.042999982833862305,5.5350000858306885
5,8,7,black_box,reopt_pwldr,195049.46837959575,195049.46837959575,0.042999982833862305,5.5350000858306885
5,8,7,local_search,obj_pwldr,255759.08327152435,255759.08327152435,0.042999982833862305,0.806999921798706
5,8,7,local_search,dr_pwldr,255763.84162612696,255763.84162612696,0.042999982833862305,0.806999921798706
5,8,7,local_search,reopt_pwldr,195049.46837959575,195049.46837959575,0.042999982833862305,0.806999921798706
5,8,8,black_box,obj_pwldr,255759.08327152435,255759.08327152435,0.04700016975402832,6.010999917984009
5,8,8,black_box,dr_pwldr,255763.84162612696,255763.84162612696,0.04700016975402832,6.010999917984009
5,8,8,black_box,reopt_pwldr,195049.46837959575,195049.46837959575,0.04700016975402832,6.010999917984009
5,8,8,local_search,obj_pwldr,255759.08327152435,255759.08327152435,0.04700016975402832,0.8589999675750732
5,8,8,local_search,dr_pwldr,255763.84162612696,255763.84162612696,0.04700016975402832,0.8589999675750732
5,8,8,local_search,reopt_pwldr,195049.46837959575,195049.46837959575,0.04700016975402832,0.8589999675750732
5,8,9,black_box,obj_pwldr,255759.08327152435,255759.08327152435,0.05299997329711914,6.426000118255615
5,8,9,black_box,dr_pwldr,255763.84162612696,255763.84162612696,0.05299997329711914,6.426000118255615
5,8,9,black_box,reopt_pwldr,195049.46837959575,195049.46837959575,0.05299997329711914,6.426000118255615
5,8,9,local_search,obj_pwldr,255759.08327152435,255759.08327152435,0.05299997329711914,1.0339999198913574
5,8,9,local_search,dr_pwldr,255763.84162612696,255763.84162612696,0.05299997329711914,1.0339999198913574
5,8,9,local_search,reopt_pwldr,195049.46837959575,195049.46837959575,0.05299997329711914,1.0339999198913574
5,8,10,black_box,obj_pwldr,255759.08327152435,255759.08327152435,0.05900001525878906,7.276000022888184
5,8,10,black_box,dr_pwldr,255763.84162612696,255763.84162612696,0.05900001525878906,7.276000022888184
5,8,10,black_box,reopt_pwldr,195049.46837959575,195049.46837959575,0.05900001525878906,7.276000022888184
5,8,10,local_search,obj_pwldr,255759.08327152435,255759.08327152435,0.05900001525878906,1.2639999389648438
5,8,10,local_search,dr_pwldr,255763.84162612696,255763.84162612696,0.05900001525878906,1.2639999389648438
5,8,10,local_search,reopt_pwldr,195049.46837959575,195049.46837959575,0.05900001525878906,1.2639999389648438
5,9,1,black_box,obj_pwldr,255759.08327152435,255759.08327152435,0.0279998779296875,2.9749999046325684
5,9,1,black_box,dr_pwldr,255763.84162612696,255763.84162612696,0.0279998779296875,2.9749999046325684
5,9,1,black_box,reopt_pwldr,195049.46837959575,195049.46837959575,0.0279998779296875,2.9749999046325684
5,9,1,local_search,obj_pwldr,255759.08327152435,255759.08327152435,0.0279998779296875,0.2219998836517334
5,9,1,local_search,dr_pwldr,255763.84162612696,255763.84162612696,0.0279998779296875,0.2219998836517334
5,9,1,local_search,reopt_pwldr,195049.46837959575,195049.46837959575,0.0279998779296875,0.2219998836517334
5,9,2,black_box,obj_pwldr,255759.08327152435,255759.08327152435,0.031999826431274414,3.248999834060669
5,9,2,black_box,dr_pwldr,255763.84162612696,255763.84162612696,0.031999826431274414,3.248999834060669
5,9,2,black_box,reopt_pwldr,195049.46837959575,195049.46837959575,0.031999826431274414,3.248999834060669
5,9,2,local_search,obj_pwldr,255759.08327152435,255759.08327152435,0.031999826431274414,0.2710001468658447
5,9,2,local_search,dr_pwldr,255763.84162612696,255763.84162612696,0.031999826431274414,0.2710001468658447
5,9,2,local_search,reopt_pwldr,195049.46837959575,195049.46837959575,0.031999826431274414,0.2710001468658447
5,9,3,black_box,obj_pwldr,255759.08327152435,255759.08327152435,0.03299999237060547,3.3400001525878906
5,9,3,black_box,dr_pwldr,255763.84162612696,255763.84162612696,0.03299999237060547,3.3400001525878906
5,9,3,black_box,reopt_pwldr,195049.46837959575,195049.46837959575,0.03299999237060547,3.3400001525878906
5,9,3,local_search,obj_pwldr,255759.08327152435,255759.08327152435,0.03299999237060547,0.34200000762939453
5,9,3,local_search,dr_pwldr,255763.84162612696,255763.84162612696,0.03299999237060547,0.34200000762939453
5,9,3,local_search,reopt_pwldr,195049.46837959575,195049.46837959575,0.03299999237060547,0.34200000762939453
5,9,4,black_box,obj_pwldr,255759.08327152435,255759.08327152435,0.042999982833862305,3.620999813079834
5,9,4,black_box,dr_pwldr,255763.84162612696,255763.84162612696,0.042999982833862305,3.620999813079834
5,9,4,black_box,reopt_pwldr,195049.46837959575,195049.46837959575,0.042999982833862305,3.620999813079834
5,9,4,local_search,obj_pwldr,255759.08327152435,255759.08327152435,0.042999982833862305,0.43899989128112793
5,9,4,local_search,dr_pwldr,255763.84162612696,255763.84162612696,0.042999982833862305,0.43899989128112793
5,9,4,local_search,reopt_pwldr,195049.46837959575,195049.46837959575,0.042999982833862305,0.43899989128112793
5,9,5,black_box,obj_pwldr,255759.08327152435,255759.08327152435,0.03299999237060547,3.9820001125335693
5,9,5,black_box,dr_pwldr,255763.84162612696,255763.84162612696,0.03299999237060547,3.9820001125335693
5,9,5,black_box,reopt_pwldr,195049.46837959575,195049.46837959575,0.03299999237060547,3.9820001125335693
5,9,5,local_search,obj_pwldr,255759.08327152435,255759.08327152435,0.03299999237060547,0.46700000762939453
5,9,5,local_search,dr_pwldr,255763.84162612696,255763.84162612696,0.03299999237060547,0.46700000762939453
5,9,5,local_search,reopt_pwldr,195049.46837959575,195049.46837959575,0.03299999237060547,0.46700000762939453
5,9,6,black_box,obj_pwldr,255759.08327152435,255759.08327152435,0.04699993133544922,4.263000011444092
5,9,6,black_box,dr_pwldr,255763.84162612696,255763.84162612696,0.04699993133544922,4.263000011444092
5,9,6,black_box,reopt_pwldr,195049.46837959575,195049.46837959575,0.04699993133544922,4.263000011444092
5,9,6,local_search,obj_pwldr,255759.08327152435,255759.08327152435,0.04699993133544922,0.6059999465942383
5,9,6,local_search,dr_pwldr,255763.84162612696,255763.84162612696,0.04699993133544922,0.6059999465942383
5,9,6,local_search,reopt_pwldr,195049.46837959575,195049.46837959575,0.04699993133544922,0.6059999465942383
5,9,7,black_box,obj_pwldr,255759.08327152435,255759.08327152435,0.04399991035461426,4.634999990463257
5,9,7,black_box,dr_pwldr,255763.84162612696,255763.84162612696,0.04399991035461426,4.634999990463257
5,9,7,black_box,reopt_pwldr,195049.46837959575,195049.46837959575,0.04399991035461426,4.634999990463257
5,9,7,local_search,obj_pwldr,255759.08327152435,255759.08327152435,0.04399991035461426,0.6380000114440918
5,9,7,local_search,dr_pwldr,255763.84162612696,255763.84162612696,0.04399991035461426,0.6380000114440918
5,9,7,local_search,reopt_pwldr,195049.46837959575,195049.46837959575,0.04399991035461426,0.6380000114440918
5,9,8,black_box,obj_pwldr,255759.08327152435,255759.08327152435,0.042999982833862305,5.084000110626221
5,9,8,black_box,dr_pwldr,255763.84162612696,255763.84162612696,0.042999982833862305,5.084000110626221
5,9,8,black_box,reopt_pwldr,195049.46837959575,195049.46837959575,0.042999982833862305,5.084000110626221
5,9,8,local_search,obj_pwldr,255759.08327152435,255759.08327152435,0.042999982833862305,0.6840000152587891
5,9,8,local_search,dr_pwldr,255763.84162612696,255763.84162612696,0.042999982833862305,0.6840000152587891
5,9,8,local_search,reopt_pwldr,195049.46837959575,195049.46837959575,0.042999982833862305,0.6840000152587891
5,9,9,black_box,obj_pwldr,255759.08327152435,255759.08327152435,0.040000200271606445,5.4649999141693115
5,9,9,black_box,dr_pwldr,255763.84162612696,255763.84162612696,0.040000200271606445,5.4649999141693115
5,9,9,black_box,reopt_pwldr,195049.46837959575,195049.46837959575,0.040000200271606445,5.4649999141693115
5,9,9,local_search,obj_pwldr,255759.08327152435,255759.08327152435,0.040000200271606445,0.7730000019073486
5,9,9,local_search,dr_pwldr,255763.84162612696,255763.84162612696,0.040000200271606445,0.7730000019073486
5,9,9,local_search,reopt_pwldr,195049.46837959575,195049.46837959575,0.040000200271606445,0.7730000019073486
5,9,10,black_box,obj_pwldr,255759.08327152435,255759.08327152435,0.051000118255615234,5.793999910354614
5,9,10,black_box,dr_pwldr,255763.84162612696,255763.84162612696,0.051000118255615234,5.793999910354614
5,9,10,black_box,reopt_pwldr,195049.46837959575,195049.46837959575,0.051000118255615234,5.793999910354614
5,9,10,local_search,obj_pwldr,255759.08327152435,255759.08327152435,0.051000118255615234,0.9479999542236328
5,9,10,local_search,dr_pwldr,255763.84162612696,255763.84162612696,0.051000118255615234,0.9479999542236328
5,9,10,local_search,reopt_pwldr,195049.46837959575,195049.46837959575,0.051000118255615234,0.9479999542236328
5,10,1,black_box,obj_pwldr,255759.64858769946,255759.0574354065,0.031999826431274414,2.930000066757202
5,10,1,black_box,dr_pwldr,255763.84162612696,256048.1151448303,0.031999826431274414,2.930000066757202
5,10,1,black_box,reopt_pwldr,195049.46837959575,195049.46837959575,0.031999826431274414,2.930000066757202
5,10,1,local_search,obj_pwldr,255759.64858769946,255759.04256878447,0.031999826431274414,0.3989999294281006
5,10,1,local_search,dr_pwldr,255763.84162612696,255763.84162612696,0.031999826431274414,0.3989999294281006
5,10,1,local_search,reopt_pwldr,195049.46837959575,195049.46837959575,0.031999826431274414,0.3989999294281006
5,10,2,black_box,obj_pwldr,255759.55784232533,255759.05193298566,0.03400015830993652,3.365999937057495
5,10,2,black_box,dr_pwldr,255894.83868563254,256048.1151448303,0.03400015830993652,3.365999937057495
5,10,2,black_box,reopt_pwldr,195049.46837959575,195049.46837959575,0.03400015830993652,3.365999937057495
5,10,2,local_search,obj_pwldr,255759.55784232533,255759.05193298566,0.03400015830993652,0.30299997329711914
5,10,2,local_search,dr_pwldr,255894.83868563254,256048.1151448303,0.03400015830993652,0.30299997329711914
5,10,2,local_search,reopt_pwldr,195049.46837959575,195049.46837959575,0.03400015830993652,0.30299997329711914
5,10,3,black_box,obj_pwldr,255759.51690775531,255759.22393882688,0.04199981689453125,3.9609999656677246
5,10,3,black_box,dr_pwldr,256048.1151448303,255763.84162612696,0.04199981689453125,3.9609999656677246
5,10,3,black_box,reopt_pwldr,195049.46837959575,195049.46837959575,0.04199981689453125,3.9609999656677246
5,10,3,local_search,obj_pwldr,255759.51690775531,255759.1654971374,0.04199981689453125,0.6150000095367432
5,10,3,local_search,dr_pwldr,256048.1151448303,255763.84162612696,0.04199981689453125,0.6150000095367432
5,10,3,local_search,reopt_pwldr,195049.46837959575,195049.46837959575,0.04199981689453125,0.6150000095367432
5,10,4,black_box,obj_pwldr,255759.44864276313,255759.16780025867,0.037999868392944336,5.385999917984009
5,10,4,black_box,dr_pwldr,256048.1151448303,256048.1151448303,0.037999868392944336,5.385999917984009
5,10,4,black_box,reopt_pwldr,195049.46837959575,195049.46837959575,0.037999868392944336,5.385999917984009
5,10,4,local_search,obj_pwldr,255759.44864276313,255759.16780025867,0.037999868392944336,0.44499993324279785
5,10,4,local_search,dr_pwldr,256048.1151448303,256048.1151448303,0.037999868392944336,0.44499993324279785
5,10,4,local_search,reopt_pwldr,195049.46837959575,195049.46837959575,0.037999868392944336,0.44499993324279785
5,10,5,black_box,obj_pwldr,255759.38051221098,255759.0850603081,0.03900003433227539,4.823999881744385
5,10,5,black_box,dr_pwldr,256048.1151448303,256048.1151448303,0.03900003433227539,4.823999881744385
5,10,5,black_box,reopt_pwldr,195049.46837959575,195049.46837959575,0.03900003433227539,4.823999881744385
5,10,5,local_search,obj_pwldr,255759.38051221098,255759.0850603081,0.03900003433227539,0.5109999179840088
5,10,5,local_search,dr_pwldr,256048.1151448303,256048.1151448303,0.03900003433227539,0.5109999179840088
5,10,5,local_search,reopt_pwldr,195049.46837959575,195049.46837959575,0.03900003433227539,0.5109999179840088
5,10,6,black_box,obj_pwldr,255759.53259734798,255759.0698360047,0.0410001277923584,5.2809998989105225
5,10,6,black_box,dr_pwldr,255763.84162612696,256048.1151448303,0.0410001277923584,5.2809998989105225
5,10,6,black_box,reopt_pwldr,195049.46837959575,195049.46837959575,0.0410001277923584,5.2809998989105225
5,10,6,local_search,obj_pwldr,255759.53259734798,255759.0698360047,0.0410001277923584,0.6559998989105225
5,10,6,local_search,dr_pwldr,255763.84162612696,256048.1151448303,0.0410001277923584,0.6559998989105225
5,10,6,local_search,reopt_pwldr,195049.46837959575,195049.46837959575,0.0410001277923584,0.6559998989105225
5,10,7,black_box,obj_pwldr,255759.5688344185,255759.15589652257,0.043000221252441406,5.766999959945679
5,10,7,black_box,dr_pwldr,255894.83868563254,255763.84162612696,0.043000221252441406,5.766999959945679
5,10,7,black_box,reopt_pwldr,195049.46837959575,195049.46837959575,0.043000221252441406,5.766999959945679
5,10,7,local_search,obj_pwldr,255759.5688344185,255759.15589652257,0.043000221252441406,0.7760000228881836
5,10,7,local_search,dr_pwldr,255894.83868563254,255763.84162612696,0.043000221252441406,0.7760000228881836
5,10,7,local_search,reopt_pwldr,195049.46837959575,195049.46837959575,0.043000221252441406,0.7760000228881836
5,10,8,black_box,obj_pwldr,255759.49412600166,255759.18373088172,0.04900002479553223,6.303999900817871
5,10,8,black_box,dr_pwldr,255894.83868563254,256048.1151448303,0.04900002479553223,6.303999900817871
5,10,8,black_box,reopt_pwldr,195049.46837959575,195049.46837959575,0.04900002479553223,6.303999900817871
5,10,8,local_search,obj_pwldr,255759.49412600166,255759.18373088172,0.04900002479553223,0.8949999809265137
5,10,8,local_search,dr_pwldr,255894.83868563254,256048.1151448303,0.04900002479553223,0.8949999809265137
5,10,8,local_search,reopt_pwldr,195049.46837959575,195049.46837959575,0.04900002479553223,0.8949999809265137
5,10,9,black_box,obj_pwldr,255759.46248459624,255757.8937380658,0.05299997329711914,6.734999895095825
5,10,9,black_box,dr_pwldr,255763.84162612696,256048.11514482938,0.05299997329711914,6.734999895095825
5,10,9,black_box,reopt_pwldr,195049.46837959575,195049.46837959508,0.05299997329711914,6.734999895095825
5,10,9,local_search,obj_pwldr,255759.46248459624,255757.89373806672,0.05299997329711914,1.0259997844696045
5,10,9,local_search,dr_pwldr,255763.84162612696,256048.11514483043,0.05299997329711914,1.0259997844696045
5,10,9,local_search,reopt_pwldr,195049.46837959575,195049.46837959485,0.05299997329711914,1.0259997844696045
5,10,10,black_box,obj_pwldr,255759.51680148108,255759.1533566192,0.06100010871887207,7.322999954223633
5,10,10,black_box,dr_pwldr,255763.84162612696,256048.1151448303,0.06100010871887207,7.322999954223633
5,10,10,black_box,reopt_pwldr,195049.46837959575,195049.46837959575,0.06100010871887207,7.322999954223633
5,10,10,local_search,obj_pwldr,255759.51680148108,255759.1533566192,0.06100010871887207,1.2049999237060547
5,10,10,local_search,dr_pwldr,255763.84162612696,256048.1151448303,0.06100010871887207,1.2049999237060547
5,10,10,local_search,reopt_pwldr,195049.46837959575,195049.46837959575,0.06100010871887207,1.2049999237060547
5,11,1,black_box,obj_pwldr,243086.98335516217,243055.32456602663,0.026000022888183594,4.916000127792358
5,11,1,black_box,dr_pwldr,242762.63708299116,242767.44870029873,0.026000022888183594,4.916000127792358
5,11,1,black_box,reopt_pwldr,181012.60661354987,182305.40565215633,0.026000022888183594,4.916000127792358
5,11,1,local_search,obj_pwldr,243086.98335516217,243055.32456602663,0.026000022888183594,0.22499990463256836
5,11,1,local_search,dr_pwldr,242762.63708299116,242767.44870029873,0.026000022888183594,0.22499990463256836
5,11,1,local_search,reopt_pwldr,181012.60661354987,182305.40565215633,0.026000022888183594,0.22499990463256836
5,11,2,black_box,obj_pwldr,243488.65483502895,242938.65727232906,0.07699990272521973,12.855000019073486
5,11,2,black_box,dr_pwldr,243396.76651107465,242620.3496199065,0.07699990272521973,12.855000019073486
5,11,2,black_box,reopt_pwldr,187087.32391777955,181514.99153963284,0.07699990272521973,12.855000019073486
5,11,2,local_search,obj_pwldr,243488.65483502895,242916.36028924346,0.07699990272521973,2.5809998512268066
5,11,2,local_search,dr_pwldr,243396.76651107465,242628.17341120253,0.07699990272521973,2.5809998512268066
5,11,2,local_search,reopt_pwldr,187087.32391777955,182355.39869232016,0.07699990272521973,2.5809998512268066
5,11,3,black_box,obj_pwldr,242944.15751141094,242909.7960159391,0.11400008201599121,21.43999981880188
5,11,3,black_box,dr_pwldr,242618.9948944658,242617.80334413066,0.11400008201599121,21.43999981880188
5,11,3,black_box,reopt_pwldr,184684.43747952353,182370.56077823663,0.11400008201599121,21.43999981880188
5,11,3,local_search,obj_pwldr,242944.15751141094,242851.56848217,0.11400008201599121,27.14299988746643
5,11,3,local_search,dr_pwldr,242618.9948944658,242563.95104326963,0.11400008201599121,27.14299988746643
5,11,3,local_search,reopt_pwldr,184684.43747952353,183163.54579540878,0.11400008201599121,27.14299988746643
5,11,4,black_box,obj_pwldr,242990.21929445677,242864.49778846337,0.15899991989135742,31.735000133514404
5,11,4,black_box,dr_pwldr,242781.16244886428,242570.3293437977,0.15899991989135742,31.735000133514404
5,11,4,black_box,reopt_pwldr,184530.250494488,182604.26978941538,0.15899991989135742,31.735000133514404
5,11,4,local_search,obj_pwldr,242990.21929445677,242850.97374609494,0.15899991989135742,15.92199993133545
5,11,4,local_search,dr_pwldr,242781.16244886428,242565.8277889813,0.15899991989135742,15.92199993133545
5,11,4,local_search,reopt_pwldr,184530.250494488,183158.00579188258,0.15899991989135742,15.92199993133545
5,11,5,black_box,obj_pwldr,242875.10074040992,242853.13284500773,0.21499991416931152,41.776000022888184
5,11,5,black_box,dr_pwldr,242550.95488560756,242574.5006516645,0.21499991416931152,41.776000022888184
5,11,5,black_box,reopt_pwldr,181707.88569374723,182919.51701519397,0.21499991416931152,41.776000022888184
5,11,5,local_search,obj_pwldr,242875.10074040992,242852.5616405797,0.21499991416931152,9.036999940872192
5,11,5,local_search,dr_pwldr,242550.95488560756,242561.8779473221,0.21499991416931152,9.036999940872192
5,11,5,local_search,reopt_pwldr,181707.88569374723,182515.92558542945,0.21499991416931152,9.036999940872192
5,11,6,black_box,obj_pwldr,242870.55620378465,242851.54521626545,0.2709999084472656,52.9779999256134
5,11,6,black_box,dr_pwldr,242623.83121427766,242559.30911654976,0.2709999084472656,52.9779999256134
5,11,6,black_box,reopt_pwldr,183447.55716100804,182672.11601669004,0.2709999084472656,52.9779999256134
5,11,6,local_search,obj_pwldr,242870.55620378465,242851.54521626543,0.2709999084472656,13.492000102996826
5,11,6,local_search,dr_pwldr,242623.83121427766,242559.30911654976,0.2709999084472656,13.492000102996826
5,11,6,local_search,reopt_pwldr,183447.55716100804,182672.11601669004,0.2709999084472656,13.492000102996826
5,11,7,black_box,obj_pwldr,242878.01070029516,242851.97381301736,0.38499999046325684,63.32000017166138
5,11,7,black_box,dr_pwldr,242554.76864843944,242556.68476309913,0.38499999046325684,63.32000017166138
5,11,7,black_box,reopt_pwldr,184098.02578744915,183250.63376589076,0.38499999046325684,63.32000017166138
5,11,7,local_search,obj_pwldr,242878.01070029516,242850.68827407947,0.38499999046325684,16.049999952316284
5,11,7,local_search,dr_pwldr,242554.76864843944,242563.28391978855,0.38499999046325684,16.049999952316284
5,11,7,local_search,reopt_pwldr,184098.02578744915,183183.75462326917,0.38499999046325684,16.049999952316284
5,11,8,black_box,obj_pwldr,242872.49919227546,242851.6009553435,0.40399980545043945,73.72199988365173
5,11,8,black_box,dr_pwldr,242609.59699651948,242570.9030014271,0.40399980545043945,73.72199988365173
5,11,8,black_box,reopt_pwldr,182916.98474324742,183492.504566012,0.40399980545043945,73.72199988365173
5,11,8,local_search,obj_pwldr,242872.49919227546,242850.75848565425,0.40399980545043945,15.930000066757202
5,11,8,local_search,dr_pwldr,242609.59699651948,242563.38883408453,0.40399980545043945,15.930000066757202
5,11,8,local_search,reopt_pwldr,182916.98474324742,183427.5518955019,0.40399980545043945,15.930000066757202
5,11,9,black_box,obj_pwldr,242877.9752513572,242849.30439478747,0.46900010108947754,85.84599995613098
5,11,9,black_box,dr_pwldr,242555.10136260625,242567.5594056114,0.46900010108947754,85.84599995613098
5,11,9,black_box,reopt_pwldr,182866.77448584972,182844.72762151316,0.46900010108947754,85.84599995613098
5,11,9,local_search,obj_pwldr,242877.9752513572,242849.30439478747,0.46900010108947754,12.384000062942505
5,11,9,local_search,dr_pwldr,242555.10136260625,242567.55940561136,0.46900010108947754,12.384000062942505
5,11,9,local_search,reopt_pwldr,182866.77448584972,182844.72762151316,0.46900010108947754,12.384000062942505
5,11,10,black_box,obj_pwldr,242862.03306243054,242849.92387173045,0.5189998149871826,96.01999998092651
5,11,10,black_box,dr_pwldr,242583.69639626113,242567.5111885446,0.5189998149871826,96.01999998092651
5,11,10,black_box,reopt_pwldr,182562.40354353993,182716.8835353612,0.5189998149871826,96.01999998092651
5,11,10,local_search,obj_pwldr,242862.03306243054,242848.07027767695,0.5189998149871826,90.60600018501282
5,11,10,local_search,dr_pwldr,242583.69639626113,242558.53326634932,0.5189998149871826,90.60600018501282
5,11,10,local_search,reopt_pwldr,182562.40354353993,182997.16828616164,0.5189998149871826,90.60600018501282
5,12,1,black_box,obj_pwldr,240003.1101760561,240000.2585248944,0.034999847412109375,2.8540000915527344
5,12,1,black_box,dr_pwldr,239433.62713594892,239435.33847048978,0.034999847412109375,2.8540000915527344
5,12,1,black_box,reopt_pwldr,195049.46837959575,195049.46837959575,0.034999847412109375,2.8540000915527344
5,12,1,local_search,obj_pwldr,240003.1101760561,240000.2585248944,0.034999847412109375,0.22300004959106445
5,12,1,local_search,dr_pwldr,239433.62713594892,239435.33847048978,0.034999847412109375,0.22300004959106445
5,12,1,local_search,reopt_pwldr,195049.46837959575,195049.46837959575,0.034999847412109375,0.22300004959106445
5,12,2,black_box,obj_pwldr,241783.78108773433,240000.24761510448,0.03699994087219238,3.313999891281128
5,12,2,black_box,dr_pwldr,241371.97818892918,239435.52102644753,0.03699994087219238,3.313999891281128
5,12,2,black_box,reopt_pwldr,195049.46837959575,195049.46837959575,0.03699994087219238,3.313999891281128
5,12,2,local_search,obj_pwldr,241783.78108773433,240000.24761510448,0.03699994087219238,0.28999996185302734
5,12,2,local_search,dr_pwldr,241371.97818892918,239435.52102644753,0.03699994087219238,0.28999996185302734
5,12,2,local_search,reopt_pwldr,195049.46837959575,195049.46837959575,0.03699994087219238,0.28999996185302734
5,12,3,black_box,obj_pwldr,240003.1101760561,240000.51977323784,0.032000064849853516,3.703000068664551
5,12,3,black_box,dr_pwldr,239433.62713594892,239434.35042003694,0.032000064849853516,3.703000068664551
5,12,3,black_box,reopt_pwldr,195049.46837959575,195049.46837959575,0.032000064849853516,3.703000068664551
5,12,3,local_search,obj_pwldr,240003.1101760561,240000.51977323784,0.032000064849853516,0.36500000953674316
5,12,3,local_search,dr_pwldr,239433.62713594892,239434.35042003694,0.032000064849853516,0.36500000953674316
5,12,3,local_search,reopt_pwldr,195049.46837959575,195049.46837959575,0.032000064849853516,0.36500000953674316
5,12,4,black_box,obj_pwldr,240612.39229391568,240000.24600752693,0.04500007629394531,4.064000129699707
5,12,4,black_box,dr_pwldr,240179.36989374456,239435.6522276824,0.04500007629394531,4.064000129699707
5,12,4,black_box,reopt_pwldr,195049.46837959575,195049.46837959575,0.04500007629394531,4.064000129699707
5,12,4,local_search,obj_pwldr,240612.39229391568,240000.2460075269,0.04500007629394531,0.8600001335144043
5,12,4,local_search,dr_pwldr,240179.36989374456,239435.65222768238,0.04500007629394531,0.8600001335144043
5,12,4,local_search,reopt_pwldr,195049.46837959575,195049.46837959575,0.04500007629394531,0.8600001335144043
5,12,5,black_box,obj_pwldr,240003.11017605613,240000.2629736243,0.039999961853027344,4.583000183105469
5,12,5,black_box,dr_pwldr,239433.62713594892,239436.01989048158,0.039999961853027344,4.583000183105469
5,12,5,black_box,reopt_pwldr,195049.46837959575,195049.46837959575,0.039999961853027344,4.583000183105469
5,12,5,local_search,obj_pwldr,240003.11017605613,240000.2629736243,0.039999961853027344,0.503000020980835
5,12,5,local_search,dr_pwldr,239433.62713594892,239436.01989048158,0.039999961853027344,0.503000020980835
5,12,5,local_search,reopt_pwldr,195049.46837959575,195049.46837959575,0.039999961853027344,0.503000020980835
5,12,6,black_box,obj_pwldr,240296.25676481103,240000.25075624656,0.039999961853027344,5.022000074386597
5,12,6,black_box,dr_pwldr,239824.6694889633,239435.83892478436,0.039999961853027344,5.022000074386597
5,12,6,black_box,reopt_pwldr,195049.46837959575,195049.46837959575,0.039999961853027344,5.022000074386597
5,12,6,local_search,obj_pwldr,240296.25676481103,240000.25075624656,0.039999961853027344,0.6089999675750732
5,12,6,local_search,dr_pwldr,239824.6694889633,239435.83892478442,0.039999961853027344,0.6089999675750732
5,12,6,local_search,reopt_pwldr,195049.46837959575,195049.46837959575,0.039999961853027344,0.6089999675750732
5,12,7,black_box,obj_pwldr,240003.1101760561,240000.26279014096,0.03900003433227539,5.547000169754028
5,12,7,black_box,dr_pwldr,239433.62713594892,239436.01780505863,0.03900003433227539,5.547000169754028
5,12,7,black_box,reopt_pwldr,195049.46837959575,195049.46837959575,0.03900003433227539,5.547000169754028
5,12,7,local_search,obj_pwldr,240003.1101760561,240000.262790141,0.03900003433227539,0.7180001735687256
5,12,7,local_search,dr_pwldr,239433.62713594892,239436.01780505863,0.03900003433227539,0.7180001735687256
5,12,7,local_search,reopt_pwldr,195049.46837959575,195049.46837959575,0.03900003433227539,0.7180001735687256
5,12,8,black_box,obj_pwldr,240169.5250274091,240000.27330380015,0.04699993133544922,5.976999998092651
5,12,8,black_box,dr_pwldr,239670.2883398494,239435.20511442216,0.04699993133544922,5.976999998092651
5,12,8,black_box,reopt_pwldr,195049.46837959575,195049.46837959575,0.04699993133544922,5.976999998092651
5,12,8,local_search,obj_pwldr,240169.5250274091,240000.27330380015,0.04699993133544922,0.9000000953674316
5,12,8,local_search,dr_pwldr,239670.2883398494,239435.20511442216,0.04699993133544922,0.9000000953674316
5,12,8,local_search,reopt_pwldr,195049.46837959575,195049.46837959575,0.04699993133544922,0.9000000953674316
5,12,9,black_box,obj_pwldr,240003.1101760561,240000.2459923168,0.0690000057220459,6.9709999561309814
5,12,9,black_box,dr_pwldr,239433.62713594892,239435.64798287483,0.0690000057220459,6.9709999561309814
5,12,9,black_box,reopt_pwldr,195049.46837959575,195049.46837959575,0.0690000057220459,6.9709999561309814
5,12,9,local_search,obj_pwldr,240003.1101760561,240000.2459923168,0.0690000057220459,1.0970001220703125
5,12,9,local_search,dr_pwldr,239433.62713594892,239435.64798287483,0.0690000057220459,1.0970001220703125
5,12,9,local_search,reopt_pwldr,195049.46837959575,195049.46837959575,0.0690000057220459,1.0970001220703125
5,12,10,black_box,obj_pwldr,240107.1534237634,240000.2459872953,0.06200003623962402,7.009999990463257
5,12,10,black_box,dr_pwldr,239590.61419586753,239435.62264993667,0.06200003623962402,7.009999990463257
5,12,10,black_box,reopt_pwldr,195049.46837959575,195049.46837959575,0.06200003623962402,7.009999990463257
5,12,10,local_search,obj_pwldr,240107.1534237634,240000.24598729532,0.06200003623962402,1.1710000038146973
5,12,10,local_search,dr_pwldr,239590.61419586753,239435.62264993667,0.06200003623962402,1.1710000038146973
5,12,10,local_search,reopt_pwldr,195049.46837959575,195049.46837959575,0.06200003623962402,1.1710000038146973
6,1,1,black_box,obj_pwldr,211219.25203164923,211208.10681808888,0.032000064849853516,2.9609999656677246
6,1,1,black_box,dr_pwldr,211185.42667867237,211184.9571819146,0.032000064849853516,2.9609999656677246
6,1,1,black_box,reopt_pwldr,214788.27950193852,214788.27950193855,0.032000064849853516,2.9609999656677246
6,1,1,local_search,obj_pwldr,211219.25203164923,211205.95651548496,0.032000064849853516,0.3899998664855957
6,1,1,local_search,dr_pwldr,211185.42667867237,211183.88290051033,0.032000064849853516,0.3899998664855957
6,1,1,local_search,reopt_pwldr,214788.27950193852,214788.27950193852,0.032000064849853516,0.3899998664855957
6,1,2,black_box,obj_pwldr,211217.2890464074,211211.77890744293,0.029000043869018555,3.424999952316284
6,1,2,black_box,dr_pwldr,211185.4249503688,211185.42667867237,0.029000043869018555,3.424999952316284
6,1,2,black_box,reopt_pwldr,214788.27950193852,214788.27950193852,0.029000043869018555,3.424999952316284
6,1,2,local_search,obj_pwldr,211217.2890464074,211211.77890744293,0.029000043869018555,0.2849998474121094
6,1,2,local_search,dr_pwldr,211185.4249503688,211185.42667867237,0.029000043869018555,0.2849998474121094
6,1,2,local_search,reopt_pwldr,214788.27950193852,214788.27950193852,0.029000043869018555,0.2849998474121094
6,1,3,black_box,obj_pwldr,211217.12034394502,211211.69587759115,0.031000137329101562,3.8030002117156982
6,1,3,black_box,dr_pwldr,211185.42667867237,211185.42667867237,0.031000137329101562,3.8030002117156982
6,1,3,black_box,reopt_pwldr,214788.27950193852,214788.27950193852,0.031000137329101562,3.8030002117156982
6,1,3,local_search,obj_pwldr,211217.12034394502,211211.69587759115,0.031000137329101562,0.3810000419616699
6,1,3,local_search,dr_pwldr,211185.42667867237,211185.42667867237,0.031000137329101562,0.3810000419616699
6,1,3,local_search,reopt_pwldr,214788.27950193852,214788.27950193852,0.031000137329101562,0.3810000419616699
6,1,4,black_box,obj_pwldr,211216.34696539806,211212.55452960078,0.04200005531311035,4.253999948501587
6,1,4,black_box,dr_pwldr,211185.42667867237,211185.4266786724,0.04200005531311035,4.253999948501587
6,1,4,black_box,reopt_pwldr,214788.27950193852,214788.27950193855,0.04200005531311035,4.253999948501587
6,1,4,local_search,obj_pwldr,211216.34696539806,211211.62421755714,0.04200005531311035,0.8280000686645508
6,1,4,local_search,dr_pwldr,211185.42667867237,211185.42667867237,0.04200005531311035,0.8280000686645508
6,1,4,local_search,reopt_pwldr,214788.27950193852,214788.27950193852,0.04200005531311035,0.8280000686645508
6,1,5,black_box,obj_pwldr,211216.50669413066,211212.64270722057,0.04400014877319336,4.66100001335144
6,1,5,black_box,dr_pwldr,211185.42667867237,211185.42667867237,0.04400014877319336,4.66100001335144
6,1,5,black_box,reopt_pwldr,214788.27950193852,214788.27950193852,0.04400014877319336,4.66100001335144
6,1,5,local_search,obj_pwldr,211216.50669413066,211211.95358973727,0.04400014877319336,2.547999858856201
6,1,5,local_search,dr_pwldr,211185.42667867237,211185.42667867237,0.04400014877319336,2.547999858856201
6,1,5,local_search,reopt_pwldr,214788.27950193852,214788.27950193852,0.04400014877319336,2.547999858856201
6,1,6,black_box,obj_pwldr,211218.07898225787,211212.99947591196,0.03900003433227539,5.141999959945679
6,1,6,black_box,dr_pwldr,211185.42667867237,211185.42667867237,0.03900003433227539,5.141999959945679
6,1,6,black_box,reopt_pwldr,214788.27950193852,214788.27950193852,0.03900003433227539,5.141999959945679
6,1,6,local_search,obj_pwldr,211218.07898225787,211212.99947591196,0.03900003433227539,0.6410000324249268
6,1,6,local_search,dr_pwldr,211185.42667867237,211185.42667867237,0.03900003433227539,0.6410000324249268
6,1,6,local_search,reopt_pwldr,214788.27950193852,214788.27950193852,0.03900003433227539,0.6410000324249268
6,1,7,black_box,obj_pwldr,211219.32932771443,211212.651587757,0.04800009727478027,5.581000089645386
6,1,7,black_box,dr_pwldr,211185.42667867237,211185.39122772505,0.04800009727478027,5.581000089645386
6,1,7,black_box,reopt_pwldr,214788.27950193852,214788.27950193852,0.04800009727478027,5.581000089645386
6,1,7,local_search,obj_pwldr,211219.32932771443,211211.58744194644,0.04800009727478027,3.8630001544952393
6,1,7,local_search,dr_pwldr,211185.42667867237,211185.39122772505,0.04800009727478027,3.8630001544952393
6,1,7,local_search,reopt_pwldr,214788.27950193852,214788.27950193852,0.04800009727478027,3.8630001544952393
6,1,8,black_box,obj_pwldr,211215.0290877774,211213.09955429027,0.05500006675720215,6.348999977111816
6,1,8,black_box,dr_pwldr,211185.42667867237,211185.39122772505,0.05500006675720215,6.348999977111816
6,1,8,black_box,reopt_pwldr,214788.27950193852,214788.27950193852,0.05500006675720215,6.348999977111816
6,1,8,local_search,obj_pwldr,211215.0290877774,211213.09955429027,0.05500006675720215,0.9170000553131104
6,1,8,local_search,dr_pwldr,211185.42667867237,211185.39122772505,0.05500006675720215,0.9170000553131104
6,1,8,local_search,reopt_pwldr,214788.27950193852,214788.27950193852,0.05500006675720215,0.9170000553131104
6,1,9,black_box,obj_pwldr,211216.09285584322,211213.14097442932,0.05200004577636719,7.193000078201294
6,1,9,black_box,dr_pwldr,211185.42667867237,211185.42667867237,0.05200004577636719,7.193000078201294
6,1,9,black_box,reopt_pwldr,214788.27950193852,214788.27950193852,0.05200004577636719,7.193000078201294
6,1,9,local_search,obj_pwldr,211216.09285584322,211212.59043189627,0.05200004577636719,3.3519999980926514
6,1,9,local_search,dr_pwldr,211185.42667867237,211185.42667867237,0.05200004577636719,3.3519999980926514
6,1,9,local_search,reopt_pwldr,214788.27950193852,214788.27950193852,0.05200004577636719,3.3519999980926514
6,1,10,black_box,obj_pwldr,211215.88716500113,211213.18556124996,0.05900001525878906,7.259000062942505
6,1,10,black_box,dr_pwldr,211185.42667867237,211185.42667867237,0.05900001525878906,7.259000062942505
6,1,10,black_box,reopt_pwldr,214788.27950193852,214788.27950193852,0.05900001525878906,7.259000062942505
6,1,10,local_search,obj_pwldr,211215.88716500113,211211.95782334617,0.05900001525878906,3.7859997749328613
6,1,10,local_search,dr_pwldr,211185.42667867237,211185.42667867237,0.05900001525878906,3.7859997749328613
6,1,10,local_search,reopt_pwldr,214788.27950193852,214788.27950193852,0.05900001525878906,3.7859997749328613
6,2,1,black_box,obj_pwldr,211219.555777054,211210.10847699048,0.03299999237060547,2.9720001220703125
6,2,1,black_box,dr_pwldr,211185.67932460672,211185.4249503688,0.03299999237060547,2.9720001220703125
6,2,1,black_box,reopt_pwldr,214788.27950193852,214788.27950193855,0.03299999237060547,2.9720001220703125
6,2,1,local_search,obj_pwldr,211219.555777054,211210.10847699048,0.03299999237060547,0.46000003814697266
6,2,1,local_search,dr_pwldr,211185.67932460672,211185.4249503688,0.03299999237060547,0.46000003814697266
6,2,1,local_search,reopt_pwldr,214788.27950193852,214788.27950193855,0.03299999237060547,0.46000003814697266
6,2,2,black_box,obj_pwldr,211214.2565161932,211210.28960247827,0.029999971389770508,3.367000102996826
6,2,2,black_box,dr_pwldr,211185.67932460672,211185.61494758143,0.029999971389770508,3.367000102996826
6,2,2,black_box,reopt_pwldr,214788.27950193852,214788.27950193852,0.029999971389770508,3.367000102996826
6,2,2,local_search,obj_pwldr,211214.2565161932,211210.2896024783,0.029999971389770508,0.2999999523162842
6,2,2,local_search,dr_pwldr,211185.67932460672,211185.61494758146,0.029999971389770508,0.2999999523162842
6,2,2,local_search,reopt_pwldr,214788.27950193852,214788.27950193855,0.029999971389770508,0.2999999523162842
6,2,3,black_box,obj_pwldr,211214.51414421987,211211.19887878367,0.039999961853027344,4.558000087738037
6,2,3,black_box,dr_pwldr,211185.67932460672,211185.61494758146,0.039999961853027344,4.558000087738037
6,2,3,black_box,reopt_pwldr,214788.27950193852,214788.27950193855,0.039999961853027344,4.558000087738037
6,2,3,local_search,obj_pwldr,211214.51414421987,211209.38865044247,0.039999961853027344,1.2880001068115234
6,2,3,local_search,dr_pwldr,211185.67932460672,211185.61494758146,0.039999961853027344,1.2880001068115234
6,2,3,local_search,reopt_pwldr,214788.27950193852,214788.27950193855,0.039999961853027344,1.2880001068115234
6,2,4,black_box,obj_pwldr,211215.3996376746,211211.4624505174,0.03299999237060547,4.2220001220703125
6,2,4,black_box,dr_pwldr,211185.67932460672,211185.42667867243,0.03299999237060547,4.2220001220703125
6,2,4,black_box,reopt_pwldr,214788.27950193852,214788.27950193855,0.03299999237060547,4.2220001220703125
6,2,4,local_search,obj_pwldr,211215.3996376746,211211.46245051734,0.03299999237060547,0.8670001029968262
6,2,4,local_search,dr_pwldr,211185.67932460672,211185.42667867237,0.03299999237060547,0.8670001029968262
6,2,4,local_search,reopt_pwldr,214788.27950193852,214788.27950193852,0.03299999237060547,0.8670001029968262
6,2,5,black_box,obj_pwldr,211215.79805092321,211212.71599575697,0.03800010681152344,4.664000034332275
6,2,5,black_box,dr_pwldr,211185.67932460672,211185.4266786724,0.03800010681152344,4.664000034332275
6,2,5,black_box,reopt_pwldr,214788.27950193852,214788.27950193855,0.03800010681152344,4.664000034332275
6,2,5,local_search,obj_pwldr,211215.79805092321,211212.6730468643,0.03800010681152344,0.9930000305175781
6,2,5,local_search,dr_pwldr,211185.67932460672,211185.61494758146,0.03800010681152344,0.9930000305175781
6,2,5,local_search,reopt_pwldr,214788.27950193852,214788.27950193855,0.03800010681152344,0.9930000305175781
6,2,6,black_box,obj_pwldr,211214.56466378525,211212.53894899195,0.03800010681152344,5.148999929428101
6,2,6,black_box,dr_pwldr,211185.67932460672,211185.61494758146,0.03800010681152344,5.148999929428101
6,2,6,black_box,reopt_pwldr,214788.27950193852,214788.27950193855,0.03800010681152344,5.148999929428101
6,2,6,local_search,obj_pwldr,211214.56466378525,211212.53894899195,0.03800010681152344,0.6410000324249268
6,2,6,local_search,dr_pwldr,211185.67932460672,211185.61494758146,0.03800010681152344,0.6410000324249268
6,2,6,local_search,reopt_pwldr,214788.27950193852,214788.27950193855,0.03800010681152344,0.6410000324249268
6,2,7,black_box,obj_pwldr,211215.4675275715,211212.06309563448,0.05299997329711914,5.619000196456909
6,2,7,black_box,dr_pwldr,211185.67932460672,211185.61494758146,0.05299997329711914,5.619000196456909
6,2,7,black_box,reopt_pwldr,214788.27950193852,214788.27950193855,0.05299997329711914,5.619000196456909
6,2,7,local_search,obj_pwldr,211215.4675275715,211212.06309563448,0.05299997329711914,0.815000057220459
6,2,7,local_search,dr_pwldr,211185.67932460672,211185.61494758146,0.05299997329711914,0.815000057220459
6,2,7,local_search,reopt_pwldr,214788.27950193852,214788.27950193855,0.05299997329711914,0.815000057220459
6,2,8,black_box,obj_pwldr,211214.31418845055,211212.60152810594,0.048999786376953125,6.509000062942505
6,2,8,black_box,dr_pwldr,211185.42667867237,211185.48113147166,0.048999786376953125,6.509000062942505
6,2,8,black_box,reopt_pwldr,214788.27950193852,214788.27950193852,0.048999786376953125,6.509000062942505
6,2,8,local_search,obj_pwldr,211214.31418845055,211212.60152810597,0.048999786376953125,0.8669998645782471
6,2,8,local_search,dr_pwldr,211185.42667867237,211185.48113147166,0.048999786376953125,0.8669998645782471
6,2,8,local_search,reopt_pwldr,214788.27950193852,214788.27950193855,0.048999786376953125,0.8669998645782471
6,2,9,black_box,obj_pwldr,211215.87485311055,211213.42247952972,0.046000003814697266,6.934000015258789
6,2,9,black_box,dr_pwldr,211185.42667867243,211185.42667867243,0.046000003814697266,6.934000015258789
6,2,9,black_box,reopt_pwldr,214788.27950193855,214788.27950193855,0.046000003814697266,6.934000015258789
6,2,9,local_search,obj_pwldr,211215.87485311055,211213.42247952972,0.046000003814697266,2.053999900817871
6,2,9,local_search,dr_pwldr,211185.42667867243,211185.42667867243,0.046000003814697266,2.053999900817871
6,2,9,local_search,reopt_pwldr,214788.27950193855,214788.27950193855,0.046000003814697266,2.053999900817871
6,2,10,black_box,obj_pwldr,211215.00685135508,211213.4373881787,0.046000003814697266,7.584000110626221
6,2,10,black_box,dr_pwldr,211185.4266786724,211185.4266786724,0.046000003814697266,7.584000110626221
6,2,10,black_box,reopt_pwldr,214788.27950193855,214788.27950193855,0.046000003814697266,7.584000110626221
6,2,10,local_search,obj_pwldr,211215.00685135508,211213.43738817866,0.046000003814697266,2.305000066757202
6,2,10,local_search,dr_pwldr,211185.4266786724,211185.42667867237,0.046000003814697266,2.305000066757202
6,2,10,local_search,reopt_pwldr,214788.27950193855,214788.27950193852,0.046000003814697266,2.305000066757202
6,3,1,black_box,obj_pwldr,197133.43087456646,196779.10433853985,0.03900003433227539,3.01200008392334
6,3,1,black_box,dr_pwldr,196974.05426673393,196657.1780556998,0.03900003433227539,3.01200008392334
6,3,1,black_box,reopt_pwldr,192205.71641878,194578.14570108973,0.03900003433227539,3.01200008392334
6,3,1,local_search,obj_pwldr,197133.43087456646,196779.10433853985,0.03900003433227539,0.23000001907348633
6,3,1,local_search,dr_pwldr,196974.05426673393,196657.1780556998,0.03900003433227539,0.23000001907348633
6,3,1,local_search,reopt_pwldr,192205.71641878,194578.14570108973,0.03900003433227539,0.23000001907348633
6,3,2,black_box,obj_pwldr,198202.01639458453,196745.58693885722,0.03600001335144043,3.4860000610351562
6,3,2,black_box,dr_pwldr,198101.48398718727,196611.11370194724,0.03600001335144043,3.4860000610351562
6,3,2,black_box,reopt_pwldr,199724.11756296264,193848.49194208614,0.03600001335144043,3.4860000610351562
6,3,2,local_search,obj_pwldr,198202.01639458453,196718.0119766797,0.03600001335144043,0.49200010299682617
6,3,2,local_search,dr_pwldr,198101.48398718727,196592.68411542053,0.03600001335144043,0.49200010299682617
6,3,2,local_search,reopt_pwldr,199724.11756296264,194522.7390583152,0.03600001335144043,0.49200010299682617
6,3,3,black_box,obj_pwldr,196962.3705794718,196665.44911802135,0.03600001335144043,3.9689998626708984
6,3,3,black_box,dr_pwldr,196807.23858847105,196536.73192223767,0.03600001335144043,3.9689998626708984
6,3,3,black_box,reopt_pwldr,192205.71641878,194152.4042791136,0.03600001335144043,3.9689998626708984
6,3,3,local_search,obj_pwldr,196962.3705794718,196664.33290615477,0.03600001335144043,0.5940001010894775
6,3,3,local_search,dr_pwldr,196807.23858847105,196540.67162208122,0.03600001335144043,0.5940001010894775
6,3,3,local_search,reopt_pwldr,192205.71641878,194654.79792746197,0.03600001335144043,0.5940001010894775
6,3,4,black_box,obj_pwldr,196979.25166979784,196662.77728414466,0.023999929428100586,4.422999858856201
6,3,4,black_box,dr_pwldr,196896.80071909635,196536.90576617088,0.023999929428100586,4.422999858856201
6,3,4,black_box,reopt_pwldr,196714.79225865274,194497.3381199683,0.023999929428100586,4.422999858856201
6,3,4,local_search,obj_pwldr,196979.25166979784,196662.77728414466,0.023999929428100586,0.9249999523162842
6,3,4,local_search,dr_pwldr,196896.80071909635,196536.90576617088,0.023999929428100586,0.9249999523162842
6,3,4,local_search,reopt_pwldr,196714.79225865274,194497.3381199683,0.023999929428100586,0.9249999523162842
6,3,5,black_box,obj_pwldr,196953.57217935496,196660.96488766102,0.0409998893737793,5.009000062942505
6,3,5,black_box,dr_pwldr,196797.5400354812,196537.6671081682,0.0409998893737793,5.009000062942505
6,3,5,black_box,reopt_pwldr,192205.71641878,194410.18588738394,0.0409998893737793,5.009000062942505
6,3,5,local_search,obj_pwldr,196953.57217935496,196660.96488766096,0.0409998893737793,1.0950000286102295
6,3,5,local_search,dr_pwldr,196797.5400354812,196537.66710816816,0.0409998893737793,1.0950000286102295
6,3,5,local_search,reopt_pwldr,192205.71641878,194410.1858873839,0.0409998893737793,1.0950000286102295
6,3,6,black_box,obj_pwldr,196715.75066581418,196661.7196786936,0.0410001277923584,5.509999990463257
6,3,6,black_box,dr_pwldr,196608.55427396932,196538.4656782113,0.0410001277923584,5.509999990463257
6,3,6,black_box,reopt_pwldr,195426.26390001818,194495.9199458985,0.0410001277923584,5.509999990463257
6,3,6,local_search,obj_pwldr,196715.75066581418,196658.98764926344,0.0410001277923584,2.057999849319458
6,3,6,local_search,dr_pwldr,196608.55427396932,196534.58525751665,0.0410001277923584,2.057999849319458
6,3,6,local_search,reopt_pwldr,195426.26390001818,194207.38465403995,0.0410001277923584,2.057999849319458
6,3,7,black_box,obj_pwldr,196961.69967257857,196657.3038526182,0.04800009727478027,6.057000160217285
6,3,7,black_box,dr_pwldr,196803.84544402754,196532.1192347335,0.04800009727478027,6.057000160217285
6,3,7,black_box,reopt_pwldr,192205.71641878,194399.83039577992,0.04800009727478027,6.057000160217285
6,3,7,local_search,obj_pwldr,196961.69967257857,196657.30385261812,0.04800009727478027,1.5770001411437988
6,3,7,local_search,dr_pwldr,196803.84544402754,196532.11923473337,0.04800009727478027,1.5770001411437988
6,3,7,local_search,reopt_pwldr,192205.71641878,194399.83039577986,0.04800009727478027,1.5770001411437988
6,3,8,black_box,obj_pwldr,196669.14298610037,196659.14901778978,0.05500006675720215,6.63100004196167
6,3,8,black_box,dr_pwldr,196549.99460816712,196536.76648099694,0.05500006675720215,6.63100004196167
6,3,8,black_box,reopt_pwldr,194710.48938936068,194161.17480497103,0.05500006675720215,6.63100004196167
6,3,8,local_search,obj_pwldr,196669.14298610037,196656.15463006418,0.05500006675720215,2.442000150680542
6,3,8,local_search,dr_pwldr,196549.99460816712,196534.33588625342,0.05500006675720215,2.442000150680542
6,3,8,local_search,reopt_pwldr,194710.48938936068,194384.91638825176,0.05500006675720215,2.442000150680542
6,3,9,black_box,obj_pwldr,196947.86093857154,196655.2639179583,0.05500006675720215,7.075000047683716
6,3,9,black_box,dr_pwldr,196838.49888908028,196538.5529406795,0.05500006675720215,7.075000047683716
6,3,9,black_box,reopt_pwldr,195295.76674256512,194628.50624323587,0.05500006675720215,7.075000047683716
6,3,9,local_search,obj_pwldr,196947.86093857154,196655.26391795825,0.05500006675720215,1.9830000400543213
6,3,9,local_search,dr_pwldr,196838.49888908028,196538.55294067948,0.05500006675720215,1.9830000400543213
6,3,9,local_search,reopt_pwldr,195295.76674256512,194628.50624323584,0.05500006675720215,1.9830000400543213
6,3,10,black_box,obj_pwldr,196663.1355565344,196656.08023986607,0.04900002479553223,7.789999961853027
6,3,10,black_box,dr_pwldr,196539.17176813888,196536.6878343474,0.04900002479553223,7.789999961853027
6,3,10,black_box,reopt_pwldr,194255.03190673975,194547.4410383224,0.04900002479553223,7.789999961853027
6,3,10,local_search,obj_pwldr,196663.1355565344,196655.44767623598,0.04900002479553223,1.7009999752044678
6,3,10,local_search,dr_pwldr,196539.17176813888,196534.09953948605,0.04900002479553223,1.7009999752044678
6,3,10,local_search,reopt_pwldr,194255.03190673975,194362.0912892554,0.04900002479553223,1.7009999752044678
6,4,1,black_box,obj_pwldr,211213.426074375,211213.426074375,0.023000001907348633,2.7990000247955322
6,4,1,black_box,dr_pwldr,211185.42667867237,211185.42667867237,0.023000001907348633,2.7990000247955322
6,4,1,black_box,reopt_pwldr,214788.27950193852,214788.27950193852,0.023000001907348633,2.7990000247955322
6,4,1,local_search,obj_pwldr,211213.426074375,211213.426074375,0.023000001907348633,0.20399999618530273
6,4,1,local_search,dr_pwldr,211185.42667867237,211185.42667867237,0.023000001907348633,0.20399999618530273
6,4,1,local_search,reopt_pwldr,214788.27950193852,214788.27950193852,0.023000001907348633,0.20399999618530273
6,4,2,black_box,obj_pwldr,211213.426074375,211213.426074375,0.03600001335144043,3.1480000019073486
6,4,2,black_box,dr_pwldr,211185.42667867237,211185.42667867237,0.03600001335144043,3.1480000019073486
6,4,2,black_box,reopt_pwldr,214788.27950193852,214788.27950193852,0.03600001335144043,3.1480000019073486
6,4,2,local_search,obj_pwldr,211213.426074375,211213.426074375,0.03600001335144043,0.27900004386901855
6,4,2,local_search,dr_pwldr,211185.42667867237,211185.42667867237,0.03600001335144043,0.27900004386901855
6,4,2,local_search,reopt_pwldr,214788.27950193852,214788.27950193852,0.03600001335144043,0.27900004386901855
6,4,3,black_box,obj_pwldr,211213.426074375,211213.42607437502,0.031999826431274414,3.4609999656677246
6,4,3,black_box,dr_pwldr,211185.42667867237,211185.4266786724,0.031999826431274414,3.4609999656677246
6,4,3,black_box,reopt_pwldr,214788.27950193852,214788.27950193855,0.031999826431274414,3.4609999656677246
6,4,3,local_search,obj_pwldr,211213.426074375,211213.426074375,0.031999826431274414,0.6170001029968262
6,4,3,local_search,dr_pwldr,211185.42667867237,211185.42667867237,0.031999826431274414,0.6170001029968262
6,4,3,local_search,reopt_pwldr,214788.27950193852,214788.27950193852,0.031999826431274414,0.6170001029968262
6,4,4,black_box,obj_pwldr,211213.426074375,211213.426074375,0.03600001335144043,3.6529998779296875
6,4,4,black_box,dr_pwldr,211185.42667867237,211185.42667867237,0.03600001335144043,3.6529998779296875
6,4,4,black_box,reopt_pwldr,214788.27950193852,214788.27950193852,0.03600001335144043,3.6529998779296875
6,4,4,local_search,obj_pwldr,211213.426074375,211213.426074375,0.03600001335144043,0.3900001049041748
6,4,4,local_search,dr_pwldr,211185.42667867237,211185.42667867237,0.03600001335144043,0.3900001049041748
6,4,4,local_search,reopt_pwldr,214788.27950193852,214788.27950193852,0.03600001335144043,0.3900001049041748
6,4,5,black_box,obj_pwldr,211213.426074375,211213.426074375,0.028999805450439453,4.002000093460083
6,4,5,black_box,dr_pwldr,211185.42667867237,211185.42667867237,0.028999805450439453,4.002000093460083
6,4,5,black_box,reopt_pwldr,214788.27950193852,214788.27950193852,0.028999805450439453,4.002000093460083
6,4,5,local_search,obj_pwldr,211213.426074375,211213.42607437505,0.028999805450439453,0.4570000171661377
6,4,5,local_search,dr_pwldr,211185.42667867237,211185.42667867243,0.028999805450439453,0.4570000171661377
6,4,5,local_search,reopt_pwldr,214788.27950193852,214788.27950193855,0.028999805450439453,0.4570000171661377
6,4,6,black_box,obj_pwldr,211213.426074375,211213.426074375,0.039999961853027344,4.325000047683716
6,4,6,black_box,dr_pwldr,211185.42667867237,211185.42667867237,0.039999961853027344,4.325000047683716
6,4,6,black_box,reopt_pwldr,214788.27950193852,214788.27950193852,0.039999961853027344,4.325000047683716
6,4,6,local_search,obj_pwldr,211213.426074375,211213.426074375,0.039999961853027344,0.5320000648498535
6,4,6,local_search,dr_pwldr,211185.42667867237,211185.42667867237,0.039999961853027344,0.5320000648498535
6,4,6,local_search,reopt_pwldr,214788.27950193852,214788.27950193852,0.039999961853027344,0.5320000648498535
6,4,7,black_box,obj_pwldr,211213.426074375,211213.426074375,0.029999971389770508,4.688999891281128
6,4,7,black_box,dr_pwldr,211185.42667867237,211185.42667867237,0.029999971389770508,4.688999891281128
6,4,7,black_box,reopt_pwldr,214788.27950193852,214788.27950193852,0.029999971389770508,4.688999891281128
6,4,7,local_search,obj_pwldr,211213.426074375,211213.426074375,0.029999971389770508,0.629000186920166
6,4,7,local_search,dr_pwldr,211185.42667867237,211185.42667867237,0.029999971389770508,0.629000186920166
6,4,7,local_search,reopt_pwldr,214788.27950193852,214788.27950193852,0.029999971389770508,0.629000186920166
6,4,8,black_box,obj_pwldr,211213.426074375,211213.426074375,0.042999982833862305,5.325000047683716
6,4,8,black_box,dr_pwldr,211185.42667867237,211185.42667867237,0.042999982833862305,5.325000047683716
6,4,8,black_box,reopt_pwldr,214788.27950193852,214788.27950193852,0.042999982833862305,5.325000047683716
6,4,8,local_search,obj_pwldr,211213.426074375,211213.426074375,0.042999982833862305,0.7269999980926514
6,4,8,local_search,dr_pwldr,211185.42667867237,211185.42667867237,0.042999982833862305,0.7269999980926514
6,4,8,local_search,reopt_pwldr,214788.27950193852,214788.27950193852,0.042999982833862305,0.7269999980926514
6,4,9,black_box,obj_pwldr,211213.426074375,211213.426074375,0.03500008583068848,5.519999980926514
6,4,9,black_box,dr_pwldr,211185.42667867237,211185.42667867237,0.03500008583068848,5.519999980926514
6,4,9,black_box,reopt_pwldr,214788.27950193852,214788.27950193852,0.03500008583068848,5.519999980926514
6,4,9,local_search,obj_pwldr,211213.426074375,211213.426074375,0.03500008583068848,0.8019998073577881
6,4,9,local_search,dr_pwldr,211185.42667867237,211185.42667867237,0.03500008583068848,0.8019998073577881
6,4,9,local_search,reopt_pwldr,214788.27950193852,214788.27950193852,0.03500008583068848,0.8019998073577881
6,4,10,black_box,obj_pwldr,211213.426074375,211213.426074375,0.04400014877319336,5.871000051498413
6,4,10,black_box,dr_pwldr,211185.42667867237,211185.42667867237,0.04400014877319336,5.871000051498413
6,4,10,black_box,reopt_pwldr,214788.27950193852,214788.27950193852,0.04400014877319336,5.871000051498413
6,4,10,local_search,obj_pwldr,211213.426074375,211213.426074375,0.04400014877319336,0.9140000343322754
6,4,10,local_search,dr_pwldr,211185.42667867237,211185.42667867237,0.04400014877319336,0.9140000343322754
6,4,10,local_search,reopt_pwldr,214788.27950193852,214788.27950193852,0.04400014877319336,0.9140000343322754
6,5,1,black_box,obj_pwldr,202850.95366095836,201338.18699786806,0.02500009536743164,4.597999811172485
6,5,1,black_box,dr_pwldr,202628.34520109018,201374.4294515734,0.02500009536743164,4.597999811172485
6,5,1,black_box,reopt_pwldr,191797.93690821846,199667.06432275366,0.02500009536743164,4.597999811172485
6,5,1,local_search,obj_pwldr,202850.95366095836,201338.18699786806,0.02500009536743164,0.23100018501281738
6,5,1,local_search,dr_pwldr,202628.34520109018,201374.4294515734,0.02500009536743164,0.23100018501281738
6,5,1,local_search,reopt_pwldr,191797.93690821846,199667.06432275366,0.02500009536743164,0.23100018501281738
6,5,2,black_box,obj_pwldr,201336.38063198767,201318.08516568592,0.07400012016296387,12.187000036239624
6,5,2,black_box,dr_pwldr,201373.15701774415,201356.62665853178,0.07400012016296387,12.187000036239624
6,5,2,black_box,reopt_pwldr,199452.3425490822,199965.1999888702,0.07400012016296387,12.187000036239624
6,5,2,local_search,obj_pwldr,201336.38063198767,201315.6197403723,0.07400012016296387,1.5460000038146973
6,5,2,local_search,dr_pwldr,201373.15701774415,201348.61391960303,0.07400012016296387,1.5460000038146973
6,5,2,local_search,reopt_pwldr,199452.3425490822,199454.31763413467,0.07400012016296387,1.5460000038146973
6,5,3,black_box,obj_pwldr,201956.6275560681,201312.79988758313,0.10500001907348633,20.73799991607666
6,5,3,black_box,dr_pwldr,201983.50949478924,201353.95082007264,0.10500001907348633,20.73799991607666
6,5,3,black_box,reopt_pwldr,203284.78305650273,200166.0411230589,0.10500001907348633,20.73799991607666
6,5,3,local_search,obj_pwldr,201956.6275560681,201298.47327668994,0.10500001907348633,4.292999982833862
6,5,3,local_search,dr_pwldr,201983.50949478924,201333.18649277583,0.10500001907348633,4.292999982833862
6,5,3,local_search,reopt_pwldr,203284.78305650273,199406.89222864487,0.10500001907348633,4.292999982833862
6,5,4,black_box,obj_pwldr,201638.9009316091,201298.3711341099,0.1639997959136963,31.261000156402588
6,5,4,black_box,dr_pwldr,201601.88733476377,201336.13263878835,0.1639997959136963,31.261000156402588
6,5,4,black_box,reopt_pwldr,196904.01005996283,199548.40586224356,0.1639997959136963,31.261000156402588
6,5,4,local_search,obj_pwldr,201638.9009316091,201298.3711341099,0.1639997959136963,3.006999969482422
6,5,4,local_search,dr_pwldr,201601.88733476377,201336.13263878835,0.1639997959136963,3.006999969482422
6,5,4,local_search,reopt_pwldr,196904.01005996283,199548.40586224356,0.1639997959136963,3.006999969482422
6,5,5,black_box,obj_pwldr,201321.49184876427,201302.73916854183,0.21200013160705566,41.93499994277954
6,5,5,black_box,dr_pwldr,201361.65012330373,201333.82959063584,0.21200013160705566,41.93499994277954
6,5,5,black_box,reopt_pwldr,199452.34254908227,199265.10928366275,0.21200013160705566,41.93499994277954
6,5,5,local_search,obj_pwldr,201321.49184876427,201299.94055922562,0.21200013160705566,7.911999940872192
6,5,5,local_search,dr_pwldr,201361.65012330373,201335.9974666849,0.21200013160705566,7.911999940872192
6,5,5,local_search,reopt_pwldr,199452.34254908227,199519.49430726958,0.21200013160705566,7.911999940872192
6,5,6,black_box,obj_pwldr,201494.52545504927,201292.62097934447,0.24900007247924805,53.15400004386902
6,5,6,black_box,dr_pwldr,201532.38363252318,201329.5882653233,0.24900007247924805,53.15400004386902
6,5,6,black_box,reopt_pwldr,201642.11671394706,199538.93767002138,0.24900007247924805,53.15400004386902
6,5,6,local_search,obj_pwldr,201494.52545504927,201292.6209793445,0.24900007247924805,7.174999952316284
6,5,6,local_search,dr_pwldr,201532.38363252318,201329.58826532334,0.24900007247924805,7.174999952316284
6,5,6,local_search,reopt_pwldr,201642.11671394706,199538.9376700214,0.24900007247924805,7.174999952316284
6,5,7,black_box,obj_pwldr,201400.9635971311,201292.53774098115,0.38299989700317383,63.359999895095825
6,5,7,black_box,dr_pwldr,201397.09638703437,201331.92260808562,0.38299989700317383,63.359999895095825
6,5,7,black_box,reopt_pwldr,197996.63203319415,199791.80575966602,0.38299989700317383,63.359999895095825
6,5,7,local_search,obj_pwldr,201400.9635971311,201288.86630876394,0.38299989700317383,19.38100004196167
6,5,7,local_search,dr_pwldr,201397.09638703437,201326.8492391572,0.38299989700317383,19.38100004196167
6,5,7,local_search,reopt_pwldr,197996.63203319415,199599.68123938286,0.38299989700317383,19.38100004196167
6,5,8,black_box,obj_pwldr,201319.4130766599,201287.63052153692,0.42100000381469727,74.39300012588501
6,5,8,black_box,dr_pwldr,201357.10789347248,201326.9260862963,0.42100000381469727,74.39300012588501
6,5,8,black_box,reopt_pwldr,199469.99638830687,199593.15545618188,0.42100000381469727,74.39300012588501
6,5,8,local_search,obj_pwldr,201319.4130766599,201287.6305215369,0.42100000381469727,32.360000133514404
6,5,8,local_search,dr_pwldr,201357.10789347248,201326.9260862963,0.42100000381469727,32.360000133514404
6,5,8,local_search,reopt_pwldr,199469.99638830687,199593.15545618185,0.42100000381469727,32.360000133514404
6,5,9,black_box,obj_pwldr,201394.91830988103,201291.21377685203,0.4740002155303955,85.2900002002716
6,5,9,black_box,dr_pwldr,201442.24197878625,201325.0145517283,0.4740002155303955,85.2900002002716
6,5,9,black_box,reopt_pwldr,200985.11240673615,199421.2446553911,0.4740002155303955,85.2900002002716
6,5,9,local_search,obj_pwldr,201394.91830988103,201290.91976685709,0.4740002155303955,19.6489999294281
6,5,9,local_search,dr_pwldr,201442.24197878625,201326.82095530626,0.4740002155303955,19.6489999294281
6,5,9,local_search,reopt_pwldr,200985.11240673615,199573.33537170533,0.4740002155303955,19.6489999294281
6,5,10,black_box,obj_pwldr,201343.20452636547,201286.83363605698,0.5099999904632568,96.67400002479553
6,5,10,black_box,dr_pwldr,201354.20069854657,201326.50421588367,0.5099999904632568,96.67400002479553
6,5,10,black_box,reopt_pwldr,198393.4141617177,199508.99869214027,0.5099999904632568,96.67400002479553
6,5,10,local_search,obj_pwldr,201343.20452636547,201286.83363605704,0.5099999904632568,14.816999912261963
6,5,10,local_search,dr_pwldr,201354.20069854657,201326.5042158837,0.5099999904632568,14.816999912261963
6,5,10,local_search,reopt_pwldr,198393.4141617177,199508.99869214027,0.5099999904632568,14.816999912261963
6,6,1,black_box,obj_pwldr,211213.57675393127,211213.3357677249,0.029000043869018555,3.0249998569488525
6,6,1,black_box,dr_pwldr,211185.22402945903,211185.429528231,0.029000043869018555,3.0249998569488525
6,6,1,black_box,reopt_pwldr,214788.27950193855,214788.27950193852,0.029000043869018555,3.0249998569488525
6,6,1,local_search,obj_pwldr,211213.57675393127,211213.3357677249,0.029000043869018555,0.23099994659423828
6,6,1,local_search,dr_pwldr,211185.22402945903,211185.429528231,0.029000043869018555,0.23099994659423828
6,6,1,local_search,reopt_pwldr,214788.27950193855,214788.27950193852,0.029000043869018555,0.23099994659423828
6,6,2,black_box,obj_pwldr,211213.87072901143,211213.27434724433,0.051000118255615234,3.424999952316284
6,6,2,black_box,dr_pwldr,211185.3733471277,211182.98456528166,0.051000118255615234,3.424999952316284
6,6,2,black_box,reopt_pwldr,214788.27950193852,214788.27950193852,0.051000118255615234,3.424999952316284
6,6,2,local_search,obj_pwldr,211213.87072901143,211213.27434724433,0.051000118255615234,0.2969999313354492
6,6,2,local_search,dr_pwldr,211185.3733471277,211182.98456528166,0.051000118255615234,0.2969999313354492
6,6,2,local_search,reopt_pwldr,214788.27950193852,214788.27950193852,0.051000118255615234,0.2969999313354492
6,6,3,black_box,obj_pwldr,211213.7200693109,211213.23556827873,0.046000003814697266,3.9100000858306885
6,6,3,black_box,dr_pwldr,211185.3733471277,211185.37334712775,0.046000003814697266,3.9100000858306885
6,6,3,black_box,reopt_pwldr,214788.27950193852,214788.27950193855,0.046000003814697266,3.9100000858306885
6,6,3,local_search,obj_pwldr,211213.7200693109,211213.2355682787,0.046000003814697266,0.7369999885559082
6,6,3,local_search,dr_pwldr,211185.3733471277,211185.3733471277,0.046000003814697266,0.7369999885559082
6,6,3,local_search,reopt_pwldr,214788.27950193852,214788.27950193852,0.046000003814697266,0.7369999885559082
6,6,4,black_box,obj_pwldr,211213.6821090512,211213.3331464369,0.03400015830993652,4.33899998664856
6,6,4,black_box,dr_pwldr,211185.3733471277,211185.37334712775,0.03400015830993652,4.33899998664856
6,6,4,black_box,reopt_pwldr,214788.27950193852,214788.27950193855,0.03400015830993652,4.33899998664856
6,6,4,local_search,obj_pwldr,211213.6821090512,211213.33314643687,0.03400015830993652,0.9219999313354492
6,6,4,local_search,dr_pwldr,211185.3733471277,211185.3733471277,0.03400015830993652,0.9219999313354492
6,6,4,local_search,reopt_pwldr,214788.27950193852,214788.27950193852,0.03400015830993652,0.9219999313354492
6,6,5,black_box,obj_pwldr,211213.58962534778,211213.2513084678,0.046000003814697266,4.9049999713897705
6,6,5,black_box,dr_pwldr,211185.3733471277,211185.37334712778,0.046000003814697266,4.9049999713897705
6,6,5,black_box,reopt_pwldr,214788.27950193852,214788.27950193855,0.046000003814697266,4.9049999713897705
6,6,5,local_search,obj_pwldr,211213.58962534778,211213.25130846773,0.046000003814697266,1.0929999351501465
6,6,5,local_search,dr_pwldr,211185.3733471277,211185.3733471277,0.046000003814697266,1.0929999351501465
6,6,5,local_search,reopt_pwldr,214788.27950193852,214788.27950193852,0.046000003814697266,1.0929999351501465
6,6,6,black_box,obj_pwldr,211213.7553560154,211213.45608869538,0.046000003814697266,5.536999940872192
6,6,6,black_box,dr_pwldr,211185.0069192963,211182.98456528166,0.046000003814697266,5.536999940872192
6,6,6,black_box,reopt_pwldr,214788.27950193852,214788.27950193852,0.046000003814697266,5.536999940872192
6,6,6,local_search,obj_pwldr,211213.7553560154,211213.45608869538,0.046000003814697266,0.684999942779541
6,6,6,local_search,dr_pwldr,211185.0069192963,211182.98456528166,0.046000003814697266,0.684999942779541
6,6,6,local_search,reopt_pwldr,214788.27950193852,214788.27950193852,0.046000003814697266,0.684999942779541
6,6,7,black_box,obj_pwldr,211213.8161945707,211213.3473198457,0.04399991035461426,6.763000011444092
6,6,7,black_box,dr_pwldr,211182.98456528166,211185.3733471277,0.04399991035461426,6.763000011444092
6,6,7,black_box,reopt_pwldr,214788.27950193852,214788.27950193852,0.04399991035461426,6.763000011444092
6,6,7,local_search,obj_pwldr,211213.8161945707,211213.3473198457,0.04399991035461426,0.9110000133514404
6,6,7,local_search,dr_pwldr,211182.98456528166,211185.3733471277,0.04399991035461426,0.9110000133514404
6,6,7,local_search,reopt_pwldr,214788.27950193852,214788.27950193852,0.04399991035461426,0.9110000133514404
6,6,8,black_box,obj_pwldr,211213.7290012655,211213.40409791053,0.056999921798706055,6.498000144958496
6,6,8,black_box,dr_pwldr,211185.3733471277,211185.3733471277,0.056999921798706055,6.498000144958496
6,6,8,black_box,reopt_pwldr,214788.27950193852,214788.27950193852,0.056999921798706055,6.498000144958496
6,6,8,local_search,obj_pwldr,211213.7290012655,211213.40409791056,0.056999921798706055,0.9649999141693115
6,6,8,local_search,dr_pwldr,211185.3733471277,211185.37334712775,0.056999921798706055,0.9649999141693115
6,6,8,local_search,reopt_pwldr,214788.27950193852,214788.27950193855,0.056999921798706055,0.9649999141693115
6,6,9,black_box,obj_pwldr,211213.75645502802,211213.31138126986,0.05900001525878906,6.98799991607666
6,6,9,black_box,dr_pwldr,211185.3733471277,211184.7248311431,0.05900001525878906,6.98799991607666
6,6,9,black_box,reopt_pwldr,214788.27950193852,214788.27950193858,0.05900001525878906,6.98799991607666
6,6,9,local_search,obj_pwldr,211213.75645502802,211213.31138127018,0.05900001525878906,2.0900001525878906
6,6,9,local_search,dr_pwldr,211185.3733471277,211184.7248311438,0.05900001525878906,2.0900001525878906
6,6,9,local_search,reopt_pwldr,214788.27950193852,214788.27950193893,0.05900001525878906,2.0900001525878906
6,6,10,black_box,obj_pwldr,211213.73924203982,211213.44588977203,0.06699991226196289,7.711000204086304
6,6,10,black_box,dr_pwldr,211185.3733471277,211182.98456528166,0.06699991226196289,7.711000204086304
6,6,10,black_box,reopt_pwldr,214788.27950193852,214788.27950193852,0.06699991226196289,7.711000204086304
6,6,10,local_search,obj_pwldr,211213.73924203982,211213.44588977203,0.06699991226196289,1.3450000286102295
6,6,10,local_search,dr_pwldr,211185.3733471277,211182.98456528166,0.06699991226196289,1.3450000286102295
6,6,10,local_search,reopt_pwldr,214788.27950193852,214788.27950193852,0.06699991226196289,1.3450000286102295
6,7,1,black_box,obj_pwldr,211213.426074375,211213.426074375,0.029000043869018555,2.8320000171661377
6,7,1,black_box,dr_pwldr,211185.42667867237,211185.42667867237,0.029000043869018555,2.8320000171661377
6,7,1,black_box,reopt_pwldr,214788.27950193852,214788.27950193852,0.029000043869018555,2.8320000171661377
6,7,1,local_search,obj_pwldr,211213.426074375,211213.426074375,0.029000043869018555,0.22699999809265137
6,7,1,local_search,dr_pwldr,211185.42667867237,211185.42667867237,0.029000043869018555,0.22699999809265137
6,7,1,local_search,reopt_pwldr,214788.27950193852,214788.27950193852,0.029000043869018555,0.22699999809265137
6,7,2,black_box,obj_pwldr,211213.426074375,211213.426074375,0.03399991989135742,3.1069998741149902
6,7,2,black_box,dr_pwldr,211185.42667867237,211185.42667867237,0.03399991989135742,3.1069998741149902
6,7,2,black_box,reopt_pwldr,214788.27950193852,214788.27950193852,0.03399991989135742,3.1069998741149902
6,7,2,local_search,obj_pwldr,211213.426074375,211213.426074375,0.03399991989135742,0.2820000648498535
6,7,2,local_search,dr_pwldr,211185.42667867237,211185.42667867237,0.03399991989135742,0.2820000648498535
6,7,2,local_search,reopt_pwldr,214788.27950193852,214788.27950193852,0.03399991989135742,0.2820000648498535
6,7,3,black_box,obj_pwldr,211213.426074375,211213.426074375,0.03800010681152344,3.3949999809265137
6,7,3,black_box,dr_pwldr,211185.42667867237,211185.42667867237,0.03800010681152344,3.3949999809265137
6,7,3,black_box,reopt_pwldr,214788.27950193852,214788.27950193852,0.03800010681152344,3.3949999809265137
6,7,3,local_search,obj_pwldr,211213.426074375,211213.426074375,0.03800010681152344,0.3339998722076416
6,7,3,local_search,dr_pwldr,211185.42667867237,211185.42667867237,0.03800010681152344,0.3339998722076416
6,7,3,local_search,reopt_pwldr,214788.27950193852,214788.27950193852,0.03800010681152344,0.3339998722076416
6,7,4,black_box,obj_pwldr,211213.42607437505,211213.426074375,0.03800010681152344,3.7249999046325684
6,7,4,black_box,dr_pwldr,211185.42667867243,211185.42667867237,0.03800010681152344,3.7249999046325684
6,7,4,black_box,reopt_pwldr,214788.27950193855,214788.27950193852,0.03800010681152344,3.7249999046325684
6,7,4,local_search,obj_pwldr,211213.42607437505,211213.426074375,0.03800010681152344,0.39100003242492676
6,7,4,local_search,dr_pwldr,211185.42667867243,211185.42667867237,0.03800010681152344,0.39100003242492676
6,7,4,local_search,reopt_pwldr,214788.27950193855,214788.27950193852,0.03800010681152344,0.39100003242492676
6,7,5,black_box,obj_pwldr,211213.42607437505,211213.42607437505,0.03600001335144043,4.01800012588501
6,7,5,black_box,dr_pwldr,211185.42667867243,211185.42667867243,0.03600001335144043,4.01800012588501
6,7,5,black_box,reopt_pwldr,214788.27950193855,214788.27950193855,0.03600001335144043,4.01800012588501
6,7,5,local_search,obj_pwldr,211213.42607437505,211213.426074375,0.03600001335144043,0.9100000858306885
6,7,5,local_search,dr_pwldr,211185.42667867243,211185.42667867237,0.03600001335144043,0.9100000858306885
6,7,5,local_search,reopt_pwldr,214788.27950193855,214788.27950193852,0.03600001335144043,0.9100000858306885
6,7,6,black_box,obj_pwldr,211213.426074375,211213.426074375,0.04200005531311035,4.372999906539917
6,7,6,black_box,dr_pwldr,211185.42667867237,211185.42667867237,0.04200005531311035,4.372999906539917
6,7,6,black_box,reopt_pwldr,214788.27950193852,214788.27950193852,0.04200005531311035,4.372999906539917
6,7,6,local_search,obj_pwldr,211213.426074375,211213.42607437505,0.04200005531311035,0.562999963760376
6,7,6,local_search,dr_pwldr,211185.42667867237,211185.42667867243,0.04200005531311035,0.562999963760376
6,7,6,local_search,reopt_pwldr,214788.27950193852,214788.27950193855,0.04200005531311035,0.562999963760376
6,7,7,black_box,obj_pwldr,211213.426074375,211213.426074375,0.037999868392944336,4.76200008392334
6,7,7,black_box,dr_pwldr,211185.42667867237,211185.42667867237,0.037999868392944336,4.76200008392334
6,7,7,black_box,reopt_pwldr,214788.27950193852,214788.27950193852,0.037999868392944336,4.76200008392334
6,7,7,local_search,obj_pwldr,211213.426074375,211213.426074375,0.037999868392944336,0.5559999942779541
6,7,7,local_search,dr_pwldr,211185.42667867237,211185.42667867237,0.037999868392944336,0.5559999942779541
6,7,7,local_search,reopt_pwldr,214788.27950193852,214788.27950193852,0.037999868392944336,0.5559999942779541
6,7,8,black_box,obj_pwldr,211213.426074375,211213.426074375,0.03800010681152344,5.8450000286102295
6,7,8,black_box,dr_pwldr,211185.42667867237,211185.42667867237,0.03800010681152344,5.8450000286102295
6,7,8,black_box,reopt_pwldr,214788.27950193852,214788.27950193852,0.03800010681152344,5.8450000286102295
6,7,8,local_search,obj_pwldr,211213.426074375,211213.426074375,0.03800010681152344,0.7290000915527344
6,7,8,local_search,dr_pwldr,211185.42667867237,211185.42667867237,0.03800010681152344,0.7290000915527344
6,7,8,local_search,reopt_pwldr,214788.27950193852,214788.27950193852,0.03800010681152344,0.7290000915527344
6,7,9,black_box,obj_pwldr,211213.426074375,211213.426074375,0.04499983787536621,5.5320000648498535
6,7,9,black_box,dr_pwldr,211185.42667867237,211185.42667867237,0.04499983787536621,5.5320000648498535
6,7,9,black_box,reopt_pwldr,214788.27950193852,214788.27950193852,0.04499983787536621,5.5320000648498535
6,7,9,local_search,obj_pwldr,211213.426074375,211213.426074375,0.04499983787536621,0.8500001430511475
6,7,9,local_search,dr_pwldr,211185.42667867237,211185.42667867237,0.04499983787536621,0.8500001430511475
6,7,9,local_search,reopt_pwldr,214788.27950193852,214788.27950193852,0.04499983787536621,0.8500001430511475
6,7,10,black_box,obj_pwldr,211213.426074375,211213.426074375,0.056999921798706055,5.927000045776367
6,7,10,black_box,dr_pwldr,211185.42667867237,211185.42667867237,0.056999921798706055,5.927000045776367
6,7,10,black_box,reopt_pwldr,214788.27950193852,214788.27950193852,0.056999921798706055,5.927000045776367
6,7,10,local_search,obj_pwldr,211213.426074375,211213.426074375,0.056999921798706055,0.9340000152587891
6,7,10,local_search,dr_pwldr,211185.42667867237,211185.42667867237,0.056999921798706055,0.9340000152587891
6,7,10,local_search,reopt_pwldr,214788.27950193852,214788.27950193852,0.056999921798706055,0.9340000152587891
6,8,1,black_box,obj_pwldr,211216.3863003064,211212.5122480344,0.03099989891052246,2.9509999752044678
6,8,1,black_box,dr_pwldr,211185.42667867237,211185.42667867237,0.03099989891052246,2.9509999752044678
6,8,1,black_box,reopt_pwldr,214788.27950193852,214788.27950193852,0.03099989891052246,2.9509999752044678
6,8,1,local_search,obj_pwldr,211216.3863003064,211212.5122480344,0.03099989891052246,0.21800017356872559
6,8,1,local_search,dr_pwldr,211185.42667867237,211185.42667867237,0.03099989891052246,0.21800017356872559
6,8,1,local_search,reopt_pwldr,214788.27950193852,214788.27950193852,0.03099989891052246,0.21800017356872559
6,8,2,black_box,obj_pwldr,211216.3088398465,211213.45612260094,0.046000003814697266,3.432999849319458
6,8,2,black_box,dr_pwldr,211185.42667867237,211185.42667867237,0.046000003814697266,3.432999849319458
6,8,2,black_box,reopt_pwldr,214788.27950193852,214788.27950193852,0.046000003814697266,3.432999849319458
6,8,2,local_search,obj_pwldr,211216.3088398465,211213.45612260094,0.046000003814697266,0.29399991035461426
6,8,2,local_search,dr_pwldr,211185.42667867237,211185.42667867237,0.046000003814697266,0.29399991035461426
6,8,2,local_search,reopt_pwldr,214788.27950193852,214788.27950193852,0.046000003814697266,0.29399991035461426
6,8,3,black_box,obj_pwldr,211217.68184823424,211212.757928786,0.04699993133544922,3.9119999408721924
6,8,3,black_box,dr_pwldr,211185.42667867237,211185.42667867237,0.04699993133544922,3.9119999408721924
6,8,3,black_box,reopt_pwldr,214788.27950193852,214788.27950193852,0.04699993133544922,3.9119999408721924
6,8,3,local_search,obj_pwldr,211217.68184823424,211212.757928786,0.04699993133544922,0.36099982261657715
6,8,3,local_search,dr_pwldr,211185.42667867237,211185.42667867237,0.04699993133544922,0.36099982261657715
6,8,3,local_search,reopt_pwldr,214788.27950193852,214788.27950193852,0.04699993133544922,0.36099982261657715
6,8,4,black_box,obj_pwldr,211218.2962331638,211214.1825111227,0.03600001335144043,4.33299994468689
6,8,4,black_box,dr_pwldr,211185.42667867237,211185.42667867237,0.03600001335144043,4.33299994468689
6,8,4,black_box,reopt_pwldr,214788.27950193852,214788.27950193852,0.03600001335144043,4.33299994468689
6,8,4,local_search,obj_pwldr,211218.2962331638,211214.1825111227,0.03600001335144043,0.47300004959106445
6,8,4,local_search,dr_pwldr,211185.42667867237,211185.42667867237,0.03600001335144043,0.47300004959106445
6,8,4,local_search,reopt_pwldr,214788.27950193852,214788.27950193852,0.03600001335144043,0.47300004959106445
6,8,5,black_box,obj_pwldr,211218.9094081333,211213.16521437274,0.042999982833862305,4.848999977111816
6,8,5,black_box,dr_pwldr,211185.42667867237,211185.42667867237,0.042999982833862305,4.848999977111816
6,8,5,black_box,reopt_pwldr,214788.27950193852,214788.27950193852,0.042999982833862305,4.848999977111816
6,8,5,local_search,obj_pwldr,211218.9094081333,211213.16521437274,0.042999982833862305,0.5539999008178711
6,8,5,local_search,dr_pwldr,211185.42667867237,211185.42667867237,0.042999982833862305,0.5539999008178711
6,8,5,local_search,reopt_pwldr,214788.27950193852,214788.27950193852,0.042999982833862305,0.5539999008178711
6,8,6,black_box,obj_pwldr,211217.05369984164,211212.83511378194,0.04800009727478027,5.35699987411499
6,8,6,black_box,dr_pwldr,211185.42667867237,211185.42667867237,0.04800009727478027,5.35699987411499
6,8,6,black_box,reopt_pwldr,214788.27950193852,214788.27950193852,0.04800009727478027,5.35699987411499
6,8,6,local_search,obj_pwldr,211217.05369984164,211212.83511378194,0.04800009727478027,0.627000093460083
6,8,6,local_search,dr_pwldr,211185.42667867237,211185.42667867237,0.04800009727478027,0.627000093460083
6,8,6,local_search,reopt_pwldr,214788.27950193852,214788.27950193852,0.04800009727478027,0.627000093460083
6,8,7,black_box,obj_pwldr,211215.7154413175,211214.5680623128,0.04399991035461426,5.8409998416900635
6,8,7,black_box,dr_pwldr,211185.42667867237,211185.42667867237,0.04399991035461426,5.8409998416900635
6,8,7,black_box,reopt_pwldr,214788.27950193852,214788.27950193852,0.04399991035461426,5.8409998416900635
6,8,7,local_search,obj_pwldr,211215.7154413175,211213.304936686,0.04399991035461426,1.3799998760223389
6,8,7,local_search,dr_pwldr,211185.42667867237,211185.42667867237,0.04399991035461426,1.3799998760223389
6,8,7,local_search,reopt_pwldr,214788.27950193852,214788.27950193852,0.04399991035461426,1.3799998760223389
6,8,8,black_box,obj_pwldr,211217.58292505334,211213.906641516,0.06400012969970703,6.4040000438690186
6,8,8,black_box,dr_pwldr,211185.42667867237,211185.42667867237,0.06400012969970703,6.4040000438690186
6,8,8,black_box,reopt_pwldr,214788.27950193852,214788.27950193852,0.06400012969970703,6.4040000438690186
6,8,8,local_search,obj_pwldr,211217.58292505334,211213.6569801736,0.06400012969970703,3.4579999446868896
6,8,8,local_search,dr_pwldr,211185.42667867237,211185.42667867237,0.06400012969970703,3.4579999446868896
6,8,8,local_search,reopt_pwldr,214788.27950193852,214788.27950193852,0.06400012969970703,3.4579999446868896
6,8,9,black_box,obj_pwldr,211217.39361605467,211214.38376557673,0.04799985885620117,7.078999996185303
6,8,9,black_box,dr_pwldr,211185.42667867237,211185.42667867237,0.04799985885620117,7.078999996185303
6,8,9,black_box,reopt_pwldr,214788.27950193852,214788.27950193852,0.04799985885620117,7.078999996185303
6,8,9,local_search,obj_pwldr,211217.39361605467,211213.11370142945,0.04799985885620117,1.3900001049041748
6,8,9,local_search,dr_pwldr,211185.42667867237,211185.42667867237,0.04799985885620117,1.3900001049041748
6,8,9,local_search,reopt_pwldr,214788.27950193852,214788.27950193852,0.04799985885620117,1.3900001049041748
6,8,10,black_box,obj_pwldr,211217.58235519956,211214.11980387062,0.06699991226196289,7.546000003814697
6,8,10,black_box,dr_pwldr,211185.42667867237,211185.42667867237,0.06699991226196289,7.546000003814697
6,8,10,black_box,reopt_pwldr,214788.27950193852,214788.27950193852,0.06699991226196289,7.546000003814697
6,8,10,local_search,obj_pwldr,211217.58235519956,211213.96842292993,0.06699991226196289,2.072999954223633
6,8,10,local_search,dr_pwldr,211185.42667867237,211185.42667867237,0.06699991226196289,2.072999954223633
6,8,10,local_search,reopt_pwldr,214788.27950193852,214788.27950193852,0.06699991226196289,2.072999954223633
6,9,1,black_box,obj_pwldr,211213.86138035072,211213.30609438996,0.03600001335144043,6.621000051498413
6,9,1,black_box,dr_pwldr,211184.9571819146,211185.42667867237,0.03600001335144043,6.621000051498413
6,9,1,black_box,reopt_pwldr,214788.27950193855,214788.27950193852,0.03600001335144043,6.621000051498413
6,9,1,local_search,obj_pwldr,211213.86138035072,211213.30609438996,0.03600001335144043,0.998999834060669
6,9,1,local_search,dr_pwldr,211184.9571819146,211185.42667867237,0.03600001335144043,0.998999834060669
6,9,1,local_search,reopt_pwldr,214788.27950193855,214788.27950193852,0.03600001335144043,0.998999834060669
6,9,2,black_box,obj_pwldr,211213.9824420374,211213.37987163977,0.0709998607635498,12.936000108718872
6,9,2,black_box,dr_pwldr,211185.39122772505,211185.4266786724,0.0709998607635498,12.936000108718872
6,9,2,black_box,reopt_pwldr,214788.27950193852,214788.27950193855,0.0709998607635498,12.936000108718872
6,9,2,local_search,obj_pwldr,211213.9824420374,211213.18014842205,0.0709998607635498,3.6649999618530273
6,9,2,local_search,dr_pwldr,211185.39122772505,211185.42667867237,0.0709998607635498,3.6649999618530273
6,9,2,local_search,reopt_pwldr,214788.27950193852,214788.27950193852,0.0709998607635498,3.6649999618530273
6,9,3,black_box,obj_pwldr,211214.0752601037,211213.36865007365,0.12299990653991699,21.64900016784668
6,9,3,black_box,dr_pwldr,211185.4249503688,211185.4249503688,0.12299990653991699,21.64900016784668
6,9,3,black_box,reopt_pwldr,214788.27950193855,214788.27950193855,0.12299990653991699,21.64900016784668
6,9,3,local_search,obj_pwldr,211214.0752601037,211213.3447184498,0.12299990653991699,5.541999816894531
6,9,3,local_search,dr_pwldr,211185.4249503688,211185.42667867237,0.12299990653991699,5.541999816894531
6,9,3,local_search,reopt_pwldr,214788.27950193855,214788.27950193852,0.12299990653991699,5.541999816894531
6,9,4,black_box,obj_pwldr,211213.99631080148,211213.58241874797,0.1679999828338623,30.353999853134155
6,9,4,black_box,dr_pwldr,211185.4249503688,211185.4249503688,0.1679999828338623,30.353999853134155
6,9,4,black_box,reopt_pwldr,214788.27950193855,214788.27950193855,0.1679999828338623,30.353999853134155
6,9,4,local_search,obj_pwldr,211213.99631080148,211213.58241874797,0.1679999828338623,2.4709999561309814
6,9,4,local_search,dr_pwldr,211185.4249503688,211185.4249503688,0.1679999828338623,2.4709999561309814
6,9,4,local_search,reopt_pwldr,214788.27950193855,214788.27950193855,0.1679999828338623,2.4709999561309814
6,9,5,black_box,obj_pwldr,211214.04189599917,211213.72359022414,0.21300005912780762,41.325000047683716
6,9,5,black_box,dr_pwldr,211184.9571819146,211185.4249503688,0.21300005912780762,41.325000047683716
6,9,5,black_box,reopt_pwldr,214788.27950193855,214788.27950193855,0.21300005912780762,41.325000047683716
6,9,5,local_search,obj_pwldr,211214.04189599917,211213.72359022414,0.21300005912780762,4.953999996185303
6,9,5,local_search,dr_pwldr,211184.9571819146,211185.4249503688,0.21300005912780762,4.953999996185303
6,9,5,local_search,reopt_pwldr,214788.27950193855,214788.27950193855,0.21300005912780762,4.953999996185303
6,9,6,black_box,obj_pwldr,211214.03308413157,211213.68666449934,0.2739999294281006,52.43900012969971
6,9,6,black_box,dr_pwldr,211184.9571819146,211185.4249503688,0.2739999294281006,52.43900012969971
6,9,6,black_box,reopt_pwldr,214788.27950193855,214788.27950193855,0.2739999294281006,52.43900012969971
6,9,6,local_search,obj_pwldr,211214.03308413157,211213.68666449934,0.2739999294281006,6.161999940872192
6,9,6,local_search,dr_pwldr,211184.9571819146,211185.4249503688,0.2739999294281006,6.161999940872192
6,9,6,local_search,reopt_pwldr,214788.27950193855,214788.27950193855,0.2739999294281006,6.161999940872192
6,9,7,black_box,obj_pwldr,211214.06571336096,211213.8158802416,0.3680000305175781,62.288999795913696
6,9,7,black_box,dr_pwldr,211185.4249503688,211185.4249503688,0.3680000305175781,62.288999795913696
6,9,7,black_box,reopt_pwldr,214788.27950193855,214788.27950193855,0.3680000305175781,62.288999795913696
6,9,7,local_search,obj_pwldr,211214.06571336096,211213.6639238719,0.3680000305175781,13.114999771118164
6,9,7,local_search,dr_pwldr,211185.4249503688,211184.9571819146,0.3680000305175781,13.114999771118164
6,9,7,local_search,reopt_pwldr,214788.27950193855,214788.27950193855,0.3680000305175781,13.114999771118164
6,9,8,black_box,obj_pwldr,211214.07052818208,211213.782465103,0.40799999237060547,72.30099987983704
6,9,8,black_box,dr_pwldr,211185.42495036882,211185.42495036882,0.40799999237060547,72.30099987983704
6,9,8,black_box,reopt_pwldr,214788.27950193855,214788.27950193855,0.40799999237060547,72.30099987983704
6,9,8,local_search,obj_pwldr,211214.07052818208,211213.78246510297,0.40799999237060547,18.267000198364258
6,9,8,local_search,dr_pwldr,211185.42495036882,211185.4249503688,0.40799999237060547,18.267000198364258
6,9,8,local_search,reopt_pwldr,214788.27950193855,214788.27950193855,0.40799999237060547,18.267000198364258
6,9,9,black_box,obj_pwldr,211214.06881106875,211213.85982460272,0.4680001735687256,85.04500007629395
6,9,9,black_box,dr_pwldr,211185.4249503688,211185.4249503688,0.4680001735687256,85.04500007629395
6,9,9,black_box,reopt_pwldr,214788.27950193855,214788.27950193855,0.4680001735687256,85.04500007629395
6,9,9,local_search,obj_pwldr,211214.06881106875,211213.85982460272,0.4680001735687256,12.895999908447266
6,9,9,local_search,dr_pwldr,211185.4249503688,211185.4249503688,0.4680001735687256,12.895999908447266
6,9,9,local_search,reopt_pwldr,214788.27950193855,214788.27950193855,0.4680001735687256,12.895999908447266
6,9,10,black_box,obj_pwldr,211214.07138812088,211213.89582482292,0.49699997901916504,94.91700005531311
6,9,10,black_box,dr_pwldr,211185.4249503688,211185.4249503688,0.49699997901916504,94.91700005531311
6,9,10,black_box,reopt_pwldr,214788.27950193855,214788.27950193855,0.49699997901916504,94.91700005531311
6,9,10,local_search,obj_pwldr,211214.07138812088,211213.86598311996,0.49699997901916504,38.687000036239624
6,9,10,local_search,dr_pwldr,211185.4249503688,211185.4249503688,0.49699997901916504,38.687000036239624
6,9,10,local_search,reopt_pwldr,214788.27950193855,214788.27950193855,0.49699997901916504,38.687000036239624
6,10,1,black_box,obj_pwldr,211213.9525284847,211213.28530494485,0.029999971389770508,5.641999959945679
6,10,1,black_box,dr_pwldr,211185.42667867237,211185.42667867237,0.029999971389770508,5.641999959945679
6,10,1,black_box,reopt_pwldr,214788.27950193852,214788.27950193852,0.029999971389770508,5.641999959945679
6,10,1,local_search,obj_pwldr,211213.9525284847,211213.28530494485,0.029999971389770508,0.9670000076293945
6,10,1,local_search,dr_pwldr,211185.42667867237,211185.42667867237,0.029999971389770508,0.9670000076293945
6,10,1,local_search,reopt_pwldr,214788.27950193852,214788.27950193852,0.029999971389770508,0.9670000076293945
6,10,2,black_box,obj_pwldr,211213.98881286161,211213.336686732,0.08500003814697266,12.40999984741211
6,10,2,black_box,dr_pwldr,211185.42667867237,211185.42667867237,0.08500003814697266,12.40999984741211
6,10,2,black_box,reopt_pwldr,214788.27950193852,214788.27950193852,0.08500003814697266,12.40999984741211
6,10,2,local_search,obj_pwldr,211213.98881286161,211213.336686732,0.08500003814697266,1.008000135421753
6,10,2,local_search,dr_pwldr,211185.42667867237,211185.42667867237,0.08500003814697266,1.008000135421753
6,10,2,local_search,reopt_pwldr,214788.27950193852,214788.27950193852,0.08500003814697266,1.008000135421753
6,10,3,black_box,obj_pwldr,211214.08352185105,211213.48897995017,0.11599993705749512,21.417999982833862
6,10,3,black_box,dr_pwldr,211185.42667867237,211185.42667867237,0.11599993705749512,21.417999982833862
6,10,3,black_box,reopt_pwldr,214788.27950193852,214788.27950193852,0.11599993705749512,21.417999982833862
6,10,3,local_search,obj_pwldr,211214.08352185105,211213.48897995017,0.11599993705749512,2.9120001792907715
6,10,3,local_search,dr_pwldr,211185.42667867237,211185.42667867237,0.11599993705749512,2.9120001792907715
6,10,3,local_search,reopt_pwldr,214788.27950193852,214788.27950193852,0.11599993705749512,2.9120001792907715
6,10,4,black_box,obj_pwldr,211214.0085041465,211213.7835979454,0.17100000381469727,31.221999883651733
6,10,4,black_box,dr_pwldr,211185.42667867237,211185.42667867237,0.17100000381469727,31.221999883651733
6,10,4,black_box,reopt_pwldr,214788.27950193852,214788.27950193852,0.17100000381469727,31.221999883651733
6,10,4,local_search,obj_pwldr,211214.0085041465,211213.7835979454,0.17100000381469727,3.36899995803833
6,10,4,local_search,dr_pwldr,211185.42667867237,211185.42667867237,0.17100000381469727,3.36899995803833
6,10,4,local_search,reopt_pwldr,214788.27950193852,214788.27950193852,0.17100000381469727,3.36899995803833
6,10,5,black_box,obj_pwldr,211214.08778928546,211213.70635034482,0.21600008010864258,41.6949999332428
6,10,5,black_box,dr_pwldr,211185.42667867237,211185.42667867237,0.21600008010864258,41.6949999332428
6,10,5,black_box,reopt_pwldr,214788.27950193852,214788.27950193852,0.21600008010864258,41.6949999332428
6,10,5,local_search,obj_pwldr,211214.08778928546,211213.70635034482,0.21600008010864258,4.454999923706055
6,10,5,local_search,dr_pwldr,211185.42667867237,211185.42667867237,0.21600008010864258,4.454999923706055
6,10,5,local_search,reopt_pwldr,214788.27950193852,214788.27950193852,0.21600008010864258,4.454999923706055
6,10,6,black_box,obj_pwldr,211214.11861722867,211213.71407162325,0.2890000343322754,52.48300004005432
6,10,6,black_box,dr_pwldr,211185.42667867237,211185.42667867237,0.2890000343322754,52.48300004005432
6,10,6,black_box,reopt_pwldr,214788.27950193852,214788.27950193852,0.2890000343322754,52.48300004005432
6,10,6,local_search,obj_pwldr,211214.11861722867,211213.71407162325,0.2890000343322754,6.063999891281128
6,10,6,local_search,dr_pwldr,211185.42667867237,211185.42667867237,0.2890000343322754,6.063999891281128
6,10,6,local_search,reopt_pwldr,214788.27950193852,214788.27950193852,0.2890000343322754,6.063999891281128
6,10,7,black_box,obj_pwldr,211214.07784841003,211213.79462827658,0.3640000820159912,61.930999994277954
6,10,7,black_box,dr_pwldr,211185.42667867237,211185.42667867237,0.3640000820159912,61.930999994277954
6,10,7,black_box,reopt_pwldr,214788.27950193852,214788.27950193852,0.3640000820159912,61.930999994277954
6,10,7,local_search,obj_pwldr,211214.07784841003,211213.79462827658,0.3640000820159912,7.992000102996826
6,10,7,local_search,dr_pwldr,211185.42667867237,211185.42667867237,0.3640000820159912,7.992000102996826
6,10,7,local_search,reopt_pwldr,214788.27950193852,214788.27950193852,0.3640000820159912,7.992000102996826
6,10,8,black_box,obj_pwldr,211214.08215827082,211213.8470542161,0.4309999942779541,73.63599991798401
6,10,8,black_box,dr_pwldr,211185.42667867237,211185.42667867237,0.4309999942779541,73.63599991798401
6,10,8,black_box,reopt_pwldr,214788.27950193852,214788.27950193852,0.4309999942779541,73.63599991798401
6,10,8,local_search,obj_pwldr,211214.08215827082,211213.82142016623,0.4309999942779541,22.447999954223633
6,10,8,local_search,dr_pwldr,211185.42667867237,211185.42667867237,0.4309999942779541,22.447999954223633
6,10,8,local_search,reopt_pwldr,214788.27950193852,214788.27950193852,0.4309999942779541,22.447999954223633
6,10,9,black_box,obj_pwldr,211214.08047285333,211213.84036610002,0.4630000591278076,84.4359998703003
6,10,9,black_box,dr_pwldr,211185.42667867237,211185.42667867237,0.4630000591278076,84.4359998703003
6,10,9,black_box,reopt_pwldr,214788.27950193852,214788.27950193852,0.4630000591278076,84.4359998703003
6,10,9,local_search,obj_pwldr,211214.08047285333,211213.84036610002,0.4630000591278076,12.664000034332275
6,10,9,local_search,dr_pwldr,211185.42667867237,211185.42667867237,0.4630000591278076,12.664000034332275
6,10,9,local_search,reopt_pwldr,214788.27950193852,214788.27950193852,0.4630000591278076,12.664000034332275
6,10,10,black_box,obj_pwldr,211214.08281072343,211213.8137660631,0.5340001583099365,94.10300016403198
6,10,10,black_box,dr_pwldr,211185.42667867237,211185.42667867237,0.5340001583099365,94.10300016403198
6,10,10,black_box,reopt_pwldr,214788.27950193852,214788.27950193852,0.5340001583099365,94.10300016403198
6,10,10,local_search,obj_pwldr,211214.08281072343,211213.8137660631,0.5340001583099365,13.539999961853027
6,10,10,local_search,dr_pwldr,211185.42667867237,211185.42667867237,0.5340001583099365,13.539999961853027
6,10,10,local_search,reopt_pwldr,214788.27950193852,214788.27950193852,0.5340001583099365,13.539999961853027
6,11,1,black_box,obj_pwldr,201011.17423220386,200530.6942432522,0.026000022888183594,3.0320000648498535
6,11,1,black_box,dr_pwldr,200978.290099374,200575.0201230611,0.026000022888183594,3.0320000648498535
6,11,1,black_box,reopt_pwldr,191040.08259601254,194899.02155985506,0.026000022888183594,3.0320000648498535
6,11,1,local_search,obj_pwldr,201011.17423220386,200530.6942432522,0.026000022888183594,0.24900007247924805
6,11,1,local_search,dr_pwldr,200978.290099374,200575.0201230611,0.026000022888183594,0.24900007247924805
6,11,1,local_search,reopt_pwldr,191040.08259601254,194899.02155985506,0.026000022888183594,0.24900007247924805
6,11,2,black_box,obj_pwldr,200995.40927311082,200528.55351926773,0.039999961853027344,4.026000022888184
6,11,2,black_box,dr_pwldr,201019.90904613395,200572.2332552776,0.039999961853027344,4.026000022888184
6,11,2,black_box,reopt_pwldr,198945.46283832428,195049.9796216588,0.039999961853027344,4.026000022888184
6,11,2,local_search,obj_pwldr,200995.40927311082,200528.55351926762,0.039999961853027344,0.6099998950958252
6,11,2,local_search,dr_pwldr,201019.90904613395,200572.23325527756,0.039999961853027344,0.6099998950958252
6,11,2,local_search,reopt_pwldr,198945.46283832428,195049.9796216587,0.039999961853027344,0.6099998950958252
6,11,3,black_box,obj_pwldr,201012.31556156915,200530.16273827534,0.03699994087219238,3.9179999828338623
6,11,3,black_box,dr_pwldr,200974.9702804575,200572.46588196556,0.03699994087219238,3.9179999828338623
6,11,3,black_box,reopt_pwldr,191040.08259601254,194896.37967309475,0.03699994087219238,3.9179999828338623
6,11,3,local_search,obj_pwldr,201012.31556156915,200530.16273827534,0.03699994087219238,0.3689999580383301
6,11,3,local_search,dr_pwldr,200974.9702804575,200572.46588196556,0.03699994087219238,0.3689999580383301
6,11,3,local_search,reopt_pwldr,191040.08259601254,194896.37967309475,0.03699994087219238,0.3689999580383301
6,11,4,black_box,obj_pwldr,200549.25124510503,200529.44291674814,0.03699994087219238,4.41700005531311
6,11,4,black_box,dr_pwldr,200586.2589627756,200575.3251653085,0.03699994087219238,4.41700005531311
6,11,4,black_box,reopt_pwldr,195781.74741488427,195344.18233795717,0.03699994087219238,4.41700005531311
6,11,4,local_search,obj_pwldr,200549.25124510503,200528.01369130902,0.03699994087219238,1.2300000190734863
6,11,4,local_search,dr_pwldr,200586.2589627756,200571.736135828,0.03699994087219238,1.2300000190734863
6,11,4,local_search,reopt_pwldr,195781.74741488427,194948.0962777687,0.03699994087219238,1.2300000190734863
6,11,5,black_box,obj_pwldr,200994.74866099263,200529.79320824394,0.03699994087219238,4.759999990463257
6,11,5,black_box,dr_pwldr,201020.14503367216,200570.67759378275,0.03699994087219238,4.759999990463257
6,11,5,black_box,reopt_pwldr,198945.46283832437,194966.15845325042,0.03699994087219238,4.759999990463257
6,11,5,local_search,obj_pwldr,200994.74866099263,200529.79320824397,0.03699994087219238,0.5610001087188721
6,11,5,local_search,dr_pwldr,201020.14503367216,200570.67759378275,0.03699994087219238,0.5610001087188721
6,11,5,local_search,reopt_pwldr,198945.46283832437,194966.15845325042,0.03699994087219238,0.5610001087188721
6,11,6,black_box,obj_pwldr,200540.9045186892,200526.16171585087,0.04699993133544922,5.358999967575073
6,11,6,black_box,dr_pwldr,200577.15538525043,200572.06123718637,0.04699993133544922,5.358999967575073
6,11,6,black_box,reopt_pwldr,194426.71614629976,194929.3612400893,0.04699993133544922,5.358999967575073
6,11,6,local_search,obj_pwldr,200540.9045186892,200526.16171585082,0.04699993133544922,1.3300001621246338
6,11,6,local_search,dr_pwldr,200577.15538525043,200572.06123718625,0.04699993133544922,1.3300001621246338
6,11,6,local_search,reopt_pwldr,194426.71614629976,194929.3612400892,0.04699993133544922,1.3300001621246338
6,11,7,black_box,obj_pwldr,200643.8931930663,200527.6274885681,0.051000118255615234,5.865000009536743
6,11,7,black_box,dr_pwldr,200672.523781887,200572.598897933,0.051000118255615234,5.865000009536743
6,11,7,black_box,reopt_pwldr,196967.56026530554,195194.00066657137,0.051000118255615234,5.865000009536743
6,11,7,local_search,obj_pwldr,200643.8931930663,200527.4756469851,0.051000118255615234,2.055999994277954
6,11,7,local_search,dr_pwldr,200672.523781887,200572.0027897848,0.051000118255615234,2.055999994277954
6,11,7,local_search,reopt_pwldr,196967.56026530554,194849.9547580144,0.051000118255615234,2.055999994277954
6,11,8,black_box,obj_pwldr,200584.27676706534,200528.48531265507,0.05500006675720215,6.427999973297119
6,11,8,black_box,dr_pwldr,200610.22831886297,200571.73525087256,0.05500006675720215,6.427999973297119
6,11,8,black_box,reopt_pwldr,193674.00541248996,195148.75299591024,0.05500006675720215,6.427999973297119
6,11,8,local_search,obj_pwldr,200584.27676706534,200528.0895748917,0.05500006675720215,1.4749999046325684
6,11,8,local_search,dr_pwldr,200610.22831886297,200571.31026389103,0.05500006675720215,1.4749999046325684
6,11,8,local_search,reopt_pwldr,193674.00541248996,194928.4916335492,0.05500006675720215,1.4749999046325684
6,11,9,black_box,obj_pwldr,200548.31292162614,200526.82130124167,0.06399989128112793,7.022000074386597
6,11,9,black_box,dr_pwldr,200590.27369272086,200573.03080468753,0.06399989128112793,7.022000074386597
6,11,9,black_box,reopt_pwldr,195781.74741488427,195184.79665970898,0.06399989128112793,7.022000074386597
6,11,9,local_search,obj_pwldr,200548.31292162614,200526.55169578712,0.06399989128112793,1.8819999694824219
6,11,9,local_search,dr_pwldr,200590.27369272086,200572.34672409942,0.06399989128112793,1.8819999694824219
6,11,9,local_search,reopt_pwldr,195781.74741488427,194908.9689077667,0.06399989128112793,1.8819999694824219
6,11,10,black_box,obj_pwldr,200629.83343967097,200525.84846574426,0.05800008773803711,7.702000141143799
6,11,10,black_box,dr_pwldr,200647.38582653797,200571.70592878235,0.05800008773803711,7.702000141143799
6,11,10,black_box,reopt_pwldr,193195.04278313517,195027.61068198233,0.05800008773803711,7.702000141143799
6,11,10,local_search,obj_pwldr,200629.83343967097,200525.84846574426,0.05800008773803711,1.2350001335144043
6,11,10,local_search,dr_pwldr,200647.38582653797,200571.70592878235,0.05800008773803711,1.2350001335144043
6,11,10,local_search,reopt_pwldr,193195.04278313517,195027.61068198233,0.05800008773803711,1.2350001335144043
6,12,1,black_box,obj_pwldr,203296.79262893464,202529.13639746042,0.032000064849853516,3.253999948501587
6,12,1,black_box,dr_pwldr,203456.00292413475,202687.67347353327,0.032000064849853516,3.253999948501587
6,12,1,black_box,reopt_pwldr,192400.71412954395,197688.27444734127,0.032000064849853516,3.253999948501587
6,12,1,local_search,obj_pwldr,203296.79262893464,202529.13639746042,0.032000064849853516,0.22799992561340332
6,12,1,local_search,dr_pwldr,203456.00292413475,202687.67347353327,0.032000064849853516,0.22799992561340332
6,12,1,local_search,reopt_pwldr,192400.71412954395,197688.27444734127,0.032000064849853516,0.22799992561340332
6,12,2,black_box,obj_pwldr,202675.32819848548,202461.49524143012,0.03900003433227539,3.318000078201294
6,12,2,black_box,dr_pwldr,202827.5317689789,202619.3320832858,0.03900003433227539,3.318000078201294
6,12,2,black_box,reopt_pwldr,199854.9718196264,197984.13776763814,0.03900003433227539,3.318000078201294
6,12,2,local_search,obj_pwldr,202675.32819848548,202452.07420621123,0.03900003433227539,0.440000057220459
6,12,2,local_search,dr_pwldr,202827.5317689789,202605.5580028677,0.03900003433227539,0.440000057220459
6,12,2,local_search,reopt_pwldr,199854.9718196264,197404.91391132184,0.03900003433227539,0.440000057220459
6,12,3,black_box,obj_pwldr,203019.75498967562,202456.4357562927,0.03399991989135742,3.572000026702881
6,12,3,black_box,dr_pwldr,203175.9218707628,202605.96964701914,0.03399991989135742,3.572000026702881
6,12,3,black_box,reopt_pwldr,193294.3406762238,197729.9515182799,0.03399991989135742,3.572000026702881
6,12,3,local_search,obj_pwldr,203019.75498967562,202453.72455622736,0.03399991989135742,0.5339999198913574
6,12,3,local_search,dr_pwldr,203175.9218707628,202601.65202838133,0.03399991989135742,0.5339999198913574
6,12,3,local_search,reopt_pwldr,193294.3406762238,197292.74551312884,0.03399991989135742,0.5339999198913574
6,12,4,black_box,obj_pwldr,202486.75876522347,202430.3754998919,0.03600001335144043,3.9240000247955322
6,12,4,black_box,dr_pwldr,202638.5887309102,202579.36247004167,0.03600001335144043,3.9240000247955322
6,12,4,black_box,reopt_pwldr,196870.56021822817,196908.04071133395,0.03600001335144043,3.9240000247955322
6,12,4,local_search,obj_pwldr,202486.75876522347,202425.57417405993,0.03600001335144043,0.627000093460083
6,12,4,local_search,dr_pwldr,202638.5887309102,202575.56960041888,0.03600001335144043,0.627000093460083
6,12,4,local_search,reopt_pwldr,196870.56021822817,197258.46396726108,0.03600001335144043,0.627000093460083
6,12,5,black_box,obj_pwldr,202644.582116333,202434.609673417,0.032000064849853516,4.233999967575073
6,12,5,black_box,dr_pwldr,202795.1009392215,202590.02772819408,0.032000064849853516,4.233999967575073
6,12,5,black_box,reopt_pwldr,199854.9718196264,197679.89489899608,0.032000064849853516,4.233999967575073
6,12,5,local_search,obj_pwldr,202644.582116333,202426.92825278014,0.032000064849853516,1.3269999027252197
6,12,5,local_search,dr_pwldr,202795.1009392215,202578.8605944395,0.032000064849853516,1.3269999027252197
6,12,5,local_search,reopt_pwldr,199854.9718196264,197291.34381720252,0.032000064849853516,1.3269999027252197
6,12,6,black_box,obj_pwldr,202471.3638073258,202416.7191925183,0.042999982833862305,4.58899998664856
6,12,6,black_box,dr_pwldr,202622.11338083592,202568.7231328045,0.042999982833862305,4.58899998664856
6,12,6,black_box,reopt_pwldr,196103.55254058688,197360.17385432974,0.042999982833862305,4.58899998664856
6,12,6,local_search,obj_pwldr,202471.3638073258,202416.7191925183,0.042999982833862305,0.5360000133514404
6,12,6,local_search,dr_pwldr,202622.11338083592,202568.7231328045,0.042999982833862305,0.5360000133514404
6,12,6,local_search,reopt_pwldr,196103.55254058688,197360.17385432974,0.042999982833862305,0.5360000133514404
6,12,7,black_box,obj_pwldr,202460.62781134446,202416.73538494224,0.046000003814697266,4.89900016784668
6,12,7,black_box,dr_pwldr,202617.2160495241,202569.19285537515,0.046000003814697266,4.89900016784668
6,12,7,black_box,reopt_pwldr,198437.59560120633,197342.34349451849,0.046000003814697266,4.89900016784668
6,12,7,local_search,obj_pwldr,202460.62781134446,202416.73538494227,0.046000003814697266,0.6170001029968262
6,12,7,local_search,dr_pwldr,202617.2160495241,202569.19285537518,0.046000003814697266,0.6170001029968262
6,12,7,local_search,reopt_pwldr,198437.59560120633,197342.3434945185,0.046000003814697266,0.6170001029968262
6,12,8,black_box,obj_pwldr,202545.3514055872,202418.2571365193,0.03600001335144043,5.242000102996826
6,12,8,black_box,dr_pwldr,202697.3576584944,202570.89207846645,0.03600001335144043,5.242000102996826
6,12,8,black_box,reopt_pwldr,195279.69424854964,197294.8453002822,0.03600001335144043,5.242000102996826
6,12,8,local_search,obj_pwldr,202545.3514055872,202418.25713651933,0.03600001335144043,0.7300000190734863
6,12,8,local_search,dr_pwldr,202697.3576584944,202570.8920784665,0.03600001335144043,0.7300000190734863
6,12,8,local_search,reopt_pwldr,195279.69424854964,197294.8453002823,0.03600001335144043,0.7300000190734863
6,12,9,black_box,obj_pwldr,202419.05230876288,202414.50153036657,0.042999982833862305,5.684999942779541
6,12,9,black_box,dr_pwldr,202571.44305253372,202567.22740714857,0.042999982833862305,5.684999942779541
6,12,9,black_box,reopt_pwldr,197228.19728358768,197406.61388850585,0.042999982833862305,5.684999942779541
6,12,9,local_search,obj_pwldr,202419.05230876288,202414.50153036657,0.042999982833862305,0.8640000820159912
6,12,9,local_search,dr_pwldr,202571.44305253372,202567.22740714857,0.042999982833862305,0.8640000820159912
6,12,9,local_search,reopt_pwldr,197228.19728358768,197406.61388850585,0.042999982833862305,0.8640000820159912
6,12,10,black_box,obj_pwldr,202479.80699904918,202417.24278374115,0.06099987030029297,6.017999887466431
6,12,10,black_box,dr_pwldr,202639.43780033736,202569.6408202225,0.06099987030029297,6.017999887466431
6,12,10,black_box,reopt_pwldr,198823.9415008945,197395.0064958275,0.06099987030029297,6.017999887466431
6,12,10,local_search,obj_pwldr,202479.80699904918,202417.24278374112,0.06099987030029297,1.877000093460083
6,12,10,local_search,dr_pwldr,202639.43780033736,202569.6408202225,0.06099987030029297,1.877000093460083
6,12,10,local_search,reopt_pwldr,198823.9415008945,197395.0064958275,0.06099987030029297,1.877000093460083
7,1,1,black_box,obj_pwldr,248063.28176498605,248057.15032075308,0.032000064849853516,7.061000108718872
7,1,1,black_box,dr_pwldr,248064.3818029967,248064.3818029967,0.032000064849853516,7.061000108718872
7,1,1,black_box,reopt_pwldr,252548.70921031488,252548.70921031488,0.032000064849853516,7.061000108718872
7,1,1,local_search,obj_pwldr,248063.28176498605,248057.15032075308,0.032000064849853516,1.1029999256134033
7,1,1,local_search,dr_pwldr,248064.3818029967,248064.3818029967,0.032000064849853516,1.1029999256134033
7,1,1,local_search,reopt_pwldr,252548.70921031488,252548.70921031488,0.032000064849853516,1.1029999256134033
7,1,2,black_box,obj_pwldr,248064.3009291265,248056.07610867135,0.08099985122680664,13.097999811172485
7,1,2,black_box,dr_pwldr,248064.3818029967,248064.3818029967,0.08099985122680664,13.097999811172485
7,1,2,black_box,reopt_pwldr,252548.70921031488,252548.70921031488,0.08099985122680664,13.097999811172485
7,1,2,local_search,obj_pwldr,248064.3009291265,248056.07610867135,0.08099985122680664,1.934999942779541
7,1,2,local_search,dr_pwldr,248064.3818029967,248064.3818029967,0.08099985122680664,1.934999942779541
7,1,2,local_search,reopt_pwldr,252548.70921031488,252548.70921031488,0.08099985122680664,1.934999942779541
7,1,3,black_box,obj_pwldr,248060.81835006742,248058.04543189282,0.12299990653991699,21.733999967575073
7,1,3,black_box,dr_pwldr,248064.3818029967,248064.3818029967,0.12299990653991699,21.733999967575073
7,1,3,black_box,reopt_pwldr,252548.70921031488,252548.70921031488,0.12299990653991699,21.733999967575073
7,1,3,local_search,obj_pwldr,248060.81835006742,248058.04543189282,0.12299990653991699,2.2319998741149902
7,1,3,local_search,dr_pwldr,248064.3818029967,248064.3818029967,0.12299990653991699,2.2319998741149902
7,1,3,local_search,reopt_pwldr,252548.70921031488,252548.70921031488,0.12299990653991699,2.2319998741149902
7,1,4,black_box,obj_pwldr,248062.1474271184,248060.26364565096,0.17699980735778809,31.871000051498413
7,1,4,black_box,dr_pwldr,248064.3818029967,248064.3818029967,0.17699980735778809,31.871000051498413
7,1,4,black_box,reopt_pwldr,252548.70921031488,252548.70921031488,0.17699980735778809,31.871000051498413
7,1,4,local_search,obj_pwldr,248062.1474271184,248060.26364565096,0.17699980735778809,3.1470000743865967
7,1,4,local_search,dr_pwldr,248064.3818029967,248064.3818029967,0.17699980735778809,3.1470000743865967
7,1,4,local_search,reopt_pwldr,252548.70921031488,252548.70921031488,0.17699980735778809,3.1470000743865967
7,1,5,black_box,obj_pwldr,248062.08327641763,248059.25634058804,0.1940000057220459,42.5239999294281
7,1,5,black_box,dr_pwldr,248064.3818029967,248064.3818029967,0.1940000057220459,42.5239999294281
7,1,5,black_box,reopt_pwldr,252548.70921031488,252548.70921031488,0.1940000057220459,42.5239999294281
7,1,5,local_search,obj_pwldr,248062.08327641763,248059.25634058804,0.1940000057220459,4.4019999504089355
7,1,5,local_search,dr_pwldr,248064.3818029967,248064.3818029967,0.1940000057220459,4.4019999504089355
7,1,5,local_search,reopt_pwldr,252548.70921031488,252548.70921031488,0.1940000057220459,4.4019999504089355
7,1,6,black_box,obj_pwldr,248061.94198818164,248060.2523430279,0.2890000343322754,52.96600008010864
7,1,6,black_box,dr_pwldr,248064.3818029967,248064.3818029967,0.2890000343322754,52.96600008010864
7,1,6,black_box,reopt_pwldr,252548.70921031488,252548.70921031488,0.2890000343322754,52.96600008010864
7,1,6,local_search,obj_pwldr,248061.94198818164,248060.2311588716,0.2890000343322754,10.02999997138977
7,1,6,local_search,dr_pwldr,248064.3818029967,248064.3818029967,0.2890000343322754,10.02999997138977
7,1,6,local_search,reopt_pwldr,252548.70921031488,252548.70921031488,0.2890000343322754,10.02999997138977
7,1,7,black_box,obj_pwldr,248061.66305460545,248059.8772087641,0.3819999694824219,64.12999987602234
7,1,7,black_box,dr_pwldr,248064.3818029967,248064.3818029967,0.3819999694824219,64.12999987602234
7,1,7,black_box,reopt_pwldr,252548.70921031488,252548.70921031488,0.3819999694824219,64.12999987602234
7,1,7,local_search,obj_pwldr,248061.66305460545,248059.60371266815,0.3819999694824219,12.591000080108643
7,1,7,local_search,dr_pwldr,248064.3818029967,248064.3818029967,0.3819999694824219,12.591000080108643
7,1,7,local_search,reopt_pwldr,252548.70921031488,252548.70921031488,0.3819999694824219,12.591000080108643
7,1,8,black_box,obj_pwldr,248061.76794652804,248059.90698423612,0.437000036239624,73.88299989700317
7,1,8,black_box,dr_pwldr,248064.3818029967,248064.3818029967,0.437000036239624,73.88299989700317
7,1,8,black_box,reopt_pwldr,252548.70921031488,252548.70921031488,0.437000036239624,73.88299989700317
7,1,8,local_search,obj_pwldr,248061.76794652804,248059.90698423612,0.437000036239624,9.042999982833862
7,1,8,local_search,dr_pwldr,248064.3818029967,248064.3818029967,0.437000036239624,9.042999982833862
7,1,8,local_search,reopt_pwldr,252548.70921031488,252548.70921031488,0.437000036239624,9.042999982833862
7,1,9,black_box,obj_pwldr,248061.7165645742,248060.6200066971,0.4700000286102295,84.3840000629425
7,1,9,black_box,dr_pwldr,248064.3818029967,248064.3818029967,0.4700000286102295,84.3840000629425
7,1,9,black_box,reopt_pwldr,252548.70921031488,252548.70921031488,0.4700000286102295,84.3840000629425
7,1,9,local_search,obj_pwldr,248061.7165645742,248060.6200066971,0.4700000286102295,11.716000080108643
7,1,9,local_search,dr_pwldr,248064.3818029967,248064.3818029967,0.4700000286102295,11.716000080108643
7,1,9,local_search,reopt_pwldr,252548.70921031488,252548.70921031488,0.4700000286102295,11.716000080108643
7,1,10,black_box,obj_pwldr,248061.77293462917,248060.3430802438,0.5099999904632568,95.71600008010864
7,1,10,black_box,dr_pwldr,248064.3818029967,248064.3818029967,0.5099999904632568,95.71600008010864
7,1,10,black_box,reopt_pwldr,252548.70921031488,252548.70921031488,0.5099999904632568,95.71600008010864
7,1,10,local_search,obj_pwldr,248061.77293462917,248060.3430802438,0.5099999904632568,13.885999917984009
7,1,10,local_search,dr_pwldr,248064.3818029967,248064.3818029967,0.5099999904632568,13.885999917984009
7,1,10,local_search,reopt_pwldr,252548.70921031488,252548.70921031488,0.5099999904632568,13.885999917984009
7,2,1,black_box,obj_pwldr,228407.02239551544,228391.94008803155,0.0280001163482666,2.924999952316284
7,2,1,black_box,dr_pwldr,228450.81221776942,228435.51548710078,0.0280001163482666,2.924999952316284
7,2,1,black_box,reopt_pwldr,224267.04107492146,224721.75427580255,0.0280001163482666,2.924999952316284
7,2,1,local_search,obj_pwldr,228407.02239551544,228391.94008803155,0.0280001163482666,0.2330000400543213
7,2,1,local_search,dr_pwldr,228450.81221776942,228435.51548710078,0.0280001163482666,0.2330000400543213
7,2,1,local_search,reopt_pwldr,224267.04107492146,224721.75427580255,0.0280001163482666,0.2330000400543213
7,2,2,black_box,obj_pwldr,231300.81709318343,228391.46773788406,0.042999982833862305,3.4779999256134033
7,2,2,black_box,dr_pwldr,231214.58660602476,228434.64333189558,0.042999982833862305,3.4779999256134033
7,2,2,black_box,reopt_pwldr,233681.3764354816,224727.90532562824,0.042999982833862305,3.4779999256134033
7,2,2,local_search,obj_pwldr,231300.81709318343,228391.46773788406,0.042999982833862305,0.5329999923706055
7,2,2,local_search,dr_pwldr,231214.58660602476,228434.64333189558,0.042999982833862305,0.5329999923706055
7,2,2,local_search,reopt_pwldr,233681.3764354816,224727.90532562824,0.042999982833862305,0.5329999923706055
7,2,3,black_box,obj_pwldr,228393.00601078593,228379.7082082178,0.029999971389770508,3.9040000438690186
7,2,3,black_box,dr_pwldr,228440.2408746586,228425.1268737785,0.029999971389770508,3.9040000438690186
7,2,3,black_box,reopt_pwldr,224267.04107492146,224487.18529179192,0.029999971389770508,3.9040000438690186
7,2,3,local_search,obj_pwldr,228393.00601078593,228379.7082082178,0.029999971389770508,0.39100003242492676
7,2,3,local_search,dr_pwldr,228440.2408746586,228425.1268737785,0.029999971389770508,0.39100003242492676
7,2,3,local_search,reopt_pwldr,224267.04107492146,224487.18529179192,0.029999971389770508,0.39100003242492676
7,2,4,black_box,obj_pwldr,229391.649154516,228372.95156600635,0.03400015830993652,4.3420000076293945
7,2,4,black_box,dr_pwldr,229325.25666112456,228420.33728301956,0.03400015830993652,4.3420000076293945
7,2,4,black_box,reopt_pwldr,229911.91678448283,224718.72135247392,0.03400015830993652,4.3420000076293945
7,2,4,local_search,obj_pwldr,229391.649154516,228372.95156600635,0.03400015830993652,0.46899986267089844
7,2,4,local_search,dr_pwldr,229325.25666112456,228420.33728301956,0.03400015830993652,0.46899986267089844
7,2,4,local_search,reopt_pwldr,229911.91678448283,224718.72135247392,0.03400015830993652,0.46899986267089844
7,2,5,black_box,obj_pwldr,228387.41675094914,228373.52543676534,0.04200005531311035,4.8450000286102295
7,2,5,black_box,dr_pwldr,228434.07800996496,228415.37952208475,0.04200005531311035,4.8450000286102295
7,2,5,black_box,reopt_pwldr,224267.04107492146,224801.59508071482,0.04200005531311035,4.8450000286102295
7,2,5,local_search,obj_pwldr,228387.41675094914,228373.52543676534,0.04200005531311035,0.5320000648498535
7,2,5,local_search,dr_pwldr,228434.07800996496,228415.37952208475,0.04200005531311035,0.5320000648498535
7,2,5,local_search,reopt_pwldr,224267.04107492146,224801.59508071482,0.04200005531311035,0.5320000648498535
7,2,6,black_box,obj_pwldr,228858.72154549102,228375.07521267672,0.04799985885620117,5.313999891281128
7,2,6,black_box,dr_pwldr,228818.77858209863,228415.021551613,0.04799985885620117,5.313999891281128
7,2,6,black_box,reopt_pwldr,228297.9403626173,224867.13236828326,0.04799985885620117,5.313999891281128
7,2,6,local_search,obj_pwldr,228858.72154549102,228375.07521267672,0.04799985885620117,0.6610000133514404
7,2,6,local_search,dr_pwldr,228818.77858209863,228415.021551613,0.04799985885620117,0.6610000133514404
7,2,6,local_search,reopt_pwldr,228297.9403626173,224867.13236828326,0.04799985885620117,0.6610000133514404
7,2,7,black_box,obj_pwldr,228384.80008963725,228369.50997647573,0.046000003814697266,6.04200005531311
7,2,7,black_box,dr_pwldr,228430.6565828109,228417.723783943,0.046000003814697266,6.04200005531311
7,2,7,black_box,reopt_pwldr,224267.04107492146,224959.31162471874,0.046000003814697266,6.04200005531311
7,2,7,local_search,obj_pwldr,228384.80008963725,228367.2821226656,0.046000003814697266,1.6060001850128174
7,2,7,local_search,dr_pwldr,228430.6565828109,228422.34883988922,0.046000003814697266,1.6060001850128174
7,2,7,local_search,reopt_pwldr,224267.04107492146,224602.42349399088,0.046000003814697266,1.6060001850128174
7,2,8,black_box,obj_pwldr,228643.4581281567,228373.35079995784,0.06499981880187988,7.000999927520752
7,2,8,black_box,dr_pwldr,228622.73265960676,228415.76187934898,0.06499981880187988,7.000999927520752
7,2,8,black_box,reopt_pwldr,227402.11530149495,224974.60509947542,0.06499981880187988,7.000999927520752
7,2,8,local_search,obj_pwldr,228643.4581281567,228370.77871419178,0.06499981880187988,2.9099998474121094
7,2,8,local_search,dr_pwldr,228622.73265960676,228416.11050784454,0.06499981880187988,2.9099998474121094
7,2,8,local_search,reopt_pwldr,227402.11530149495,224967.81171701985,0.06499981880187988,2.9099998474121094
7,2,9,black_box,obj_pwldr,228386.31053577678,228373.98070862703,0.0559999942779541,7.025000095367432
7,2,9,black_box,dr_pwldr,228432.06625476698,228414.9106933342,0.0559999942779541,7.025000095367432
7,2,9,black_box,reopt_pwldr,224267.04107492146,224871.73491889064,0.0559999942779541,7.025000095367432
7,2,9,local_search,obj_pwldr,228386.31053577678,228373.98070862706,0.0559999942779541,1.0929999351501465
7,2,9,local_search,dr_pwldr,228432.06625476698,228414.91069333424,0.0559999942779541,1.0929999351501465
7,2,9,local_search,reopt_pwldr,224267.04107492146,224871.73491889064,0.0559999942779541,1.0929999351501465
7,2,10,black_box,obj_pwldr,228540.54286562113,228373.3027597081,0.06200003623962402,7.501999855041504
7,2,10,black_box,dr_pwldr,228533.38073579298,228415.9042007387,0.06200003623962402,7.501999855041504
7,2,10,black_box,reopt_pwldr,226832.10180575433,224751.16485108447,0.06200003623962402,7.501999855041504
7,2,10,local_search,obj_pwldr,228540.54286562113,228373.30275970814,0.06200003623962402,1.2639999389648438
7,2,10,local_search,dr_pwldr,228533.38073579298,228415.90420073876,0.06200003623962402,1.2639999389648438
7,2,10,local_search,reopt_pwldr,226832.10180575433,224751.16485108447,0.06200003623962402,1.2639999389648438
7,3,1,black_box,obj_pwldr,248062.91551400893,248059.63386416697,0.029000043869018555,3.0290000438690186
7,3,1,black_box,dr_pwldr,248064.3818029967,248064.3818029967,0.029000043869018555,3.0290000438690186
7,3,1,black_box,reopt_pwldr,252548.70921031488,252548.70921031488,0.029000043869018555,3.0290000438690186
7,3,1,local_search,obj_pwldr,248062.91551400893,248059.63386416697,0.029000043869018555,0.24699997901916504
7,3,1,local_search,dr_pwldr,248064.3818029967,248064.3818029967,0.029000043869018555,0.24699997901916504
7,3,1,local_search,reopt_pwldr,252548.70921031488,252548.70921031488,0.029000043869018555,0.24699997901916504
7,3,2,black_box,obj_pwldr,248064.92676693993,248061.35461843325,0.031999826431274414,3.373000144958496
7,3,2,black_box,dr_pwldr,248064.3818029967,248064.3818029967,0.031999826431274414,3.373000144958496
7,3,2,black_box,reopt_pwldr,252548.70921031488,252548.70921031488,0.031999826431274414,3.373000144958496
7,3,2,local_search,obj_pwldr,248064.92676693993,248058.83673440857,0.031999826431274414,0.7220001220703125
7,3,2,local_search,dr_pwldr,248064.3818029967,248064.3818029967,0.031999826431274414,0.7220001220703125
7,3,2,local_search,reopt_pwldr,252548.70921031488,252548.70921031488,0.031999826431274414,0.7220001220703125
7,3,3,black_box,obj_pwldr,248064.3426506624,248058.83101491645,0.03400015830993652,3.802999973297119
7,3,3,black_box,dr_pwldr,248064.3818029967,248064.3818029967,0.03400015830993652,3.802999973297119
7,3,3,black_box,reopt_pwldr,252548.70921031488,252548.70921031488,0.03400015830993652,3.802999973297119
7,3,3,local_search,obj_pwldr,248064.3426506624,248058.83101491645,0.03400015830993652,0.3640000820159912
7,3,3,local_search,dr_pwldr,248064.3818029967,248064.3818029967,0.03400015830993652,0.3640000820159912
7,3,3,local_search,reopt_pwldr,252548.70921031488,252548.70921031488,0.03400015830993652,0.3640000820159912
7,3,4,black_box,obj_pwldr,248062.70067640164,248061.35588479633,0.04500007629394531,4.2769999504089355
7,3,4,black_box,dr_pwldr,248064.3818029967,248064.3818029967,0.04500007629394531,4.2769999504089355
7,3,4,black_box,reopt_pwldr,252548.70921031488,252548.70921031488,0.04500007629394531,4.2769999504089355
7,3,4,local_search,obj_pwldr,248062.70067640164,248061.35588479633,0.04500007629394531,0.4530000686645508
7,3,4,local_search,dr_pwldr,248064.3818029967,248064.3818029967,0.04500007629394531,0.4530000686645508
7,3,4,local_search,reopt_pwldr,252548.70921031488,252548.70921031488,0.04500007629394531,0.4530000686645508
7,3,5,black_box,obj_pwldr,248064.9885143137,248061.79983817454,0.042999982833862305,4.664999961853027
7,3,5,black_box,dr_pwldr,248064.3818029967,248064.3818029967,0.042999982833862305,4.664999961853027
7,3,5,black_box,reopt_pwldr,252548.70921031488,252548.70921031488,0.042999982833862305,4.664999961853027
7,3,5,local_search,obj_pwldr,248064.9885143137,248061.79983817454,0.042999982833862305,0.6069998741149902
7,3,5,local_search,dr_pwldr,248064.3818029967,248064.3818029967,0.042999982833862305,0.6069998741149902
7,3,5,local_search,reopt_pwldr,252548.70921031488,252548.70921031488,0.042999982833862305,0.6069998741149902
7,3,6,black_box,obj_pwldr,248063.2227443167,248061.96057020655,0.042999982833862305,5.296000003814697
7,3,6,black_box,dr_pwldr,248064.3818029967,248064.3818029967,0.042999982833862305,5.296000003814697
7,3,6,black_box,reopt_pwldr,252548.70921031488,252548.70921031488,0.042999982833862305,5.296000003814697
7,3,6,local_search,obj_pwldr,248063.2227443167,248061.96057020655,0.042999982833862305,0.623999834060669
7,3,6,local_search,dr_pwldr,248064.3818029967,248064.3818029967,0.042999982833862305,0.623999834060669
7,3,6,local_search,reopt_pwldr,252548.70921031488,252548.70921031488,0.042999982833862305,0.623999834060669
7,3,7,black_box,obj_pwldr,248064.4918086192,248062.3011349523,0.05099987983703613,6.38100004196167
7,3,7,black_box,dr_pwldr,248064.3818029967,248064.3818029967,0.05099987983703613,6.38100004196167
7,3,7,black_box,reopt_pwldr,252548.70921031488,252548.70921031488,0.05099987983703613,6.38100004196167
7,3,7,local_search,obj_pwldr,248064.4918086192,248061.92748124883,0.05099987983703613,3.0160000324249268
7,3,7,local_search,dr_pwldr,248064.3818029967,248064.3818029967,0.05099987983703613,3.0160000324249268
7,3,7,local_search,reopt_pwldr,252548.70921031488,252548.70921031488,0.05099987983703613,3.0160000324249268
7,3,8,black_box,obj_pwldr,248063.5179231103,248062.15910229375,0.059999942779541016,6.239000082015991
7,3,8,black_box,dr_pwldr,248064.3818029967,248064.3818029967,0.059999942779541016,6.239000082015991
7,3,8,black_box,reopt_pwldr,252548.70921031488,252548.70921031488,0.059999942779541016,6.239000082015991
7,3,8,local_search,obj_pwldr,248063.5179231103,248060.99260620607,0.059999942779541016,2.440999984741211
7,3,8,local_search,dr_pwldr,248064.3818029967,248064.3818029967,0.059999942779541016,2.440999984741211
7,3,8,local_search,reopt_pwldr,252548.70921031488,252548.70921031488,0.059999942779541016,2.440999984741211
7,3,9,black_box,obj_pwldr,248064.31002335798,248062.44474068438,0.05500006675720215,7.333999872207642
7,3,9,black_box,dr_pwldr,248064.3818029967,248064.3818029967,0.05500006675720215,7.333999872207642
7,3,9,black_box,reopt_pwldr,252548.70921031488,252548.70921031488,0.05500006675720215,7.333999872207642
7,3,9,local_search,obj_pwldr,248064.31002335798,248061.85261556492,0.05500006675720215,3.1549999713897705
7,3,9,local_search,dr_pwldr,248064.3818029967,248064.3818029967,0.05500006675720215,3.1549999713897705
7,3,9,local_search,reopt_pwldr,252548.70921031488,252548.70921031488,0.05500006675720215,3.1549999713897705
7,3,10,black_box,obj_pwldr,248064.2415881411,248062.58584917756,0.07500004768371582,9.655999898910522
7,3,10,black_box,dr_pwldr,248064.3818029967,248064.3818029967,0.07500004768371582,9.655999898910522
7,3,10,black_box,reopt_pwldr,252548.70921031488,252548.70921031488,0.07500004768371582,9.655999898910522
7,3,10,local_search,obj_pwldr,248064.2415881411,248062.58584917756,0.07500004768371582,1.7929999828338623
7,3,10,local_search,dr_pwldr,248064.3818029967,248064.3818029967,0.07500004768371582,1.7929999828338623
7,3,10,local_search,reopt_pwldr,252548.70921031488,252548.70921031488,0.07500004768371582,1.7929999828338623
7,4,1,black_box,obj_pwldr,248063.39757517193,248063.39757517193,0.026000022888183594,4.294000148773193
7,4,1,black_box,dr_pwldr,248064.3818029967,248064.3818029967,0.026000022888183594,4.294000148773193
7,4,1,black_box,reopt_pwldr,252548.70921031488,252548.70921031488,0.026000022888183594,4.294000148773193
7,4,1,local_search,obj_pwldr,248063.39757517193,248063.39757517193,0.026000022888183594,0.37599992752075195
7,4,1,local_search,dr_pwldr,248064.3818029967,248064.3818029967,0.026000022888183594,0.37599992752075195
7,4,1,local_search,reopt_pwldr,252548.70921031488,252548.70921031488,0.026000022888183594,0.37599992752075195
7,4,2,black_box,obj_pwldr,248063.39757517193,248063.39757517193,0.040000200271606445,4.869000196456909
7,4,2,black_box,dr_pwldr,248064.3818029967,248064.3818029967,0.040000200271606445,4.869000196456909
7,4,2,black_box,reopt_pwldr,252548.70921031488,252548.70921031488,0.040000200271606445,4.869000196456909
7,4,2,local_search,obj_pwldr,248063.39757517193,248063.39757517193,0.040000200271606445,0.42599987983703613
7,4,2,local_search,dr_pwldr,248064.3818029967,248064.3818029967,0.040000200271606445,0.42599987983703613
7,4,2,local_search,reopt_pwldr,252548.70921031488,252548.70921031488,0.040000200271606445,0.42599987983703613
7,4,3,black_box,obj_pwldr,248063.39757517193,248063.39757517193,0.03400015830993652,4.471999883651733
7,4,3,black_box,dr_pwldr,248064.3818029967,248064.3818029967,0.03400015830993652,4.471999883651733
7,4,3,black_box,reopt_pwldr,252548.70921031488,252548.70921031488,0.03400015830993652,4.471999883651733
7,4,3,local_search,obj_pwldr,248063.39757517193,248063.39757517193,0.03400015830993652,0.37599992752075195
7,4,3,local_search,dr_pwldr,248064.3818029967,248064.3818029967,0.03400015830993652,0.37599992752075195
7,4,3,local_search,reopt_pwldr,252548.70921031488,252548.70921031488,0.03400015830993652,0.37599992752075195
7,4,4,black_box,obj_pwldr,248063.39757517193,248063.39757517193,0.034999847412109375,4.312000036239624
7,4,4,black_box,dr_pwldr,248064.3818029967,248064.3818029967,0.034999847412109375,4.312000036239624
7,4,4,black_box,reopt_pwldr,252548.70921031488,252548.70921031488,0.034999847412109375,4.312000036239624
7,4,4,local_search,obj_pwldr,248063.39757517193,248063.39757517193,0.034999847412109375,0.4550001621246338
7,4,4,local_search,dr_pwldr,248064.3818029967,248064.3818029967,0.034999847412109375,0.4550001621246338
7,4,4,local_search,reopt_pwldr,252548.70921031488,252548.70921031488,0.034999847412109375,0.4550001621246338
7,4,5,black_box,obj_pwldr,248063.39757517193,248063.39757517193,0.04900002479553223,5.1540000438690186
7,4,5,black_box,dr_pwldr,248064.3818029967,248064.3818029967,0.04900002479553223,5.1540000438690186
7,4,5,black_box,reopt_pwldr,252548.70921031488,252548.70921031488,0.04900002479553223,5.1540000438690186
7,4,5,local_search,obj_pwldr,248063.39757517193,248063.39757517193,0.04900002479553223,0.5980000495910645
7,4,5,local_search,dr_pwldr,248064.3818029967,248064.3818029967,0.04900002479553223,0.5980000495910645
7,4,5,local_search,reopt_pwldr,252548.70921031488,252548.70921031488,0.04900002479553223,0.5980000495910645
7,4,6,black_box,obj_pwldr,248063.39757517193,248063.39757517193,0.04399991035461426,5.384999990463257
7,4,6,black_box,dr_pwldr,248064.3818029967,248064.3818029967,0.04399991035461426,5.384999990463257
7,4,6,black_box,reopt_pwldr,252548.70921031488,252548.70921031488,0.04399991035461426,5.384999990463257
7,4,6,local_search,obj_pwldr,248063.39757517193,248063.39757517193,0.04399991035461426,0.6589999198913574
7,4,6,local_search,dr_pwldr,248064.3818029967,248064.3818029967,0.04399991035461426,0.6589999198913574
7,4,6,local_search,reopt_pwldr,252548.70921031488,252548.70921031488,0.04399991035461426,0.6589999198913574
7,4,7,black_box,obj_pwldr,248063.39757517193,248063.39757517193,0.03900003433227539,5.699000120162964
7,4,7,black_box,dr_pwldr,248064.3818029967,248064.3818029967,0.03900003433227539,5.699000120162964
7,4,7,black_box,reopt_pwldr,252548.70921031488,252548.70921031488,0.03900003433227539,5.699000120162964
7,4,7,local_search,obj_pwldr,248063.39757517193,248063.39757517193,0.03900003433227539,0.7460000514984131
7,4,7,local_search,dr_pwldr,248064.3818029967,248064.3818029967,0.03900003433227539,0.7460000514984131
7,4,7,local_search,reopt_pwldr,252548.70921031488,252548.70921031488,0.03900003433227539,0.7460000514984131
7,4,8,black_box,obj_pwldr,248063.39757517193,248063.39757517193,0.04999995231628418,6.203999996185303
7,4,8,black_box,dr_pwldr,248064.3818029967,248064.3818029967,0.04999995231628418,6.203999996185303
7,4,8,black_box,reopt_pwldr,252548.70921031488,252548.70921031488,0.04999995231628418,6.203999996185303
7,4,8,local_search,obj_pwldr,248063.39757517193,248063.39757517193,0.04999995231628418,0.9090001583099365
7,4,8,local_search,dr_pwldr,248064.3818029967,248064.3818029967,0.04999995231628418,0.9090001583099365
7,4,8,local_search,reopt_pwldr,252548.70921031488,252548.70921031488,0.04999995231628418,0.9090001583099365
7,4,9,black_box,obj_pwldr,248063.39757517193,248063.39757517193,0.05200004577636719,6.753999948501587
7,4,9,black_box,dr_pwldr,248064.3818029967,248064.3818029967,0.05200004577636719,6.753999948501587
7,4,9,black_box,reopt_pwldr,252548.70921031488,252548.70921031488,0.05200004577636719,6.753999948501587
7,4,9,local_search,obj_pwldr,248063.39757517193,248063.39757517193,0.05200004577636719,1.0820000171661377
7,4,9,local_search,dr_pwldr,248064.3818029967,248064.3818029967,0.05200004577636719,1.0820000171661377
7,4,9,local_search,reopt_pwldr,252548.70921031488,252548.70921031488,0.05200004577636719,1.0820000171661377
7,4,10,black_box,obj_pwldr,248063.39757517193,248063.39757517193,0.06299996376037598,7.273000001907349
7,4,10,black_box,dr_pwldr,248064.3818029967,248064.3818029967,0.06299996376037598,7.273000001907349
7,4,10,black_box,reopt_pwldr,252548.70921031488,252548.70921031488,0.06299996376037598,7.273000001907349
7,4,10,local_search,obj_pwldr,248063.39757517193,248063.39757517193,0.06299996376037598,1.2029998302459717
7,4,10,local_search,dr_pwldr,248064.3818029967,248064.3818029967,0.06299996376037598,1.2029998302459717
7,4,10,local_search,reopt_pwldr,252548.70921031488,252548.70921031488,0.06299996376037598,1.2029998302459717
7,5,1,black_box,obj_pwldr,248063.39757517193,248063.39757517193,0.026999950408935547,2.8980000019073486
7,5,1,black_box,dr_pwldr,248064.3818029967,248064.3818029967,0.026999950408935547,2.8980000019073486
7,5,1,black_box,reopt_pwldr,252548.70921031488,252548.70921031488,0.026999950408935547,2.8980000019073486
7,5,1,local_search,obj_pwldr,248063.39757517193,248063.39757517193,0.026999950408935547,0.2089998722076416
7,5,1,local_search,dr_pwldr,248064.3818029967,248064.3818029967,0.026999950408935547,0.2089998722076416
7,5,1,local_search,reopt_pwldr,252548.70921031488,252548.70921031488,0.026999950408935547,0.2089998722076416
7,5,2,black_box,obj_pwldr,248063.39757517193,248063.39757517193,0.031000137329101562,3.134000062942505
7,5,2,black_box,dr_pwldr,248064.3818029967,248064.3818029967,0.031000137329101562,3.134000062942505
7,5,2,black_box,reopt_pwldr,252548.70921031488,252548.70921031488,0.031000137329101562,3.134000062942505
7,5,2,local_search,obj_pwldr,248063.39757517193,248063.39757517193,0.031000137329101562,0.2839999198913574
7,5,2,local_search,dr_pwldr,248064.3818029967,248064.3818029967,0.031000137329101562,0.2839999198913574
7,5,2,local_search,reopt_pwldr,252548.70921031488,252548.70921031488,0.031000137329101562,0.2839999198913574
7,5,3,black_box,obj_pwldr,248063.39757517193,248063.39757517193,0.03300023078918457,3.7179999351501465
7,5,3,black_box,dr_pwldr,248064.3818029967,248064.3818029967,0.03300023078918457,3.7179999351501465
7,5,3,black_box,reopt_pwldr,252548.70921031488,252548.70921031488,0.03300023078918457,3.7179999351501465
7,5,3,local_search,obj_pwldr,248063.39757517193,248063.39757517193,0.03300023078918457,0.33699989318847656
7,5,3,local_search,dr_pwldr,248064.3818029967,248064.3818029967,0.03300023078918457,0.33699989318847656
7,5,3,local_search,reopt_pwldr,252548.70921031488,252548.70921031488,0.03300023078918457,0.33699989318847656
7,5,4,black_box,obj_pwldr,248063.39757517193,248063.39757517193,0.04900002479553223,3.622999906539917
7,5,4,black_box,dr_pwldr,248064.3818029967,248064.3818029967,0.04900002479553223,3.622999906539917
7,5,4,black_box,reopt_pwldr,252548.70921031488,252548.70921031488,0.04900002479553223,3.622999906539917
7,5,4,local_search,obj_pwldr,248063.39757517193,248063.39757517193,0.04900002479553223,0.41900014877319336
7,5,4,local_search,dr_pwldr,248064.3818029967,248064.3818029967,0.04900002479553223,0.41900014877319336
7,5,4,local_search,reopt_pwldr,252548.70921031488,252548.70921031488,0.04900002479553223,0.41900014877319336
7,5,5,black_box,obj_pwldr,248063.39757517193,248063.39757517193,0.031999826431274414,4.061000108718872
7,5,5,black_box,dr_pwldr,248064.3818029967,248064.3818029967,0.031999826431274414,4.061000108718872
7,5,5,black_box,reopt_pwldr,252548.70921031488,252548.70921031488,0.031999826431274414,4.061000108718872
7,5,5,local_search,obj_pwldr,248063.39757517193,248063.39757517193,0.031999826431274414,0.45600008964538574
7,5,5,local_search,dr_pwldr,248064.3818029967,248064.3818029967,0.031999826431274414,0.45600008964538574
7,5,5,local_search,reopt_pwldr,252548.70921031488,252548.70921031488,0.031999826431274414,0.45600008964538574
7,5,6,black_box,obj_pwldr,248063.39757517193,248063.39757517193,0.05099987983703613,4.716000080108643
7,5,6,black_box,dr_pwldr,248064.3818029967,248064.3818029967,0.05099987983703613,4.716000080108643
7,5,6,black_box,reopt_pwldr,252548.70921031488,252548.70921031488,0.05099987983703613,4.716000080108643
7,5,6,local_search,obj_pwldr,248063.39757517193,248063.39757517193,0.05099987983703613,0.625999927520752
7,5,6,local_search,dr_pwldr,248064.3818029967,248064.3818029967,0.05099987983703613,0.625999927520752
7,5,6,local_search,reopt_pwldr,252548.70921031488,252548.70921031488,0.05099987983703613,0.625999927520752
7,5,7,black_box,obj_pwldr,248063.39757517193,248063.39757517193,0.03900003433227539,4.8440001010894775
7,5,7,black_box,dr_pwldr,248064.3818029967,248064.3818029967,0.03900003433227539,4.8440001010894775
7,5,7,black_box,reopt_pwldr,252548.70921031488,252548.70921031488,0.03900003433227539,4.8440001010894775
7,5,7,local_search,obj_pwldr,248063.39757517193,248063.39757517193,0.03900003433227539,0.6419999599456787
7,5,7,local_search,dr_pwldr,248064.3818029967,248064.3818029967,0.03900003433227539,0.6419999599456787
7,5,7,local_search,reopt_pwldr,252548.70921031488,252548.70921031488,0.03900003433227539,0.6419999599456787
7,5,8,black_box,obj_pwldr,248063.39757517193,248063.39757517193,0.04699993133544922,5.182000160217285
7,5,8,black_box,dr_pwldr,248064.3818029967,248064.3818029967,0.04699993133544922,5.182000160217285
7,5,8,black_box,reopt_pwldr,252548.70921031488,252548.70921031488,0.04699993133544922,5.182000160217285
7,5,8,local_search,obj_pwldr,248063.39757517193,248063.39757517193,0.04699993133544922,0.7390000820159912
7,5,8,local_search,dr_pwldr,248064.3818029967,248064.3818029967,0.04699993133544922,0.7390000820159912
7,5,8,local_search,reopt_pwldr,252548.70921031488,252548.70921031488,0.04699993133544922,0.7390000820159912
7,5,9,black_box,obj_pwldr,248063.39757517193,248063.39757517193,0.04699993133544922,5.575000047683716
7,5,9,black_box,dr_pwldr,248064.3818029967,248064.3818029967,0.04699993133544922,5.575000047683716
7,5,9,black_box,reopt_pwldr,252548.70921031488,252548.70921031488,0.04699993133544922,5.575000047683716
7,5,9,local_search,obj_pwldr,248063.39757517193,248063.39757517193,0.04699993133544922,0.8519999980926514
7,5,9,local_search,dr_pwldr,248064.3818029967,248064.3818029967,0.04699993133544922,0.8519999980926514
7,5,9,local_search,reopt_pwldr,252548.70921031488,252548.70921031488,0.04699993133544922,0.8519999980926514
7,5,10,black_box,obj_pwldr,248063.39757517193,248063.39757517193,0.04200005531311035,6.115999937057495
7,5,10,black_box,dr_pwldr,248064.3818029967,248064.3818029967,0.04200005531311035,6.115999937057495
7,5,10,black_box,reopt_pwldr,252548.70921031488,252548.70921031488,0.04200005531311035,6.115999937057495
7,5,10,local_search,obj_pwldr,248063.39757517193,248063.39757517193,0.04200005531311035,0.999000072479248
7,5,10,local_search,dr_pwldr,248064.3818029967,248064.3818029967,0.04200005531311035,0.999000072479248
7,5,10,local_search,reopt_pwldr,252548.70921031488,252548.70921031488,0.04200005531311035,0.999000072479248
7,6,1,black_box,obj_pwldr,248063.39757517193,248063.39757517193,0.029000043869018555,5.8440001010894775
7,6,1,black_box,dr_pwldr,248064.3818029967,248064.3818029967,0.029000043869018555,5.8440001010894775
7,6,1,black_box,reopt_pwldr,252548.70921031488,252548.70921031488,0.029000043869018555,5.8440001010894775
7,6,1,local_search,obj_pwldr,248063.39757517193,248063.39757517193,0.029000043869018555,0.23799991607666016
7,6,1,local_search,dr_pwldr,248064.3818029967,248064.3818029967,0.029000043869018555,0.23799991607666016
7,6,1,local_search,reopt_pwldr,252548.70921031488,252548.70921031488,0.029000043869018555,0.23799991607666016
7,6,2,black_box,obj_pwldr,248063.39757517193,248063.39757517193,0.08099985122680664,12.708999872207642
7,6,2,black_box,dr_pwldr,248064.3818029967,248064.3818029967,0.08099985122680664,12.708999872207642
7,6,2,black_box,reopt_pwldr,252548.70921031488,252548.70921031488,0.08099985122680664,12.708999872207642
7,6,2,local_search,obj_pwldr,248063.39757517193,248063.39757517193,0.08099985122680664,1.0149998664855957
7,6,2,local_search,dr_pwldr,248064.3818029967,248064.3818029967,0.08099985122680664,1.0149998664855957
7,6,2,local_search,reopt_pwldr,252548.70921031488,252548.70921031488,0.08099985122680664,1.0149998664855957
7,6,3,black_box,obj_pwldr,248063.39757517193,248063.39757517193,0.12100005149841309,22.043999910354614
7,6,3,black_box,dr_pwldr,248064.3818029967,248064.3818029967,0.12100005149841309,22.043999910354614
7,6,3,black_box,reopt_pwldr,252548.70921031488,252548.70921031488,0.12100005149841309,22.043999910354614
7,6,3,local_search,obj_pwldr,248063.39757517193,248063.39757517193,0.12100005149841309,2.118000030517578
7,6,3,local_search,dr_pwldr,248064.3818029967,248064.3818029967,0.12100005149841309,2.118000030517578
7,6,3,local_search,reopt_pwldr,252548.70921031488,252548.70921031488,0.12100005149841309,2.118000030517578
7,6,4,black_box,obj_pwldr,248063.39757517193,248063.39757517193,0.19000005722045898,31.058000087738037
7,6,4,black_box,dr_pwldr,248064.3818029967,248064.3818029967,0.19000005722045898,31.058000087738037
7,6,4,black_box,reopt_pwldr,252548.70921031488,252548.70921031488,0.19000005722045898,31.058000087738037
7,6,4,local_search,obj_pwldr,248063.39757517193,248063.39757517193,0.19000005722045898,3.1019999980926514
7,6,4,local_search,dr_pwldr,248064.3818029967,248064.3818029967,0.19000005722045898,3.1019999980926514
7,6,4,local_search,reopt_pwldr,252548.70921031488,252548.70921031488,0.19000005722045898,3.1019999980926514
7,6,5,black_box,obj_pwldr,248063.39757517193,248063.39757517193,0.21300005912780762,42.10599994659424
7,6,5,black_box,dr_pwldr,248064.3818029967,248064.3818029967,0.21300005912780762,42.10599994659424
7,6,5,black_box,reopt_pwldr,252548.70921031488,252548.70921031488,0.21300005912780762,42.10599994659424
7,6,5,local_search,obj_pwldr,248063.39757517193,248063.39757517193,0.21300005912780762,4.858000040054321
7,6,5,local_search,dr_pwldr,248064.3818029967,248064.3818029967,0.21300005912780762,4.858000040054321
7,6,5,local_search,reopt_pwldr,252548.70921031488,252548.70921031488,0.21300005912780762,4.858000040054321
7,6,6,black_box,obj_pwldr,248063.39757517193,248063.39757517193,0.28999996185302734,52.80299997329712
7,6,6,black_box,dr_pwldr,248064.3818029967,248064.3818029967,0.28999996185302734,52.80299997329712
7,6,6,black_box,reopt_pwldr,252548.70921031488,252548.70921031488,0.28999996185302734,52.80299997329712
7,6,6,local_search,obj_pwldr,248063.39757517193,248063.39757517193,0.28999996185302734,6.483999967575073
7,6,6,local_search,dr_pwldr,248064.3818029967,248064.3818029967,0.28999996185302734,6.483999967575073
7,6,6,local_search,reopt_pwldr,252548.70921031488,252548.70921031488,0.28999996185302734,6.483999967575073
7,6,7,black_box,obj_pwldr,248063.39757517193,248063.39757517193,0.3619999885559082,64.99300003051758
7,6,7,black_box,dr_pwldr,248064.3818029967,248064.3818029967,0.3619999885559082,64.99300003051758
7,6,7,black_box,reopt_pwldr,252548.70921031488,252548.70921031488,0.3619999885559082,64.99300003051758
7,6,7,local_search,obj_pwldr,248063.39757517193,248063.39757517193,0.3619999885559082,9.901000022888184
7,6,7,local_search,dr_pwldr,248064.3818029967,248064.3818029967,0.3619999885559082,9.901000022888184
7,6,7,local_search,reopt_pwldr,252548.70921031488,252548.70921031488,0.3619999885559082,9.901000022888184
7,6,8,black_box,obj_pwldr,248063.39757517193,248063.3975751719,0.45800018310546875,74.9559998512268
7,6,8,black_box,dr_pwldr,248064.3818029967,248064.3818029967,0.45800018310546875,74.9559998512268
7,6,8,black_box,reopt_pwldr,252548.70921031488,252548.70921031488,0.45800018310546875,74.9559998512268
7,6,8,local_search,obj_pwldr,248063.39757517193,248063.39757517193,0.45800018310546875,9.70199990272522
7,6,8,local_search,dr_pwldr,248064.3818029967,248064.3818029967,0.45800018310546875,9.70199990272522
7,6,8,local_search,reopt_pwldr,252548.70921031488,252548.70921031488,0.45800018310546875,9.70199990272522
7,6,9,black_box,obj_pwldr,248063.39757517193,248063.39757517193,0.4660000801086426,86.0019998550415
7,6,9,black_box,dr_pwldr,248064.3818029967,248064.3818029967,0.4660000801086426,86.0019998550415
7,6,9,black_box,reopt_pwldr,252548.70921031488,252548.70921031488,0.4660000801086426,86.0019998550415
7,6,9,local_search,obj_pwldr,248063.39757517193,248063.39757517193,0.4660000801086426,12.993000030517578
7,6,9,local_search,dr_pwldr,248064.3818029967,248064.3818029967,0.4660000801086426,12.993000030517578
7,6,9,local_search,reopt_pwldr,252548.70921031488,252548.70921031488,0.4660000801086426,12.993000030517578
7,6,10,black_box,obj_pwldr,248063.39757517193,248063.39757517193,0.5270001888275146,95.44299983978271
7,6,10,black_box,dr_pwldr,248064.3818029967,248064.3818029967,0.5270001888275146,95.44299983978271
7,6,10,black_box,reopt_pwldr,252548.70921031488,252548.70921031488,0.5270001888275146,95.44299983978271
7,6,10,local_search,obj_pwldr,248063.39757517193,248063.39757517193,0.5270001888275146,15.013999938964844
7,6,10,local_search,dr_pwldr,248064.3818029967,248064.3818029967,0.5270001888275146,15.013999938964844
7,6,10,local_search,reopt_pwldr,252548.70921031488,252548.70921031488,0.5270001888275146,15.013999938964844
7,7,1,black_box,obj_pwldr,248063.39757517193,248063.39757517193,0.026999950408935547,3.7820000648498535
7,7,1,black_box,dr_pwldr,248064.3818029967,248064.3818029967,0.026999950408935547,3.7820000648498535
7,7,1,black_box,reopt_pwldr,252548.70921031488,252548.70921031488,0.026999950408935547,3.7820000648498535
7,7,1,local_search,obj_pwldr,248063.39757517193,248063.39757517193,0.026999950408935547,0.2650001049041748
7,7,1,local_search,dr_pwldr,248064.3818029967,248064.3818029967,0.026999950408935547,0.2650001049041748
7,7,1,local_search,reopt_pwldr,252548.70921031488,252548.70921031488,0.026999950408935547,0.2650001049041748
7,7,2,black_box,obj_pwldr,248063.39757517193,248063.39757517193,0.03399991989135742,3.2829999923706055
7,7,2,black_box,dr_pwldr,248064.3818029967,248064.3818029967,0.03399991989135742,3.2829999923706055
7,7,2,black_box,reopt_pwldr,252548.70921031488,252548.70921031488,0.03399991989135742,3.2829999923706055
7,7,2,local_search,obj_pwldr,248063.39757517193,248063.39757517193,0.03399991989135742,0.27900004386901855
7,7,2,local_search,dr_pwldr,248064.3818029967,248064.3818029967,0.03399991989135742,0.27900004386901855
7,7,2,local_search,reopt_pwldr,252548.70921031488,252548.70921031488,0.03399991989135742,0.27900004386901855
7,7,3,black_box,obj_pwldr,248063.39757517193,248063.39757517193,0.03600001335144043,3.4089999198913574
7,7,3,black_box,dr_pwldr,248064.3818029967,248064.3818029967,0.03600001335144043,3.4089999198913574
7,7,3,black_box,reopt_pwldr,252548.70921031488,252548.70921031488,0.03600001335144043,3.4089999198913574
7,7,3,local_search,obj_pwldr,248063.39757517193,248063.39757517193,0.03600001335144043,0.3260002136230469
7,7,3,local_search,dr_pwldr,248064.3818029967,248064.3818029967,0.03600001335144043,0.3260002136230469
7,7,3,local_search,reopt_pwldr,252548.70921031488,252548.70921031488,0.03600001335144043,0.3260002136230469
7,7,4,black_box,obj_pwldr,248063.39757517193,248063.39757517193,0.039999961853027344,3.764000177383423
7,7,4,black_box,dr_pwldr,248064.3818029967,248064.3818029967,0.039999961853027344,3.764000177383423
7,7,4,black_box,reopt_pwldr,252548.70921031488,252548.70921031488,0.039999961853027344,3.764000177383423
7,7,4,local_search,obj_pwldr,248063.39757517193,248063.39757517193,0.039999961853027344,0.4160001277923584
7,7,4,local_search,dr_pwldr,248064.3818029967,248064.3818029967,0.039999961853027344,0.4160001277923584
7,7,4,local_search,reopt_pwldr,252548.70921031488,252548.70921031488,0.039999961853027344,0.4160001277923584
7,7,5,black_box,obj_pwldr,248063.39757517193,248063.39757517193,0.037000179290771484,4.082000017166138
7,7,5,black_box,dr_pwldr,248064.3818029967,248064.3818029967,0.037000179290771484,4.082000017166138
7,7,5,black_box,reopt_pwldr,252548.70921031488,252548.70921031488,0.037000179290771484,4.082000017166138
7,7,5,local_search,obj_pwldr,248063.39757517193,248063.39757517193,0.037000179290771484,0.46000003814697266
7,7,5,local_search,dr_pwldr,248064.3818029967,248064.3818029967,0.037000179290771484,0.46000003814697266
7,7,5,local_search,reopt_pwldr,252548.70921031488,252548.70921031488,0.037000179290771484,0.46000003814697266
7,7,6,black_box,obj_pwldr,248063.39757517193,248063.39757517193,0.03899979591369629,4.400000095367432
7,7,6,black_box,dr_pwldr,248064.3818029967,248064.3818029967,0.03899979591369629,4.400000095367432
7,7,6,black_box,reopt_pwldr,252548.70921031488,252548.70921031488,0.03899979591369629,4.400000095367432
7,7,6,local_search,obj_pwldr,248063.39757517193,248063.39757517193,0.03899979591369629,0.5460000038146973
7,7,6,local_search,dr_pwldr,248064.3818029967,248064.3818029967,0.03899979591369629,0.5460000038146973
7,7,6,local_search,reopt_pwldr,252548.70921031488,252548.70921031488,0.03899979591369629,0.5460000038146973
7,7,7,black_box,obj_pwldr,248063.39757517193,248063.39757517193,0.04399991035461426,4.817999839782715
7,7,7,black_box,dr_pwldr,248064.3818029967,248064.3818029967,0.04399991035461426,4.817999839782715
7,7,7,black_box,reopt_pwldr,252548.70921031488,252548.70921031488,0.04399991035461426,4.817999839782715
7,7,7,local_search,obj_pwldr,248063.39757517193,248063.39757517193,0.04399991035461426,0.6000001430511475
7,7,7,local_search,dr_pwldr,248064.3818029967,248064.3818029967,0.04399991035461426,0.6000001430511475
7,7,7,local_search,reopt_pwldr,252548.70921031488,252548.70921031488,0.04399991035461426,0.6000001430511475
7,7,8,black_box,obj_pwldr,248063.39757517193,248063.39757517193,0.042999982833862305,5.128999948501587
7,7,8,black_box,dr_pwldr,248064.3818029967,248064.3818029967,0.042999982833862305,5.128999948501587
7,7,8,black_box,reopt_pwldr,252548.70921031488,252548.70921031488,0.042999982833862305,5.128999948501587
7,7,8,local_search,obj_pwldr,248063.39757517193,248063.39757517193,0.042999982833862305,0.7189998626708984
7,7,8,local_search,dr_pwldr,248064.3818029967,248064.3818029967,0.042999982833862305,0.7189998626708984
7,7,8,local_search,reopt_pwldr,252548.70921031488,252548.70921031488,0.042999982833862305,0.7189998626708984
7,7,9,black_box,obj_pwldr,248063.39757517193,248063.39757517193,0.04900002479553223,6.060999870300293
7,7,9,black_box,dr_pwldr,248064.3818029967,248064.3818029967,0.04900002479553223,6.060999870300293
7,7,9,black_box,reopt_pwldr,252548.70921031488,252548.70921031488,0.04900002479553223,6.060999870300293
7,7,9,local_search,obj_pwldr,248063.39757517193,248063.39757517193,0.04900002479553223,0.937000036239624
7,7,9,local_search,dr_pwldr,248064.3818029967,248064.3818029967,0.04900002479553223,0.937000036239624
7,7,9,local_search,reopt_pwldr,252548.70921031488,252548.70921031488,0.04900002479553223,0.937000036239624
7,7,10,black_box,obj_pwldr,248063.39757517193,248063.39757517193,0.05900001525878906,5.932999849319458
7,7,10,black_box,dr_pwldr,248064.3818029967,248064.3818029967,0.05900001525878906,5.932999849319458
7,7,10,black_box,reopt_pwldr,252548.70921031488,252548.70921031488,0.05900001525878906,5.932999849319458
7,7,10,local_search,obj_pwldr,248063.39757517193,248063.39757517193,0.05900001525878906,0.9309999942779541
7,7,10,local_search,dr_pwldr,248064.3818029967,248064.3818029967,0.05900001525878906,0.9309999942779541
7,7,10,local_search,reopt_pwldr,252548.70921031488,252548.70921031488,0.05900001525878906,0.9309999942779541
7,8,1,black_box,obj_pwldr,234372.50719220826,234352.66280647312,0.0409998893737793,2.7249999046325684
7,8,1,black_box,dr_pwldr,233960.06028034622,233972.07081751598,0.0409998893737793,2.7249999046325684
7,8,1,black_box,reopt_pwldr,224102.25562477636,225095.52833563296,0.0409998893737793,2.7249999046325684
7,8,1,local_search,obj_pwldr,234372.50719220826,234352.66280647312,0.0409998893737793,0.23199987411499023
7,8,1,local_search,dr_pwldr,233960.06028034622,233972.07081751598,0.0409998893737793,0.23199987411499023
7,8,1,local_search,reopt_pwldr,224102.25562477636,225095.52833563296,0.0409998893737793,0.23199987411499023
7,8,2,black_box,obj_pwldr,235652.80398652947,234352.79423593686,0.03500008583068848,3.194999933242798
7,8,2,black_box,dr_pwldr,235463.82797213536,233977.29243478336,0.03500008583068848,3.194999933242798
7,8,2,black_box,reopt_pwldr,233571.29436805216,225240.73068419422,0.03500008583068848,3.194999933242798
7,8,2,local_search,obj_pwldr,235652.80398652947,234352.79423593686,0.03500008583068848,0.28099989891052246
7,8,2,local_search,dr_pwldr,235463.82797213536,233977.29243478336,0.03500008583068848,0.28099989891052246
7,8,2,local_search,reopt_pwldr,233571.29436805216,225240.73068419422,0.03500008583068848,0.28099989891052246
7,8,3,black_box,obj_pwldr,234372.50719220823,234352.70517697855,0.03400015830993652,3.4030001163482666
7,8,3,black_box,dr_pwldr,233960.06028034622,233976.2107682116,0.03400015830993652,3.4030001163482666
7,8,3,black_box,reopt_pwldr,224102.2556247763,225211.33285032996,0.03400015830993652,3.4030001163482666
7,8,3,local_search,obj_pwldr,234372.50719220823,234352.70517697855,0.03400015830993652,0.4030001163482666
7,8,3,local_search,dr_pwldr,233960.06028034622,233976.2107682116,0.03400015830993652,0.4030001163482666
7,8,3,local_search,reopt_pwldr,224102.2556247763,225211.33285032996,0.03400015830993652,0.4030001163482666
7,8,4,black_box,obj_pwldr,234746.68526880097,234352.69748890647,0.03400015830993652,4.084000110626221
7,8,4,black_box,dr_pwldr,234494.5514808263,233976.0944632103,0.03400015830993652,4.084000110626221
7,8,4,black_box,reopt_pwldr,229779.95330831577,225208.17188077595,0.03400015830993652,4.084000110626221
7,8,4,local_search,obj_pwldr,234746.68526880097,234352.69748890647,0.03400015830993652,0.45200014114379883
7,8,4,local_search,dr_pwldr,234494.5514808263,233976.0944632103,0.03400015830993652,0.45200014114379883
7,8,4,local_search,reopt_pwldr,229779.95330831577,225208.17188077595,0.03400015830993652,0.45200014114379883
7,8,5,black_box,obj_pwldr,234372.50719220826,234352.6206751659,0.03299999237060547,4.082000017166138
7,8,5,black_box,dr_pwldr,233960.06028034622,233973.76343608595,0.03299999237060547,4.082000017166138
7,8,5,black_box,reopt_pwldr,224102.2556247763,225144.13994337802,0.03299999237060547,4.082000017166138
7,8,5,local_search,obj_pwldr,234372.50719220826,234352.6206751659,0.03299999237060547,0.45399999618530273
7,8,5,local_search,dr_pwldr,233960.06028034622,233973.76343608595,0.03299999237060547,0.45399999618530273
7,8,5,local_search,reopt_pwldr,224102.2556247763,225144.13994337802,0.03299999237060547,0.45399999618530273
7,8,6,black_box,obj_pwldr,234519.1650020194,234352.62412301946,0.03600001335144043,4.500999927520752
7,8,6,black_box,dr_pwldr,234224.11901655284,233973.25430031403,0.03600001335144043,4.500999927520752
7,8,6,black_box,reopt_pwldr,228156.60612324806,225129.7310146228,0.03600001335144043,4.500999927520752
7,8,6,local_search,obj_pwldr,234519.1650020194,234352.62412301946,0.03600001335144043,0.5580000877380371
7,8,6,local_search,dr_pwldr,234224.11901655284,233973.25430031403,0.03600001335144043,0.5580000877380371
7,8,6,local_search,reopt_pwldr,228156.60612324806,225129.7310146228,0.03600001335144043,0.5580000877380371
7,8,7,black_box,obj_pwldr,234372.5071922082,234352.63370540424,0.039999961853027344,4.75
7,8,7,black_box,dr_pwldr,233960.06028034622,233972.80533243058,0.039999961853027344,4.75
7,8,7,black_box,reopt_pwldr,224102.25562477636,225116.796892032,0.039999961853027344,4.75
7,8,7,local_search,obj_pwldr,234372.5071922082,234352.63370540424,0.039999961853027344,0.6630001068115234
7,8,7,local_search,dr_pwldr,233960.06028034622,233972.80533243058,0.039999961853027344,0.6630001068115234
7,8,7,local_search,reopt_pwldr,224102.25562477636,225116.796892032,0.039999961853027344,0.6630001068115234
7,8,8,black_box,obj_pwldr,234434.4579755005,234352.73932298177,0.03900003433227539,5.125
7,8,8,black_box,dr_pwldr,234114.82843921418,233976.67259830236,0.03900003433227539,5.125
7,8,8,black_box,reopt_pwldr,227255.6393458093,225223.88459652953,0.03900003433227539,5.125
7,8,8,local_search,obj_pwldr,234434.4579755005,234352.73932298177,0.03900003433227539,0.7290000915527344
7,8,8,local_search,dr_pwldr,234114.82843921418,233976.67259830236,0.03900003433227539,0.7290000915527344
7,8,8,local_search,reopt_pwldr,227255.6393458093,225223.88459652953,0.03900003433227539,0.7290000915527344
7,8,9,black_box,obj_pwldr,234372.50719220823,234352.6212543026,0.04799985885620117,5.471999883651733
7,8,9,black_box,dr_pwldr,233960.06028034622,233973.94140151553,0.04799985885620117,5.471999883651733
7,8,9,black_box,reopt_pwldr,224102.2556247763,225149.11783792434,0.04799985885620117,5.471999883651733
7,8,9,local_search,obj_pwldr,234372.50719220823,234352.6212543026,0.04799985885620117,0.8209998607635498
7,8,9,local_search,dr_pwldr,233960.06028034622,233973.94140151553,0.04799985885620117,0.8209998607635498
7,8,9,local_search,reopt_pwldr,224102.2556247763,225149.11783792434,0.04799985885620117,0.8209998607635498
7,8,10,black_box,obj_pwldr,234396.05921049422,234352.08983245617,0.04800009727478027,5.85699987411499
7,8,10,black_box,dr_pwldr,234061.0677847266,233981.85210554444,0.04800009727478027,5.85699987411499
7,8,10,black_box,reopt_pwldr,226682.2968510767,225332.97045991954,0.04800009727478027,5.85699987411499
7,8,10,local_search,obj_pwldr,234396.05921049422,234351.51722207983,0.04800009727478027,1.371999979019165
7,8,10,local_search,dr_pwldr,234061.0677847266,233972.8491587449,0.04800009727478027,1.371999979019165
7,8,10,local_search,reopt_pwldr,226682.2968510767,225083.8902887808,0.04800009727478027,1.371999979019165
7,9,1,black_box,obj_pwldr,236400.33293668306,236257.9374147195,0.03500008583068848,4.7820000648498535
7,9,1,black_box,dr_pwldr,236532.70151111585,236308.23015395252,0.03500008583068848,4.7820000648498535
7,9,1,black_box,reopt_pwldr,228065.94538969095,232409.2319051976,0.03500008583068848,4.7820000648498535
7,9,1,local_search,obj_pwldr,236400.33293668306,236257.9374147195,0.03500008583068848,0.2389998435974121
7,9,1,local_search,dr_pwldr,236532.70151111585,236308.23015395252,0.03500008583068848,0.2389998435974121
7,9,1,local_search,reopt_pwldr,228065.94538969095,232409.2319051976,0.03500008583068848,0.2389998435974121
7,9,2,black_box,obj_pwldr,236509.9380320333,236185.564237202,0.08799982070922852,13.473000049591064
7,9,2,black_box,dr_pwldr,236472.1872390689,236238.0011695614,0.08799982070922852,13.473000049591064
7,9,2,black_box,reopt_pwldr,236220.8393045989,232052.2070932617,0.08799982070922852,13.473000049591064
7,9,2,local_search,obj_pwldr,236509.9380320333,236185.564237202,0.08799982070922852,1.0460000038146973
7,9,2,local_search,dr_pwldr,236472.1872390689,236238.0011695614,0.08799982070922852,1.0460000038146973
7,9,2,local_search,reopt_pwldr,236220.8393045989,232052.2070932617,0.08799982070922852,1.0460000038146973
7,9,3,black_box,obj_pwldr,236342.85219595212,236180.52744666353,0.13200020790100098,22.65999984741211
7,9,3,black_box,dr_pwldr,236471.9512675928,236238.8620380053,0.13200020790100098,22.65999984741211
7,9,3,black_box,reopt_pwldr,228065.94538969095,231943.29242266266,0.13200020790100098,22.65999984741211
7,9,3,local_search,obj_pwldr,236342.85219595212,236180.52744666353,0.13200020790100098,4.083999872207642
7,9,3,local_search,dr_pwldr,236471.9512675928,236238.8620380053,0.13200020790100098,4.083999872207642
7,9,3,local_search,reopt_pwldr,228065.94538969095,231943.29242266266,0.13200020790100098,4.083999872207642
7,9,4,black_box,obj_pwldr,236199.77894602114,236175.8902815079,0.17499995231628418,32.69599986076355
7,9,4,black_box,dr_pwldr,236234.19015646435,236230.3806016648,0.17499995231628418,32.69599986076355
7,9,4,black_box,reopt_pwldr,232956.9294342384,232279.41802270734,0.17499995231628418,32.69599986076355
7,9,4,local_search,obj_pwldr,236199.77894602114,236175.8902815079,0.17499995231628418,4.110000133514404
7,9,4,local_search,dr_pwldr,236234.19015646435,236230.3806016648,0.17499995231628418,4.110000133514404
7,9,4,local_search,reopt_pwldr,232956.9294342384,232279.41802270734,0.17499995231628418,4.110000133514404
7,9,5,black_box,obj_pwldr,236307.97617577005,236171.49683175873,0.22300004959106445,43.573999881744385
7,9,5,black_box,dr_pwldr,236434.87742912117,236229.59496639558,0.22300004959106445,43.573999881744385
7,9,5,black_box,reopt_pwldr,228065.94538969098,231961.38846479176,0.22300004959106445,43.573999881744385
7,9,5,local_search,obj_pwldr,236307.97617577005,236171.49683175882,0.22300004959106445,5.322999954223633
7,9,5,local_search,dr_pwldr,236434.87742912117,236229.5949663957,0.22300004959106445,5.322999954223633
7,9,5,local_search,reopt_pwldr,228065.94538969098,231961.38846479196,0.22300004959106445,5.322999954223633
7,9,6,black_box,obj_pwldr,236169.8310700188,236172.11445040166,0.2610001564025879,55.25999999046326
7,9,6,black_box,dr_pwldr,236236.18359985072,236220.64285781662,0.2610001564025879,55.25999999046326
7,9,6,black_box,reopt_pwldr,231558.82689111767,232448.5053879265,0.2610001564025879,55.25999999046326
7,9,6,local_search,obj_pwldr,236169.8310700188,236166.9185634305,0.2610001564025879,33.70899987220764
7,9,6,local_search,dr_pwldr,236236.18359985072,236221.1626391,0.2610001564025879,33.70899987220764
7,9,6,local_search,reopt_pwldr,231558.82689111767,232168.98425404262,0.2610001564025879,33.70899987220764
7,9,7,black_box,obj_pwldr,236236.6801804447,236168.74244043772,0.4089999198913574,64.32400012016296
7,9,7,black_box,dr_pwldr,236240.0785585654,236226.32553343574,0.4089999198913574,64.32400012016296
7,9,7,black_box,reopt_pwldr,234180.2691594684,232061.63658566095,0.4089999198913574,64.32400012016296
7,9,7,local_search,obj_pwldr,236236.6801804447,236168.74244043772,0.4089999198913574,7.773999929428101
7,9,7,local_search,dr_pwldr,236240.0785585654,236226.32553343574,0.4089999198913574,7.773999929428101
7,9,7,local_search,reopt_pwldr,234180.2691594684,232061.63658566095,0.4089999198913574,7.773999929428101
7,9,8,black_box,obj_pwldr,236194.77296980252,236167.15466281856,0.43599987030029297,77.4229998588562
7,9,8,black_box,dr_pwldr,236278.98725058467,236222.5796173789,0.43599987030029297,77.4229998588562
7,9,8,black_box,reopt_pwldr,230782.1032560512,232113.28332690912,0.43599987030029297,77.4229998588562
7,9,8,local_search,obj_pwldr,236194.77296980252,236167.15466281856,0.43599987030029297,11.878000020980835
7,9,8,local_search,dr_pwldr,236278.98725058467,236222.5796173789,0.43599987030029297,11.878000020980835
7,9,8,local_search,reopt_pwldr,230782.1032560512,232113.28332690915,0.43599987030029297,11.878000020980835
7,9,9,black_box,obj_pwldr,236180.67496104343,236167.27769094822,0.4980001449584961,88.29399991035461
7,9,9,black_box,dr_pwldr,236216.1668574983,236220.43006116417,0.4980001449584961,88.29399991035461
7,9,9,black_box,reopt_pwldr,232956.92943423838,232222.69831183157,0.4980001449584961,88.29399991035461
7,9,9,local_search,obj_pwldr,236180.67496104343,236166.6987814155,0.4980001449584961,27.442999839782715
7,9,9,local_search,dr_pwldr,236216.1668574983,236225.60195849973,0.4980001449584961,27.442999839782715
7,9,9,local_search,reopt_pwldr,232956.92943423838,231939.27333873196,0.4980001449584961,27.442999839782715
7,9,10,black_box,obj_pwldr,236203.3737316656,236166.45253422763,0.5230000019073486,98.28799986839294
7,9,10,black_box,dr_pwldr,236295.52430077296,236222.71961548805,0.5230000019073486,98.28799986839294
7,9,10,black_box,reopt_pwldr,230287.82457919017,232072.19310433525,0.5230000019073486,98.28799986839294
7,9,10,local_search,obj_pwldr,236203.3737316656,236166.45253422763,0.5230000019073486,17.546000003814697
7,9,10,local_search,dr_pwldr,236295.52430077296,236222.71961548805,0.5230000019073486,17.546000003814697
7,9,10,local_search,reopt_pwldr,230287.82457919017,232072.19310433525,0.5230000019073486,17.546000003814697
7,10,1,black_box,obj_pwldr,248066.02888711097,248063.28411179164,0.029999971389770508,2.9189999103546143
7,10,1,black_box,dr_pwldr,248064.3818029967,248064.3818029967,0.029999971389770508,2.9189999103546143
7,10,1,black_box,reopt_pwldr,252548.70921031488,252548.70921031488,0.029999971389770508,2.9189999103546143
7,10,1,local_search,obj_pwldr,248066.02888711097,248063.28411179164,0.029999971389770508,0.21599984169006348
7,10,1,local_search,dr_pwldr,248064.3818029967,248064.3818029967,0.029999971389770508,0.21599984169006348
7,10,1,local_search,reopt_pwldr,252548.70921031488,252548.70921031488,0.029999971389770508,0.21599984169006348
7,10,2,black_box,obj_pwldr,248065.96003336884,248063.86725846663,0.039999961853027344,3.432999849319458
7,10,2,black_box,dr_pwldr,248064.3818029967,248064.3818029967,0.039999961853027344,3.432999849319458
7,10,2,black_box,reopt_pwldr,252548.70921031488,252548.70921031488,0.039999961853027344,3.432999849319458
7,10,2,local_search,obj_pwldr,248065.96003336884,248063.86725846663,0.039999961853027344,0.3059999942779541
7,10,2,local_search,dr_pwldr,248064.3818029967,248064.3818029967,0.039999961853027344,0.3059999942779541
7,10,2,local_search,reopt_pwldr,252548.70921031488,252548.70921031488,0.039999961853027344,0.3059999942779541
7,10,3,black_box,obj_pwldr,248067.18048526905,248063.09455871713,0.03900003433227539,3.996000051498413
7,10,3,black_box,dr_pwldr,248064.3818029967,248064.3818029967,0.03900003433227539,3.996000051498413
7,10,3,black_box,reopt_pwldr,252548.70921031488,252548.70921031488,0.03900003433227539,3.996000051498413
7,10,3,local_search,obj_pwldr,248067.18048526905,248063.09455871713,0.03900003433227539,0.4070000648498535
7,10,3,local_search,dr_pwldr,248064.3818029967,248064.3818029967,0.03900003433227539,0.4070000648498535
7,10,3,local_search,reopt_pwldr,252548.70921031488,252548.70921031488,0.03900003433227539,0.4070000648498535
7,10,4,black_box,obj_pwldr,248067.72660520644,248061.54382097194,0.042999982833862305,4.327999830245972
7,10,4,black_box,dr_pwldr,248064.3818029967,248064.3818029967,0.042999982833862305,4.327999830245972
7,10,4,black_box,reopt_pwldr,252548.70921031488,252548.70921031488,0.042999982833862305,4.327999830245972
7,10,4,local_search,obj_pwldr,248067.72660520644,248061.54382097194,0.042999982833862305,0.46000003814697266
7,10,4,local_search,dr_pwldr,248064.3818029967,248064.3818029967,0.042999982833862305,0.46000003814697266
7,10,4,local_search,reopt_pwldr,252548.70921031488,252548.70921031488,0.042999982833862305,0.46000003814697266
7,10,5,black_box,obj_pwldr,248068.27164962376,248063.7339361288,0.039999961853027344,4.902000188827515
7,10,5,black_box,dr_pwldr,248064.3818029967,248064.3818029967,0.039999961853027344,4.902000188827515
7,10,5,black_box,reopt_pwldr,252548.70921031488,252548.70921031488,0.039999961853027344,4.902000188827515
7,10,5,local_search,obj_pwldr,248068.27164962376,248063.7339361288,0.039999961853027344,0.5460000038146973
7,10,5,local_search,dr_pwldr,248064.3818029967,248064.3818029967,0.039999961853027344,0.5460000038146973
7,10,5,local_search,reopt_pwldr,252548.70921031488,252548.70921031488,0.039999961853027344,0.5460000038146973
7,10,6,black_box,obj_pwldr,248066.6221311423,248062.53089124823,0.042999982833862305,5.742000102996826
7,10,6,black_box,dr_pwldr,248064.3818029967,248064.3818029941,0.042999982833862305,5.742000102996826
7,10,6,black_box,reopt_pwldr,252548.70921031488,252548.7092103122,0.042999982833862305,5.742000102996826
7,10,6,local_search,obj_pwldr,248066.6221311423,248062.5308912509,0.042999982833862305,0.9459998607635498
7,10,6,local_search,dr_pwldr,248064.3818029967,248064.3818029967,0.042999982833862305,0.9459998607635498
7,10,6,local_search,reopt_pwldr,252548.70921031488,252548.70921031488,0.042999982833862305,0.9459998607635498
7,10,7,black_box,obj_pwldr,248065.43256800974,248063.77615985644,0.046000003814697266,6.463000059127808
7,10,7,black_box,dr_pwldr,248064.3818029967,248064.3818029967,0.046000003814697266,6.463000059127808
7,10,7,black_box,reopt_pwldr,252548.70921031488,252548.70921031488,0.046000003814697266,6.463000059127808
7,10,7,local_search,obj_pwldr,248065.43256800974,248063.77615985644,0.046000003814697266,0.8229999542236328
7,10,7,local_search,dr_pwldr,248064.3818029967,248064.3818029967,0.046000003814697266,0.8229999542236328
7,10,7,local_search,reopt_pwldr,252548.70921031488,252548.70921031488,0.046000003814697266,0.8229999542236328
7,10,8,black_box,obj_pwldr,248067.0925535527,248064.26087458586,0.05499982833862305,6.572000026702881
7,10,8,black_box,dr_pwldr,248064.3818029967,248064.3818029967,0.05499982833862305,6.572000026702881
7,10,8,black_box,reopt_pwldr,252548.70921031488,252548.70921031488,0.05499982833862305,6.572000026702881
7,10,8,local_search,obj_pwldr,248067.0925535527,248064.2608745859,0.05499982833862305,0.9140000343322754
7,10,8,local_search,dr_pwldr,248064.3818029967,248064.3818029967,0.05499982833862305,0.9140000343322754
7,10,8,local_search,reopt_pwldr,252548.70921031488,252548.70921031488,0.05499982833862305,0.9140000343322754
7,10,9,black_box,obj_pwldr,248066.92427888722,248064.5692684963,0.053999900817871094,7.5329999923706055
7,10,9,black_box,dr_pwldr,248064.3818029967,248064.3818029967,0.053999900817871094,7.5329999923706055
7,10,9,black_box,reopt_pwldr,252548.70921031488,252548.70921031488,0.053999900817871094,7.5329999923706055
7,10,9,local_search,obj_pwldr,248066.92427888722,248063.98400914474,0.053999900817871094,2.1630001068115234
7,10,9,local_search,dr_pwldr,248064.3818029967,248064.3818029967,0.053999900817871094,2.1630001068115234
7,10,9,local_search,reopt_pwldr,252548.70921031488,252548.70921031488,0.053999900817871094,2.1630001068115234
7,10,10,black_box,obj_pwldr,248067.09204701602,248064.0797798257,0.0690000057220459,8.151999950408936
7,10,10,black_box,dr_pwldr,248064.3818029967,248064.3818029967,0.0690000057220459,8.151999950408936
7,10,10,black_box,reopt_pwldr,252548.70921031488,252548.70921031488,0.0690000057220459,8.151999950408936
7,10,10,local_search,obj_pwldr,248067.09204701602,248064.0797798257,0.0690000057220459,1.3519999980926514
7,10,10,local_search,dr_pwldr,248064.3818029967,248064.3818029967,0.0690000057220459,1.3519999980926514
7,10,10,local_search,reopt_pwldr,252548.70921031488,252548.70921031488,0.0690000057220459,1.3519999980926514
7,11,1,black_box,obj_pwldr,248063.39757517193,248063.39757517193,0.03600001335144043,3.015000104904175
7,11,1,black_box,dr_pwldr,248064.3818029967,248064.3818029967,0.03600001335144043,3.015000104904175
7,11,1,black_box,reopt_pwldr,252548.70921031488,252548.70921031488,0.03600001335144043,3.015000104904175
7,11,1,local_search,obj_pwldr,248063.39757517193,248063.39757517193,0.03600001335144043,0.24899983406066895
7,11,1,local_search,dr_pwldr,248064.3818029967,248064.3818029967,0.03600001335144043,0.24899983406066895
7,11,1,local_search,reopt_pwldr,252548.70921031488,252548.70921031488,0.03600001335144043,0.24899983406066895
7,11,2,black_box,obj_pwldr,248063.39757517193,248063.39757517193,0.037999868392944336,3.500999927520752
7,11,2,black_box,dr_pwldr,248064.3818029967,248064.3818029967,0.037999868392944336,3.500999927520752
7,11,2,black_box,reopt_pwldr,252548.70921031488,252548.70921031488,0.037999868392944336,3.500999927520752
7,11,2,local_search,obj_pwldr,248063.39757517193,248063.39757517193,0.037999868392944336,0.30699992179870605
7,11,2,local_search,dr_pwldr,248064.3818029967,248064.3818029967,0.037999868392944336,0.30699992179870605
7,11,2,local_search,reopt_pwldr,252548.70921031488,252548.70921031488,0.037999868392944336,0.30699992179870605
7,11,3,black_box,obj_pwldr,248063.39757517193,248063.39757517193,0.034999847412109375,3.9489998817443848
7,11,3,black_box,dr_pwldr,248064.3818029967,248064.3818029967,0.034999847412109375,3.9489998817443848
7,11,3,black_box,reopt_pwldr,252548.70921031488,252548.70921031488,0.034999847412109375,3.9489998817443848
7,11,3,local_search,obj_pwldr,248063.39757517193,248063.39757517193,0.034999847412109375,0.36100006103515625
7,11,3,local_search,dr_pwldr,248064.3818029967,248064.3818029967,0.034999847412109375,0.36100006103515625
7,11,3,local_search,reopt_pwldr,252548.70921031488,252548.70921031488,0.034999847412109375,0.36100006103515625
7,11,4,black_box,obj_pwldr,248063.39757517193,248063.3975751718,0.05099987983703613,5.091000080108643
7,11,4,black_box,dr_pwldr,248064.3818029967,248064.38180299656,0.05099987983703613,5.091000080108643
7,11,4,black_box,reopt_pwldr,252548.70921031488,252548.70921031482,0.05099987983703613,5.091000080108643
7,11,4,local_search,obj_pwldr,248063.39757517193,248063.39757517193,0.05099987983703613,0.4570000171661377
7,11,4,local_search,dr_pwldr,248064.3818029967,248064.3818029967,0.05099987983703613,0.4570000171661377
7,11,4,local_search,reopt_pwldr,252548.70921031488,252548.70921031488,0.05099987983703613,0.4570000171661377
7,11,5,black_box,obj_pwldr,248063.39757517193,248063.16379214756,0.03900003433227539,4.937000036239624
7,11,5,black_box,dr_pwldr,248064.3818029967,248064.3818029967,0.03900003433227539,4.937000036239624
7,11,5,black_box,reopt_pwldr,252548.70921031488,252548.70921031488,0.03900003433227539,4.937000036239624
7,11,5,local_search,obj_pwldr,248063.39757517193,248063.12636802148,0.03900003433227539,0.8610000610351562
7,11,5,local_search,dr_pwldr,248064.3818029967,248064.3818029967,0.03900003433227539,0.8610000610351562
7,11,5,local_search,reopt_pwldr,252548.70921031488,252548.70921031488,0.03900003433227539,0.8610000610351562
7,11,6,black_box,obj_pwldr,248063.39757517193,248063.15117645497,0.037999868392944336,5.453000068664551
7,11,6,black_box,dr_pwldr,248064.3818029967,248064.3818029968,0.037999868392944336,5.453000068664551
7,11,6,black_box,reopt_pwldr,252548.70921031488,252548.70921031493,0.037999868392944336,5.453000068664551
7,11,6,local_search,obj_pwldr,248063.39757517193,248063.08567001764,0.037999868392944336,2.2209999561309814
7,11,6,local_search,dr_pwldr,248064.3818029967,248064.3818029971,0.037999868392944336,2.2209999561309814
7,11,6,local_search,reopt_pwldr,252548.70921031488,252548.70921031505,0.037999868392944336,2.2209999561309814
7,11,7,black_box,obj_pwldr,248063.39757517193,248063.0313129346,0.05200004577636719,5.890000104904175
7,11,7,black_box,dr_pwldr,248064.3818029967,248064.38180299586,0.05200004577636719,5.890000104904175
7,11,7,black_box,reopt_pwldr,252548.70921031488,252548.70921031505,0.05200004577636719,5.890000104904175
7,11,7,local_search,obj_pwldr,248063.39757517193,248063.03131293552,0.05200004577636719,0.7800002098083496
7,11,7,local_search,dr_pwldr,248064.3818029967,248064.38180299665,0.05200004577636719,0.7800002098083496
7,11,7,local_search,reopt_pwldr,252548.70921031488,252548.70921031485,0.05200004577636719,0.7800002098083496
7,11,8,black_box,obj_pwldr,248063.39757517193,248063.23675240335,0.051999807357788086,6.491999864578247
7,11,8,black_box,dr_pwldr,248064.3818029967,248064.3818029967,0.051999807357788086,6.491999864578247
7,11,8,black_box,reopt_pwldr,252548.70921031488,252548.70921031488,0.051999807357788086,6.491999864578247
7,11,8,local_search,obj_pwldr,248063.39757517193,248063.21080425612,0.051999807357788086,2.0450000762939453
7,11,8,local_search,dr_pwldr,248064.3818029967,248064.3818029967,0.051999807357788086,2.0450000762939453
7,11,8,local_search,reopt_pwldr,252548.70921031488,252548.70921031488,0.051999807357788086,2.0450000762939453
7,11,9,black_box,obj_pwldr,248063.39757517193,248063.01261905627,0.0690000057220459,7.039000034332275
7,11,9,black_box,dr_pwldr,248064.3818029967,248064.38180299534,0.0690000057220459,7.039000034332275
7,11,9,black_box,reopt_pwldr,252548.70921031488,252548.7092103132,0.0690000057220459,7.039000034332275
7,11,9,local_search,obj_pwldr,248063.39757517193,248063.01261905627,0.0690000057220459,1.0750000476837158
7,11,9,local_search,dr_pwldr,248064.3818029967,248064.38180299595,0.0690000057220459,1.0750000476837158
7,11,9,local_search,reopt_pwldr,252548.70921031488,252548.7092103138,0.0690000057220459,1.0750000476837158
7,11,10,black_box,obj_pwldr,248063.39757517193,248063.09545936994,0.05500006675720215,8.133999824523926
7,11,10,black_box,dr_pwldr,248064.3818029967,248064.38180299735,0.05500006675720215,8.133999824523926
7,11,10,black_box,reopt_pwldr,252548.70921031488,252548.70921031525,0.05500006675720215,8.133999824523926
7,11,10,local_search,obj_pwldr,248063.39757517193,248063.00592984632,0.05500006675720215,8.365000009536743
7,11,10,local_search,dr_pwldr,248064.3818029967,248064.38180299674,0.05500006675720215,8.365000009536743
7,11,10,local_search,reopt_pwldr,252548.70921031488,252548.70921031488,0.05500006675720215,8.365000009536743
7,12,1,black_box,obj_pwldr,234174.3722994072,234141.72946129693,0.029999971389770508,3.01200008392334
7,12,1,black_box,dr_pwldr,234194.81308578505,234154.74017071302,0.029999971389770508,3.01200008392334
7,12,1,black_box,reopt_pwldr,225569.48655710777,226813.2686823534,0.029999971389770508,3.01200008392334
7,12,1,local_search,obj_pwldr,234174.3722994072,234141.72946129693,0.029999971389770508,0.25099992752075195
7,12,1,local_search,dr_pwldr,234194.81308578505,234154.74017071302,0.029999971389770508,0.25099992752075195
7,12,1,local_search,reopt_pwldr,225569.48655710777,226813.2686823534,0.029999971389770508,0.25099992752075195
7,12,2,black_box,obj_pwldr,235485.91615639057,234092.00895122805,0.03899979591369629,3.505000114440918
7,12,2,black_box,dr_pwldr,235528.58702361077,234100.84848392374,0.03899979591369629,3.505000114440918
7,12,2,black_box,reopt_pwldr,234551.45259369892,227730.72764534823,0.03899979591369629,3.505000114440918
7,12,2,local_search,obj_pwldr,235485.91615639057,234076.10334049867,0.03899979591369629,0.5199999809265137
7,12,2,local_search,dr_pwldr,235528.58702361077,234087.16987514455,0.03899979591369629,0.5199999809265137
7,12,2,local_search,reopt_pwldr,234551.45259369892,226877.21104297906,0.03899979591369629,0.5199999809265137
7,12,3,black_box,obj_pwldr,234130.69670759962,234074.6012294136,0.029999971389770508,3.9110000133514404
7,12,3,black_box,dr_pwldr,234149.99670342435,234087.08342037798,0.029999971389770508,3.9110000133514404
7,12,3,black_box,reopt_pwldr,225569.48655710777,226751.78469311923,0.029999971389770508,3.9110000133514404
7,12,3,local_search,obj_pwldr,234130.69670759962,234074.6012294136,0.029999971389770508,0.36100006103515625
7,12,3,local_search,dr_pwldr,234149.99670342435,234087.08342037798,0.029999971389770508,0.36100006103515625
7,12,3,local_search,reopt_pwldr,225569.48655710777,226751.78469311923,0.029999971389770508,0.36100006103515625
7,12,4,black_box,obj_pwldr,234483.4520419338,234074.06828098922,0.0410001277923584,4.662999868392944
7,12,4,black_box,dr_pwldr,234498.08372102078,234086.95843180534,0.0410001277923584,4.662999868392944
7,12,4,black_box,reopt_pwldr,230955.67010485323,226832.86698856475,0.0410001277923584,4.662999868392944
7,12,4,local_search,obj_pwldr,234483.4520419338,234074.06828098928,0.0410001277923584,0.49000000953674316
7,12,4,local_search,dr_pwldr,234498.08372102078,234086.95843180543,0.0410001277923584,0.49000000953674316
7,12,4,local_search,reopt_pwldr,230955.67010485323,226832.86698856475,0.0410001277923584,0.49000000953674316
7,12,5,black_box,obj_pwldr,234099.14789678488,234066.88152150693,0.04500007629394531,4.933000087738037
7,12,5,black_box,dr_pwldr,234119.07206829495,234082.7369735543,0.04500007629394531,4.933000087738037
7,12,5,black_box,reopt_pwldr,225569.48655710777,226680.29821980852,0.04500007629394531,4.933000087738037
7,12,5,local_search,obj_pwldr,234099.14789678488,234066.88152150693,0.04500007629394531,0.5179998874664307
7,12,5,local_search,dr_pwldr,234119.07206829495,234082.7369735543,0.04500007629394531,0.5179998874664307
7,12,5,local_search,reopt_pwldr,225569.48655710777,226680.29821980852,0.04500007629394531,0.5179998874664307
7,12,6,black_box,obj_pwldr,234224.21468054608,234066.02779671914,0.04800009727478027,5.321000099182129
7,12,6,black_box,dr_pwldr,234225.64452514276,234079.4114016065,0.04800009727478027,5.321000099182129
7,12,6,black_box,reopt_pwldr,229415.46642797405,226689.89219101003,0.04800009727478027,5.321000099182129
7,12,6,local_search,obj_pwldr,234224.21468054608,234065.49765151748,0.04800009727478027,1.4150002002716064
7,12,6,local_search,dr_pwldr,234225.64452514276,234079.44836543835,0.04800009727478027,1.4150002002716064
7,12,6,local_search,reopt_pwldr,229415.46642797405,226684.62727634964,0.04800009727478027,1.4150002002716064
7,12,7,black_box,obj_pwldr,234099.41904167936,234065.94395848882,0.06200003623962402,5.802999973297119
7,12,7,black_box,dr_pwldr,234119.9903584987,234080.13142696518,0.06200003623962402,5.802999973297119
7,12,7,black_box,reopt_pwldr,225569.48655710777,226767.91320866215,0.06200003623962402,5.802999973297119
7,12,7,local_search,obj_pwldr,234099.41904167936,234065.94395848882,0.06200003623962402,0.7699999809265137
7,12,7,local_search,dr_pwldr,234119.9903584987,234080.13142696518,0.06200003623962402,0.7699999809265137
7,12,7,local_search,reopt_pwldr,225569.48655710777,226767.91320866215,0.06200003623962402,0.7699999809265137
7,12,8,black_box,obj_pwldr,234141.97064133896,234062.43698122937,0.051000118255615234,6.159999847412109
7,12,8,black_box,dr_pwldr,234144.2249980786,234078.95595442536,0.051000118255615234,6.159999847412109
7,12,8,black_box,reopt_pwldr,228560.2027145437,226749.55229448268,0.051000118255615234,6.159999847412109
7,12,8,local_search,obj_pwldr,234141.97064133896,234062.43698122937,0.051000118255615234,0.9330000877380371
7,12,8,local_search,dr_pwldr,234144.2249980786,234078.95595442536,0.051000118255615234,0.9330000877380371
7,12,8,local_search,reopt_pwldr,228560.2027145437,226749.55229448268,0.051000118255615234,0.9330000877380371
7,12,9,black_box,obj_pwldr,234102.25527511645,234063.95589967025,0.0559999942779541,7.2809998989105225
7,12,9,black_box,dr_pwldr,234123.33735816064,234079.17085528094,0.0559999942779541,7.2809998989105225
7,12,9,black_box,reopt_pwldr,225569.48655710777,226833.24950302657,0.0559999942779541,7.2809998989105225
7,12,9,local_search,obj_pwldr,234102.25527511645,234063.95589967028,0.0559999942779541,1.0460000038146973
7,12,9,local_search,dr_pwldr,234123.33735816064,234079.170855281,0.0559999942779541,1.0460000038146973
7,12,9,local_search,reopt_pwldr,225569.48655710777,226833.24950302663,0.0559999942779541,1.0460000038146973
7,12,10,black_box,obj_pwldr,234101.12969505938,234064.698002904,0.06200003623962402,7.246000051498413
7,12,10,black_box,dr_pwldr,234105.76676484142,234078.900444017,0.06200003623962402,7.246000051498413
7,12,10,black_box,reopt_pwldr,228016.14315319652,226829.10506396214,0.06200003623962402,7.246000051498413
7,12,10,local_search,obj_pwldr,234101.12969505938,234063.90214355107,0.06200003623962402,4.63100004196167
7,12,10,local_search,dr_pwldr,234105.76676484142,234078.91360359685,0.06200003623962402,4.63100004196167
7,12,10,local_search,reopt_pwldr,228016.14315319652,226824.86427311983,0.06200003623962402,4.63100004196167
8,1,1,black_box,obj_pwldr,247579.925802802,247579.925802802,0.03699994087219238,2.9019999504089355
8,1,1,black_box,dr_pwldr,247613.44183774476,247613.44183774476,0.03699994087219238,2.9019999504089355
8,1,1,black_box,reopt_pwldr,252130.71471270904,252130.71471270904,0.03699994087219238,2.9019999504089355
8,1,1,local_search,obj_pwldr,247579.925802802,247579.925802802,0.03699994087219238,0.2349998950958252
8,1,1,local_search,dr_pwldr,247613.44183774476,247613.44183774476,0.03699994087219238,0.2349998950958252
8,1,1,local_search,reopt_pwldr,252130.71471270904,252130.71471270904,0.03699994087219238,0.2349998950958252
8,1,2,black_box,obj_pwldr,247579.925802802,247579.925802802,0.03900003433227539,3.1720001697540283
8,1,2,black_box,dr_pwldr,247613.44183774476,247613.44183774476,0.03900003433227539,3.1720001697540283
8,1,2,black_box,reopt_pwldr,252130.71471270904,252130.71471270904,0.03900003433227539,3.1720001697540283
8,1,2,local_search,obj_pwldr,247579.925802802,247579.925802802,0.03900003433227539,0.2799999713897705
8,1,2,local_search,dr_pwldr,247613.44183774476,247613.44183774476,0.03900003433227539,0.2799999713897705
8,1,2,local_search,reopt_pwldr,252130.71471270904,252130.71471270904,0.03900003433227539,0.2799999713897705
8,1,3,black_box,obj_pwldr,247579.925802802,247579.925802802,0.03699994087219238,3.2929999828338623
8,1,3,black_box,dr_pwldr,247613.44183774476,247613.44183774476,0.03699994087219238,3.2929999828338623
8,1,3,black_box,reopt_pwldr,252130.71471270904,252130.71471270904,0.03699994087219238,3.2929999828338623
8,1,3,local_search,obj_pwldr,247579.925802802,247579.925802802,0.03699994087219238,0.372999906539917
8,1,3,local_search,dr_pwldr,247613.44183774476,247613.44183774476,0.03699994087219238,0.372999906539917
8,1,3,local_search,reopt_pwldr,252130.71471270904,252130.71471270904,0.03699994087219238,0.372999906539917
8,1,4,black_box,obj_pwldr,247579.925802802,247579.925802802,0.04200005531311035,3.750999927520752
8,1,4,black_box,dr_pwldr,247613.44183774476,247613.44183774476,0.04200005531311035,3.750999927520752
8,1,4,black_box,reopt_pwldr,252130.71471270904,252130.71471270904,0.04200005531311035,3.750999927520752
8,1,4,local_search,obj_pwldr,247579.925802802,247579.925802802,0.04200005531311035,0.38899993896484375
8,1,4,local_search,dr_pwldr,247613.44183774476,247613.44183774476,0.04200005531311035,0.38899993896484375
8,1,4,local_search,reopt_pwldr,252130.71471270904,252130.71471270904,0.04200005531311035,0.38899993896484375
8,1,5,black_box,obj_pwldr,247579.925802802,247579.925802802,0.0409998893737793,4.0290000438690186
8,1,5,black_box,dr_pwldr,247613.44183774476,247613.44183774476,0.0409998893737793,4.0290000438690186
8,1,5,black_box,reopt_pwldr,252130.71471270904,252130.71471270904,0.0409998893737793,4.0290000438690186
8,1,5,local_search,obj_pwldr,247579.925802802,247579.925802802,0.0409998893737793,0.43599987030029297
8,1,5,local_search,dr_pwldr,247613.44183774476,247613.44183774476,0.0409998893737793,0.43599987030029297
8,1,5,local_search,reopt_pwldr,252130.71471270904,252130.71471270904,0.0409998893737793,0.43599987030029297
8,1,6,black_box,obj_pwldr,247579.925802802,247579.925802802,0.03400015830993652,4.940000057220459
8,1,6,black_box,dr_pwldr,247613.44183774476,247613.44183774476,0.03400015830993652,4.940000057220459
8,1,6,black_box,reopt_pwldr,252130.71471270904,252130.71471270904,0.03400015830993652,4.940000057220459
8,1,6,local_search,obj_pwldr,247579.925802802,247579.925802802,0.03400015830993652,0.747999906539917
8,1,6,local_search,dr_pwldr,247613.44183774476,247613.44183774476,0.03400015830993652,0.747999906539917
8,1,6,local_search,reopt_pwldr,252130.71471270904,252130.71471270904,0.03400015830993652,0.747999906539917
8,1,7,black_box,obj_pwldr,247579.925802802,247579.925802802,0.04900002479553223,5.5970001220703125
8,1,7,black_box,dr_pwldr,247613.44183774476,247613.44183774476,0.04900002479553223,5.5970001220703125
8,1,7,black_box,reopt_pwldr,252130.71471270904,252130.71471270904,0.04900002479553223,5.5970001220703125
8,1,7,local_search,obj_pwldr,247579.925802802,247579.925802802,0.04900002479553223,0.6789999008178711
8,1,7,local_search,dr_pwldr,247613.44183774476,247613.44183774476,0.04900002479553223,0.6789999008178711
8,1,7,local_search,reopt_pwldr,252130.71471270904,252130.71471270904,0.04900002479553223,0.6789999008178711
8,1,8,black_box,obj_pwldr,247579.925802802,247579.925802802,0.042999982833862305,5.14300012588501
8,1,8,black_box,dr_pwldr,247613.44183774476,247613.44183774476,0.042999982833862305,5.14300012588501
8,1,8,black_box,reopt_pwldr,252130.71471270904,252130.71471270904,0.042999982833862305,5.14300012588501
8,1,8,local_search,obj_pwldr,247579.925802802,247579.925802802,0.042999982833862305,0.7409999370574951
8,1,8,local_search,dr_pwldr,247613.44183774476,247613.44183774476,0.042999982833862305,0.7409999370574951
8,1,8,local_search,reopt_pwldr,252130.71471270904,252130.71471270904,0.042999982833862305,0.7409999370574951
8,1,9,black_box,obj_pwldr,247579.925802802,247579.925802802,0.04799985885620117,5.648999929428101
8,1,9,black_box,dr_pwldr,247613.44183774476,247613.44183774476,0.04799985885620117,5.648999929428101
8,1,9,black_box,reopt_pwldr,252130.71471270904,252130.71471270904,0.04799985885620117,5.648999929428101
8,1,9,local_search,obj_pwldr,247579.925802802,247579.925802802,0.04799985885620117,0.998999834060669
8,1,9,local_search,dr_pwldr,247613.44183774476,247613.44183774476,0.04799985885620117,0.998999834060669
8,1,9,local_search,reopt_pwldr,252130.71471270904,252130.71471270904,0.04799985885620117,0.998999834060669
8,1,10,black_box,obj_pwldr,247579.925802802,247579.925802802,0.05500006675720215,6.463000059127808
8,1,10,black_box,dr_pwldr,247613.44183774476,247613.44183774476,0.05500006675720215,6.463000059127808
8,1,10,black_box,reopt_pwldr,252130.71471270904,252130.71471270904,0.05500006675720215,6.463000059127808
8,1,10,local_search,obj_pwldr,247579.925802802,247579.925802802,0.05500006675720215,1.0139999389648438
8,1,10,local_search,dr_pwldr,247613.44183774476,247613.44183774476,0.05500006675720215,1.0139999389648438
8,1,10,local_search,reopt_pwldr,252130.71471270904,252130.71471270904,0.05500006675720215,1.0139999389648438
8,2,1,black_box,obj_pwldr,247579.443741639,247575.9573912693,0.03299999237060547,3.13100004196167
8,2,1,black_box,dr_pwldr,247613.44183774476,247613.44183774476,0.03299999237060547,3.13100004196167
8,2,1,black_box,reopt_pwldr,252130.71471270904,252130.71471270904,0.03299999237060547,3.13100004196167
8,2,1,local_search,obj_pwldr,247579.443741639,247575.9573912693,0.03299999237060547,0.24600005149841309
8,2,1,local_search,dr_pwldr,247613.44183774476,247613.44183774476,0.03299999237060547,0.24600005149841309
8,2,1,local_search,reopt_pwldr,252130.71471270904,252130.71471270904,0.03299999237060547,0.24600005149841309
8,2,2,black_box,obj_pwldr,247581.45499457,247577.04083304806,0.03399991989135742,3.493000030517578
8,2,2,black_box,dr_pwldr,247613.44183774476,247613.44183774476,0.03399991989135742,3.493000030517578
8,2,2,black_box,reopt_pwldr,252130.71471270904,252130.71471270904,0.03399991989135742,3.493000030517578
8,2,2,local_search,obj_pwldr,247581.45499457,247577.04083304806,0.03399991989135742,0.29799985885620117
8,2,2,local_search,dr_pwldr,247613.44183774476,247613.44183774476,0.03399991989135742,0.29799985885620117
8,2,2,local_search,reopt_pwldr,252130.71471270904,252130.71471270904,0.03399991989135742,0.29799985885620117
8,2,3,black_box,obj_pwldr,247580.87087829248,247577.53630525852,0.04400014877319336,3.8480000495910645
8,2,3,black_box,dr_pwldr,247613.44183774476,247613.44183774476,0.04400014877319336,3.8480000495910645
8,2,3,black_box,reopt_pwldr,252130.71471270904,252130.71471270904,0.04400014877319336,3.8480000495910645
8,2,3,local_search,obj_pwldr,247580.87087829248,247577.53630525852,0.04400014877319336,0.4070000648498535
8,2,3,local_search,dr_pwldr,247613.44183774476,247613.44183774476,0.04400014877319336,0.4070000648498535
8,2,3,local_search,reopt_pwldr,252130.71471270904,252130.71471270904,0.04400014877319336,0.4070000648498535
8,2,4,black_box,obj_pwldr,247579.2289040317,247578.1961863502,0.04399991035461426,4.266999959945679
8,2,4,black_box,dr_pwldr,247613.44183774476,247613.44183774476,0.04399991035461426,4.266999959945679
8,2,4,black_box,reopt_pwldr,252130.71471270904,252130.71471270904,0.04399991035461426,4.266999959945679
8,2,4,local_search,obj_pwldr,247579.2289040317,247577.78535052206,0.04399991035461426,1.0969998836517334
8,2,4,local_search,dr_pwldr,247613.44183774476,247613.44183774476,0.04399991035461426,1.0969998836517334
8,2,4,local_search,reopt_pwldr,252130.71471270904,252130.71471270904,0.04399991035461426,1.0969998836517334
8,2,5,black_box,obj_pwldr,247581.51674194378,247577.98839157872,0.04799985885620117,4.694999933242798
8,2,5,black_box,dr_pwldr,247613.44183774476,247613.44183774476,0.04799985885620117,4.694999933242798
8,2,5,black_box,reopt_pwldr,252130.71471270904,252130.71471270904,0.04799985885620117,4.694999933242798
8,2,5,local_search,obj_pwldr,247581.51674194378,247577.98839157872,0.04799985885620117,0.5750000476837158
8,2,5,local_search,dr_pwldr,247613.44183774476,247613.44183774476,0.04799985885620117,0.5750000476837158
8,2,5,local_search,reopt_pwldr,252130.71471270904,252130.71471270904,0.04799985885620117,0.5750000476837158
8,2,6,black_box,obj_pwldr,247579.75097194678,247578.08001675684,0.04900002479553223,5.332000017166138
8,2,6,black_box,dr_pwldr,247613.44183774476,247613.44183774476,0.04900002479553223,5.332000017166138
8,2,6,black_box,reopt_pwldr,252130.71471270904,252130.71471270904,0.04900002479553223,5.332000017166138
8,2,6,local_search,obj_pwldr,247579.75097194678,247578.08001675684,0.04900002479553223,0.7000000476837158
8,2,6,local_search,dr_pwldr,247613.44183774476,247613.44183774476,0.04900002479553223,0.7000000476837158
8,2,6,local_search,reopt_pwldr,252130.71471270904,252130.71471270904,0.04900002479553223,0.7000000476837158
8,2,7,black_box,obj_pwldr,247581.02003624928,247578.86540370938,0.04699993133544922,5.677000045776367
8,2,7,black_box,dr_pwldr,247613.44183774476,247613.44183774476,0.04699993133544922,5.677000045776367
8,2,7,black_box,reopt_pwldr,252130.71471270904,252130.71471270904,0.04699993133544922,5.677000045776367
8,2,7,local_search,obj_pwldr,247581.02003624928,247578.85396332078,0.04699993133544922,1.2799999713897705
8,2,7,local_search,dr_pwldr,247613.44183774476,247613.44183774476,0.04699993133544922,1.2799999713897705
8,2,7,local_search,reopt_pwldr,252130.71471270904,252130.71471270904,0.04699993133544922,1.2799999713897705
8,2,8,black_box,obj_pwldr,247580.04615074038,247577.99305691695,0.05500006675720215,6.223999977111816
8,2,8,black_box,dr_pwldr,247613.44183774476,247613.44183774476,0.05500006675720215,6.223999977111816
8,2,8,black_box,reopt_pwldr,252130.71471270904,252130.71471270904,0.05500006675720215,6.223999977111816
8,2,8,local_search,obj_pwldr,247580.04615074038,247577.78015804285,0.05500006675720215,2.449000120162964
8,2,8,local_search,dr_pwldr,247613.44183774476,247613.44183774476,0.05500006675720215,2.449000120162964
8,2,8,local_search,reopt_pwldr,252130.71471270904,252130.71471270904,0.05500006675720215,2.449000120162964
8,2,9,black_box,obj_pwldr,247580.83825098805,247578.3346657127,0.06300020217895508,6.809000015258789
8,2,9,black_box,dr_pwldr,247613.44183774476,247613.44183774476,0.06300020217895508,6.809000015258789
8,2,9,black_box,reopt_pwldr,252130.71471270904,252130.71471270904,0.06300020217895508,6.809000015258789
8,2,9,local_search,obj_pwldr,247580.83825098805,247578.30537837313,0.06300020217895508,3.2889997959136963
8,2,9,local_search,dr_pwldr,247613.44183774476,247613.44183774476,0.06300020217895508,3.2889997959136963
8,2,9,local_search,reopt_pwldr,252130.71471270904,252130.71471270904,0.06300020217895508,3.2889997959136963
8,2,10,black_box,obj_pwldr,247580.76981577117,247579.15804235917,0.05499982833862305,7.924000024795532
8,2,10,black_box,dr_pwldr,247613.44183774476,247613.44183774476,0.05499982833862305,7.924000024795532
8,2,10,black_box,reopt_pwldr,252130.71471270904,252130.71471270904,0.05499982833862305,7.924000024795532
8,2,10,local_search,obj_pwldr,247580.76981577117,247578.26892998497,0.05499982833862305,6.408999919891357
8,2,10,local_search,dr_pwldr,247613.44183774476,247613.44183774476,0.05499982833862305,6.408999919891357
8,2,10,local_search,reopt_pwldr,252130.71471270904,252130.71471270904,0.05499982833862305,6.408999919891357
8,3,1,black_box,obj_pwldr,234062.09977775379,234058.20842729643,0.028999805450439453,3.0429999828338623
8,3,1,black_box,dr_pwldr,234222.25704203759,234219.4002553656,0.028999805450439453,3.0429999828338623
8,3,1,black_box,reopt_pwldr,226558.31505876884,226936.29237183568,0.028999805450439453,3.0429999828338623
8,3,1,local_search,obj_pwldr,234062.09977775379,234058.2084272964,0.028999805450439453,0.4569997787475586
8,3,1,local_search,dr_pwldr,234222.25704203759,234219.40025536556,0.028999805450439453,0.4569997787475586
8,3,1,local_search,reopt_pwldr,226558.31505876884,226936.29237183562,0.028999805450439453,0.4569997787475586
8,3,2,black_box,obj_pwldr,235565.88161554502,234000.42973530767,0.03300023078918457,4.079999923706055
8,3,2,black_box,dr_pwldr,235678.24958090734,234160.46566155643,0.03300023078918457,4.079999923706055
8,3,2,black_box,reopt_pwldr,235082.09092268941,226539.7119029456,0.03300023078918457,4.079999923706055
8,3,2,local_search,obj_pwldr,235565.88161554502,234000.42973530767,0.03300023078918457,0.3660001754760742
8,3,2,local_search,dr_pwldr,235678.24958090734,234160.46566155643,0.03300023078918457,0.3660001754760742
8,3,2,local_search,reopt_pwldr,235082.09092268941,226539.7119029456,0.03300023078918457,0.3660001754760742
8,3,3,black_box,obj_pwldr,234036.87956778426,233998.64962183408,0.032000064849853516,3.934000015258789
8,3,3,black_box,dr_pwldr,234199.40668848174,234156.93289904908,0.032000064849853516,3.934000015258789
8,3,3,black_box,reopt_pwldr,226558.3150587688,226945.21476543928,0.032000064849853516,3.934000015258789
8,3,3,local_search,obj_pwldr,234036.87956778426,233998.64962183408,0.032000064849853516,0.7400000095367432
8,3,3,local_search,dr_pwldr,234199.40668848174,234156.93289904908,0.032000064849853516,0.7400000095367432
8,3,3,local_search,reopt_pwldr,226558.3150587688,226945.21476543928,0.032000064849853516,0.7400000095367432
8,3,4,black_box,obj_pwldr,234528.32369514595,234000.88692228403,0.0409998893737793,4.396000146865845
8,3,4,black_box,dr_pwldr,234675.76618397803,234163.22854269666,0.0409998893737793,4.396000146865845
8,3,4,black_box,reopt_pwldr,231672.36616468563,227134.5859579603,0.0409998893737793,4.396000146865845
8,3,4,local_search,obj_pwldr,234528.32369514595,233996.0013169927,0.0409998893737793,2.7289998531341553
8,3,4,local_search,dr_pwldr,234675.76618397803,234158.83657842525,0.0409998893737793,2.7289998531341553
8,3,4,local_search,reopt_pwldr,231672.36616468563,226614.78337536345,0.0409998893737793,2.7289998531341553
8,3,5,black_box,obj_pwldr,234008.2041434349,233996.65705752152,0.059999942779541016,4.812000036239624
8,3,5,black_box,dr_pwldr,234169.2010174003,234157.18133866196,0.059999942779541016,4.812000036239624
8,3,5,black_box,reopt_pwldr,226558.31505876884,226858.24090007567,0.059999942779541016,4.812000036239624
8,3,5,local_search,obj_pwldr,234008.2041434349,233996.65705752152,0.059999942779541016,1.1040000915527344
8,3,5,local_search,dr_pwldr,234169.2010174003,234157.18133866196,0.059999942779541016,1.1040000915527344
8,3,5,local_search,reopt_pwldr,226558.31505876884,226858.24090007567,0.059999942779541016,1.1040000915527344
8,3,6,black_box,obj_pwldr,234243.4267268708,233995.75159536864,0.04500007629394531,5.249000072479248
8,3,6,black_box,dr_pwldr,234399.40897507974,234157.48409582465,0.04500007629394531,5.249000072479248
8,3,6,black_box,reopt_pwldr,230211.05555411213,227108.27462630242,0.04500007629394531,5.249000072479248
8,3,6,local_search,obj_pwldr,234243.4267268708,233995.19550171413,0.04500007629394531,1.1459999084472656
8,3,6,local_search,dr_pwldr,234399.40897507974,234156.84410661287,0.04500007629394531,1.1459999084472656
8,3,6,local_search,reopt_pwldr,230211.05555411213,226745.98019706862,0.04500007629394531,1.1459999084472656
8,3,7,black_box,obj_pwldr,234000.6683180467,233996.13793040675,0.040000200271606445,5.656999826431274
8,3,7,black_box,dr_pwldr,234160.37802565022,234156.67590617333,0.040000200271606445,5.656999826431274
8,3,7,black_box,reopt_pwldr,226558.31505876884,226808.84178445957,0.040000200271606445,5.656999826431274
8,3,7,local_search,obj_pwldr,234000.6683180467,233996.13793040675,0.040000200271606445,0.7920000553131104
8,3,7,local_search,dr_pwldr,234160.37802565022,234156.67590617333,0.040000200271606445,0.7920000553131104
8,3,7,local_search,reopt_pwldr,226558.31505876884,226808.84178445957,0.040000200271606445,0.7920000553131104
8,3,8,black_box,obj_pwldr,234139.5239321354,233995.67661663186,0.04999995231628418,6.199999809265137
8,3,8,black_box,dr_pwldr,234298.71246515177,234157.6188972766,0.04999995231628418,6.199999809265137
8,3,8,black_box,reopt_pwldr,229399.21632601603,226668.5551338169,0.04999995231628418,6.199999809265137
8,3,8,local_search,obj_pwldr,234139.5239321354,233995.1666846583,0.04999995231628418,1.5769999027252197
8,3,8,local_search,dr_pwldr,234298.71246515177,234156.5156602799,0.04999995231628418,1.5769999027252197
8,3,8,local_search,reopt_pwldr,229399.21632601603,226948.08612423594,0.04999995231628418,1.5769999027252197
8,3,9,black_box,obj_pwldr,234003.2968514533,233994.82204184905,0.08300018310546875,7.043999910354614
8,3,9,black_box,dr_pwldr,234164.49725209642,234156.12832085654,0.08300018310546875,7.043999910354614
8,3,9,black_box,reopt_pwldr,226558.3150587688,226833.1592640947,0.08300018310546875,7.043999910354614
8,3,9,local_search,obj_pwldr,234003.2968514533,233994.82204184902,0.08300018310546875,1.9639999866485596
8,3,9,local_search,dr_pwldr,234164.49725209642,234156.12832085651,0.08300018310546875,1.9639999866485596
8,3,9,local_search,reopt_pwldr,226558.3150587688,226833.1592640947,0.08300018310546875,1.9639999866485596
8,3,10,black_box,obj_pwldr,234087.91841855654,233994.0895839015,0.06599998474121094,7.2790000438690186
8,3,10,black_box,dr_pwldr,234249.05327209862,234156.26496067434,0.06599998474121094,7.2790000438690186
8,3,10,black_box,reopt_pwldr,228882.59136268203,226797.08975373415,0.06599998474121094,7.2790000438690186
8,3,10,local_search,obj_pwldr,234087.91841855654,233994.08958390154,0.06599998474121094,1.2799999713897705
8,3,10,local_search,dr_pwldr,234249.05327209862,234156.26496067434,0.06599998474121094,1.2799999713897705
8,3,10,local_search,reopt_pwldr,228882.59136268203,226797.08975373418,0.06599998474121094,1.2799999713897705
8,4,1,black_box,obj_pwldr,228147.28733842628,228142.71383740363,0.029000043869018555,2.992000102996826
8,4,1,black_box,dr_pwldr,228606.85199532242,228582.60500055994,0.029000043869018555,2.992000102996826
8,4,1,black_box,reopt_pwldr,224187.51481495262,224617.12641236695,0.029000043869018555,2.992000102996826
8,4,1,local_search,obj_pwldr,228147.28733842628,228142.71383740363,0.029000043869018555,0.24900007247924805
8,4,1,local_search,dr_pwldr,228606.85199532242,228582.60500055994,0.029000043869018555,0.24900007247924805
8,4,1,local_search,reopt_pwldr,224187.51481495262,224617.12641236695,0.029000043869018555,0.24900007247924805
8,4,2,black_box,obj_pwldr,231015.39350500857,227970.7281944296,0.029000043869018555,3.496000051498413
8,4,2,black_box,dr_pwldr,231226.59832390692,228431.74846515327,0.029000043869018555,3.496000051498413
8,4,2,black_box,reopt_pwldr,233499.9875391695,224390.32225009502,0.029000043869018555,3.496000051498413
8,4,2,local_search,obj_pwldr,231015.39350500857,227970.7281944296,0.029000043869018555,0.309999942779541
8,4,2,local_search,dr_pwldr,231226.59832390692,228431.74846515327,0.029000043869018555,0.309999942779541
8,4,2,local_search,reopt_pwldr,233499.9875391695,224390.32225009502,0.029000043869018555,0.309999942779541
8,4,3,black_box,obj_pwldr,227974.9979377853,227984.5749927362,0.03800010681152344,3.992000102996826
8,4,3,black_box,dr_pwldr,228445.63017492622,228408.42272137073,0.03800010681152344,3.992000102996826
8,4,3,black_box,reopt_pwldr,224187.51481495262,225003.7202930057,0.03800010681152344,3.992000102996826
8,4,3,local_search,obj_pwldr,227974.9979377853,227968.15426880502,0.03800010681152344,0.6410000324249268
8,4,3,local_search,dr_pwldr,228445.63017492622,228432.89269441948,0.03800010681152344,0.6410000324249268
8,4,3,local_search,reopt_pwldr,224187.51481495262,224308.79324252086,0.03800010681152344,0.6410000324249268
8,4,4,black_box,obj_pwldr,229076.19132203507,227966.70144831442,0.03699994087219238,4.43500018119812
8,4,4,black_box,dr_pwldr,229346.8506349255,228431.2385478613,0.03699994087219238,4.43500018119812
8,4,4,black_box,reopt_pwldr,229773.84210446096,224332.6391165519,0.03699994087219238,4.43500018119812
8,4,4,local_search,obj_pwldr,229076.19132203507,227966.70144831442,0.03699994087219238,0.4550001621246338
8,4,4,local_search,dr_pwldr,229346.8506349255,228431.2385478613,0.03699994087219238,0.4550001621246338
8,4,4,local_search,reopt_pwldr,229773.84210446096,224332.6391165519,0.03699994087219238,0.4550001621246338
8,4,5,black_box,obj_pwldr,227973.7866111364,227966.70999853165,0.037999868392944336,4.9079999923706055
8,4,5,black_box,dr_pwldr,228448.71044969678,228420.16411882156,0.037999868392944336,4.9079999923706055
8,4,5,black_box,reopt_pwldr,224187.51481495253,224543.52278131223,0.037999868392944336,4.9079999923706055
8,4,5,local_search,obj_pwldr,227973.7866111364,227966.70999853165,0.037999868392944336,0.5690000057220459
8,4,5,local_search,dr_pwldr,228448.71044969678,228420.16411882156,0.037999868392944336,0.5690000057220459
8,4,5,local_search,reopt_pwldr,224187.51481495253,224543.52278131223,0.037999868392944336,0.5690000057220459
8,4,6,black_box,obj_pwldr,228508.26081650204,227966.70220914698,0.042999982833862305,5.35699987411499
8,4,6,black_box,dr_pwldr,228811.6355576016,228426.384584333,0.042999982833862305,5.35699987411499
8,4,6,black_box,reopt_pwldr,228176.9226324436,224417.67776330144,0.042999982833862305,5.35699987411499
8,4,6,local_search,obj_pwldr,228508.26081650204,227966.70220914696,0.042999982833862305,1.372999906539917
8,4,6,local_search,dr_pwldr,228811.6355576016,228426.38458433296,0.042999982833862305,1.372999906539917
8,4,6,local_search,reopt_pwldr,228176.9226324436,224417.67776330138,0.042999982833862305,1.372999906539917
8,4,7,black_box,obj_pwldr,227976.61858703246,227965.66956077077,0.06100010871887207,5.896999835968018
8,4,7,black_box,dr_pwldr,228445.63017492616,228419.27828784435,0.06100010871887207,5.896999835968018
8,4,7,black_box,reopt_pwldr,224187.51481495253,224603.0551437754,0.06100010871887207,5.896999835968018
8,4,7,local_search,obj_pwldr,227976.61858703246,227965.25273616266,0.06100010871887207,1.1460001468658447
8,4,7,local_search,dr_pwldr,228445.63017492616,228437.74224626686,0.06100010871887207,1.1460001468658447
8,4,7,local_search,reopt_pwldr,224187.51481495253,224254.9181802548,0.06100010871887207,1.1460001468658447
8,4,8,black_box,obj_pwldr,228292.10381905554,227965.5821691882,0.04900002479553223,6.707000017166138
8,4,8,black_box,dr_pwldr,228619.57206029232,228423.20848360565,0.04900002479553223,6.707000017166138
8,4,8,black_box,reopt_pwldr,227289.74514798928,224518.97895050765,0.04900002479553223,6.707000017166138
8,4,8,local_search,obj_pwldr,228292.10381905554,227965.5821691884,0.04900002479553223,1.123999834060669
8,4,8,local_search,dr_pwldr,228619.57206029232,228423.20848360582,0.04900002479553223,1.123999834060669
8,4,8,local_search,reopt_pwldr,227289.74514798928,224518.97895050782,0.04900002479553223,1.123999834060669
8,4,9,black_box,obj_pwldr,227970.16706674654,227967.5840788181,0.06299996376037598,7.14900016784668
8,4,9,black_box,dr_pwldr,228441.7916300888,228428.92593657912,0.06299996376037598,7.14900016784668
8,4,9,black_box,reopt_pwldr,224187.51481495253,224412.7201463644,0.06299996376037598,7.14900016784668
8,4,9,local_search,obj_pwldr,227970.16706674654,227967.5840788181,0.06299996376037598,1.0870001316070557
8,4,9,local_search,dr_pwldr,228441.7916300888,228428.92593657912,0.06299996376037598,1.0870001316070557
8,4,9,local_search,reopt_pwldr,224187.51481495253,224412.7201463644,0.06299996376037598,1.0870001316070557
8,4,10,black_box,obj_pwldr,228175.56392659794,227966.19525339906,0.06200003623962402,7.553999900817871
8,4,10,black_box,dr_pwldr,228521.69585144584,228428.73645228284,0.06200003623962402,7.553999900817871
8,4,10,black_box,reopt_pwldr,226725.54758285987,224378.09062920406,0.06200003623962402,7.553999900817871
8,4,10,local_search,obj_pwldr,228175.56392659794,227966.195253399,0.06200003623962402,2.5160000324249268
8,4,10,local_search,dr_pwldr,228521.69585144584,228428.73645228273,0.06200003623962402,2.5160000324249268
8,4,10,local_search,reopt_pwldr,226725.54758285987,224378.090629204,0.06200003623962402,2.5160000324249268
8,5,1,black_box,obj_pwldr,247581.79818833503,247575.88796250944,0.029000043869018555,2.934000015258789
8,5,1,black_box,dr_pwldr,247613.44183774476,247613.44183774476,0.029000043869018555,2.934000015258789
8,5,1,black_box,reopt_pwldr,252130.71471270904,252130.71471270904,0.029000043869018555,2.934000015258789
8,5,1,local_search,obj_pwldr,247581.79818833503,247575.88796250944,0.029000043869018555,0.2709999084472656
8,5,1,local_search,dr_pwldr,247613.44183774476,247613.44183774476,0.029000043869018555,0.2709999084472656
8,5,1,local_search,reopt_pwldr,252130.71471270904,252130.71471270904,0.029000043869018555,0.2709999084472656
8,5,2,black_box,obj_pwldr,247579.10859976866,247576.0292990987,0.040000200271606445,3.4210000038146973
8,5,2,black_box,dr_pwldr,247613.44183774476,247613.44183774476,0.040000200271606445,3.4210000038146973
8,5,2,black_box,reopt_pwldr,252130.71471270904,252130.71471270904,0.040000200271606445,3.4210000038146973
8,5,2,local_search,obj_pwldr,247579.10859976866,247575.75476151364,0.040000200271606445,0.500999927520752
8,5,2,local_search,dr_pwldr,247613.44183774476,247613.44183774476,0.040000200271606445,0.500999927520752
8,5,2,local_search,reopt_pwldr,252130.71471270904,252130.71471270904,0.040000200271606445,0.500999927520752
8,5,3,black_box,obj_pwldr,247580.1698860025,247574.6877898483,0.03399991989135742,3.924999952316284
8,5,3,black_box,dr_pwldr,247613.44183774476,247613.44183774476,0.03399991989135742,3.924999952316284
8,5,3,black_box,reopt_pwldr,252130.71471270904,252130.71471270904,0.03399991989135742,3.924999952316284
8,5,3,local_search,obj_pwldr,247580.1698860025,247574.6877898483,0.03399991989135742,0.3880000114440918
8,5,3,local_search,dr_pwldr,247613.44183774476,247613.44183774476,0.03399991989135742,0.3880000114440918
8,5,3,local_search,reopt_pwldr,252130.71471270904,252130.71471270904,0.03399991989135742,0.3880000114440918
8,5,4,black_box,obj_pwldr,247578.1730356252,247576.2001938335,0.0559999942779541,4.4029998779296875
8,5,4,black_box,dr_pwldr,247613.44183774476,247613.44183774476,0.0559999942779541,4.4029998779296875
8,5,4,black_box,reopt_pwldr,252130.71471270904,252130.71471270904,0.0559999942779541,4.4029998779296875
8,5,4,local_search,obj_pwldr,247578.1730356252,247576.2001938335,0.0559999942779541,0.4700000286102295
8,5,4,local_search,dr_pwldr,247613.44183774476,247613.44183774476,0.0559999942779541,0.4700000286102295
8,5,4,local_search,reopt_pwldr,252130.71471270904,252130.71471270904,0.0559999942779541,0.4700000286102295
8,5,5,black_box,obj_pwldr,247580.76163349487,247576.84315666434,0.04699993133544922,4.926000118255615
8,5,5,black_box,dr_pwldr,247613.44183774476,247613.44183774476,0.04699993133544922,4.926000118255615
8,5,5,black_box,reopt_pwldr,252130.71471270904,252130.71471270904,0.04699993133544922,4.926000118255615
8,5,5,local_search,obj_pwldr,247580.76163349487,247576.84315666434,0.04699993133544922,1.1460001468658447
8,5,5,local_search,dr_pwldr,247613.44183774476,247613.44183774476,0.04699993133544922,1.1460001468658447
8,5,5,local_search,reopt_pwldr,252130.71471270904,252130.71471270904,0.04699993133544922,1.1460001468658447
8,5,6,black_box,obj_pwldr,247580.36937166136,247576.59386225484,0.04200005531311035,5.453999996185303
8,5,6,black_box,dr_pwldr,247613.44183774476,247613.44183774476,0.04200005531311035,5.453999996185303
8,5,6,black_box,reopt_pwldr,252130.71471270904,252130.71471270904,0.04200005531311035,5.453999996185303
8,5,6,local_search,obj_pwldr,247580.36937166136,247576.59386225484,0.04200005531311035,0.6710000038146973
8,5,6,local_search,dr_pwldr,247613.44183774476,247613.44183774476,0.04200005531311035,0.6710000038146973
8,5,6,local_search,reopt_pwldr,252130.71471270904,252130.71471270904,0.04200005531311035,0.6710000038146973
8,5,7,black_box,obj_pwldr,247579.882663219,247576.65678596817,0.04500007629394531,5.885999917984009
8,5,7,black_box,dr_pwldr,247613.44183774476,247613.44183774476,0.04500007629394531,5.885999917984009
8,5,7,black_box,reopt_pwldr,252130.71471270904,252130.71471270904,0.04500007629394531,5.885999917984009
8,5,7,local_search,obj_pwldr,247579.882663219,247576.65678596817,0.04500007629394531,0.755000114440918
8,5,7,local_search,dr_pwldr,247613.44183774476,247613.44183774476,0.04500007629394531,0.755000114440918
8,5,7,local_search,reopt_pwldr,252130.71471270904,252130.71471270904,0.04500007629394531,0.755000114440918
8,5,8,black_box,obj_pwldr,247580.25477457355,247577.64003204482,0.06099987030029297,6.818000078201294
8,5,8,black_box,dr_pwldr,247613.44183774476,247613.44183774476,0.06099987030029297,6.818000078201294
8,5,8,black_box,reopt_pwldr,252130.71471270904,252130.71471270904,0.06099987030029297,6.818000078201294
8,5,8,local_search,obj_pwldr,247580.25477457355,247577.64003204482,0.06099987030029297,1.0390000343322754
8,5,8,local_search,dr_pwldr,247613.44183774476,247613.44183774476,0.06099987030029297,1.0390000343322754
8,5,8,local_search,reopt_pwldr,252130.71471270904,252130.71471270904,0.06099987030029297,1.0390000343322754
8,5,9,black_box,obj_pwldr,247579.54782436532,247576.68932311554,0.04999995231628418,7.253000020980835
8,5,9,black_box,dr_pwldr,247613.44183774476,247613.44183774476,0.04999995231628418,7.253000020980835
8,5,9,black_box,reopt_pwldr,252130.71471270904,252130.71471270904,0.04999995231628418,7.253000020980835
8,5,9,local_search,obj_pwldr,247579.54782436532,247576.68932311554,0.04999995231628418,1.123000144958496
8,5,9,local_search,dr_pwldr,247613.44183774476,247613.44183774476,0.04999995231628418,1.123000144958496
8,5,9,local_search,reopt_pwldr,252130.71471270904,252130.71471270904,0.04999995231628418,1.123000144958496
8,5,10,black_box,obj_pwldr,247579.4002439464,247576.77209168393,0.06399989128112793,7.645999908447266
8,5,10,black_box,dr_pwldr,247613.44183774476,247613.44183774138,0.06399989128112793,7.645999908447266
8,5,10,black_box,reopt_pwldr,252130.71471270904,252130.7147127055,0.06399989128112793,7.645999908447266
8,5,10,local_search,obj_pwldr,247579.4002439464,247576.77209168486,0.06399989128112793,1.2989997863769531
8,5,10,local_search,dr_pwldr,247613.44183774476,247613.4418377426,0.06399989128112793,1.2989997863769531
8,5,10,local_search,reopt_pwldr,252130.71471270904,252130.7147127068,0.06399989128112793,1.2989997863769531
8,6,1,black_box,obj_pwldr,247579.925802802,247579.925802802,0.03500008583068848,2.953000068664551
8,6,1,black_box,dr_pwldr,247613.44183774476,247613.44183774476,0.03500008583068848,2.953000068664551
8,6,1,black_box,reopt_pwldr,252130.71471270904,252130.71471270904,0.03500008583068848,2.953000068664551
8,6,1,local_search,obj_pwldr,247579.925802802,247579.925802802,0.03500008583068848,0.24499988555908203
8,6,1,local_search,dr_pwldr,247613.44183774476,247613.44183774476,0.03500008583068848,0.24499988555908203
8,6,1,local_search,reopt_pwldr,252130.71471270904,252130.71471270904,0.03500008583068848,0.24499988555908203
8,6,2,black_box,obj_pwldr,247579.925802802,247579.925802802,0.04399991035461426,3.389000177383423
8,6,2,black_box,dr_pwldr,247613.44183774476,247613.44183774476,0.04399991035461426,3.389000177383423
8,6,2,black_box,reopt_pwldr,252130.71471270904,252130.71471270904,0.04399991035461426,3.389000177383423
8,6,2,local_search,obj_pwldr,247579.925802802,247579.925802802,0.04399991035461426,0.29400014877319336
8,6,2,local_search,dr_pwldr,247613.44183774476,247613.44183774476,0.04399991035461426,0.29400014877319336
8,6,2,local_search,reopt_pwldr,252130.71471270904,252130.71471270904,0.04399991035461426,0.29400014877319336
8,6,3,black_box,obj_pwldr,247579.925802802,247579.925802802,0.04799985885620117,3.888000011444092
8,6,3,black_box,dr_pwldr,247613.44183774476,247613.44183774476,0.04799985885620117,3.888000011444092
8,6,3,black_box,reopt_pwldr,252130.71471270904,252130.71471270904,0.04799985885620117,3.888000011444092
8,6,3,local_search,obj_pwldr,247579.925802802,247579.925802802,0.04799985885620117,0.372999906539917
8,6,3,local_search,dr_pwldr,247613.44183774476,247613.44183774476,0.04799985885620117,0.372999906539917
8,6,3,local_search,reopt_pwldr,252130.71471270904,252130.71471270904,0.04799985885620117,0.372999906539917
8,6,4,black_box,obj_pwldr,247579.925802802,247579.925802802,0.03699994087219238,4.266999959945679
8,6,4,black_box,dr_pwldr,247613.44183774476,247613.44183774476,0.03699994087219238,4.266999959945679
8,6,4,black_box,reopt_pwldr,252130.71471270904,252130.71471270904,0.03699994087219238,4.266999959945679
8,6,4,local_search,obj_pwldr,247579.925802802,247579.925802802,0.03699994087219238,0.46699976921081543
8,6,4,local_search,dr_pwldr,247613.44183774476,247613.44183774476,0.03699994087219238,0.46699976921081543
8,6,4,local_search,reopt_pwldr,252130.71471270904,252130.71471270904,0.03699994087219238,0.46699976921081543
8,6,5,black_box,obj_pwldr,247579.925802802,247579.925802802,0.039999961853027344,4.807999849319458
8,6,5,black_box,dr_pwldr,247613.44183774476,247613.44183774476,0.039999961853027344,4.807999849319458
8,6,5,black_box,reopt_pwldr,252130.71471270904,252130.71471270904,0.039999961853027344,4.807999849319458
8,6,5,local_search,obj_pwldr,247579.925802802,247579.925802802,0.039999961853027344,0.5349998474121094
8,6,5,local_search,dr_pwldr,247613.44183774476,247613.44183774476,0.039999961853027344,0.5349998474121094
8,6,5,local_search,reopt_pwldr,252130.71471270904,252130.71471270904,0.039999961853027344,0.5349998474121094
8,6,6,black_box,obj_pwldr,247579.925802802,247579.925802802,0.0409998893737793,5.2170000076293945
8,6,6,black_box,dr_pwldr,247613.44183774476,247613.44183774476,0.0409998893737793,5.2170000076293945
8,6,6,black_box,reopt_pwldr,252130.71471270904,252130.71471270904,0.0409998893737793,5.2170000076293945
8,6,6,local_search,obj_pwldr,247579.925802802,247579.925802802,0.0409998893737793,0.6150000095367432
8,6,6,local_search,dr_pwldr,247613.44183774476,247613.44183774476,0.0409998893737793,0.6150000095367432
8,6,6,local_search,reopt_pwldr,252130.71471270904,252130.71471270904,0.0409998893737793,0.6150000095367432
8,6,7,black_box,obj_pwldr,247579.925802802,247579.925802802,0.0410001277923584,5.750999927520752
8,6,7,black_box,dr_pwldr,247613.44183774476,247613.44183774476,0.0410001277923584,5.750999927520752
8,6,7,black_box,reopt_pwldr,252130.71471270904,252130.71471270904,0.0410001277923584,5.750999927520752
8,6,7,local_search,obj_pwldr,247579.925802802,247579.925802802,0.0410001277923584,0.7869999408721924
8,6,7,local_search,dr_pwldr,247613.44183774476,247613.44183774476,0.0410001277923584,0.7869999408721924
8,6,7,local_search,reopt_pwldr,252130.71471270904,252130.71471270904,0.0410001277923584,0.7869999408721924
8,6,8,black_box,obj_pwldr,247579.925802802,247579.925802802,0.04399991035461426,6.315000057220459
8,6,8,black_box,dr_pwldr,247613.44183774476,247613.44183774476,0.04399991035461426,6.315000057220459
8,6,8,black_box,reopt_pwldr,252130.71471270904,252130.71471270904,0.04399991035461426,6.315000057220459
8,6,8,local_search,obj_pwldr,247579.925802802,247579.925802802,0.04399991035461426,1.0439999103546143
8,6,8,local_search,dr_pwldr,247613.44183774476,247613.44183774476,0.04399991035461426,1.0439999103546143
8,6,8,local_search,reopt_pwldr,252130.71471270904,252130.71471270904,0.04399991035461426,1.0439999103546143
8,6,9,black_box,obj_pwldr,247579.925802802,247579.925802802,0.07299995422363281,7.187999963760376
8,6,9,black_box,dr_pwldr,247613.44183774476,247613.44183774476,0.07299995422363281,7.187999963760376
8,6,9,black_box,reopt_pwldr,252130.71471270904,252130.71471270904,0.07299995422363281,7.187999963760376
8,6,9,local_search,obj_pwldr,247579.925802802,247579.925802802,0.07299995422363281,0.9939999580383301
8,6,9,local_search,dr_pwldr,247613.44183774476,247613.44183774476,0.07299995422363281,0.9939999580383301
8,6,9,local_search,reopt_pwldr,252130.71471270904,252130.71471270904,0.07299995422363281,0.9939999580383301
8,6,10,black_box,obj_pwldr,247579.925802802,247579.925802802,0.06299996376037598,7.36299991607666
8,6,10,black_box,dr_pwldr,247613.44183774476,247613.44183774476,0.06299996376037598,7.36299991607666
8,6,10,black_box,reopt_pwldr,252130.71471270904,252130.71471270904,0.06299996376037598,7.36299991607666
8,6,10,local_search,obj_pwldr,247579.925802802,247579.925802802,0.06299996376037598,1.2359998226165771
8,6,10,local_search,dr_pwldr,247613.44183774476,247613.44183774476,0.06299996376037598,1.2359998226165771
8,6,10,local_search,reopt_pwldr,252130.71471270904,252130.71471270904,0.06299996376037598,1.2359998226165771
8,7,1,black_box,obj_pwldr,232774.6362581619,232773.11048541198,0.03800010681152344,5.3399999141693115
8,7,1,black_box,dr_pwldr,233127.75816032564,233130.94649272424,0.03800010681152344,5.3399999141693115
8,7,1,black_box,reopt_pwldr,222631.68066721025,222471.06096544262,0.03800010681152344,5.3399999141693115
8,7,1,local_search,obj_pwldr,232774.6362581619,232773.11048541198,0.03800010681152344,0.24599981307983398
8,7,1,local_search,dr_pwldr,233127.75816032564,233130.94649272424,0.03800010681152344,0.24599981307983398
8,7,1,local_search,reopt_pwldr,222631.68066721025,222471.06096544262,0.03800010681152344,0.24599981307983398
8,7,2,black_box,obj_pwldr,233409.13587003938,232773.86055778852,0.08500003814697266,12.65499997138977
8,7,2,black_box,dr_pwldr,233654.7651097118,233122.01100370765,0.08500003814697266,12.65499997138977
8,7,2,black_box,reopt_pwldr,232461.73453756832,222945.24467417624,0.08500003814697266,12.65499997138977
8,7,2,local_search,obj_pwldr,233409.13587003938,232773.86055778852,0.08500003814697266,1.2060000896453857
8,7,2,local_search,dr_pwldr,233654.7651097118,233122.01100370765,0.08500003814697266,1.2060000896453857
8,7,2,local_search,reopt_pwldr,232461.73453756832,222945.24467417624,0.08500003814697266,1.2060000896453857
8,7,3,black_box,obj_pwldr,232776.00677182546,232771.35424580175,0.12600016593933105,22.28500008583069
8,7,3,black_box,dr_pwldr,233127.75816032564,233116.4752795344,0.12600016593933105,22.28500008583069
8,7,3,black_box,reopt_pwldr,222631.68066721025,223347.83748832715,0.12600016593933105,22.28500008583069
8,7,3,local_search,obj_pwldr,232776.00677182546,232771.35424580183,0.12600016593933105,2.319000005722046
8,7,3,local_search,dr_pwldr,233127.75816032564,233116.47527953444,0.12600016593933105,2.319000005722046
8,7,3,local_search,reopt_pwldr,222631.68066721025,223347.8374883272,0.12600016593933105,2.319000005722046
8,7,4,black_box,obj_pwldr,232916.15535951554,232772.90565037876,0.18000006675720215,32.6560001373291
8,7,4,black_box,dr_pwldr,233194.63689780774,233117.64208161947,0.18000006675720215,32.6560001373291
8,7,4,black_box,reopt_pwldr,228527.93850254072,223213.48240315734,0.18000006675720215,32.6560001373291
8,7,4,local_search,obj_pwldr,232916.15535951554,232772.90565037873,0.18000006675720215,6.539000034332275
8,7,4,local_search,dr_pwldr,233194.63689780774,233117.64208161947,0.18000006675720215,6.539000034332275
8,7,4,local_search,reopt_pwldr,228527.93850254072,223213.48240315734,0.18000006675720215,6.539000034332275
8,7,5,black_box,obj_pwldr,232775.1544294544,232773.04038968965,0.2089998722076416,42.906999826431274
8,7,5,black_box,dr_pwldr,233127.7581603257,233124.23833595164,0.2089998722076416,42.906999826431274
8,7,5,black_box,reopt_pwldr,222631.68066721025,222862.97302501308,0.2089998722076416,42.906999826431274
8,7,5,local_search,obj_pwldr,232775.1544294544,232771.60057176763,0.2089998722076416,10.99400019645691
8,7,5,local_search,dr_pwldr,233127.7581603257,233124.38246537987,0.2089998722076416,10.99400019645691
8,7,5,local_search,reopt_pwldr,222631.68066721025,222854.8477395899,0.2089998722076416,10.99400019645691
8,7,6,black_box,obj_pwldr,232833.93849216442,232774.17350282642,0.2760000228881836,54.21199989318848
8,7,6,black_box,dr_pwldr,233123.10817401824,233123.7549744374,0.2760000228881836,54.21199989318848
8,7,6,black_box,reopt_pwldr,226842.27989502857,222846.865976498,0.2760000228881836,54.21199989318848
8,7,6,local_search,obj_pwldr,232833.93849216442,232774.17350282642,0.2760000228881836,6.788000106811523
8,7,6,local_search,dr_pwldr,233123.10817401824,233123.7549744374,0.2760000228881836,6.788000106811523
8,7,6,local_search,reopt_pwldr,226842.27989502857,222846.865976498,0.2760000228881836,6.788000106811523
8,7,7,black_box,obj_pwldr,232776.18418753808,232773.2291480361,0.38700008392333984,64.93400001525879
8,7,7,black_box,dr_pwldr,233127.75816032564,233133.6789330886,0.38700008392333984,64.93400001525879
8,7,7,black_box,reopt_pwldr,222631.68066721025,222373.11669184788,0.38700008392333984,64.93400001525879
8,7,7,local_search,obj_pwldr,232776.18418753808,232772.53387117398,0.38700008392333984,18.009000062942505
8,7,7,local_search,dr_pwldr,233127.75816032564,233119.97959059186,0.38700008392333984,18.009000062942505
8,7,7,local_search,reopt_pwldr,222631.68066721025,223102.72713686927,0.38700008392333984,18.009000062942505
8,7,8,black_box,obj_pwldr,232807.39661340852,232774.4651213105,0.43199992179870605,76.60399985313416
8,7,8,black_box,dr_pwldr,233105.71418892767,233129.00709544413,0.43199992179870605,76.60399985313416
8,7,8,black_box,reopt_pwldr,225906.59117773548,222565.0099027201,0.43199992179870605,76.60399985313416
8,7,8,local_search,obj_pwldr,232807.39661340852,232774.22383146186,0.43199992179870605,16.96500015258789
8,7,8,local_search,dr_pwldr,233105.71418892767,233122.9968065362,0.43199992179870605,16.96500015258789
8,7,8,local_search,reopt_pwldr,225906.59117773548,222889.63479677684,0.43199992179870605,16.96500015258789
8,7,9,black_box,obj_pwldr,232776.25853424505,232773.81754825724,0.5439999103546143,88.40000009536743
8,7,9,black_box,dr_pwldr,233127.75816032564,233122.1488159212,0.5439999103546143,88.40000009536743
8,7,9,black_box,reopt_pwldr,222631.68066721025,222961.4800045165,0.5439999103546143,88.40000009536743
8,7,9,local_search,obj_pwldr,232776.25853424505,232773.8175482576,0.5439999103546143,13.960000038146973
8,7,9,local_search,dr_pwldr,233127.75816032564,233122.14881592142,0.5439999103546143,13.960000038146973
8,7,9,local_search,reopt_pwldr,222631.68066721025,222961.48000451684,0.5439999103546143,13.960000038146973
8,7,10,black_box,obj_pwldr,232795.35246675304,232774.24991536877,0.5529999732971191,99.24000000953674
8,7,10,black_box,dr_pwldr,233101.06321153053,233121.18695803694,0.5529999732971191,99.24000000953674
8,7,10,black_box,reopt_pwldr,225311.1529030947,223083.07860065356,0.5529999732971191,99.24000000953674
8,7,10,local_search,obj_pwldr,232795.35246675304,232772.89378608807,0.5529999732971191,52.04900002479553
8,7,10,local_search,dr_pwldr,233101.06321153053,233124.66248105525,0.5529999732971191,52.04900002479553
8,7,10,local_search,reopt_pwldr,225311.1529030947,222817.7461588762,0.5529999732971191,52.04900002479553
8,8,1,black_box,obj_pwldr,247582.2051503402,247575.662609447,0.0279998779296875,7.572999954223633
8,8,1,black_box,dr_pwldr,247613.44183774476,247613.44183774476,0.0279998779296875,7.572999954223633
8,8,1,black_box,reopt_pwldr,252130.71471270904,252130.71471270904,0.0279998779296875,7.572999954223633
8,8,1,local_search,obj_pwldr,247582.2051503402,247575.662609447,0.0279998779296875,1.194000005722046
8,8,1,local_search,dr_pwldr,247613.44183774476,247613.44183774476,0.0279998779296875,1.194000005722046
8,8,1,local_search,reopt_pwldr,252130.71471270904,252130.71471270904,0.0279998779296875,1.194000005722046
8,8,2,black_box,obj_pwldr,247579.02271658994,247577.53810740032,0.07999992370605469,12.900000095367432
8,8,2,black_box,dr_pwldr,247613.44183774476,247613.44183774476,0.07999992370605469,12.900000095367432
8,8,2,black_box,reopt_pwldr,252130.71471270904,252130.71471270904,0.07999992370605469,12.900000095367432
8,8,2,local_search,obj_pwldr,247579.02271658994,247577.53810740032,0.07999992370605469,0.42799997329711914
8,8,2,local_search,dr_pwldr,247613.44183774476,247613.44183774476,0.07999992370605469,0.42799997329711914
8,8,2,local_search,reopt_pwldr,252130.71471270904,252130.71471270904,0.07999992370605469,0.42799997329711914
8,8,3,black_box,obj_pwldr,247579.2233499276,247576.86576222305,0.11800003051757812,21.859999895095825
8,8,3,black_box,dr_pwldr,247613.44183774476,247613.44183774476,0.11800003051757812,21.859999895095825
8,8,3,black_box,reopt_pwldr,252130.71471270904,252130.71471270904,0.11800003051757812,21.859999895095825
8,8,3,local_search,obj_pwldr,247579.2233499276,247575.80897590122,0.11800003051757812,3.2929999828338623
8,8,3,local_search,dr_pwldr,247613.44183774476,247613.44183774476,0.11800003051757812,3.2929999828338623
8,8,3,local_search,reopt_pwldr,252130.71471270904,252130.71471270904,0.11800003051757812,3.2929999828338623
8,8,4,black_box,obj_pwldr,247580.74238103983,247576.3501209847,0.17499995231628418,32.35000014305115
8,8,4,black_box,dr_pwldr,247613.44183774476,247613.44183774476,0.17499995231628418,32.35000014305115
8,8,4,black_box,reopt_pwldr,252130.71471270904,252130.71471270904,0.17499995231628418,32.35000014305115
8,8,4,local_search,obj_pwldr,247580.74238103983,247576.3501209847,0.17499995231628418,3.2990000247955322
8,8,4,local_search,dr_pwldr,247613.44183774476,247613.44183774476,0.17499995231628418,3.2990000247955322
8,8,4,local_search,reopt_pwldr,252130.71471270904,252130.71471270904,0.17499995231628418,3.2990000247955322
8,8,5,black_box,obj_pwldr,247580.75553090282,247576.51794389804,0.20800018310546875,42.68600010871887
8,8,5,black_box,dr_pwldr,247613.44183774476,247613.44183774476,0.20800018310546875,42.68600010871887
8,8,5,black_box,reopt_pwldr,252130.71471270904,252130.71471270904,0.20800018310546875,42.68600010871887
8,8,5,local_search,obj_pwldr,247580.75553090282,247576.51794389804,0.20800018310546875,4.328000068664551
8,8,5,local_search,dr_pwldr,247613.44183774476,247613.44183774476,0.20800018310546875,4.328000068664551
8,8,5,local_search,reopt_pwldr,252130.71471270904,252130.71471270904,0.20800018310546875,4.328000068664551
8,8,6,black_box,obj_pwldr,247580.8308383895,247578.04036116682,0.28800010681152344,54.81599998474121
8,8,6,black_box,dr_pwldr,247613.44183774476,247613.44183774476,0.28800010681152344,54.81599998474121
8,8,6,black_box,reopt_pwldr,252130.71471270904,252130.71471270904,0.28800010681152344,54.81599998474121
8,8,6,local_search,obj_pwldr,247580.8308383895,247578.04036116682,0.28800010681152344,6.368000030517578
8,8,6,local_search,dr_pwldr,247613.44183774476,247613.44183774476,0.28800010681152344,6.368000030517578
8,8,6,local_search,reopt_pwldr,252130.71471270904,252130.71471270904,0.28800010681152344,6.368000030517578
8,8,7,black_box,obj_pwldr,247580.17400204935,247578.16649219533,0.3880000114440918,64.74699997901917
8,8,7,black_box,dr_pwldr,247613.44183774476,247613.44183774476,0.3880000114440918,64.74699997901917
8,8,7,black_box,reopt_pwldr,252130.71471270904,252130.71471270904,0.3880000114440918,64.74699997901917
8,8,7,local_search,obj_pwldr,247580.17400204935,247578.16649219533,0.3880000114440918,7.7769999504089355
8,8,7,local_search,dr_pwldr,247613.44183774476,247613.44183774476,0.3880000114440918,7.7769999504089355
8,8,7,local_search,reopt_pwldr,252130.71471270904,252130.71471270904,0.3880000114440918,7.7769999504089355
8,8,8,black_box,obj_pwldr,247580.0215042995,247578.241907474,0.45799994468688965,76.35800004005432
8,8,8,black_box,dr_pwldr,247613.44183774476,247613.44183774476,0.45799994468688965,76.35800004005432
8,8,8,black_box,reopt_pwldr,252130.71471270904,252130.71471270904,0.45799994468688965,76.35800004005432
8,8,8,local_search,obj_pwldr,247580.0215042995,247578.241907474,0.45799994468688965,10.094000101089478
8,8,8,local_search,dr_pwldr,247613.44183774476,247613.44183774476,0.45799994468688965,10.094000101089478
8,8,8,local_search,reopt_pwldr,252130.71471270904,252130.71471270904,0.45799994468688965,10.094000101089478
8,8,9,black_box,obj_pwldr,247580.0423955511,247578.75383135144,0.4739999771118164,87.53500008583069
8,8,9,black_box,dr_pwldr,247613.44183774476,247613.44183774476,0.4739999771118164,87.53500008583069
8,8,9,black_box,reopt_pwldr,252130.71471270904,252130.71471270904,0.4739999771118164,87.53500008583069
8,8,9,local_search,obj_pwldr,247580.0423955511,247578.75383135144,0.4739999771118164,11.77999997138977
8,8,9,local_search,dr_pwldr,247613.44183774476,247613.44183774476,0.4739999771118164,11.77999997138977
8,8,9,local_search,reopt_pwldr,252130.71471270904,252130.71471270904,0.4739999771118164,11.77999997138977
8,8,10,black_box,obj_pwldr,247579.9677911896,247578.76457917492,0.5109999179840088,97.84000015258789
8,8,10,black_box,dr_pwldr,247613.44183774476,247613.44183774476,0.5109999179840088,97.84000015258789
8,8,10,black_box,reopt_pwldr,252130.71471270904,252130.71471270904,0.5109999179840088,97.84000015258789
8,8,10,local_search,obj_pwldr,247579.9677911896,247578.76457917492,0.5109999179840088,15.134000062942505
8,8,10,local_search,dr_pwldr,247613.44183774476,247613.44183774476,0.5109999179840088,15.134000062942505
8,8,10,local_search,reopt_pwldr,252130.71471270904,252130.71471270904,0.5109999179840088,15.134000062942505
8,9,1,black_box,obj_pwldr,235356.19052824966,235352.69168880995,0.026999950408935547,2.877000093460083
8,9,1,black_box,dr_pwldr,235634.48417193594,235625.3160874201,0.026999950408935547,2.877000093460083
8,9,1,black_box,reopt_pwldr,227110.46965952407,227504.26896277862,0.026999950408935547,2.877000093460083
8,9,1,local_search,obj_pwldr,235356.19052824966,235352.69168880995,0.026999950408935547,0.2330000400543213
8,9,1,local_search,dr_pwldr,235634.48417193594,235625.3160874201,0.026999950408935547,0.2330000400543213
8,9,1,local_search,reopt_pwldr,227110.46965952407,227504.26896277862,0.026999950408935547,0.2330000400543213
8,9,2,black_box,obj_pwldr,236608.77371466407,235303.27142565252,0.039999961853027344,3.242000102996826
8,9,2,black_box,dr_pwldr,236750.80355471667,235576.83131955712,0.039999961853027344,3.242000102996826
8,9,2,black_box,reopt_pwldr,235450.55134391933,227544.99211283994,0.039999961853027344,3.242000102996826
8,9,2,local_search,obj_pwldr,236608.77371466407,235303.27142565255,0.039999961853027344,0.2779998779296875
8,9,2,local_search,dr_pwldr,236750.80355471667,235576.83131955712,0.039999961853027344,0.2779998779296875
8,9,2,local_search,reopt_pwldr,235450.55134391933,227544.99211283997,0.039999961853027344,0.2779998779296875
8,9,3,black_box,obj_pwldr,235348.7742962533,235302.47931322423,0.03399991989135742,3.496999979019165
8,9,3,black_box,dr_pwldr,235630.79122000668,235576.62143470626,0.03399991989135742,3.496999979019165
8,9,3,black_box,reopt_pwldr,227110.46965952407,227587.3184083465,0.03399991989135742,3.496999979019165
8,9,3,local_search,obj_pwldr,235348.7742962533,235302.47931322423,0.03399991989135742,0.36700010299682617
8,9,3,local_search,dr_pwldr,235630.79122000668,235576.62143470626,0.03399991989135742,0.36700010299682617
8,9,3,local_search,reopt_pwldr,227110.46965952407,227587.3184083465,0.03399991989135742,0.36700010299682617
8,9,4,black_box,obj_pwldr,235746.69941600238,235306.80407854915,0.039999961853027344,3.8569998741149902
8,9,4,black_box,dr_pwldr,235952.93302820186,235579.54206529233,0.039999961853027344,3.8569998741149902
8,9,4,black_box,reopt_pwldr,232114.518670161,227519.74093579032,0.039999961853027344,3.8569998741149902
8,9,4,local_search,obj_pwldr,235746.69941600238,235306.80407854915,0.039999961853027344,0.372999906539917
8,9,4,local_search,dr_pwldr,235952.93302820186,235579.54206529233,0.039999961853027344,0.372999906539917
8,9,4,local_search,reopt_pwldr,232114.518670161,227519.74093579032,0.039999961853027344,0.372999906539917
8,9,5,black_box,obj_pwldr,235316.37193609943,235302.29245130857,0.034999847412109375,4.148000001907349
8,9,5,black_box,dr_pwldr,235598.67423224152,235578.12175994748,0.034999847412109375,4.148000001907349
8,9,5,black_box,reopt_pwldr,227110.46965952407,227498.68922317823,0.034999847412109375,4.148000001907349
8,9,5,local_search,obj_pwldr,235316.37193609943,235302.29245130855,0.034999847412109375,0.9839999675750732
8,9,5,local_search,dr_pwldr,235598.67423224152,235578.12175994748,0.034999847412109375,0.9839999675750732
8,9,5,local_search,reopt_pwldr,227110.46965952407,227498.6892231782,0.034999847412109375,0.9839999675750732
8,9,6,black_box,obj_pwldr,235502.9320396133,235302.9315883524,0.042999982833862305,4.483000040054321
8,9,6,black_box,dr_pwldr,235735.52629635984,235577.02116447114,0.042999982833862305,4.483000040054321
8,9,6,black_box,reopt_pwldr,230684.7903814079,227523.8390390954,0.042999982833862305,4.483000040054321
8,9,6,local_search,obj_pwldr,235502.9320396133,235302.9315883524,0.042999982833862305,0.6119999885559082
8,9,6,local_search,dr_pwldr,235735.52629635984,235577.02116447114,0.042999982833862305,0.6119999885559082
8,9,6,local_search,reopt_pwldr,230684.7903814079,227523.8390390954,0.042999982833862305,0.6119999885559082
8,9,7,black_box,obj_pwldr,235306.03580568143,235302.33674296195,0.04499983787536621,5.447000026702881
8,9,7,black_box,dr_pwldr,235586.5601801925,235578.34396422448,0.04499983787536621,5.447000026702881
8,9,7,black_box,reopt_pwldr,227110.46965952407,227503.39463371047,0.04499983787536621,5.447000026702881
8,9,7,local_search,obj_pwldr,235306.03580568143,235302.33674296195,0.04499983787536621,1.2929999828338623
8,9,7,local_search,dr_pwldr,235586.5601801925,235578.34396422448,0.04499983787536621,1.2929999828338623
8,9,7,local_search,reopt_pwldr,227110.46965952407,227503.39463371047,0.04499983787536621,1.2929999828338623
8,9,8,black_box,obj_pwldr,235415.4094576417,235302.30714690432,0.042999982833862305,5.253000020980835
8,9,8,black_box,dr_pwldr,235654.79361163382,235577.25225104913,0.042999982833862305,5.253000020980835
8,9,8,black_box,reopt_pwldr,229890.49688765555,227571.66306841426,0.042999982833862305,5.253000020980835
8,9,8,local_search,obj_pwldr,235415.4094576417,235302.3071469043,0.042999982833862305,1.50600004196167
8,9,8,local_search,dr_pwldr,235654.79361163382,235577.25225104913,0.042999982833862305,1.50600004196167
8,9,8,local_search,reopt_pwldr,229890.49688765555,227571.66306841423,0.042999982833862305,1.50600004196167
8,9,9,black_box,obj_pwldr,235309.10435965555,235303.03842690343,0.05200004577636719,5.628000020980835
8,9,9,black_box,dr_pwldr,235587.85763891716,235578.16574406697,0.05200004577636719,5.628000020980835
8,9,9,black_box,reopt_pwldr,227110.46965952407,227439.86176687805,0.05200004577636719,5.628000020980835
8,9,9,local_search,obj_pwldr,235309.10435965555,235303.03842690343,0.05200004577636719,0.8530001640319824
8,9,9,local_search,dr_pwldr,235587.85763891716,235578.16574406697,0.05200004577636719,0.8530001640319824
8,9,9,local_search,reopt_pwldr,227110.46965952407,227439.86176687805,0.05200004577636719,0.8530001640319824
8,9,10,black_box,obj_pwldr,235376.51229175396,235301.74498936956,0.05499982833862305,6.075000047683716
8,9,10,black_box,dr_pwldr,235619.8535666084,235577.35142641971,0.05499982833862305,6.075000047683716
8,9,10,black_box,reopt_pwldr,229385.03739163178,227658.7251418161,0.05499982833862305,6.075000047683716
8,9,10,local_search,obj_pwldr,235376.51229175396,235301.59585457452,0.05499982833862305,1.3579998016357422
8,9,10,local_search,dr_pwldr,235619.8535666084,235580.10538997917,0.05499982833862305,1.3579998016357422
8,9,10,local_search,reopt_pwldr,229385.03739163178,227434.21147602896,0.05499982833862305,1.3579998016357422
8,10,1,black_box,obj_pwldr,247579.925802802,247579.925802802,0.029000043869018555,2.7900002002716064
8,10,1,black_box,dr_pwldr,247613.44183774476,247613.44183774476,0.029000043869018555,2.7900002002716064
8,10,1,black_box,reopt_pwldr,252130.71471270904,252130.71471270904,0.029000043869018555,2.7900002002716064
8,10,1,local_search,obj_pwldr,247579.925802802,247579.925802802,0.029000043869018555,0.23799991607666016
8,10,1,local_search,dr_pwldr,247613.44183774476,247613.44183774476,0.029000043869018555,0.23799991607666016
8,10,1,local_search,reopt_pwldr,252130.71471270904,252130.71471270904,0.029000043869018555,0.23799991607666016
8,10,2,black_box,obj_pwldr,247579.925802802,247579.925802802,0.04500007629394531,3.2190001010894775
8,10,2,black_box,dr_pwldr,247613.44183774476,247613.44183774476,0.04500007629394531,3.2190001010894775
8,10,2,black_box,reopt_pwldr,252130.71471270904,252130.71471270904,0.04500007629394531,3.2190001010894775
8,10,2,local_search,obj_pwldr,247579.925802802,247579.925802802,0.04500007629394531,0.2630000114440918
8,10,2,local_search,dr_pwldr,247613.44183774476,247613.44183774476,0.04500007629394531,0.2630000114440918
8,10,2,local_search,reopt_pwldr,252130.71471270904,252130.71471270904,0.04500007629394531,0.2630000114440918
8,10,3,black_box,obj_pwldr,247579.925802802,247579.925802802,0.0409998893737793,3.4779999256134033
8,10,3,black_box,dr_pwldr,247613.44183774476,247613.44183774476,0.0409998893737793,3.4779999256134033
8,10,3,black_box,reopt_pwldr,252130.71471270904,252130.71471270904,0.0409998893737793,3.4779999256134033
8,10,3,local_search,obj_pwldr,247579.925802802,247579.925802802,0.0409998893737793,0.3259999752044678
8,10,3,local_search,dr_pwldr,247613.44183774476,247613.44183774476,0.0409998893737793,0.3259999752044678
8,10,3,local_search,reopt_pwldr,252130.71471270904,252130.71471270904,0.0409998893737793,0.3259999752044678
8,10,4,black_box,obj_pwldr,247579.925802802,247579.925802802,0.03500008583068848,3.7829999923706055
8,10,4,black_box,dr_pwldr,247613.44183774476,247613.44183774476,0.03500008583068848,3.7829999923706055
8,10,4,black_box,reopt_pwldr,252130.71471270904,252130.71471270904,0.03500008583068848,3.7829999923706055
8,10,4,local_search,obj_pwldr,247579.925802802,247579.925802802,0.03500008583068848,0.43000006675720215
8,10,4,local_search,dr_pwldr,247613.44183774476,247613.44183774476,0.03500008583068848,0.43000006675720215
8,10,4,local_search,reopt_pwldr,252130.71471270904,252130.71471270904,0.03500008583068848,0.43000006675720215
8,10,5,black_box,obj_pwldr,247579.925802802,247579.925802802,0.03600001335144043,4.11899995803833
8,10,5,black_box,dr_pwldr,247613.44183774476,247613.44183774476,0.03600001335144043,4.11899995803833
8,10,5,black_box,reopt_pwldr,252130.71471270904,252130.71471270904,0.03600001335144043,4.11899995803833
8,10,5,local_search,obj_pwldr,247579.925802802,247579.925802802,0.03600001335144043,0.49500012397766113
8,10,5,local_search,dr_pwldr,247613.44183774476,247613.44183774476,0.03600001335144043,0.49500012397766113
8,10,5,local_search,reopt_pwldr,252130.71471270904,252130.71471270904,0.03600001335144043,0.49500012397766113
8,10,6,black_box,obj_pwldr,247579.925802802,247579.925802802,0.03399991989135742,4.474999904632568
8,10,6,black_box,dr_pwldr,247613.44183774476,247613.44183774476,0.03399991989135742,4.474999904632568
8,10,6,black_box,reopt_pwldr,252130.71471270904,252130.71471270904,0.03399991989135742,4.474999904632568
8,10,6,local_search,obj_pwldr,247579.925802802,247579.925802802,0.03399991989135742,0.5489997863769531
8,10,6,local_search,dr_pwldr,247613.44183774476,247613.44183774476,0.03399991989135742,0.5489997863769531
8,10,6,local_search,reopt_pwldr,252130.71471270904,252130.71471270904,0.03399991989135742,0.5489997863769531
8,10,7,black_box,obj_pwldr,247579.925802802,247579.925802802,0.037000179290771484,4.883000135421753
8,10,7,black_box,dr_pwldr,247613.44183774476,247613.44183774476,0.037000179290771484,4.883000135421753
8,10,7,black_box,reopt_pwldr,252130.71471270904,252130.71471270904,0.037000179290771484,4.883000135421753
8,10,7,local_search,obj_pwldr,247579.925802802,247579.925802802,0.037000179290771484,0.6499998569488525
8,10,7,local_search,dr_pwldr,247613.44183774476,247613.44183774476,0.037000179290771484,0.6499998569488525
8,10,7,local_search,reopt_pwldr,252130.71471270904,252130.71471270904,0.037000179290771484,0.6499998569488525
8,10,8,black_box,obj_pwldr,247579.925802802,247579.925802802,0.039999961853027344,5.752000093460083
8,10,8,black_box,dr_pwldr,247613.44183774476,247613.44183774476,0.039999961853027344,5.752000093460083
8,10,8,black_box,reopt_pwldr,252130.71471270904,252130.71471270904,0.039999961853027344,5.752000093460083
8,10,8,local_search,obj_pwldr,247579.925802802,247579.925802802,0.039999961853027344,0.7730000019073486
8,10,8,local_search,dr_pwldr,247613.44183774476,247613.44183774476,0.039999961853027344,0.7730000019073486
8,10,8,local_search,reopt_pwldr,252130.71471270904,252130.71471270904,0.039999961853027344,0.7730000019073486
8,10,9,black_box,obj_pwldr,247579.925802802,247579.925802802,0.04700016975402832,5.739000082015991
8,10,9,black_box,dr_pwldr,247613.44183774476,247613.44183774476,0.04700016975402832,5.739000082015991
8,10,9,black_box,reopt_pwldr,252130.71471270904,252130.71471270904,0.04700016975402832,5.739000082015991
8,10,9,local_search,obj_pwldr,247579.925802802,247579.925802802,0.04700016975402832,0.8949999809265137
8,10,9,local_search,dr_pwldr,247613.44183774476,247613.44183774476,0.04700016975402832,0.8949999809265137
8,10,9,local_search,reopt_pwldr,252130.71471270904,252130.71471270904,0.04700016975402832,0.8949999809265137
8,10,10,black_box,obj_pwldr,247579.925802802,247579.925802802,0.05900001525878906,6.055000066757202
8,10,10,black_box,dr_pwldr,247613.44183774476,247613.44183774476,0.05900001525878906,6.055000066757202
8,10,10,black_box,reopt_pwldr,252130.71471270904,252130.71471270904,0.05900001525878906,6.055000066757202
8,10,10,local_search,obj_pwldr,247579.925802802,247579.925802802,0.05900001525878906,1.0230000019073486
8,10,10,local_search,dr_pwldr,247613.44183774476,247613.44183774476,0.05900001525878906,1.0230000019073486
8,10,10,local_search,reopt_pwldr,252130.71471270904,252130.71471270904,0.05900001525878906,1.0230000019073486
8,11,1,black_box,obj_pwldr,247579.925802802,247579.925802802,0.03800010681152344,6.5960001945495605
8,11,1,black_box,dr_pwldr,247613.44183774476,247613.44183774476,0.03800010681152344,6.5960001945495605
8,11,1,black_box,reopt_pwldr,252130.71471270904,252130.71471270904,0.03800010681152344,6.5960001945495605
8,11,1,local_search,obj_pwldr,247579.925802802,247579.925802802,0.03800010681152344,0.24900007247924805
8,11,1,local_search,dr_pwldr,247613.44183774476,247613.44183774476,0.03800010681152344,0.24900007247924805
8,11,1,local_search,reopt_pwldr,252130.71471270904,252130.71471270904,0.03800010681152344,0.24900007247924805
8,11,2,black_box,obj_pwldr,247579.925802802,247579.925802802,0.07699990272521973,12.476999998092651
8,11,2,black_box,dr_pwldr,247613.44183774476,247613.44183774476,0.07699990272521973,12.476999998092651
8,11,2,black_box,reopt_pwldr,252130.71471270904,252130.71471270904,0.07699990272521973,12.476999998092651
8,11,2,local_search,obj_pwldr,247579.925802802,247579.925802802,0.07699990272521973,2.7219998836517334
8,11,2,local_search,dr_pwldr,247613.44183774476,247613.44183774476,0.07699990272521973,2.7219998836517334
8,11,2,local_search,reopt_pwldr,252130.71471270904,252130.71471270904,0.07699990272521973,2.7219998836517334
8,11,3,black_box,obj_pwldr,247579.925802802,247579.925802802,0.12999987602233887,25.07200002670288
8,11,3,black_box,dr_pwldr,247613.44183774476,247613.44183774476,0.12999987602233887,25.07200002670288
8,11,3,black_box,reopt_pwldr,252130.71471270904,252130.71471270904,0.12999987602233887,25.07200002670288
8,11,3,local_search,obj_pwldr,247579.925802802,247579.925802802,0.12999987602233887,2.315999984741211
8,11,3,local_search,dr_pwldr,247613.44183774476,247613.44183774476,0.12999987602233887,2.315999984741211
8,11,3,local_search,reopt_pwldr,252130.71471270904,252130.71471270904,0.12999987602233887,2.315999984741211
8,11,4,black_box,obj_pwldr,247579.925802802,247579.925802802,0.18000006675720215,33.18300008773804
8,11,4,black_box,dr_pwldr,247613.44183774476,247613.44183774476,0.18000006675720215,33.18300008773804
8,11,4,black_box,reopt_pwldr,252130.71471270904,252130.71471270904,0.18000006675720215,33.18300008773804
8,11,4,local_search,obj_pwldr,247579.925802802,247579.925802802,0.18000006675720215,3.3949999809265137
8,11,4,local_search,dr_pwldr,247613.44183774476,247613.44183774476,0.18000006675720215,3.3949999809265137
8,11,4,local_search,reopt_pwldr,252130.71471270904,252130.71471270904,0.18000006675720215,3.3949999809265137
8,11,5,black_box,obj_pwldr,247579.925802802,247579.925802802,0.20799994468688965,43.06599998474121
8,11,5,black_box,dr_pwldr,247613.44183774476,247613.44183774476,0.20799994468688965,43.06599998474121
8,11,5,black_box,reopt_pwldr,252130.71471270904,252130.71471270904,0.20799994468688965,43.06599998474121
8,11,5,local_search,obj_pwldr,247579.925802802,247579.925802802,0.20799994468688965,4.806999921798706
8,11,5,local_search,dr_pwldr,247613.44183774476,247613.44183774476,0.20799994468688965,4.806999921798706
8,11,5,local_search,reopt_pwldr,252130.71471270904,252130.71471270904,0.20799994468688965,4.806999921798706
8,11,6,black_box,obj_pwldr,247579.925802802,247579.925802802,0.3040001392364502,53.45800018310547
8,11,6,black_box,dr_pwldr,247613.44183774476,247613.44183774476,0.3040001392364502,53.45800018310547
8,11,6,black_box,reopt_pwldr,252130.71471270904,252130.71471270904,0.3040001392364502,53.45800018310547
8,11,6,local_search,obj_pwldr,247579.925802802,247579.925802802,0.3040001392364502,6.371000051498413
8,11,6,local_search,dr_pwldr,247613.44183774476,247613.44183774476,0.3040001392364502,6.371000051498413
8,11,6,local_search,reopt_pwldr,252130.71471270904,252130.71471270904,0.3040001392364502,6.371000051498413
8,11,7,black_box,obj_pwldr,247579.925802802,247579.925802802,0.3839998245239258,64.69799995422363
8,11,7,black_box,dr_pwldr,247613.44183774476,247613.44183774476,0.3839998245239258,64.69799995422363
8,11,7,black_box,reopt_pwldr,252130.71471270904,252130.71471270904,0.3839998245239258,64.69799995422363
8,11,7,local_search,obj_pwldr,247579.925802802,247579.925802802,0.3839998245239258,8.39300012588501
8,11,7,local_search,dr_pwldr,247613.44183774476,247613.44183774476,0.3839998245239258,8.39300012588501
8,11,7,local_search,reopt_pwldr,252130.71471270904,252130.71471270904,0.3839998245239258,8.39300012588501
8,11,8,black_box,obj_pwldr,247579.925802802,247579.925802802,0.44899988174438477,75.49300003051758
8,11,8,black_box,dr_pwldr,247613.44183774476,247613.44183774476,0.44899988174438477,75.49300003051758
8,11,8,black_box,reopt_pwldr,252130.71471270904,252130.71471270904,0.44899988174438477,75.49300003051758
8,11,8,local_search,obj_pwldr,247579.925802802,247579.925802802,0.44899988174438477,11.825000047683716
8,11,8,local_search,dr_pwldr,247613.44183774476,247613.44183774476,0.44899988174438477,11.825000047683716
8,11,8,local_search,reopt_pwldr,252130.71471270904,252130.71471270904,0.44899988174438477,11.825000047683716
8,11,9,black_box,obj_pwldr,247579.925802802,247579.925802802,0.46399998664855957,86.56799983978271
8,11,9,black_box,dr_pwldr,247613.44183774476,247613.44183774476,0.46399998664855957,86.56799983978271
8,11,9,black_box,reopt_pwldr,252130.71471270904,252130.71471270904,0.46399998664855957,86.56799983978271
8,11,9,local_search,obj_pwldr,247579.925802802,247579.925802802,0.46399998664855957,12.405999898910522
8,11,9,local_search,dr_pwldr,247613.44183774476,247613.44183774476,0.46399998664855957,12.405999898910522
8,11,9,local_search,reopt_pwldr,252130.71471270904,252130.71471270904,0.46399998664855957,12.405999898910522
8,11,10,black_box,obj_pwldr,247579.925802802,247579.68934089932,0.5429999828338623,97.72299981117249
8,11,10,black_box,dr_pwldr,247613.44183774476,247613.44183774476,0.5429999828338623,97.72299981117249
8,11,10,black_box,reopt_pwldr,252130.71471270904,252130.71471270904,0.5429999828338623,97.72299981117249
8,11,10,local_search,obj_pwldr,247579.925802802,247578.58879034861,0.5429999828338623,6446.394000053406
8,11,10,local_search,dr_pwldr,247613.44183774476,247613.44183774476,0.5429999828338623,6446.394000053406
8,11,10,local_search,reopt_pwldr,252130.71471270904,252130.71471270904,0.5429999828338623,6446.394000053406
8,12,1,black_box,obj_pwldr,247579.925802802,247579.925802802,0.029999971389770508,2.9689998626708984
8,12,1,black_box,dr_pwldr,247613.44183774476,247613.44183774476,0.029999971389770508,2.9689998626708984
8,12,1,black_box,reopt_pwldr,252130.71471270904,252130.71471270904,0.029999971389770508,2.9689998626708984
8,12,1,local_search,obj_pwldr,247579.925802802,247579.925802802,0.029999971389770508,0.22900009155273438
8,12,1,local_search,dr_pwldr,247613.44183774476,247613.44183774476,0.029999971389770508,0.22900009155273438
8,12,1,local_search,reopt_pwldr,252130.71471270904,252130.71471270904,0.029999971389770508,0.22900009155273438
8,12,2,black_box,obj_pwldr,247579.925802802,247579.92580280206,0.04499983787536621,3.447000026702881
8,12,2,black_box,dr_pwldr,247613.44183774476,247613.44183774485,0.04499983787536621,3.447000026702881
8,12,2,black_box,reopt_pwldr,252130.71471270904,252130.7147127091,0.04499983787536621,3.447000026702881
8,12,2,local_search,obj_pwldr,247579.925802802,247579.925802802,0.04499983787536621,0.5069999694824219
8,12,2,local_search,dr_pwldr,247613.44183774476,247613.44183774476,0.04499983787536621,0.5069999694824219
8,12,2,local_search,reopt_pwldr,252130.71471270904,252130.71471270904,0.04499983787536621,0.5069999694824219
8,12,3,black_box,obj_pwldr,247579.925802802,247579.925802802,0.028999805450439453,3.8329999446868896
8,12,3,black_box,dr_pwldr,247613.44183774476,247613.44183774476,0.028999805450439453,3.8329999446868896
8,12,3,black_box,reopt_pwldr,252130.71471270904,252130.71471270904,0.028999805450439453,3.8329999446868896
8,12,3,local_search,obj_pwldr,247579.925802802,247579.925802802,0.028999805450439453,0.6030001640319824
8,12,3,local_search,dr_pwldr,247613.44183774476,247613.44183774476,0.028999805450439453,0.6030001640319824
8,12,3,local_search,reopt_pwldr,252130.71471270904,252130.71471270904,0.028999805450439453,0.6030001640319824
8,12,4,black_box,obj_pwldr,247579.925802802,247579.925802802,0.03600001335144043,4.29800009727478
8,12,4,black_box,dr_pwldr,247613.44183774476,247613.44183774476,0.03600001335144043,4.29800009727478
8,12,4,black_box,reopt_pwldr,252130.71471270904,252130.71471270904,0.03600001335144043,4.29800009727478
8,12,4,local_search,obj_pwldr,247579.925802802,247579.925802802,0.03600001335144043,0.4459998607635498
8,12,4,local_search,dr_pwldr,247613.44183774476,247613.44183774476,0.03600001335144043,0.4459998607635498
8,12,4,local_search,reopt_pwldr,252130.71471270904,252130.71471270904,0.03600001335144043,0.4459998607635498
8,12,5,black_box,obj_pwldr,247579.925802802,247579.925802802,0.03600001335144043,4.76800012588501
8,12,5,black_box,dr_pwldr,247613.44183774476,247613.44183774476,0.03600001335144043,4.76800012588501
8,12,5,black_box,reopt_pwldr,252130.71471270904,252130.71471270904,0.03600001335144043,4.76800012588501
8,12,5,local_search,obj_pwldr,247579.925802802,247579.925802802,0.03600001335144043,0.9499998092651367
8,12,5,local_search,dr_pwldr,247613.44183774476,247613.44183774476,0.03600001335144043,0.9499998092651367
8,12,5,local_search,reopt_pwldr,252130.71471270904,252130.71471270904,0.03600001335144043,0.9499998092651367
8,12,6,black_box,obj_pwldr,247579.925802802,247579.59681026937,0.042999982833862305,5.790999889373779
8,12,6,black_box,dr_pwldr,247613.44183774476,247613.44183774476,0.042999982833862305,5.790999889373779
8,12,6,black_box,reopt_pwldr,252130.71471270904,252130.71471270904,0.042999982833862305,5.790999889373779
8,12,6,local_search,obj_pwldr,247579.925802802,247579.59681026937,0.042999982833862305,0.6949999332427979
8,12,6,local_search,dr_pwldr,247613.44183774476,247613.44183774476,0.042999982833862305,0.6949999332427979
8,12,6,local_search,reopt_pwldr,252130.71471270904,252130.71471270904,0.042999982833862305,0.6949999332427979
8,12,7,black_box,obj_pwldr,247579.925802802,247579.92580280203,0.05299997329711914,5.83899998664856
8,12,7,black_box,dr_pwldr,247613.44183774476,247613.44183774482,0.05299997329711914,5.83899998664856
8,12,7,black_box,reopt_pwldr,252130.71471270904,252130.71471270904,0.05299997329711914,5.83899998664856
8,12,7,local_search,obj_pwldr,247579.925802802,247579.925802802,0.05299997329711914,1.5380001068115234
8,12,7,local_search,dr_pwldr,247613.44183774476,247613.44183774476,0.05299997329711914,1.5380001068115234
8,12,7,local_search,reopt_pwldr,252130.71471270904,252130.71471270904,0.05299997329711914,1.5380001068115234
8,12,8,black_box,obj_pwldr,247579.925802802,247577.84202585835,0.054000139236450195,6.235000133514404
8,12,8,black_box,dr_pwldr,247613.44183774476,247613.44183774313,0.054000139236450195,6.235000133514404
8,12,8,black_box,reopt_pwldr,252130.71471270904,252130.71471270995,0.054000139236450195,6.235000133514404
8,12,8,local_search,obj_pwldr,247579.925802802,247577.842025863,0.054000139236450195,0.9019999504089355
8,12,8,local_search,dr_pwldr,247613.44183774476,247613.44183774703,0.054000139236450195,0.9019999504089355
8,12,8,local_search,reopt_pwldr,252130.71471270904,252130.71471270887,0.054000139236450195,0.9019999504089355
8,12,9,black_box,obj_pwldr,247579.925802802,247578.28504719492,0.051000118255615234,6.80400013923645
8,12,9,black_box,dr_pwldr,247613.44183774476,247613.4418377433,0.051000118255615234,6.80400013923645
8,12,9,black_box,reopt_pwldr,252130.71471270904,252130.71471271254,0.051000118255615234,6.80400013923645
8,12,9,local_search,obj_pwldr,247579.925802802,247578.26853484288,0.051000118255615234,1.555999994277954
8,12,9,local_search,dr_pwldr,247613.44183774476,247613.44183774368,0.051000118255615234,1.555999994277954
8,12,9,local_search,reopt_pwldr,252130.71471270904,252130.71471270788,0.051000118255615234,1.555999994277954
8,12,10,black_box,obj_pwldr,247579.925802802,247579.67921843287,0.06299996376037598,7.384000062942505
8,12,10,black_box,dr_pwldr,247613.44183774476,247613.44183774342,0.06299996376037598,7.384000062942505
8,12,10,black_box,reopt_pwldr,252130.71471270904,252130.71471271076,0.06299996376037598,7.384000062942505
8,12,10,local_search,obj_pwldr,247579.925802802,247578.12481952008,0.06299996376037598,2.6989998817443848
8,12,10,local_search,dr_pwldr,247613.44183774476,247613.44183774616,0.06299996376037598,2.6989998817443848
8,12,10,local_search,reopt_pwldr,252130.71471270904,252130.71471271114,0.06299996376037598,2.6989998817443848
9,1,1,black_box,obj_pwldr,211671.5696855772,211670.9714291012,0.032000064849853516,2.8909997940063477
9,1,1,black_box,dr_pwldr,211667.1307501155,211667.1307501155,0.032000064849853516,2.8909997940063477
9,1,1,black_box,reopt_pwldr,216144.58435089525,216144.58435089525,0.032000064849853516,2.8909997940063477
9,1,1,local_search,obj_pwldr,211671.5696855772,211670.9714291012,0.032000064849853516,0.2630000114440918
9,1,1,local_search,dr_pwldr,211667.1307501155,211667.1307501155,0.032000064849853516,0.2630000114440918
9,1,1,local_search,reopt_pwldr,216144.58435089525,216144.58435089525,0.032000064849853516,0.2630000114440918
9,1,2,black_box,obj_pwldr,211673.796836345,211671.61716954768,0.029000043869018555,3.3450000286102295
9,1,2,black_box,dr_pwldr,211667.1307501155,211667.1307501155,0.029000043869018555,3.3450000286102295
9,1,2,black_box,reopt_pwldr,216144.58435089525,216144.58435089525,0.029000043869018555,3.3450000286102295
9,1,2,local_search,obj_pwldr,211673.796836345,211671.61716954768,0.029000043869018555,0.29399991035461426
9,1,2,local_search,dr_pwldr,211667.1307501155,211667.1307501155,0.029000043869018555,0.29399991035461426
9,1,2,local_search,reopt_pwldr,216144.58435089525,216144.58435089525,0.029000043869018555,0.29399991035461426
9,1,3,black_box,obj_pwldr,211673.53629368558,211671.5258282868,0.04399991035461426,3.8370001316070557
9,1,3,black_box,dr_pwldr,211667.1307501155,211667.1307501155,0.04399991035461426,3.8370001316070557
9,1,3,black_box,reopt_pwldr,216144.58435089525,216144.58435089525,0.04399991035461426,3.8370001316070557
9,1,3,local_search,obj_pwldr,211673.53629368558,211671.5258282868,0.04399991035461426,0.3660001754760742
9,1,3,local_search,dr_pwldr,211667.1307501155,211667.1307501155,0.04399991035461426,0.3660001754760742
9,1,3,local_search,reopt_pwldr,216144.58435089525,216144.58435089525,0.04399991035461426,0.3660001754760742
9,1,4,black_box,obj_pwldr,211673.72534689237,211671.27543917103,0.04800009727478027,4.266000032424927
9,1,4,black_box,dr_pwldr,211667.1307501155,211667.1307501155,0.04800009727478027,4.266000032424927
9,1,4,black_box,reopt_pwldr,216144.58435089525,216144.58435089525,0.04800009727478027,4.266000032424927
9,1,4,local_search,obj_pwldr,211673.72534689237,211671.27543917103,0.04800009727478027,0.4589998722076416
9,1,4,local_search,dr_pwldr,211667.1307501155,211667.1307501155,0.04800009727478027,0.4589998722076416
9,1,4,local_search,reopt_pwldr,216144.58435089525,216144.58435089525,0.04800009727478027,0.4589998722076416
9,1,5,black_box,obj_pwldr,211673.63614929066,211670.9850575535,0.03699994087219238,4.71399998664856
9,1,5,black_box,dr_pwldr,211667.1307501155,211667.1307501155,0.03699994087219238,4.71399998664856
9,1,5,black_box,reopt_pwldr,216144.58435089525,216144.58435089525,0.03699994087219238,4.71399998664856
9,1,5,local_search,obj_pwldr,211673.63614929066,211670.9850575535,0.03699994087219238,0.5279998779296875
9,1,5,local_search,dr_pwldr,211667.1307501155,211667.1307501155,0.03699994087219238,0.5279998779296875
9,1,5,local_search,reopt_pwldr,216144.58435089525,216144.58435089525,0.03699994087219238,0.5279998779296875
9,1,6,black_box,obj_pwldr,211673.62346744578,211671.2357624103,0.04200005531311035,6.584000110626221
9,1,6,black_box,dr_pwldr,211667.1307501155,211667.1307501155,0.04200005531311035,6.584000110626221
9,1,6,black_box,reopt_pwldr,216144.58435089525,216144.58435089525,0.04200005531311035,6.584000110626221
9,1,6,local_search,obj_pwldr,211673.62346744578,211671.2357624103,0.04200005531311035,0.7060000896453857
9,1,6,local_search,dr_pwldr,211667.1307501155,211667.1307501155,0.04200005531311035,0.7060000896453857
9,1,6,local_search,reopt_pwldr,216144.58435089525,216144.58435089525,0.04200005531311035,0.7060000896453857
9,1,7,black_box,obj_pwldr,211673.7088995999,211672.03473139243,0.056999921798706055,5.960000038146973
9,1,7,black_box,dr_pwldr,211667.1307501155,211667.1307501155,0.056999921798706055,5.960000038146973
9,1,7,black_box,reopt_pwldr,216144.58435089525,216144.58435089525,0.056999921798706055,5.960000038146973
9,1,7,local_search,obj_pwldr,211673.7088995999,211672.03473139243,0.056999921798706055,0.7990000247955322
9,1,7,local_search,dr_pwldr,211667.1307501155,211667.1307501155,0.056999921798706055,0.7990000247955322
9,1,7,local_search,reopt_pwldr,216144.58435089525,216144.58435089525,0.056999921798706055,0.7990000247955322
9,1,8,black_box,obj_pwldr,211674.30656693433,211671.98903198013,0.051999807357788086,6.328000068664551
9,1,8,black_box,dr_pwldr,211667.1307501155,211667.1307501155,0.051999807357788086,6.328000068664551
9,1,8,black_box,reopt_pwldr,216144.58435089525,216144.58435089525,0.051999807357788086,6.328000068664551
9,1,8,local_search,obj_pwldr,211674.30656693433,211671.98903198013,0.051999807357788086,0.9219999313354492
9,1,8,local_search,dr_pwldr,211667.1307501155,211667.1307501155,0.051999807357788086,0.9219999313354492
9,1,8,local_search,reopt_pwldr,216144.58435089525,216144.58435089525,0.051999807357788086,0.9219999313354492
9,1,9,black_box,obj_pwldr,211673.74897052767,211672.13697351213,0.059999942779541016,6.95199990272522
9,1,9,black_box,dr_pwldr,211667.1307501155,211667.1307501155,0.059999942779541016,6.95199990272522
9,1,9,black_box,reopt_pwldr,216144.58435089525,216144.58435089525,0.059999942779541016,6.95199990272522
9,1,9,local_search,obj_pwldr,211673.74897052767,211672.13697351213,0.059999942779541016,1.11899995803833
9,1,9,local_search,dr_pwldr,211667.1307501155,211667.1307501155,0.059999942779541016,1.11899995803833
9,1,9,local_search,reopt_pwldr,216144.58435089525,216144.58435089525,0.059999942779541016,1.11899995803833
9,1,10,black_box,obj_pwldr,211674.1138967441,211672.06457511373,0.056999921798706055,7.335999965667725
9,1,10,black_box,dr_pwldr,211667.1307501155,211667.1307501155,0.056999921798706055,7.335999965667725
9,1,10,black_box,reopt_pwldr,216144.58435089525,216144.58435089525,0.056999921798706055,7.335999965667725
9,1,10,local_search,obj_pwldr,211674.1138967441,211672.06457511373,0.056999921798706055,1.2249999046325684
9,1,10,local_search,dr_pwldr,211667.1307501155,211667.1307501155,0.056999921798706055,1.2249999046325684
9,1,10,local_search,reopt_pwldr,216144.58435089525,216144.58435089525,0.056999921798706055,1.2249999046325684
9,2,1,black_box,obj_pwldr,211672.66710026935,211672.66710026935,0.026000022888183594,2.753999948501587
9,2,1,black_box,dr_pwldr,211667.1307501155,211667.1307501155,0.026000022888183594,2.753999948501587
9,2,1,black_box,reopt_pwldr,216144.58435089525,216144.58435089525,0.026000022888183594,2.753999948501587
9,2,1,local_search,obj_pwldr,211672.66710026935,211672.66710026935,0.026000022888183594,0.22499990463256836
9,2,1,local_search,dr_pwldr,211667.1307501155,211667.1307501155,0.026000022888183594,0.22499990463256836
9,2,1,local_search,reopt_pwldr,216144.58435089525,216144.58435089525,0.026000022888183594,0.22499990463256836
9,2,2,black_box,obj_pwldr,211672.66710026935,211672.66710026935,0.032000064849853516,3.0430002212524414
9,2,2,black_box,dr_pwldr,211667.1307501155,211667.1307501155,0.032000064849853516,3.0430002212524414
9,2,2,black_box,reopt_pwldr,216144.58435089525,216144.58435089525,0.032000064849853516,3.0430002212524414
9,2,2,local_search,obj_pwldr,211672.66710026935,211672.66710026935,0.032000064849853516,0.2929999828338623
9,2,2,local_search,dr_pwldr,211667.1307501155,211667.1307501155,0.032000064849853516,0.2929999828338623
9,2,2,local_search,reopt_pwldr,216144.58435089525,216144.58435089525,0.032000064849853516,0.2929999828338623
9,2,3,black_box,obj_pwldr,211672.66710026935,211672.66710026935,0.034999847412109375,3.7239999771118164
9,2,3,black_box,dr_pwldr,211667.1307501155,211667.1307501155,0.034999847412109375,3.7239999771118164
9,2,3,black_box,reopt_pwldr,216144.58435089525,216144.58435089525,0.034999847412109375,3.7239999771118164
9,2,3,local_search,obj_pwldr,211672.66710026935,211672.66710026935,0.034999847412109375,0.3249998092651367
9,2,3,local_search,dr_pwldr,211667.1307501155,211667.1307501155,0.034999847412109375,0.3249998092651367
9,2,3,local_search,reopt_pwldr,216144.58435089525,216144.58435089525,0.034999847412109375,0.3249998092651367
9,2,4,black_box,obj_pwldr,211672.66710026935,211672.66710026935,0.032000064849853516,3.611999988555908
9,2,4,black_box,dr_pwldr,211667.1307501155,211667.1307501155,0.032000064849853516,3.611999988555908
9,2,4,black_box,reopt_pwldr,216144.58435089525,216144.58435089525,0.032000064849853516,3.611999988555908
9,2,4,local_search,obj_pwldr,211672.66710026935,211672.66710026935,0.032000064849853516,0.37599992752075195
9,2,4,local_search,dr_pwldr,211667.1307501155,211667.1307501155,0.032000064849853516,0.37599992752075195
9,2,4,local_search,reopt_pwldr,216144.58435089525,216144.58435089525,0.032000064849853516,0.37599992752075195
9,2,5,black_box,obj_pwldr,211672.66710026935,211672.66710026935,0.042999982833862305,3.924999952316284
9,2,5,black_box,dr_pwldr,211667.1307501155,211667.1307501155,0.042999982833862305,3.924999952316284
9,2,5,black_box,reopt_pwldr,216144.58435089525,216144.58435089525,0.042999982833862305,3.924999952316284
9,2,5,local_search,obj_pwldr,211672.66710026935,211672.66710026935,0.042999982833862305,0.4789998531341553
9,2,5,local_search,dr_pwldr,211667.1307501155,211667.1307501155,0.042999982833862305,0.4789998531341553
9,2,5,local_search,reopt_pwldr,216144.58435089525,216144.58435089525,0.042999982833862305,0.4789998531341553
9,2,6,black_box,obj_pwldr,211672.66710026935,211672.66710026935,0.03500008583068848,4.276000022888184
9,2,6,black_box,dr_pwldr,211667.1307501155,211667.1307501155,0.03500008583068848,4.276000022888184
9,2,6,black_box,reopt_pwldr,216144.58435089525,216144.58435089525,0.03500008583068848,4.276000022888184
9,2,6,local_search,obj_pwldr,211672.66710026935,211672.66710026935,0.03500008583068848,0.5249998569488525
9,2,6,local_search,dr_pwldr,211667.1307501155,211667.1307501155,0.03500008583068848,0.5249998569488525
9,2,6,local_search,reopt_pwldr,216144.58435089525,216144.58435089525,0.03500008583068848,0.5249998569488525
9,2,7,black_box,obj_pwldr,211672.66710026935,211672.66710026935,0.04499983787536621,5.066999912261963
9,2,7,black_box,dr_pwldr,211667.1307501155,211667.1307501155,0.04499983787536621,5.066999912261963
9,2,7,black_box,reopt_pwldr,216144.58435089525,216144.58435089525,0.04499983787536621,5.066999912261963
9,2,7,local_search,obj_pwldr,211672.66710026935,211672.66710026935,0.04499983787536621,0.6319999694824219
9,2,7,local_search,dr_pwldr,211667.1307501155,211667.1307501155,0.04499983787536621,0.6319999694824219
9,2,7,local_search,reopt_pwldr,216144.58435089525,216144.58435089525,0.04499983787536621,0.6319999694824219
9,2,8,black_box,obj_pwldr,211672.66710026935,211672.66710026935,0.04900002479553223,5.087000131607056
9,2,8,black_box,dr_pwldr,211667.1307501155,211667.1307501155,0.04900002479553223,5.087000131607056
9,2,8,black_box,reopt_pwldr,216144.58435089525,216144.58435089525,0.04900002479553223,5.087000131607056
9,2,8,local_search,obj_pwldr,211672.66710026935,211672.66710026935,0.04900002479553223,0.7259998321533203
9,2,8,local_search,dr_pwldr,211667.1307501155,211667.1307501155,0.04900002479553223,0.7259998321533203
9,2,8,local_search,reopt_pwldr,216144.58435089525,216144.58435089525,0.04900002479553223,0.7259998321533203
9,2,9,black_box,obj_pwldr,211672.66710026935,211672.66710026935,0.0410001277923584,5.45199990272522
9,2,9,black_box,dr_pwldr,211667.1307501155,211667.1307501155,0.0410001277923584,5.45199990272522
9,2,9,black_box,reopt_pwldr,216144.58435089525,216144.58435089525,0.0410001277923584,5.45199990272522
9,2,9,local_search,obj_pwldr,211672.66710026935,211672.66710026935,0.0410001277923584,0.8589999675750732
9,2,9,local_search,dr_pwldr,211667.1307501155,211667.1307501155,0.0410001277923584,0.8589999675750732
9,2,9,local_search,reopt_pwldr,216144.58435089525,216144.58435089525,0.0410001277923584,0.8589999675750732
9,2,10,black_box,obj_pwldr,211672.66710026935,211672.66710026935,0.056999921798706055,5.884000062942505
9,2,10,black_box,dr_pwldr,211667.1307501155,211667.1307501155,0.056999921798706055,5.884000062942505
9,2,10,black_box,reopt_pwldr,216144.58435089525,216144.58435089525,0.056999921798706055,5.884000062942505
9,2,10,local_search,obj_pwldr,211672.66710026935,211672.66710026935,0.056999921798706055,0.9249999523162842
9,2,10,local_search,dr_pwldr,211667.1307501155,211667.1307501155,0.056999921798706055,0.9249999523162842
9,2,10,local_search,reopt_pwldr,216144.58435089525,216144.58435089525,0.056999921798706055,0.9249999523162842
9,3,1,black_box,obj_pwldr,211672.66710026935,211672.66710026935,0.03000020980834961,6.437999963760376
9,3,1,black_box,dr_pwldr,211667.1307501155,211667.1307501155,0.03000020980834961,6.437999963760376
9,3,1,black_box,reopt_pwldr,216144.58435089525,216144.58435089525,0.03000020980834961,6.437999963760376
9,3,1,local_search,obj_pwldr,211672.66710026935,211672.66710026935,0.03000020980834961,0.25
9,3,1,local_search,dr_pwldr,211667.1307501155,211667.1307501155,0.03000020980834961,0.25
9,3,1,local_search,reopt_pwldr,216144.58435089525,216144.58435089525,0.03000020980834961,0.25
9,3,2,black_box,obj_pwldr,211672.66710026935,211672.66710026935,0.0820000171661377,12.456000089645386
9,3,2,black_box,dr_pwldr,211667.1307501155,211667.1307501155,0.0820000171661377,12.456000089645386
9,3,2,black_box,reopt_pwldr,216144.58435089525,216144.58435089525,0.0820000171661377,12.456000089645386
9,3,2,local_search,obj_pwldr,211672.66710026935,211672.66710026935,0.0820000171661377,1.0550000667572021
9,3,2,local_search,dr_pwldr,211667.1307501155,211667.1307501155,0.0820000171661377,1.0550000667572021
9,3,2,local_search,reopt_pwldr,216144.58435089525,216144.58435089525,0.0820000171661377,1.0550000667572021
9,3,3,black_box,obj_pwldr,211672.66710026935,211672.66710026935,0.12100005149841309,21.555999994277954
9,3,3,black_box,dr_pwldr,211667.1307501155,211667.1307501155,0.12100005149841309,21.555999994277954
9,3,3,black_box,reopt_pwldr,216144.58435089525,216144.58435089525,0.12100005149841309,21.555999994277954
9,3,3,local_search,obj_pwldr,211672.66710026935,211672.66710026935,0.12100005149841309,1.5439999103546143
9,3,3,local_search,dr_pwldr,211667.1307501155,211667.1307501155,0.12100005149841309,1.5439999103546143
9,3,3,local_search,reopt_pwldr,216144.58435089525,216144.58435089525,0.12100005149841309,1.5439999103546143
9,3,4,black_box,obj_pwldr,211672.66710026935,211672.66710026935,0.1830000877380371,30.88699984550476
9,3,4,black_box,dr_pwldr,211667.1307501155,211667.1307501155,0.1830000877380371,30.88699984550476
9,3,4,black_box,reopt_pwldr,216144.58435089525,216144.58435089525,0.1830000877380371,30.88699984550476
9,3,4,local_search,obj_pwldr,211672.66710026935,211672.66710026935,0.1830000877380371,3.810999870300293
9,3,4,local_search,dr_pwldr,211667.1307501155,211667.1307501155,0.1830000877380371,3.810999870300293
9,3,4,local_search,reopt_pwldr,216144.58435089525,216144.58435089525,0.1830000877380371,3.810999870300293
9,3,5,black_box,obj_pwldr,211672.66710026935,211672.66710026935,0.21799993515014648,41.49900007247925
9,3,5,black_box,dr_pwldr,211667.1307501155,211667.1307501155,0.21799993515014648,41.49900007247925
9,3,5,black_box,reopt_pwldr,216144.58435089525,216144.58435089525,0.21799993515014648,41.49900007247925
9,3,5,local_search,obj_pwldr,211672.66710026935,211672.66710026935,0.21799993515014648,4.07699990272522
9,3,5,local_search,dr_pwldr,211667.1307501155,211667.1307501155,0.21799993515014648,4.07699990272522
9,3,5,local_search,reopt_pwldr,216144.58435089525,216144.58435089525,0.21799993515014648,4.07699990272522
9,3,6,black_box,obj_pwldr,211672.66710026935,211672.66710026935,0.2890000343322754,52.02900004386902
9,3,6,black_box,dr_pwldr,211667.1307501155,211667.1307501155,0.2890000343322754,52.02900004386902
9,3,6,black_box,reopt_pwldr,216144.58435089525,216144.58435089525,0.2890000343322754,52.02900004386902
9,3,6,local_search,obj_pwldr,211672.66710026935,211672.66710026935,0.2890000343322754,6.73799991607666
9,3,6,local_search,dr_pwldr,211667.1307501155,211667.1307501155,0.2890000343322754,6.73799991607666
9,3,6,local_search,reopt_pwldr,216144.58435089525,216144.58435089525,0.2890000343322754,6.73799991607666
9,3,7,black_box,obj_pwldr,211672.66710026935,211672.66710026935,0.37600016593933105,61.95799994468689
9,3,7,black_box,dr_pwldr,211667.1307501155,211667.1307501155,0.37600016593933105,61.95799994468689
9,3,7,black_box,reopt_pwldr,216144.58435089525,216144.58435089525,0.37600016593933105,61.95799994468689
9,3,7,local_search,obj_pwldr,211672.66710026935,211672.66710026935,0.37600016593933105,8.733000040054321
9,3,7,local_search,dr_pwldr,211667.1307501155,211667.1307501155,0.37600016593933105,8.733000040054321
9,3,7,local_search,reopt_pwldr,216144.58435089525,216144.58435089525,0.37600016593933105,8.733000040054321
9,3,8,black_box,obj_pwldr,211672.66710026935,211672.66710026935,0.4270000457763672,73.13399982452393
9,3,8,black_box,dr_pwldr,211667.1307501155,211667.1307501155,0.4270000457763672,73.13399982452393
9,3,8,black_box,reopt_pwldr,216144.58435089525,216144.58435089525,0.4270000457763672,73.13399982452393
9,3,8,local_search,obj_pwldr,211672.66710026935,211672.66710026935,0.4270000457763672,9.984999895095825
9,3,8,local_search,dr_pwldr,211667.1307501155,211667.1307501155,0.4270000457763672,9.984999895095825
9,3,8,local_search,reopt_pwldr,216144.58435089525,216144.58435089525,0.4270000457763672,9.984999895095825
9,3,9,black_box,obj_pwldr,211672.66710026935,211672.66710026935,0.46000003814697266,83.72000002861023
9,3,9,black_box,dr_pwldr,211667.1307501155,211667.1307501155,0.46000003814697266,83.72000002861023
9,3,9,black_box,reopt_pwldr,216144.58435089525,216144.58435089525,0.46000003814697266,83.72000002861023
9,3,9,local_search,obj_pwldr,211672.66710026935,211671.66677810514,0.46000003814697266,4329.824000120163
9,3,9,local_search,dr_pwldr,211667.1307501155,211667.1307501155,0.46000003814697266,4329.824000120163
9,3,9,local_search,reopt_pwldr,216144.58435089525,216144.58435089525,0.46000003814697266,4329.824000120163
9,3,10,black_box,obj_pwldr,211672.66710026935,211672.66710026935,0.5,93.78999996185303
9,3,10,black_box,dr_pwldr,211667.1307501155,211667.1307501155,0.5,93.78999996185303
9,3,10,black_box,reopt_pwldr,216144.58435089525,216144.58435089525,0.5,93.78999996185303
9,3,10,local_search,obj_pwldr,211672.66710026935,211672.66710026935,0.5,15.717999935150146
9,3,10,local_search,dr_pwldr,211667.1307501155,211667.1307501155,0.5,15.717999935150146
9,3,10,local_search,reopt_pwldr,216144.58435089525,216144.58435089525,0.5,15.717999935150146
9,4,1,black_box,obj_pwldr,211672.66710026935,211672.66710026935,0.03099989891052246,2.803999900817871
9,4,1,black_box,dr_pwldr,211667.1307501155,211667.1307501155,0.03099989891052246,2.803999900817871
9,4,1,black_box,reopt_pwldr,216144.58435089525,216144.58435089525,0.03099989891052246,2.803999900817871
9,4,1,local_search,obj_pwldr,211672.66710026935,211672.66710026935,0.03099989891052246,0.2239999771118164
9,4,1,local_search,dr_pwldr,211667.1307501155,211667.1307501155,0.03099989891052246,0.2239999771118164
9,4,1,local_search,reopt_pwldr,216144.58435089525,216144.58435089525,0.03099989891052246,0.2239999771118164
9,4,2,black_box,obj_pwldr,211672.66710026935,211672.66710026935,0.032000064849853516,3.239000082015991
9,4,2,black_box,dr_pwldr,211667.1307501155,211667.1307501155,0.032000064849853516,3.239000082015991
9,4,2,black_box,reopt_pwldr,216144.58435089525,216144.58435089525,0.032000064849853516,3.239000082015991
9,4,2,local_search,obj_pwldr,211672.66710026935,211672.66710026935,0.032000064849853516,0.2890000343322754
9,4,2,local_search,dr_pwldr,211667.1307501155,211667.1307501155,0.032000064849853516,0.2890000343322754
9,4,2,local_search,reopt_pwldr,216144.58435089525,216144.58435089525,0.032000064849853516,0.2890000343322754
9,4,3,black_box,obj_pwldr,211672.66710026935,211672.66710026935,0.031999826431274414,4.307000160217285
9,4,3,black_box,dr_pwldr,211667.1307501155,211667.1307501155,0.031999826431274414,4.307000160217285
9,4,3,black_box,reopt_pwldr,216144.58435089525,216144.58435089525,0.031999826431274414,4.307000160217285
9,4,3,local_search,obj_pwldr,211672.66710026935,211672.66710026935,0.031999826431274414,0.36500000953674316
9,4,3,local_search,dr_pwldr,211667.1307501155,211667.1307501155,0.031999826431274414,0.36500000953674316
9,4,3,local_search,reopt_pwldr,216144.58435089525,216144.58435089525,0.031999826431274414,0.36500000953674316
9,4,4,black_box,obj_pwldr,211672.66710026935,211672.53721688804,0.04400014877319336,4.1579999923706055
9,4,4,black_box,dr_pwldr,211667.1307501155,211667.1307501155,0.04400014877319336,4.1579999923706055
9,4,4,black_box,reopt_pwldr,216144.58435089525,216144.58435089525,0.04400014877319336,4.1579999923706055
9,4,4,local_search,obj_pwldr,211672.66710026935,211672.53721688804,0.04400014877319336,0.4140000343322754
9,4,4,local_search,dr_pwldr,211667.1307501155,211667.1307501155,0.04400014877319336,0.4140000343322754
9,4,4,local_search,reopt_pwldr,216144.58435089525,216144.58435089525,0.04400014877319336,0.4140000343322754
9,4,5,black_box,obj_pwldr,211672.66710026935,211672.66710026935,0.04399991035461426,4.568000078201294
9,4,5,black_box,dr_pwldr,211667.1307501155,211667.1307501155,0.04399991035461426,4.568000078201294
9,4,5,black_box,reopt_pwldr,216144.58435089525,216144.58435089525,0.04399991035461426,4.568000078201294
9,4,5,local_search,obj_pwldr,211672.66710026935,211672.66710026935,0.04399991035461426,0.5390000343322754
9,4,5,local_search,dr_pwldr,211667.1307501155,211667.1307501155,0.04399991035461426,0.5390000343322754
9,4,5,local_search,reopt_pwldr,216144.58435089525,216144.58435089525,0.04399991035461426,0.5390000343322754
9,4,6,black_box,obj_pwldr,211672.66710026935,211672.66710026935,0.046000003814697266,5.105999946594238
9,4,6,black_box,dr_pwldr,211667.1307501155,211667.1307501155,0.046000003814697266,5.105999946594238
9,4,6,black_box,reopt_pwldr,216144.58435089525,216144.58435089525,0.046000003814697266,5.105999946594238
9,4,6,local_search,obj_pwldr,211672.66710026935,211672.66710026935,0.046000003814697266,0.6500000953674316
9,4,6,local_search,dr_pwldr,211667.1307501155,211667.1307501155,0.046000003814697266,0.6500000953674316
9,4,6,local_search,reopt_pwldr,216144.58435089525,216144.58435089525,0.046000003814697266,0.6500000953674316
9,4,7,black_box,obj_pwldr,211672.66710026935,211670.86175865342,0.04900002479553223,5.5400002002716064
9,4,7,black_box,dr_pwldr,211667.1307501155,211667.1307501155,0.04900002479553223,5.5400002002716064
9,4,7,black_box,reopt_pwldr,216144.58435089525,216144.58435089525,0.04900002479553223,5.5400002002716064
9,4,7,local_search,obj_pwldr,211672.66710026935,211670.86175865342,0.04900002479553223,0.7430000305175781
9,4,7,local_search,dr_pwldr,211667.1307501155,211667.1307501155,0.04900002479553223,0.7430000305175781
9,4,7,local_search,reopt_pwldr,216144.58435089525,216144.58435089525,0.04900002479553223,0.7430000305175781
9,4,8,black_box,obj_pwldr,211672.66710026935,211671.41392160312,0.04800009727478027,6.065000057220459
9,4,8,black_box,dr_pwldr,211667.1307501155,211667.1307501155,0.04800009727478027,6.065000057220459
9,4,8,black_box,reopt_pwldr,216144.58435089525,216144.58435089525,0.04800009727478027,6.065000057220459
9,4,8,local_search,obj_pwldr,211672.66710026935,211670.85861274472,0.04800009727478027,1.9169998168945312
9,4,8,local_search,dr_pwldr,211667.1307501155,211667.1307501155,0.04800009727478027,1.9169998168945312
9,4,8,local_search,reopt_pwldr,216144.58435089525,216144.58435089525,0.04800009727478027,1.9169998168945312
9,4,9,black_box,obj_pwldr,211672.66710026935,211671.28273852848,0.042999982833862305,6.853000164031982
9,4,9,black_box,dr_pwldr,211667.1307501155,211667.1307501155,0.042999982833862305,6.853000164031982
9,4,9,black_box,reopt_pwldr,216144.58435089525,216144.58435089525,0.042999982833862305,6.853000164031982
9,4,9,local_search,obj_pwldr,211672.66710026935,211670.95838987856,0.042999982833862305,1.44100022315979
9,4,9,local_search,dr_pwldr,211667.1307501155,211667.1307501155,0.042999982833862305,1.44100022315979
9,4,9,local_search,reopt_pwldr,216144.58435089525,216144.58435089525,0.042999982833862305,1.44100022315979
9,4,10,black_box,obj_pwldr,211672.66710026935,211670.89622013157,0.04999995231628418,7.43500018119812
9,4,10,black_box,dr_pwldr,211667.1307501155,211667.1307501155,0.04999995231628418,7.43500018119812
9,4,10,black_box,reopt_pwldr,216144.58435089525,216144.58435089525,0.04999995231628418,7.43500018119812
9,4,10,local_search,obj_pwldr,211672.66710026935,211670.86655923986,0.04999995231628418,1.6629998683929443
9,4,10,local_search,dr_pwldr,211667.1307501155,211667.1307501155,0.04999995231628418,1.6629998683929443
9,4,10,local_search,reopt_pwldr,216144.58435089525,216144.58435089525,0.04999995231628418,1.6629998683929443
9,5,1,black_box,obj_pwldr,211672.55129008347,211667.0620176682,0.029999971389770508,6.621999979019165
9,5,1,black_box,dr_pwldr,211667.1307501155,211667.1307501155,0.029999971389770508,6.621999979019165
9,5,1,black_box,reopt_pwldr,216144.58435089525,216144.58435089525,0.029999971389770508,6.621999979019165
9,5,1,local_search,obj_pwldr,211672.55129008347,211667.0620176682,0.029999971389770508,0.996999979019165
9,5,1,local_search,dr_pwldr,211667.1307501155,211667.1307501155,0.029999971389770508,0.996999979019165
9,5,1,local_search,reopt_pwldr,216144.58435089525,216144.58435089525,0.029999971389770508,0.996999979019165
9,5,2,black_box,obj_pwldr,211673.57045422393,211668.10180412288,0.06500005722045898,12.347999811172485
9,5,2,black_box,dr_pwldr,211667.1307501155,211667.1307501155,0.06500005722045898,12.347999811172485
9,5,2,black_box,reopt_pwldr,216144.58435089525,216144.58435089525,0.06500005722045898,12.347999811172485
9,5,2,local_search,obj_pwldr,211673.57045422393,211665.56464547117,0.06500005722045898,3.2029998302459717
9,5,2,local_search,dr_pwldr,211667.1307501155,211667.1307501155,0.06500005722045898,3.2029998302459717
9,5,2,local_search,reopt_pwldr,216144.58435089525,216144.58435089525,0.06500005722045898,3.2029998302459717
9,5,3,black_box,obj_pwldr,211670.08787516484,211666.23977787886,0.11999988555908203,20.36299991607666
9,5,3,black_box,dr_pwldr,211667.1307501155,211667.1307501155,0.11999988555908203,20.36299991607666
9,5,3,black_box,reopt_pwldr,216144.58435089525,216144.58435089525,0.11999988555908203,20.36299991607666
9,5,3,local_search,obj_pwldr,211670.08787516484,211666.23977787886,0.11999988555908203,2.4119999408721924
9,5,3,local_search,dr_pwldr,211667.1307501155,211667.1307501155,0.11999988555908203,2.4119999408721924
9,5,3,local_search,reopt_pwldr,216144.58435089525,216144.58435089525,0.11999988555908203,2.4119999408721924
9,5,4,black_box,obj_pwldr,211671.41695221583,211668.81299786744,0.17300009727478027,30.48300004005432
9,5,4,black_box,dr_pwldr,211667.1307501155,211667.1307501155,0.17300009727478027,30.48300004005432
9,5,4,black_box,reopt_pwldr,216144.58435089525,216144.58435089525,0.17300009727478027,30.48300004005432
9,5,4,local_search,obj_pwldr,211671.41695221583,211668.81299786744,0.17300009727478027,2.992999792098999
9,5,4,local_search,dr_pwldr,211667.1307501155,211667.1307501155,0.17300009727478027,2.992999792098999
9,5,4,local_search,reopt_pwldr,216144.58435089525,216144.58435089525,0.17300009727478027,2.992999792098999
9,5,5,black_box,obj_pwldr,211671.35280151505,211668.28585243487,0.20799994468688965,40.54100012779236
9,5,5,black_box,dr_pwldr,211667.1307501155,211667.1307501155,0.20799994468688965,40.54100012779236
9,5,5,black_box,reopt_pwldr,216144.58435089525,216144.58435089525,0.20799994468688965,40.54100012779236
9,5,5,local_search,obj_pwldr,211671.35280151505,211668.28585243487,0.20799994468688965,4.658999919891357
9,5,5,local_search,dr_pwldr,211667.1307501155,211667.1307501155,0.20799994468688965,4.658999919891357
9,5,5,local_search,reopt_pwldr,216144.58435089525,216144.58435089525,0.20799994468688965,4.658999919891357
9,5,6,black_box,obj_pwldr,211671.21151327906,211669.58032116093,0.2999999523162842,50.30999994277954
9,5,6,black_box,dr_pwldr,211667.1307501155,211667.1307501155,0.2999999523162842,50.30999994277954
9,5,6,black_box,reopt_pwldr,216144.58435089525,216144.58435089525,0.2999999523162842,50.30999994277954
9,5,6,local_search,obj_pwldr,211671.21151327906,211669.38474550977,0.2999999523162842,9.44700002670288
9,5,6,local_search,dr_pwldr,211667.1307501155,211667.1307501155,0.2999999523162842,9.44700002670288
9,5,6,local_search,reopt_pwldr,216144.58435089525,216144.58435089525,0.2999999523162842,9.44700002670288
9,5,7,black_box,obj_pwldr,211670.93257970287,211669.29433595823,0.37999987602233887,60.71299982070923
9,5,7,black_box,dr_pwldr,211667.1307501155,211667.1307501155,0.37999987602233887,60.71299982070923
9,5,7,black_box,reopt_pwldr,216144.58435089525,216144.58435089525,0.37999987602233887,60.71299982070923
9,5,7,local_search,obj_pwldr,211670.93257970287,211669.29433595823,0.37999987602233887,8.377000093460083
9,5,7,local_search,dr_pwldr,211667.1307501155,211667.1307501155,0.37999987602233887,8.377000093460083
9,5,7,local_search,reopt_pwldr,216144.58435089525,216144.58435089525,0.37999987602233887,8.377000093460083
9,5,8,black_box,obj_pwldr,211671.03747162546,211669.2465702271,0.4140000343322754,70.34299993515015
9,5,8,black_box,dr_pwldr,211667.1307501155,211667.1307501155,0.4140000343322754,70.34299993515015
9,5,8,black_box,reopt_pwldr,216144.58435089525,216144.58435089525,0.4140000343322754,70.34299993515015
9,5,8,local_search,obj_pwldr,211671.03747162546,211669.0552356342,0.4140000343322754,13.388999938964844
9,5,8,local_search,dr_pwldr,211667.1307501155,211667.1307501155,0.4140000343322754,13.388999938964844
9,5,8,local_search,reopt_pwldr,216144.58435089525,216144.58435089525,0.4140000343322754,13.388999938964844
9,5,9,black_box,obj_pwldr,211670.9860896716,211669.83019998512,0.44500017166137695,80.92700004577637
9,5,9,black_box,dr_pwldr,211667.1307501155,211667.1307501155,0.44500017166137695,80.92700004577637
9,5,9,black_box,reopt_pwldr,216144.58435089525,216144.58435089525,0.44500017166137695,80.92700004577637
9,5,9,local_search,obj_pwldr,211670.9860896716,211669.83019998512,0.44500017166137695,11.998999834060669
9,5,9,local_search,dr_pwldr,211667.1307501155,211667.1307501155,0.44500017166137695,11.998999834060669
9,5,9,local_search,reopt_pwldr,216144.58435089525,216144.58435089525,0.44500017166137695,11.998999834060669
9,5,10,black_box,obj_pwldr,211671.0424597266,211670.07187889755,0.4910001754760742,92.85499978065491
9,5,10,black_box,dr_pwldr,211667.1307501155,211667.1307501155,0.4910001754760742,92.85499978065491
9,5,10,black_box,reopt_pwldr,216144.58435089525,216144.58435089525,0.4910001754760742,92.85499978065491
9,5,10,local_search,obj_pwldr,211671.0424597266,211669.6973522977,0.4910001754760742,20.01900005340576
9,5,10,local_search,dr_pwldr,211667.1307501155,211667.1307501155,0.4910001754760742,20.01900005340576
9,5,10,local_search,reopt_pwldr,216144.58435089525,216144.58435089525,0.4910001754760742,20.01900005340576
9,6,1,black_box,obj_pwldr,201656.08672523245,200677.57793254702,0.016000032424926758,5.002000093460083
9,6,1,black_box,dr_pwldr,201646.96050070124,200688.46363655908,0.016000032424926758,5.002000093460083
9,6,1,black_box,reopt_pwldr,191441.6652323553,199082.12407997114,0.016000032424926758,5.002000093460083
9,6,1,local_search,obj_pwldr,201656.08672523245,200677.57793254702,0.016000032424926758,0.2389998435974121
9,6,1,local_search,dr_pwldr,201646.96050070124,200688.46363655908,0.016000032424926758,0.2389998435974121
9,6,1,local_search,reopt_pwldr,191441.6652323553,199082.12407997114,0.016000032424926758,0.2389998435974121
9,6,2,black_box,obj_pwldr,200693.94847083086,200676.38369974255,0.07899999618530273,12.141999959945679
9,6,2,black_box,dr_pwldr,200704.93501355936,200688.66389067844,0.07899999618530273,12.141999959945679
9,6,2,black_box,reopt_pwldr,199670.0874232053,198913.2159326993,0.07899999618530273,12.141999959945679
9,6,2,local_search,obj_pwldr,200693.94847083086,200676.38369974255,0.07899999618530273,0.9270000457763672
9,6,2,local_search,dr_pwldr,200704.93501355936,200688.66389067844,0.07899999618530273,0.9270000457763672
9,6,2,local_search,reopt_pwldr,199670.0874232053,198913.2159326993,0.07899999618530273,0.9270000457763672
9,6,3,black_box,obj_pwldr,201586.24815409165,200675.9455792997,0.1119999885559082,21.793999910354614
9,6,3,black_box,dr_pwldr,201561.99583477358,200689.71887790432,0.1119999885559082,21.793999910354614
9,6,3,black_box,reopt_pwldr,203788.711655128,198776.81556663246,0.1119999885559082,21.793999910354614
9,6,3,local_search,obj_pwldr,201586.24815409165,200675.9455792997,0.1119999885559082,2.2179999351501465
9,6,3,local_search,dr_pwldr,201561.99583477358,200689.71887790432,0.1119999885559082,2.2179999351501465
9,6,3,local_search,reopt_pwldr,203788.711655128,198776.81556663246,0.1119999885559082,2.2179999351501465
9,6,4,black_box,obj_pwldr,200839.521241207,200676.60415746502,0.15999984741210938,31.24399995803833
9,6,4,black_box,dr_pwldr,200864.88894523057,200692.16619473702,0.15999984741210938,31.24399995803833
9,6,4,black_box,reopt_pwldr,196377.75625267703,198676.75937826346,0.15999984741210938,31.24399995803833
9,6,4,local_search,obj_pwldr,200839.521241207,200676.4392571758,0.15999984741210938,6.434000015258789
9,6,4,local_search,dr_pwldr,200864.88894523057,200689.63864357935,0.15999984741210938,6.434000015258789
9,6,4,local_search,reopt_pwldr,196377.75625267703,199019.26575027572,0.15999984741210938,6.434000015258789
9,6,5,black_box,obj_pwldr,200694.1303265447,200674.7161412228,0.2110002040863037,41.110000133514404
9,6,5,black_box,dr_pwldr,200704.93501355936,200689.35064870765,0.2110002040863037,41.110000133514404
9,6,5,black_box,reopt_pwldr,199670.0874232053,199140.34555327054,0.2110002040863037,41.110000133514404
9,6,5,local_search,obj_pwldr,200694.1303265447,200673.88712378463,0.2110002040863037,24.450999975204468
9,6,5,local_search,dr_pwldr,200704.93501355936,200689.30254429756,0.2110002040863037,24.450999975204468
9,6,5,local_search,reopt_pwldr,199670.0874232053,199130.8948163146,0.2110002040863037,24.450999975204468
9,6,6,black_box,obj_pwldr,201018.84126760886,200675.2541488915,0.25300002098083496,51.48299980163574
9,6,6,black_box,dr_pwldr,201028.90092416003,200692.8918268728,0.25300002098083496,51.48299980163574
9,6,6,black_box,reopt_pwldr,202023.58698430465,198863.1000421523,0.25300002098083496,51.48299980163574
9,6,6,local_search,obj_pwldr,201018.84126760886,200675.2541488915,0.25300002098083496,6.0309998989105225
9,6,6,local_search,dr_pwldr,201028.90092416003,200692.8918268728,0.25300002098083496,6.0309998989105225
9,6,6,local_search,reopt_pwldr,202023.58698430465,198863.1000421523,0.25300002098083496,6.0309998989105225
9,6,7,black_box,obj_pwldr,200723.66724149275,200675.8336681334,0.36699986457824707,62.35099983215332
9,6,7,black_box,dr_pwldr,200742.06456201343,200688.6605248436,0.36699986457824707,62.35099983215332
9,6,7,black_box,reopt_pwldr,197611.89320035005,198913.81185314682,0.36699986457824707,62.35099983215332
9,6,7,local_search,obj_pwldr,200723.66724149275,200675.83366813336,0.36699986457824707,15.402999877929688
9,6,7,local_search,dr_pwldr,200742.06456201343,200688.6605248436,0.36699986457824707,15.402999877929688
9,6,7,local_search,reopt_pwldr,197611.89320035005,198913.81185314682,0.36699986457824707,15.402999877929688
9,6,8,black_box,obj_pwldr,200693.21453906115,200675.39831740438,0.4119999408721924,72.19700002670288
9,6,8,black_box,dr_pwldr,200704.93501355938,200689.89385030817,0.4119999408721924,72.19700002670288
9,6,8,black_box,reopt_pwldr,199670.08742320535,198988.3332093558,0.4119999408721924,72.19700002670288
9,6,8,local_search,obj_pwldr,200693.21453906115,200669.4982512026,0.4119999408721924,45.651000022888184
9,6,8,local_search,dr_pwldr,200704.93501355938,200689.58537987768,0.4119999408721924,45.651000022888184
9,6,8,local_search,reopt_pwldr,199670.08742320535,198791.28184102036,0.4119999408721924,45.651000022888184
9,6,9,black_box,obj_pwldr,200839.2614836583,200675.33753107072,0.4439997673034668,82.73399996757507
9,6,9,black_box,dr_pwldr,200864.88894523052,200692.1286437256,0.4439997673034668,82.73399996757507
9,6,9,black_box,reopt_pwldr,196377.756252677,199062.10599788782,0.4439997673034668,82.73399996757507
9,6,9,local_search,obj_pwldr,200839.2614836583,200673.9840956423,0.4439997673034668,25.864999771118164
9,6,9,local_search,dr_pwldr,200864.88894523052,200690.4623076296,0.4439997673034668,25.864999771118164
9,6,9,local_search,reopt_pwldr,196377.756252677,198887.83003606202,0.4439997673034668,25.864999771118164
9,6,10,black_box,obj_pwldr,200692.31475024123,200674.06872762137,0.5060000419616699,92.53799986839294
9,6,10,black_box,dr_pwldr,200705.90716209187,200689.9657941596,0.5060000419616699,92.53799986839294
9,6,10,black_box,reopt_pwldr,198172.86454020103,198846.89730659593,0.5060000419616699,92.53799986839294
9,6,10,local_search,obj_pwldr,200692.31475024123,200674.0687276214,0.5060000419616699,12.942000150680542
9,6,10,local_search,dr_pwldr,200705.90716209187,200689.96579415962,0.5060000419616699,12.942000150680542
9,6,10,local_search,reopt_pwldr,198172.86454020103,198846.89730659596,0.5060000419616699,12.942000150680542
9,7,1,black_box,obj_pwldr,201446.1928902905,201063.3983855802,0.028999805450439453,2.9010000228881836
9,7,1,black_box,dr_pwldr,200813.65011640036,200498.81276172603,0.028999805450439453,2.9010000228881836
9,7,1,black_box,reopt_pwldr,192736.01785275227,196264.79434392357,0.028999805450439453,2.9010000228881836
9,7,1,local_search,obj_pwldr,201446.1928902905,201063.39838558022,0.028999805450439453,0.26999998092651367
9,7,1,local_search,dr_pwldr,200813.65011640036,200498.81276172606,0.028999805450439453,0.26999998092651367
9,7,1,local_search,reopt_pwldr,192736.01785275227,196264.7943439236,0.028999805450439453,0.26999998092651367
9,7,2,black_box,obj_pwldr,201577.0323865761,200992.44940927616,0.031999826431274414,3.4060001373291016
9,7,2,black_box,dr_pwldr,201162.44534570977,200423.24981278172,0.031999826431274414,3.4060001373291016
9,7,2,black_box,reopt_pwldr,200534.30809864937,196417.6102097685,0.031999826431274414,3.4060001373291016
9,7,2,local_search,obj_pwldr,201577.0323865761,200992.44940927616,0.031999826431274414,0.2980000972747803
9,7,2,local_search,dr_pwldr,201162.44534570977,200423.24981278172,0.031999826431274414,0.2980000972747803
9,7,2,local_search,reopt_pwldr,200534.30809864937,196417.6102097685,0.031999826431274414,0.2980000972747803
9,7,3,black_box,obj_pwldr,201392.01222535214,200986.98795607468,0.031999826431274414,3.5959999561309814
9,7,3,black_box,dr_pwldr,200745.12480203714,200426.10052701668,0.031999826431274414,3.5959999561309814
9,7,3,black_box,reopt_pwldr,192736.01785275227,196482.96608775386,0.031999826431274414,3.5959999561309814
9,7,3,local_search,obj_pwldr,201392.01222535214,200986.9879560747,0.031999826431274414,0.34799981117248535
9,7,3,local_search,dr_pwldr,200745.12480203714,200426.10052701674,0.031999826431274414,0.34799981117248535
9,7,3,local_search,reopt_pwldr,192736.01785275227,196482.96608775386,0.031999826431274414,0.34799981117248535
9,7,4,black_box,obj_pwldr,201024.55517510782,200988.89905493066,0.03800010681152344,4.340000152587891
9,7,4,black_box,dr_pwldr,200494.11644834725,200422.34153399637,0.03800010681152344,4.340000152587891
9,7,4,black_box,reopt_pwldr,197413.60376529102,196332.8998291484,0.03800010681152344,4.340000152587891
9,7,4,local_search,obj_pwldr,201024.55517510782,200988.8990549307,0.03800010681152344,0.44700002670288086
9,7,4,local_search,dr_pwldr,200494.11644834725,200422.34153399637,0.03800010681152344,0.44700002670288086
9,7,4,local_search,reopt_pwldr,197413.60376529102,196332.89982914843,0.03800010681152344,0.44700002670288086
9,7,5,black_box,obj_pwldr,201372.38161878395,200985.76976970365,0.031000137329101562,4.440999984741211
9,7,5,black_box,dr_pwldr,200731.01014334656,200414.59712765468,0.031000137329101562,4.440999984741211
9,7,5,black_box,reopt_pwldr,192736.01785275218,196173.30222261866,0.031000137329101562,4.440999984741211
9,7,5,local_search,obj_pwldr,201372.38161878395,200985.76976970365,0.031000137329101562,0.5130000114440918
9,7,5,local_search,dr_pwldr,200731.01014334656,200414.59712765468,0.031000137329101562,0.5130000114440918
9,7,5,local_search,reopt_pwldr,192736.01785275218,196173.30222261866,0.031000137329101562,0.5130000114440918
9,7,6,black_box,obj_pwldr,200992.2047997679,200985.0619905193,0.032000064849853516,4.874000072479248
9,7,6,black_box,dr_pwldr,200414.1635014669,200432.93740307126,0.032000064849853516,4.874000072479248
9,7,6,black_box,reopt_pwldr,196077.1506474232,196608.71361304238,0.032000064849853516,4.874000072479248
9,7,6,local_search,obj_pwldr,200992.2047997679,200984.30943762854,0.032000064849853516,1.0310001373291016
9,7,6,local_search,dr_pwldr,200414.1635014669,200415.48840392858,0.032000064849853516,1.0310001373291016
9,7,6,local_search,reopt_pwldr,196077.1506474232,196224.76114370447,0.032000064849853516,1.0310001373291016
9,7,7,black_box,obj_pwldr,201142.0047554907,200987.3649509892,0.04800009727478027,5.289999961853027
9,7,7,black_box,dr_pwldr,200658.3428566783,200416.91649241842,0.04800009727478027,5.289999961853027
9,7,7,black_box,reopt_pwldr,198583.02356711874,196300.4544210437,0.04800009727478027,5.289999961853027
9,7,7,local_search,obj_pwldr,201142.0047554907,200987.3649509892,0.04800009727478027,0.7150001525878906
9,7,7,local_search,dr_pwldr,200658.3428566783,200416.91649241842,0.04800009727478027,0.7150001525878906
9,7,7,local_search,reopt_pwldr,198583.02356711874,196300.4544210437,0.04800009727478027,0.7150001525878906
9,7,8,black_box,obj_pwldr,201023.63826394937,200986.42315261863,0.04800009727478027,5.7250001430511475
9,7,8,black_box,dr_pwldr,200426.79138876937,200421.11198215946,0.04800009727478027,5.7250001430511475
9,7,8,black_box,reopt_pwldr,195334.67669305202,196378.42409287227,0.04800009727478027,5.7250001430511475
9,7,8,local_search,obj_pwldr,201023.63826394937,200986.4231526186,0.04800009727478027,1.5989999771118164
9,7,8,local_search,dr_pwldr,200426.79138876937,200421.11198215946,0.04800009727478027,1.5989999771118164
9,7,8,local_search,reopt_pwldr,195334.67669305202,196378.42409287218,0.04800009727478027,1.5989999771118164
9,7,9,black_box,obj_pwldr,201024.59301438773,200986.66619556982,0.04800009727478027,6.223999977111816
9,7,9,black_box,dr_pwldr,200494.11644834725,200419.21981317477,0.04800009727478027,6.223999977111816
9,7,9,black_box,reopt_pwldr,197413.60376529102,196287.23637984184,0.04800009727478027,6.223999977111816
9,7,9,local_search,obj_pwldr,201024.59301438773,200986.66619556982,0.04800009727478027,0.9679999351501465
9,7,9,local_search,dr_pwldr,200494.11644834725,200419.21981317477,0.04800009727478027,0.9679999351501465
9,7,9,local_search,reopt_pwldr,197413.60376529102,196287.23637984184,0.04800009727478027,0.9679999351501465
9,7,10,black_box,obj_pwldr,201050.4250885242,200987.06483079033,0.04999995231628418,6.664000034332275
9,7,10,black_box,dr_pwldr,200437.7267522872,200419.67074389537,0.04999995231628418,6.664000034332275
9,7,10,black_box,reopt_pwldr,194862.19326754354,196362.62721210963,0.04999995231628418,6.664000034332275
9,7,10,local_search,obj_pwldr,201050.4250885242,200987.06483079033,0.04999995231628418,1.0950000286102295
9,7,10,local_search,dr_pwldr,200437.7267522872,200419.67074389537,0.04999995231628418,1.0950000286102295
9,7,10,local_search,reopt_pwldr,194862.19326754354,196362.62721210963,0.04999995231628418,1.0950000286102295
9,8,1,black_box,obj_pwldr,211672.66710026935,211672.66710026935,0.016000032424926758,2.631999969482422
9,8,1,black_box,dr_pwldr,211667.1307501155,211667.1307501155,0.016000032424926758,2.631999969482422
9,8,1,black_box,reopt_pwldr,216144.58435089525,216144.58435089525,0.016000032424926758,2.631999969482422
9,8,1,local_search,obj_pwldr,211672.66710026935,211672.66710026935,0.016000032424926758,0.20799994468688965
9,8,1,local_search,dr_pwldr,211667.1307501155,211667.1307501155,0.016000032424926758,0.20799994468688965
9,8,1,local_search,reopt_pwldr,216144.58435089525,216144.58435089525,0.016000032424926758,0.20799994468688965
9,8,2,black_box,obj_pwldr,211672.66710026935,211672.66710026935,0.032000064849853516,2.934999942779541
9,8,2,black_box,dr_pwldr,211667.1307501155,211667.1307501155,0.032000064849853516,2.934999942779541
9,8,2,black_box,reopt_pwldr,216144.58435089525,216144.58435089525,0.032000064849853516,2.934999942779541
9,8,2,local_search,obj_pwldr,211672.66710026935,211672.66710026935,0.032000064849853516,0.23799991607666016
9,8,2,local_search,dr_pwldr,211667.1307501155,211667.1307501155,0.032000064849853516,0.23799991607666016
9,8,2,local_search,reopt_pwldr,216144.58435089525,216144.58435089525,0.032000064849853516,0.23799991607666016
9,8,3,black_box,obj_pwldr,211672.66710026935,211672.66710026935,0.032000064849853516,3.4590001106262207
9,8,3,black_box,dr_pwldr,211667.1307501155,211667.1307501155,0.032000064849853516,3.4590001106262207
9,8,3,black_box,reopt_pwldr,216144.58435089525,216144.58435089525,0.032000064849853516,3.4590001106262207
9,8,3,local_search,obj_pwldr,211672.66710026935,211672.66710026935,0.032000064849853516,0.31800007820129395
9,8,3,local_search,dr_pwldr,211667.1307501155,211667.1307501155,0.032000064849853516,0.31800007820129395
9,8,3,local_search,reopt_pwldr,216144.58435089525,216144.58435089525,0.032000064849853516,0.31800007820129395
9,8,4,black_box,obj_pwldr,211672.66710026935,211672.66710026935,0.04399991035461426,3.6530001163482666
9,8,4,black_box,dr_pwldr,211667.1307501155,211667.1307501155,0.04399991035461426,3.6530001163482666
9,8,4,black_box,reopt_pwldr,216144.58435089525,216144.58435089525,0.04399991035461426,3.6530001163482666
9,8,4,local_search,obj_pwldr,211672.66710026935,211672.66710026935,0.04399991035461426,0.3970000743865967
9,8,4,local_search,dr_pwldr,211667.1307501155,211667.1307501155,0.04399991035461426,0.3970000743865967
9,8,4,local_search,reopt_pwldr,216144.58435089525,216144.58435089525,0.04399991035461426,0.3970000743865967
9,8,5,black_box,obj_pwldr,211672.66710026935,211672.66710026935,0.032000064849853516,3.9529998302459717
9,8,5,black_box,dr_pwldr,211667.1307501155,211667.1307501155,0.032000064849853516,3.9529998302459717
9,8,5,black_box,reopt_pwldr,216144.58435089525,216144.58435089525,0.032000064849853516,3.9529998302459717
9,8,5,local_search,obj_pwldr,211672.66710026935,211672.66710026935,0.032000064849853516,0.5079998970031738
9,8,5,local_search,dr_pwldr,211667.1307501155,211667.1307501155,0.032000064849853516,0.5079998970031738
9,8,5,local_search,reopt_pwldr,216144.58435089525,216144.58435089525,0.032000064849853516,0.5079998970031738
9,8,6,black_box,obj_pwldr,211672.66710026935,211672.66710026935,0.04199981689453125,4.379999876022339
9,8,6,black_box,dr_pwldr,211667.1307501155,211667.1307501155,0.04199981689453125,4.379999876022339
9,8,6,black_box,reopt_pwldr,216144.58435089525,216144.58435089525,0.04199981689453125,4.379999876022339
9,8,6,local_search,obj_pwldr,211672.66710026935,211672.66710026935,0.04199981689453125,0.5550000667572021
9,8,6,local_search,dr_pwldr,211667.1307501155,211667.1307501155,0.04199981689453125,0.5550000667572021
9,8,6,local_search,reopt_pwldr,216144.58435089525,216144.58435089525,0.04199981689453125,0.5550000667572021
9,8,7,black_box,obj_pwldr,211672.66710026935,211672.66710026935,0.029999971389770508,5.063999891281128
9,8,7,black_box,dr_pwldr,211667.1307501155,211667.1307501155,0.029999971389770508,5.063999891281128
9,8,7,black_box,reopt_pwldr,216144.58435089525,216144.58435089525,0.029999971389770508,5.063999891281128
9,8,7,local_search,obj_pwldr,211672.66710026935,211672.66710026935,0.029999971389770508,0.6050000190734863
9,8,7,local_search,dr_pwldr,211667.1307501155,211667.1307501155,0.029999971389770508,0.6050000190734863
9,8,7,local_search,reopt_pwldr,216144.58435089525,216144.58435089525,0.029999971389770508,0.6050000190734863
9,8,8,black_box,obj_pwldr,211672.66710026935,211672.66710026935,0.0409998893737793,4.86899995803833
9,8,8,black_box,dr_pwldr,211667.1307501155,211667.1307501155,0.0409998893737793,4.86899995803833
9,8,8,black_box,reopt_pwldr,216144.58435089525,216144.58435089525,0.0409998893737793,4.86899995803833
9,8,8,local_search,obj_pwldr,211672.66710026935,211672.66710026935,0.0409998893737793,0.681999921798706
9,8,8,local_search,dr_pwldr,211667.1307501155,211667.1307501155,0.0409998893737793,0.681999921798706
9,8,8,local_search,reopt_pwldr,216144.58435089525,216144.58435089525,0.0409998893737793,0.681999921798706
9,8,9,black_box,obj_pwldr,211672.66710026935,211672.66710026935,0.04799985885620117,5.238999843597412
9,8,9,black_box,dr_pwldr,211667.1307501155,211667.1307501155,0.04799985885620117,5.238999843597412
9,8,9,black_box,reopt_pwldr,216144.58435089525,216144.58435089525,0.04799985885620117,5.238999843597412
9,8,9,local_search,obj_pwldr,211672.66710026935,211672.66710026935,0.04799985885620117,0.7769999504089355
9,8,9,local_search,dr_pwldr,211667.1307501155,211667.1307501155,0.04799985885620117,0.7769999504089355
9,8,9,local_search,reopt_pwldr,216144.58435089525,216144.58435089525,0.04799985885620117,0.7769999504089355
9,8,10,black_box,obj_pwldr,211672.66710026935,211672.66710026935,0.04799985885620117,5.769999980926514
9,8,10,black_box,dr_pwldr,211667.1307501155,211667.1307501155,0.04799985885620117,5.769999980926514
9,8,10,black_box,reopt_pwldr,216144.58435089525,216144.58435089525,0.04799985885620117,5.769999980926514
9,8,10,local_search,obj_pwldr,211672.66710026935,211672.66710026935,0.04799985885620117,0.9819998741149902
9,8,10,local_search,dr_pwldr,211667.1307501155,211667.1307501155,0.04799985885620117,0.9819998741149902
9,8,10,local_search,reopt_pwldr,216144.58435089525,216144.58435089525,0.04799985885620117,0.9819998741149902
9,9,1,black_box,obj_pwldr,211672.66710026935,211672.66710026935,0.032000064849853516,2.826000213623047
9,9,1,black_box,dr_pwldr,211667.1307501155,211667.1307501155,0.032000064849853516,2.826000213623047
9,9,1,black_box,reopt_pwldr,216144.58435089525,216144.58435089525,0.032000064849853516,2.826000213623047
9,9,1,local_search,obj_pwldr,211672.66710026935,211672.66710026935,0.032000064849853516,0.19099998474121094
9,9,1,local_search,dr_pwldr,211667.1307501155,211667.1307501155,0.032000064849853516,0.19099998474121094
9,9,1,local_search,reopt_pwldr,216144.58435089525,216144.58435089525,0.032000064849853516,0.19099998474121094
9,9,2,black_box,obj_pwldr,211672.66710026935,211672.66710026935,0.03399991989135742,3.2709999084472656
9,9,2,black_box,dr_pwldr,211667.1307501155,211667.1307501155,0.03399991989135742,3.2709999084472656
9,9,2,black_box,reopt_pwldr,216144.58435089525,216144.58435089525,0.03399991989135742,3.2709999084472656
9,9,2,local_search,obj_pwldr,211672.66710026935,211672.66710026935,0.03399991989135742,0.28800010681152344
9,9,2,local_search,dr_pwldr,211667.1307501155,211667.1307501155,0.03399991989135742,0.28800010681152344
9,9,2,local_search,reopt_pwldr,216144.58435089525,216144.58435089525,0.03399991989135742,0.28800010681152344
9,9,3,black_box,obj_pwldr,211672.66710026935,211672.66710026935,0.03699994087219238,3.6110000610351562
9,9,3,black_box,dr_pwldr,211667.1307501155,211667.1307501155,0.03699994087219238,3.6110000610351562
9,9,3,black_box,reopt_pwldr,216144.58435089525,216144.58435089525,0.03699994087219238,3.6110000610351562
9,9,3,local_search,obj_pwldr,211672.66710026935,211672.66710026935,0.03699994087219238,0.3510000705718994
9,9,3,local_search,dr_pwldr,211667.1307501155,211667.1307501155,0.03699994087219238,0.3510000705718994
9,9,3,local_search,reopt_pwldr,216144.58435089525,216144.58435089525,0.03699994087219238,0.3510000705718994
9,9,4,black_box,obj_pwldr,211672.66710026935,211672.66710026935,0.034999847412109375,3.997999906539917
9,9,4,black_box,dr_pwldr,211667.1307501155,211667.1307501155,0.034999847412109375,3.997999906539917
9,9,4,black_box,reopt_pwldr,216144.58435089525,216144.58435089525,0.034999847412109375,3.997999906539917
9,9,4,local_search,obj_pwldr,211672.66710026935,211672.66710026935,0.034999847412109375,0.4289999008178711
9,9,4,local_search,dr_pwldr,211667.1307501155,211667.1307501155,0.034999847412109375,0.4289999008178711
9,9,4,local_search,reopt_pwldr,216144.58435089525,216144.58435089525,0.034999847412109375,0.4289999008178711
9,9,5,black_box,obj_pwldr,211672.66710026935,211672.66710026935,0.04799985885620117,4.490999937057495
9,9,5,black_box,dr_pwldr,211667.1307501155,211667.1307501155,0.04799985885620117,4.490999937057495
9,9,5,black_box,reopt_pwldr,216144.58435089525,216144.58435089525,0.04799985885620117,4.490999937057495
9,9,5,local_search,obj_pwldr,211672.66710026935,211672.66710026935,0.04799985885620117,0.5219998359680176
9,9,5,local_search,dr_pwldr,211667.1307501155,211667.1307501155,0.04799985885620117,0.5219998359680176
9,9,5,local_search,reopt_pwldr,216144.58435089525,216144.58435089525,0.04799985885620117,0.5219998359680176
9,9,6,black_box,obj_pwldr,211672.66710026935,211672.66710026935,0.032000064849853516,5.1539998054504395
9,9,6,black_box,dr_pwldr,211667.1307501155,211667.1307501155,0.032000064849853516,5.1539998054504395
9,9,6,black_box,reopt_pwldr,216144.58435089525,216144.58435089525,0.032000064849853516,5.1539998054504395
9,9,6,local_search,obj_pwldr,211672.66710026935,211672.66710026935,0.032000064849853516,0.6019999980926514
9,9,6,local_search,dr_pwldr,211667.1307501155,211667.1307501155,0.032000064849853516,0.6019999980926514
9,9,6,local_search,reopt_pwldr,216144.58435089525,216144.58435089525,0.032000064849853516,0.6019999980926514
9,9,7,black_box,obj_pwldr,211672.66710026935,211672.66710026935,0.03800010681152344,5.493000030517578
9,9,7,black_box,dr_pwldr,211667.1307501155,211667.1307501155,0.03800010681152344,5.493000030517578
9,9,7,black_box,reopt_pwldr,216144.58435089525,216144.58435089525,0.03800010681152344,5.493000030517578
9,9,7,local_search,obj_pwldr,211672.66710026935,211672.66710026935,0.03800010681152344,0.8409998416900635
9,9,7,local_search,dr_pwldr,211667.1307501155,211667.1307501155,0.03800010681152344,0.8409998416900635
9,9,7,local_search,reopt_pwldr,216144.58435089525,216144.58435089525,0.03800010681152344,0.8409998416900635
9,9,8,black_box,obj_pwldr,211672.66710026935,211672.66710026935,0.04700016975402832,6.03600001335144
9,9,8,black_box,dr_pwldr,211667.1307501155,211667.1307501155,0.04700016975402832,6.03600001335144
9,9,8,black_box,reopt_pwldr,216144.58435089525,216144.58435089525,0.04700016975402832,6.03600001335144
9,9,8,local_search,obj_pwldr,211672.66710026935,211672.66710026935,0.04700016975402832,0.8399999141693115
9,9,8,local_search,dr_pwldr,211667.1307501155,211667.1307501155,0.04700016975402832,0.8399999141693115
9,9,8,local_search,reopt_pwldr,216144.58435089525,216144.58435089525,0.04700016975402832,0.8399999141693115
9,9,9,black_box,obj_pwldr,211672.66710026935,211672.66710026935,0.06299996376037598,6.269000053405762
9,9,9,black_box,dr_pwldr,211667.1307501155,211667.1307501155,0.06299996376037598,6.269000053405762
9,9,9,black_box,reopt_pwldr,216144.58435089525,216144.58435089525,0.06299996376037598,6.269000053405762
9,9,9,local_search,obj_pwldr,211672.66710026935,211672.66710026935,0.06299996376037598,0.9869999885559082
9,9,9,local_search,dr_pwldr,211667.1307501155,211667.1307501155,0.06299996376037598,0.9869999885559082
9,9,9,local_search,reopt_pwldr,216144.58435089525,216144.58435089525,0.06299996376037598,0.9869999885559082
9,9,10,black_box,obj_pwldr,211672.66710026935,211672.66710026935,0.0690000057220459,6.759999990463257
9,9,10,black_box,dr_pwldr,211667.1307501155,211667.1307501155,0.0690000057220459,6.759999990463257
9,9,10,black_box,reopt_pwldr,216144.58435089525,216144.58435089525,0.0690000057220459,6.759999990463257
9,9,10,local_search,obj_pwldr,211672.66710026935,211672.66710026935,0.0690000057220459,1.0929999351501465
9,9,10,local_search,dr_pwldr,211667.1307501155,211667.1307501155,0.0690000057220459,1.0929999351501465
9,9,10,local_search,reopt_pwldr,216144.58435089525,216144.58435089525,0.0690000057220459,1.0929999351501465
9,10,1,black_box,obj_pwldr,203455.46002593814,203053.4054879598,0.016000032424926758,2.700000047683716
9,10,1,black_box,dr_pwldr,202911.01181362453,202648.0375846081,0.016000032424926758,2.700000047683716
9,10,1,black_box,reopt_pwldr,195032.02932477847,198501.03240085734,0.016000032424926758,2.700000047683716
9,10,1,local_search,obj_pwldr,203455.46002593814,203053.4054879598,0.016000032424926758,0.20599985122680664
9,10,1,local_search,dr_pwldr,202911.01181362453,202648.0375846081,0.016000032424926758,0.20599985122680664
9,10,1,local_search,reopt_pwldr,195032.02932477847,198501.03240085734,0.016000032424926758,0.20599985122680664
9,10,2,black_box,obj_pwldr,203351.2757888181,203013.1404371494,0.032000064849853516,2.9719998836517334
9,10,2,black_box,dr_pwldr,203089.7480129956,202607.39838326222,0.032000064849853516,2.9719998836517334
9,10,2,black_box,reopt_pwldr,202066.7812173391,198542.60747636278,0.032000064849853516,2.9719998836517334
9,10,2,local_search,obj_pwldr,203351.2757888181,203010.83936795781,0.032000064849853516,0.4289999008178711
9,10,2,local_search,dr_pwldr,203089.7480129956,202627.7298641646,0.032000064849853516,0.4289999008178711
9,10,2,local_search,reopt_pwldr,202066.7812173391,199110.3898161401,0.032000064849853516,0.4289999008178711
9,10,3,black_box,obj_pwldr,203444.90128261212,202998.51943774812,0.032000064849853516,3.2619998455047607
9,10,3,black_box,dr_pwldr,202898.19774963235,202607.5944026865,0.032000064849853516,3.2619998455047607
9,10,3,black_box,reopt_pwldr,195032.02932477853,198855.72605715104,0.032000064849853516,3.2619998455047607
9,10,3,local_search,obj_pwldr,203444.90128261212,202998.51943774812,0.032000064849853516,0.3019998073577881
9,10,3,local_search,dr_pwldr,202898.19774963235,202607.5944026865,0.032000064849853516,0.3019998073577881
9,10,3,local_search,reopt_pwldr,195032.02932477853,198855.72605715104,0.032000064849853516,0.3019998073577881
9,10,4,black_box,obj_pwldr,203026.27308988152,202998.23862299023,0.031999826431274414,3.552000045776367
9,10,4,black_box,dr_pwldr,202649.07856248695,202610.79078338208,0.031999826431274414,3.552000045776367
9,10,4,black_box,reopt_pwldr,199251.22059062816,198934.88721030025,0.031999826431274414,3.552000045776367
9,10,4,local_search,obj_pwldr,203026.27308988152,202998.23862299023,0.031999826431274414,0.3959999084472656
9,10,4,local_search,dr_pwldr,202649.07856248695,202610.79078338208,0.031999826431274414,0.3959999084472656
9,10,4,local_search,reopt_pwldr,199251.22059062816,198934.88721030025,0.031999826431274414,0.3959999084472656
9,10,5,black_box,obj_pwldr,203306.06567962296,202996.8896270554,0.03299999237060547,3.8569998741149902
9,10,5,black_box,dr_pwldr,203043.05528584492,202605.65883788344,0.03299999237060547,3.8569998741149902
9,10,5,black_box,reopt_pwldr,202066.7812173391,198838.8537340608,0.03299999237060547,3.8569998741149902
9,10,5,local_search,obj_pwldr,203306.06567962296,202996.88962705547,0.03299999237060547,0.44499993324279785
9,10,5,local_search,dr_pwldr,203043.05528584492,202605.6588378835,0.03299999237060547,0.44499993324279785
9,10,5,local_search,reopt_pwldr,202066.7812173391,198838.85373406086,0.03299999237060547,0.44499993324279785
9,10,6,black_box,obj_pwldr,203014.28858933967,202999.58375287702,0.03299999237060547,4.203000068664551
9,10,6,black_box,dr_pwldr,202588.34062233215,202597.89789459255,0.03299999237060547,4.203000068664551
9,10,6,black_box,reopt_pwldr,198045.16048058815,198594.27205770812,0.03299999237060547,4.203000068664551
9,10,6,local_search,obj_pwldr,203014.28858933967,202998.10329196122,0.03299999237060547,0.7609999179840088
9,10,6,local_search,dr_pwldr,202588.34062233215,202606.7919699066,0.03299999237060547,0.7609999179840088
9,10,6,local_search,reopt_pwldr,198045.16048058815,198841.45955479535,0.03299999237060547,0.7609999179840088
9,10,7,black_box,obj_pwldr,203060.94667338763,202998.07798316667,0.032000064849853516,4.6590001583099365
9,10,7,black_box,dr_pwldr,202725.50234448025,202613.047180851,0.032000064849853516,4.6590001583099365
9,10,7,black_box,reopt_pwldr,200307.05582564446,199008.82964081384,0.032000064849853516,4.6590001583099365
9,10,7,local_search,obj_pwldr,203060.94667338763,202996.90937299698,0.032000064849853516,1.505000114440918
9,10,7,local_search,dr_pwldr,202725.50234448025,202604.0334331638,0.032000064849853516,1.505000114440918
9,10,7,local_search,reopt_pwldr,200307.05582564446,198791.9213533443,0.032000064849853516,1.505000114440918
9,10,8,black_box,obj_pwldr,203057.246116031,202997.65400497383,0.042999982833862305,4.976999998092651
9,10,8,black_box,dr_pwldr,202601.29140303357,202611.1269198058,0.042999982833862305,4.976999998092651
9,10,8,black_box,reopt_pwldr,197375.5757792969,198965.04143178527,0.042999982833862305,4.976999998092651
9,10,8,local_search,obj_pwldr,203057.246116031,202996.95686633277,0.042999982833862305,0.9820001125335693
9,10,8,local_search,dr_pwldr,202601.29140303357,202603.3273648147,0.042999982833862305,0.9820001125335693
9,10,8,local_search,reopt_pwldr,197375.5757792969,198772.0128596608,0.042999982833862305,0.9820001125335693
9,10,9,black_box,obj_pwldr,203006.58254947598,202997.51302129417,0.04799985885620117,5.6559998989105225
9,10,9,black_box,dr_pwldr,202631.00261547384,202608.04961936566,0.04799985885620117,5.6559998989105225
9,10,9,black_box,reopt_pwldr,199251.22059062813,198880.0998902499,0.04799985885620117,5.6559998989105225
9,10,9,local_search,obj_pwldr,203006.58254947598,202997.51302129411,0.04799985885620117,1.4470000267028809
9,10,9,local_search,dr_pwldr,202631.00261547384,202608.04961936563,0.04799985885620117,1.4470000267028809
9,10,9,local_search,reopt_pwldr,199251.22059062813,198880.09989024984,0.04799985885620117,1.4470000267028809
9,10,10,black_box,obj_pwldr,203100.71730379347,202996.87017805857,0.031999826431274414,5.5950000286102295
9,10,10,black_box,dr_pwldr,202625.45848670957,202604.81062337835,0.031999826431274414,5.5950000286102295
9,10,10,black_box,reopt_pwldr,196949.4764239301,198815.26406812965,0.031999826431274414,5.5950000286102295
9,10,10,local_search,obj_pwldr,203100.71730379347,202996.87017805854,0.031999826431274414,1.7909998893737793
9,10,10,local_search,dr_pwldr,202625.45848670957,202604.8106233783,0.031999826431274414,1.7909998893737793
9,10,10,local_search,reopt_pwldr,196949.4764239301,198815.26406812962,0.031999826431274414,1.7909998893737793
9,11,1,black_box,obj_pwldr,211679.60194903414,211670.41857183544,0.032000064849853516,2.825000047683716
9,11,1,black_box,dr_pwldr,211667.1307501155,211667.13075011547,0.032000064849853516,2.825000047683716
9,11,1,black_box,reopt_pwldr,216144.58435089525,216144.58435089525,0.032000064849853516,2.825000047683716
9,11,1,local_search,obj_pwldr,211679.60194903414,211670.41857183544,0.032000064849853516,0.22299981117248535
9,11,1,local_search,dr_pwldr,211667.1307501155,211667.1307501155,0.032000064849853516,0.22299981117248535
9,11,1,local_search,reopt_pwldr,216144.58435089525,216144.58435089525,0.032000064849853516,0.22299981117248535
9,11,2,black_box,obj_pwldr,211676.06466082094,211670.469096974,0.03099989891052246,3.2239999771118164
9,11,2,black_box,dr_pwldr,211667.1307501155,211667.1307501155,0.03099989891052246,3.2239999771118164
9,11,2,black_box,reopt_pwldr,216144.58435089525,216144.58435089525,0.03099989891052246,3.2239999771118164
9,11,2,local_search,obj_pwldr,211676.06466082094,211670.469096974,0.03099989891052246,0.28099989891052246
9,11,2,local_search,dr_pwldr,211667.1307501155,211667.1307501155,0.03099989891052246,0.28099989891052246
9,11,2,local_search,reopt_pwldr,216144.58435089525,216144.58435089525,0.03099989891052246,0.28099989891052246
9,11,3,black_box,obj_pwldr,211675.0194928631,211671.2798542216,0.02500009536743164,3.6029999256134033
9,11,3,black_box,dr_pwldr,211667.1307501155,211667.1307501155,0.02500009536743164,3.6029999256134033
9,11,3,black_box,reopt_pwldr,216144.58435089525,216144.58435089525,0.02500009536743164,3.6029999256134033
9,11,3,local_search,obj_pwldr,211675.0194928631,211671.2798542216,0.02500009536743164,0.3659999370574951
9,11,3,local_search,dr_pwldr,211667.1307501155,211667.1307501155,0.02500009536743164,0.3659999370574951
9,11,3,local_search,reopt_pwldr,216144.58435089525,216144.58435089525,0.02500009536743164,0.3659999370574951
9,11,4,black_box,obj_pwldr,211675.57983281047,211671.88639808065,0.032000064849853516,4.040999889373779
9,11,4,black_box,dr_pwldr,211667.1307501155,211667.1307501155,0.032000064849853516,4.040999889373779
9,11,4,black_box,reopt_pwldr,216144.58435089525,216144.58435089525,0.032000064849853516,4.040999889373779
9,11,4,local_search,obj_pwldr,211675.57983281047,211671.88639808065,0.032000064849853516,0.43000006675720215
9,11,4,local_search,dr_pwldr,211667.1307501155,211667.1307501155,0.032000064849853516,0.43000006675720215
9,11,4,local_search,reopt_pwldr,216144.58435089525,216144.58435089525,0.032000064849853516,0.43000006675720215
9,11,5,black_box,obj_pwldr,211676.52144733703,211672.57645246765,0.031999826431274414,4.427999973297119
9,11,5,black_box,dr_pwldr,211667.1307501155,211667.1307501155,0.031999826431274414,4.427999973297119
9,11,5,black_box,reopt_pwldr,216144.58435089525,216144.58435089525,0.031999826431274414,4.427999973297119
9,11,5,local_search,obj_pwldr,211676.52144733703,211672.37891572618,0.031999826431274414,1.1610000133514404
9,11,5,local_search,dr_pwldr,211667.1307501155,211667.1307501155,0.031999826431274414,1.1610000133514404
9,11,5,local_search,reopt_pwldr,216144.58435089525,216144.58435089525,0.031999826431274414,1.1610000133514404
9,11,6,black_box,obj_pwldr,211675.24428777237,211672.43407895902,0.06100010871887207,4.898999929428101
9,11,6,black_box,dr_pwldr,211667.1307501155,211667.1307501155,0.06100010871887207,4.898999929428101
9,11,6,black_box,reopt_pwldr,216144.58435089525,216144.58435089525,0.06100010871887207,4.898999929428101
9,11,6,local_search,obj_pwldr,211675.24428777237,211672.24950750318,0.06100010871887207,1.1579999923706055
9,11,6,local_search,dr_pwldr,211667.1307501155,211667.1307501155,0.06100010871887207,1.1579999923706055
9,11,6,local_search,reopt_pwldr,216144.58435089525,216144.58435089525,0.06100010871887207,1.1579999923706055
9,11,7,black_box,obj_pwldr,211674.58124655357,211672.28083504815,0.0559999942779541,5.347999811172485
9,11,7,black_box,dr_pwldr,211667.1307501155,211667.1307501155,0.0559999942779541,5.347999811172485
9,11,7,black_box,reopt_pwldr,216144.58435089525,216144.58435089525,0.0559999942779541,5.347999811172485
9,11,7,local_search,obj_pwldr,211674.58124655357,211671.74475891085,0.0559999942779541,1.2839999198913574
9,11,7,local_search,dr_pwldr,211667.1307501155,211667.1307501155,0.0559999942779541,1.2839999198913574
9,11,7,local_search,reopt_pwldr,216144.58435089525,216144.58435089525,0.0559999942779541,1.2839999198913574
9,11,8,black_box,obj_pwldr,211674.60155152442,211673.31326996902,0.03600001335144043,6.146000146865845
9,11,8,black_box,dr_pwldr,211667.1307501155,211667.1307501155,0.03600001335144043,6.146000146865845
9,11,8,black_box,reopt_pwldr,216144.58435089525,216144.58435089525,0.03600001335144043,6.146000146865845
9,11,8,local_search,obj_pwldr,211674.60155152442,211672.7959595919,0.03600001335144043,1.931999921798706
9,11,8,local_search,dr_pwldr,211667.1307501155,211667.1307501155,0.03600001335144043,1.931999921798706
9,11,8,local_search,reopt_pwldr,216144.58435089525,216144.58435089525,0.03600001335144043,1.931999921798706
9,11,9,black_box,obj_pwldr,211676.2268859539,211672.45102715658,0.04699993133544922,6.426999807357788
9,11,9,black_box,dr_pwldr,211667.1307501155,211667.1307501155,0.04699993133544922,6.426999807357788
9,11,9,black_box,reopt_pwldr,216144.58435089525,216144.58435089525,0.04699993133544922,6.426999807357788
9,11,9,local_search,obj_pwldr,211676.2268859539,211671.3682888411,0.04699993133544922,1.9049999713897705
9,11,9,local_search,dr_pwldr,211667.1307501155,211667.1307501155,0.04699993133544922,1.9049999713897705
9,11,9,local_search,reopt_pwldr,216144.58435089525,216144.58435089525,0.04699993133544922,1.9049999713897705
9,11,10,black_box,obj_pwldr,211675.92842957028,211672.83336374746,0.04699993133544922,6.96399998664856
9,11,10,black_box,dr_pwldr,211667.1307501155,211667.1307501155,0.04699993133544922,6.96399998664856
9,11,10,black_box,reopt_pwldr,216144.58435089525,216144.58435089525,0.04699993133544922,6.96399998664856
9,11,10,local_search,obj_pwldr,211675.92842957028,211672.83336374746,0.04699993133544922,1.0799999237060547
9,11,10,local_search,dr_pwldr,211667.1307501155,211667.1307501155,0.04699993133544922,1.0799999237060547
9,11,10,local_search,reopt_pwldr,216144.58435089525,216144.58435089525,0.04699993133544922,1.0799999237060547
9,12,1,black_box,obj_pwldr,197137.03512285865,196913.15134207817,0.031999826431274414,2.8400001525878906
9,12,1,black_box,dr_pwldr,197833.6952905269,197464.640688545,0.031999826431274414,2.8400001525878906
9,12,1,black_box,reopt_pwldr,193310.32084190342,195305.07325555256,0.031999826431274414,2.8400001525878906
9,12,1,local_search,obj_pwldr,197137.03512285865,196913.15134207817,0.031999826431274414,0.2239999771118164
9,12,1,local_search,dr_pwldr,197833.6952905269,197464.640688545,0.031999826431274414,0.2239999771118164
9,12,1,local_search,reopt_pwldr,193310.32084190342,195305.07325555256,0.031999826431274414,0.2239999771118164
9,12,2,black_box,obj_pwldr,198472.62442687576,196785.86771615405,0.03299999237060547,3.2330000400543213
9,12,2,black_box,dr_pwldr,198689.87260882856,197326.18687884844,0.03299999237060547,3.2330000400543213
9,12,2,black_box,reopt_pwldr,200917.6266942137,195321.40030482432,0.03299999237060547,3.2330000400543213
9,12,2,local_search,obj_pwldr,198472.62442687576,196785.86771615408,0.03299999237060547,0.2869999408721924
9,12,2,local_search,dr_pwldr,198689.87260882856,197326.1868788485,0.03299999237060547,0.2869999408721924
9,12,2,local_search,reopt_pwldr,200917.6266942137,195321.40030482435,0.03299999237060547,0.2869999408721924
9,12,3,black_box,obj_pwldr,196980.81276047838,196774.5545829435,0.04699993133544922,3.676999807357788
9,12,3,black_box,dr_pwldr,197682.4038937851,197318.7982788482,0.04699993133544922,3.676999807357788
9,12,3,black_box,reopt_pwldr,193310.32084190348,195337.47987018927,0.04699993133544922,3.676999807357788
9,12,3,local_search,obj_pwldr,196980.81276047838,196774.5545829435,0.04699993133544922,0.3810000419616699
9,12,3,local_search,dr_pwldr,197682.4038937851,197318.7982788482,0.04699993133544922,0.3810000419616699
9,12,3,local_search,reopt_pwldr,193310.32084190348,195337.47987018927,0.04699993133544922,0.3810000419616699
9,12,4,black_box,obj_pwldr,197160.93577390793,196766.8897314176,0.04699993133544922,4.0970001220703125
9,12,4,black_box,dr_pwldr,197526.2882893557,197341.11299908397,0.04699993133544922,4.0970001220703125
9,12,4,black_box,reopt_pwldr,197873.04615661246,194998.75969060117,0.04699993133544922,4.0970001220703125
9,12,4,local_search,obj_pwldr,197160.93577390793,196766.8897314176,0.04699993133544922,0.4440000057220459
9,12,4,local_search,dr_pwldr,197526.2882893557,197341.11299908397,0.04699993133544922,0.4440000057220459
9,12,4,local_search,reopt_pwldr,197873.04615661246,194998.75969060117,0.04699993133544922,0.4440000057220459
9,12,5,black_box,obj_pwldr,196983.4213198827,196771.16144098315,0.04800009727478027,4.565000057220459
9,12,5,black_box,dr_pwldr,197689.86011124068,197313.7522289634,0.04800009727478027,4.565000057220459
9,12,5,black_box,reopt_pwldr,193310.32084190342,195337.82880729172,0.04800009727478027,4.565000057220459
9,12,5,local_search,obj_pwldr,196983.4213198827,196771.16144098315,0.04800009727478027,0.5390000343322754
9,12,5,local_search,dr_pwldr,197689.86011124068,197313.7522289634,0.04800009727478027,0.5390000343322754
9,12,5,local_search,reopt_pwldr,193310.32084190342,195337.82880729172,0.04800009727478027,0.5390000343322754
9,12,6,black_box,obj_pwldr,196861.43778533218,196764.01053804037,0.032000064849853516,5.023000001907349
9,12,6,black_box,dr_pwldr,197307.65258781542,197309.3905394297,0.032000064849853516,5.023000001907349
9,12,6,black_box,reopt_pwldr,196569.41035240947,195350.56564248973,0.032000064849853516,5.023000001907349
9,12,6,local_search,obj_pwldr,196861.43778533218,196764.0105380404,0.032000064849853516,0.6349999904632568
9,12,6,local_search,dr_pwldr,197307.65258781542,197309.3905394297,0.032000064849853516,0.6349999904632568
9,12,6,local_search,reopt_pwldr,196569.41035240947,195350.56564248973,0.032000064849853516,0.6349999904632568
9,12,7,black_box,obj_pwldr,196973.55024877284,196764.5449490772,0.03299999237060547,5.503999948501587
9,12,7,black_box,dr_pwldr,197674.5324398916,197320.22680392826,0.03299999237060547,5.503999948501587
9,12,7,black_box,reopt_pwldr,193310.32084190348,195211.3669084152,0.03299999237060547,5.503999948501587
9,12,7,local_search,obj_pwldr,196973.55024877284,196764.5449490772,0.03299999237060547,0.7789998054504395
9,12,7,local_search,dr_pwldr,197674.5324398916,197320.22680392826,0.03299999237060547,0.7789998054504395
9,12,7,local_search,reopt_pwldr,193310.32084190348,195211.3669084152,0.03299999237060547,0.7789998054504395
9,12,8,black_box,obj_pwldr,196796.2984928648,196765.58021922584,0.05299997329711914,6.011000156402588
9,12,8,black_box,dr_pwldr,197297.01615028078,197321.48923117758,0.05299997329711914,6.011000156402588
9,12,8,black_box,reopt_pwldr,195845.1682389644,195205.78743194797,0.05299997329711914,6.011000156402588
9,12,8,local_search,obj_pwldr,196796.2984928648,196765.5802192258,0.05299997329711914,1.8840000629425049
9,12,8,local_search,dr_pwldr,197297.01615028078,197321.48923117752,0.05299997329711914,1.8840000629425049
9,12,8,local_search,reopt_pwldr,195845.1682389644,195205.78743194797,0.05299997329711914,1.8840000629425049
9,12,9,black_box,obj_pwldr,196969.83818000858,196763.58664913327,0.04999995231628418,6.853999853134155
9,12,9,black_box,dr_pwldr,197676.30058975625,197316.23739460646,0.04999995231628418,6.853999853134155
9,12,9,black_box,reopt_pwldr,193310.32084190348,195259.28173860334,0.04999995231628418,6.853999853134155
9,12,9,local_search,obj_pwldr,196969.83818000858,196763.58664913327,0.04999995231628418,1.004000186920166
9,12,9,local_search,dr_pwldr,197676.30058975625,197316.2373946065,0.04999995231628418,1.004000186920166
9,12,9,local_search,reopt_pwldr,193310.32084190348,195259.28173860337,0.04999995231628418,1.004000186920166
9,12,10,black_box,obj_pwldr,196767.25648265088,196763.64477818282,0.05200004577636719,7.61899995803833
9,12,10,black_box,dr_pwldr,197305.69847962898,197310.54954479603,0.05200004577636719,7.61899995803833
9,12,10,black_box,reopt_pwldr,195384.2868940438,195309.01889508535,0.05200004577636719,7.61899995803833
9,12,10,local_search,obj_pwldr,196767.25648265088,196763.64477818282,0.05200004577636719,1.1719999313354492
9,12,10,local_search,dr_pwldr,197305.69847962898,197310.54954479603,0.05200004577636719,1.1719999313354492
9,12,10,local_search,reopt_pwldr,195384.2868940438,195309.01889508535,0.05200004577636719,1.1719999313354492
10,1,1,black_box,obj_pwldr,245303.3296597076,245303.3296597076,0.029999971389770508,3.2100000381469727
10,1,1,black_box,dr_pwldr,245293.3039408271,245293.3039408271,0.029999971389770508,3.2100000381469727
10,1,1,black_box,reopt_pwldr,249773.54395605146,249773.54395605146,0.029999971389770508,3.2100000381469727
10,1,1,local_search,obj_pwldr,245303.3296597076,245303.3296597076,0.029999971389770508,0.2070000171661377
10,1,1,local_search,dr_pwldr,245293.3039408271,245293.3039408271,0.029999971389770508,0.2070000171661377
10,1,1,local_search,reopt_pwldr,249773.54395605146,249773.54395605146,0.029999971389770508,0.2070000171661377
10,1,2,black_box,obj_pwldr,245303.3296597076,245303.3296597076,0.031999826431274414,2.9110000133514404
10,1,2,black_box,dr_pwldr,245293.3039408271,245293.3039408271,0.031999826431274414,2.9110000133514404
10,1,2,black_box,reopt_pwldr,249773.54395605146,249773.54395605146,0.031999826431274414,2.9110000133514404
10,1,2,local_search,obj_pwldr,245303.3296597076,245303.3296597076,0.031999826431274414,0.2690000534057617
10,1,2,local_search,dr_pwldr,245293.3039408271,245293.3039408271,0.031999826431274414,0.2690000534057617
10,1,2,local_search,reopt_pwldr,249773.54395605146,249773.54395605146,0.031999826431274414,0.2690000534057617
10,1,3,black_box,obj_pwldr,245303.3296597076,245303.3296597076,0.032000064849853516,3.198000192642212
10,1,3,black_box,dr_pwldr,245293.3039408271,245293.3039408271,0.032000064849853516,3.198000192642212
10,1,3,black_box,reopt_pwldr,249773.54395605146,249773.54395605146,0.032000064849853516,3.198000192642212
10,1,3,local_search,obj_pwldr,245303.3296597076,245303.3296597076,0.032000064849853516,0.31800007820129395
10,1,3,local_search,dr_pwldr,245293.3039408271,245293.3039408271,0.032000064849853516,0.31800007820129395
10,1,3,local_search,reopt_pwldr,249773.54395605146,249773.54395605146,0.032000064849853516,0.31800007820129395
10,1,4,black_box,obj_pwldr,245303.3296597076,245303.3296597076,0.031000137329101562,3.5250000953674316
10,1,4,black_box,dr_pwldr,245293.3039408271,245293.3039408271,0.031000137329101562,3.5250000953674316
10,1,4,black_box,reopt_pwldr,249773.54395605146,249773.54395605146,0.031000137329101562,3.5250000953674316
10,1,4,local_search,obj_pwldr,245303.3296597076,245303.3296597076,0.031000137329101562,0.3960001468658447
10,1,4,local_search,dr_pwldr,245293.3039408271,245293.3039408271,0.031000137329101562,0.3960001468658447
10,1,4,local_search,reopt_pwldr,249773.54395605146,249773.54395605146,0.031000137329101562,0.3960001468658447
10,1,5,black_box,obj_pwldr,245303.3296597076,245303.3296597076,0.03299999237060547,3.8259999752044678
10,1,5,black_box,dr_pwldr,245293.3039408271,245293.3039408271,0.03299999237060547,3.8259999752044678
10,1,5,black_box,reopt_pwldr,249773.54395605146,249773.54395605146,0.03299999237060547,3.8259999752044678
10,1,5,local_search,obj_pwldr,245303.3296597076,245303.3296597076,0.03299999237060547,0.44499993324279785
10,1,5,local_search,dr_pwldr,245293.3039408271,245293.3039408271,0.03299999237060547,0.44499993324279785
10,1,5,local_search,reopt_pwldr,249773.54395605146,249773.54395605146,0.03299999237060547,0.44499993324279785
10,1,6,black_box,obj_pwldr,245303.3296597076,245303.3296597076,0.017999887466430664,4.248000144958496
10,1,6,black_box,dr_pwldr,245293.3039408271,245293.3039408271,0.017999887466430664,4.248000144958496
10,1,6,black_box,reopt_pwldr,249773.54395605146,249773.54395605146,0.017999887466430664,4.248000144958496
10,1,6,local_search,obj_pwldr,245303.3296597076,245303.3296597076,0.017999887466430664,0.5399999618530273
10,1,6,local_search,dr_pwldr,245293.3039408271,245293.3039408271,0.017999887466430664,0.5399999618530273
10,1,6,local_search,reopt_pwldr,249773.54395605146,249773.54395605146,0.017999887466430664,0.5399999618530273
10,1,7,black_box,obj_pwldr,245303.3296597076,245303.3296597076,0.046000003814697266,4.486999988555908
10,1,7,black_box,dr_pwldr,245293.3039408271,245293.3039408271,0.046000003814697266,4.486999988555908
10,1,7,black_box,reopt_pwldr,249773.54395605146,249773.54395605146,0.046000003814697266,4.486999988555908
10,1,7,local_search,obj_pwldr,245303.3296597076,245303.3296597076,0.046000003814697266,0.5980000495910645
10,1,7,local_search,dr_pwldr,245293.3039408271,245293.3039408271,0.046000003814697266,0.5980000495910645
10,1,7,local_search,reopt_pwldr,249773.54395605146,249773.54395605146,0.046000003814697266,0.5980000495910645
10,1,8,black_box,obj_pwldr,245303.3296597076,245303.3296597076,0.048999786376953125,4.816999912261963
10,1,8,black_box,dr_pwldr,245293.3039408271,245293.3039408271,0.048999786376953125,4.816999912261963
10,1,8,black_box,reopt_pwldr,249773.54395605146,249773.54395605146,0.048999786376953125,4.816999912261963
10,1,8,local_search,obj_pwldr,245303.3296597076,245303.3296597076,0.048999786376953125,0.7139999866485596
10,1,8,local_search,dr_pwldr,245293.3039408271,245293.3039408271,0.048999786376953125,0.7139999866485596
10,1,8,local_search,reopt_pwldr,249773.54395605146,249773.54395605146,0.048999786376953125,0.7139999866485596
10,1,9,black_box,obj_pwldr,245303.3296597076,245303.3296597076,0.04800009727478027,5.200000047683716
10,1,9,black_box,dr_pwldr,245293.3039408271,245293.3039408271,0.04800009727478027,5.200000047683716
10,1,9,black_box,reopt_pwldr,249773.54395605146,249773.54395605146,0.04800009727478027,5.200000047683716
10,1,9,local_search,obj_pwldr,245303.3296597076,245303.3296597076,0.04800009727478027,0.809999942779541
10,1,9,local_search,dr_pwldr,245293.3039408271,245293.3039408271,0.04800009727478027,0.809999942779541
10,1,9,local_search,reopt_pwldr,249773.54395605146,249773.54395605146,0.04800009727478027,0.809999942779541
10,1,10,black_box,obj_pwldr,245303.3296597076,245303.3296597076,0.06099987030029297,5.9709999561309814
10,1,10,black_box,dr_pwldr,245293.3039408271,245293.3039408271,0.06099987030029297,5.9709999561309814
10,1,10,black_box,reopt_pwldr,249773.54395605146,249773.54395605146,0.06099987030029297,5.9709999561309814
10,1,10,local_search,obj_pwldr,245303.3296597076,245303.3296597076,0.06099987030029297,0.996999979019165
10,1,10,local_search,dr_pwldr,245293.3039408271,245293.3039408271,0.06099987030029297,0.996999979019165
10,1,10,local_search,reopt_pwldr,249773.54395605146,249773.54395605146,0.06099987030029297,0.996999979019165
10,2,1,black_box,obj_pwldr,231796.8625749143,231769.54818390365,0.026000022888183594,2.619999885559082
10,2,1,black_box,dr_pwldr,231429.58782658685,231427.30919667208,0.026000022888183594,2.619999885559082
10,2,1,black_box,reopt_pwldr,221494.52290547697,222734.68388114974,0.026000022888183594,2.619999885559082
10,2,1,local_search,obj_pwldr,231796.8625749143,231769.54818390365,0.026000022888183594,0.20600008964538574
10,2,1,local_search,dr_pwldr,231429.58782658685,231427.30919667208,0.026000022888183594,0.20600008964538574
10,2,1,local_search,reopt_pwldr,221494.52290547697,222734.68388114974,0.026000022888183594,0.20600008964538574
10,2,2,black_box,obj_pwldr,233015.15445097652,231769.5415535719,0.0279998779296875,3.003999948501587
10,2,2,black_box,dr_pwldr,232879.21765154548,231427.1400506107,0.0279998779296875,3.003999948501587
10,2,2,black_box,reopt_pwldr,230919.1020683209,222726.13941631463,0.0279998779296875,3.003999948501587
10,2,2,local_search,obj_pwldr,233015.15445097652,231769.54155357197,0.0279998779296875,0.307999849319458
10,2,2,local_search,dr_pwldr,232879.21765154548,231427.14005061076,0.0279998779296875,0.307999849319458
10,2,2,local_search,reopt_pwldr,230919.1020683209,222726.1394163147,0.0279998779296875,0.307999849319458
10,2,3,black_box,obj_pwldr,231796.8625749143,231769.57383748956,0.032000064849853516,3.438000202178955
10,2,3,black_box,dr_pwldr,231429.58782658685,231427.70041235053,0.032000064849853516,3.438000202178955
10,2,3,black_box,reopt_pwldr,221494.52290547697,222754.42346749568,0.032000064849853516,3.438000202178955
10,2,3,local_search,obj_pwldr,231796.8625749143,231769.57383748956,0.032000064849853516,0.3169999122619629
10,2,3,local_search,dr_pwldr,231429.58782658685,231427.70041235053,0.032000064849853516,0.3169999122619629
10,2,3,local_search,reopt_pwldr,221494.52290547697,222754.42346749568,0.032000064849853516,0.3169999122619629
10,2,4,black_box,obj_pwldr,232133.77404228743,231769.86866136795,0.03299999237060547,3.4670000076293945
10,2,4,black_box,dr_pwldr,231906.25932000755,231429.7992984469,0.03299999237060547,3.4670000076293945
10,2,4,black_box,reopt_pwldr,227148.213690775,222843.42232472604,0.03299999237060547,3.4670000076293945
10,2,4,local_search,obj_pwldr,232133.77404228743,231769.86866136795,0.03299999237060547,0.3660001754760742
10,2,4,local_search,dr_pwldr,231906.25932000755,231429.7992984469,0.03299999237060547,0.3660001754760742
10,2,4,local_search,reopt_pwldr,227148.213690775,222843.42232472604,0.03299999237060547,0.3660001754760742
10,2,5,black_box,obj_pwldr,231796.8625749143,231769.59321439525,0.03299999237060547,3.7849998474121094
10,2,5,black_box,dr_pwldr,231429.58782658685,231427.9370529959,0.03299999237060547,3.7849998474121094
10,2,5,black_box,reopt_pwldr,221494.52290547697,222764.85181959686,0.03299999237060547,3.7849998474121094
10,2,5,local_search,obj_pwldr,231796.8625749143,231769.59321439525,0.03299999237060547,0.45599985122680664
10,2,5,local_search,dr_pwldr,231429.58782658685,231427.9370529959,0.03299999237060547,0.45599985122680664
10,2,5,local_search,reopt_pwldr,221494.52290547697,222764.85181959686,0.03299999237060547,0.45599985122680664
10,2,6,black_box,obj_pwldr,231916.88189091627,231769.53723880003,0.03600001335144043,4.128000020980835
10,2,6,black_box,dr_pwldr,231643.3045990402,231426.6832188382,0.03600001335144043,4.128000020980835
10,2,6,black_box,reopt_pwldr,225532.11867182673,222702.72047682613,0.03600001335144043,4.128000020980835
10,2,6,local_search,obj_pwldr,231916.88189091627,231769.53723880003,0.03600001335144043,0.5590000152587891
10,2,6,local_search,dr_pwldr,231643.3045990402,231426.6832188382,0.03600001335144043,0.5590000152587891
10,2,6,local_search,reopt_pwldr,225532.11867182673,222702.72047682613,0.03600001335144043,0.5590000152587891
10,2,7,black_box,obj_pwldr,231796.86257491435,231769.54583495928,0.03400015830993652,4.412999868392944
10,2,7,black_box,dr_pwldr,231429.58782658694,231427.2566563454,0.03400015830993652,4.412999868392944
10,2,7,black_box,reopt_pwldr,221494.52290547706,222732.0297905256,0.03400015830993652,4.412999868392944
10,2,7,local_search,obj_pwldr,231796.86257491435,231769.54583495928,0.03400015830993652,0.5870001316070557
10,2,7,local_search,dr_pwldr,231429.58782658694,231427.2566563454,0.03400015830993652,0.5870001316070557
10,2,7,local_search,reopt_pwldr,221494.52290547706,222732.0297905256,0.03400015830993652,0.5870001316070557
10,2,8,black_box,obj_pwldr,231838.08610928297,231769.53908268272,0.04900002479553223,4.790999889373779
10,2,8,black_box,dr_pwldr,231538.1858398934,231427.04806895263,0.04900002479553223,4.790999889373779
10,2,8,black_box,reopt_pwldr,224634.2881057443,222721.49293484638,0.04900002479553223,4.790999889373779
10,2,8,local_search,obj_pwldr,231838.08610928297,231769.53908268272,0.04900002479553223,0.7039999961853027
10,2,8,local_search,dr_pwldr,231538.1858398934,231427.04806895263,0.04900002479553223,0.7039999961853027
10,2,8,local_search,reopt_pwldr,224634.2881057443,222721.49293484638,0.04900002479553223,0.7039999961853027
10,2,9,black_box,obj_pwldr,231796.86257491432,231769.53714160377,0.03399991989135742,5.111000061035156
10,2,9,black_box,dr_pwldr,231429.58782658685,231426.93508388207,0.03399991989135742,5.111000061035156
10,2,9,black_box,reopt_pwldr,221494.52290547697,222715.78545958584,0.03399991989135742,5.111000061035156
10,2,9,local_search,obj_pwldr,231796.86257491432,231769.53714160377,0.03399991989135742,0.8090000152587891
10,2,9,local_search,dr_pwldr,231429.58782658685,231426.9350838821,0.03399991989135742,0.8090000152587891
10,2,9,local_search,reopt_pwldr,221494.52290547697,222715.78545958584,0.03399991989135742,0.8090000152587891
10,2,10,black_box,obj_pwldr,231803.451550812,231769.54283823722,0.05200004577636719,5.539999961853027
10,2,10,black_box,dr_pwldr,231489.04894371153,231426.45983276854,0.05200004577636719,5.539999961853027
10,2,10,black_box,reopt_pwldr,224062.95639544184,222690.80451149607,0.05200004577636719,5.539999961853027
10,2,10,local_search,obj_pwldr,231803.451550812,231769.54283823722,0.05200004577636719,0.9369997978210449
10,2,10,local_search,dr_pwldr,231489.04894371153,231426.45983276854,0.05200004577636719,0.9369997978210449
10,2,10,local_search,reopt_pwldr,224062.95639544184,222690.80451149607,0.05200004577636719,0.9369997978210449
10,3,1,black_box,obj_pwldr,245299.11802683005,245291.60220933423,0.026000022888183594,5.753000020980835
10,3,1,black_box,dr_pwldr,245293.3039408271,245293.3039408271,0.026000022888183594,5.753000020980835
10,3,1,black_box,reopt_pwldr,249773.54395605146,249773.54395605146,0.026000022888183594,5.753000020980835
10,3,1,local_search,obj_pwldr,245299.11802683005,245291.60220933423,0.026000022888183594,0.8399999141693115
10,3,1,local_search,dr_pwldr,245293.3039408271,245293.3039408271,0.026000022888183594,0.8399999141693115
10,3,1,local_search,reopt_pwldr,249773.54395605146,249773.54395605146,0.026000022888183594,0.8399999141693115
10,3,2,black_box,obj_pwldr,245298.82775181453,245294.36564720265,0.0709998607635498,12.245000123977661
10,3,2,black_box,dr_pwldr,245293.3039408271,245293.3039408271,0.0709998607635498,12.245000123977661
10,3,2,black_box,reopt_pwldr,249773.54395605146,249773.54395605146,0.0709998607635498,12.245000123977661
10,3,2,local_search,obj_pwldr,245298.82775181453,245294.02555094849,0.0709998607635498,3.3560001850128174
10,3,2,local_search,dr_pwldr,245293.3039408271,245293.3039408271,0.0709998607635498,3.3560001850128174
10,3,2,local_search,reopt_pwldr,249773.54395605146,249773.54395605146,0.0709998607635498,3.3560001850128174
10,3,3,black_box,obj_pwldr,245298.07007989904,245294.2180236105,0.1230001449584961,21.131999969482422
10,3,3,black_box,dr_pwldr,245293.3039408271,245293.3039408271,0.1230001449584961,21.131999969482422
10,3,3,black_box,reopt_pwldr,249773.54395605146,249773.54395605146,0.1230001449584961,21.131999969482422
10,3,3,local_search,obj_pwldr,245298.07007989904,245294.2180236105,0.1230001449584961,1.251000165939331
10,3,3,local_search,dr_pwldr,245293.3039408271,245293.3039408271,0.1230001449584961,1.251000165939331
10,3,3,local_search,reopt_pwldr,249773.54395605146,249773.54395605146,0.1230001449584961,1.251000165939331
10,3,4,black_box,obj_pwldr,245298.6702215356,245295.90391514322,0.17399978637695312,30.522000074386597
10,3,4,black_box,dr_pwldr,245293.3039408271,245293.3039408271,0.17399978637695312,30.522000074386597
10,3,4,black_box,reopt_pwldr,249773.54395605146,249773.54395605146,0.17399978637695312,30.522000074386597
10,3,4,local_search,obj_pwldr,245298.6702215356,245295.2153057499,0.17399978637695312,7.874000072479248
10,3,4,local_search,dr_pwldr,245293.3039408271,245293.3039408271,0.17399978637695312,7.874000072479248
10,3,4,local_search,reopt_pwldr,249773.54395605146,249773.54395605146,0.17399978637695312,7.874000072479248
10,3,5,black_box,obj_pwldr,245298.03594042375,245295.1694323149,0.19499993324279785,39.92700004577637
10,3,5,black_box,dr_pwldr,245293.3039408271,245293.3039408271,0.19499993324279785,39.92700004577637
10,3,5,black_box,reopt_pwldr,249773.54395605146,249773.54395605146,0.19499993324279785,39.92700004577637
10,3,5,local_search,obj_pwldr,245298.03594042375,245295.1694323149,0.19499993324279785,4.63700008392334
10,3,5,local_search,dr_pwldr,245293.3039408271,245293.3039408271,0.19499993324279785,4.63700008392334
10,3,5,local_search,reopt_pwldr,249773.54395605146,249773.54395605146,0.19499993324279785,4.63700008392334
10,3,6,black_box,obj_pwldr,245297.78931687828,245296.61002264693,0.2740001678466797,50.26699995994568
10,3,6,black_box,dr_pwldr,245293.3039408271,245293.3039408271,0.2740001678466797,50.26699995994568
10,3,6,black_box,reopt_pwldr,249773.54395605146,249773.54395605146,0.2740001678466797,50.26699995994568
10,3,6,local_search,obj_pwldr,245297.78931687828,245296.61002264693,0.2740001678466797,6.4100000858306885
10,3,6,local_search,dr_pwldr,245293.3039408271,245293.3039408271,0.2740001678466797,6.4100000858306885
10,3,6,local_search,reopt_pwldr,249773.54395605146,249773.54395605146,0.2740001678466797,6.4100000858306885
10,3,7,black_box,obj_pwldr,245298.11546742736,245296.34946512952,0.3659999370574951,60.60300016403198
10,3,7,black_box,dr_pwldr,245293.3039408271,245293.3039408271,0.3659999370574951,60.60300016403198
10,3,7,black_box,reopt_pwldr,249773.54395605146,249773.54395605146,0.3659999370574951,60.60300016403198
10,3,7,local_search,obj_pwldr,245298.11546742736,245296.34946512952,0.3659999370574951,8.038000106811523
10,3,7,local_search,dr_pwldr,245293.3039408271,245293.3039408271,0.3659999370574951,8.038000106811523
10,3,7,local_search,reopt_pwldr,249773.54395605146,249773.54395605146,0.3659999370574951,8.038000106811523
10,3,8,black_box,obj_pwldr,245298.08098854104,245295.91829846686,0.3940000534057617,71.08899998664856
10,3,8,black_box,dr_pwldr,245293.3039408271,245293.3039408271,0.3940000534057617,71.08899998664856
10,3,8,black_box,reopt_pwldr,249773.54395605146,249773.54395605146,0.3940000534057617,71.08899998664856
10,3,8,local_search,obj_pwldr,245298.08098854104,245295.91829846686,0.3940000534057617,9.867000102996826
10,3,8,local_search,dr_pwldr,245293.3039408271,245293.3039408271,0.3940000534057617,9.867000102996826
10,3,8,local_search,reopt_pwldr,249773.54395605146,249773.54395605146,0.3940000534057617,9.867000102996826
