idx_p,idx_v,nb,displace_func,metric,value_uni,value_opt,time_uni,time_opt
1,1,1,black_box,obj_pwldr,34922.9094073289,34922.55002230838,0.029000043869018555,5.616999864578247
1,1,1,black_box,dr_pwldr,34912.9160549706,34818.1632188658,0.029000043869018555,5.616999864578247
1,1,1,black_box,reopt_pwldr,28534.930441188928,33925.70532794128,0.029000043869018555,5.616999864578247
1,1,1,local_search,obj_pwldr,34922.9094073289,34922.55002230838,0.029000043869018555,0.12400007247924805
1,1,1,local_search,dr_pwldr,34912.9160549706,34818.163218865804,0.029000043869018555,0.12400007247924805
1,1,1,local_search,reopt_pwldr,28534.930441188928,33925.70532794128,0.029000043869018555,0.12400007247924805
1,1,2,black_box,obj_pwldr,35285.349328691416,34917.72862007747,0.019999980926513672,1.4499998092651367
1,1,2,black_box,dr_pwldr,35272.423422333384,34812.45501169843,0.019999980926513672,1.4499998092651367
1,1,2,black_box,reopt_pwldr,27961.454126391756,33847.37307507695,0.019999980926513672,1.4499998092651367
1,1,2,local_search,obj_pwldr,35285.349328691416,34917.72862007747,0.019999980926513672,0.056999921798706055
1,1,2,local_search,dr_pwldr,35272.423422333384,34812.45501169843,0.019999980926513672,0.056999921798706055
1,1,2,local_search,reopt_pwldr,27961.454126391756,33847.37307507695,0.019999980926513672,0.056999921798706055
1,1,3,black_box,obj_pwldr,34922.031863531105,34917.65701861162,0.026000022888183594,1.741999864578247
1,1,3,black_box,dr_pwldr,34949.74477165601,34812.96233961109,0.026000022888183594,1.741999864578247
1,1,3,black_box,reopt_pwldr,33965.086527491854,33908.244844918896,0.026000022888183594,1.741999864578247
1,1,3,local_search,obj_pwldr,34922.031863531105,34917.65701861162,0.026000022888183594,0.09299993515014648
1,1,3,local_search,dr_pwldr,34949.74477165601,34812.96233961109,0.026000022888183594,0.09299993515014648
1,1,3,local_search,reopt_pwldr,33965.086527491854,33908.244844918896,0.026000022888183594,0.09299993515014648
1,1,4,black_box,obj_pwldr,35052.42140690432,34917.22786661264,0.024000167846679688,2.066999912261963
1,1,4,black_box,dr_pwldr,34866.63618512838,34811.90618764452,0.024000167846679688,2.066999912261963
1,1,4,black_box,reopt_pwldr,27502.661490182774,33842.5287647996,0.024000167846679688,2.066999912261963
1,1,4,local_search,obj_pwldr,35052.42140690432,34916.96935492684,0.024000167846679688,0.3039999008178711
1,1,4,local_search,dr_pwldr,34866.63618512838,34812.30515611528,0.024000167846679688,0.3039999008178711
1,1,4,local_search,reopt_pwldr,27502.661490182774,33908.60122144123,0.024000167846679688,0.3039999008178711
1,1,5,black_box,obj_pwldr,34921.54136443961,34917.69060287608,0.02700018882751465,2.503000020980835
1,1,5,black_box,dr_pwldr,34949.24520468799,34812.492506663744,0.02700018882751465,2.503000020980835
1,1,5,black_box,reopt_pwldr,33965.086527491854,33847.57078933109,0.02700018882751465,2.503000020980835
1,1,5,local_search,obj_pwldr,34921.54136443961,34917.291180899454,0.02700018882751465,0.2200000286102295
1,1,5,local_search,dr_pwldr,34949.24520468799,34812.595582789094,0.02700018882751465,0.2200000286102295
1,1,5,local_search,reopt_pwldr,33965.086527491854,33901.37609799009,0.02700018882751465,0.2200000286102295
1,1,6,black_box,obj_pwldr,34986.033359587505,34916.97000874794,0.04200005531311035,2.8589999675750732
1,1,6,black_box,dr_pwldr,34802.7475562876,34811.790810399674,0.04200005531311035,2.8589999675750732
1,1,6,black_box,reopt_pwldr,27608.675055869866,33870.85098376481,0.04200005531311035,2.8589999675750732
1,1,6,local_search,obj_pwldr,34986.033359587505,34916.97000874794,0.04200005531311035,0.21800017356872559
1,1,6,local_search,dr_pwldr,34802.7475562876,34811.790810399674,0.04200005531311035,0.21800017356872559
1,1,6,local_search,reopt_pwldr,27608.675055869866,33870.85098376481,0.04200005531311035,0.21800017356872559
1,1,7,black_box,obj_pwldr,34919.274823940614,34916.76454927851,0.0409998893737793,3.2219998836517334
1,1,7,black_box,dr_pwldr,34946.71493138518,34811.45410455066,0.0409998893737793,3.2219998836517334
1,1,7,black_box,reopt_pwldr,33963.91851596356,33850.29362460101,0.0409998893737793,3.2219998836517334
1,1,7,local_search,obj_pwldr,34919.274823940614,34916.70042131042,0.0409998893737793,0.3450000286102295
1,1,7,local_search,dr_pwldr,34946.71493138518,34811.76785084757,0.0409998893737793,0.3450000286102295
1,1,7,local_search,reopt_pwldr,33963.91851596356,33890.80875052137,0.0409998893737793,0.3450000286102295
1,1,8,black_box,obj_pwldr,34958.87519874781,34916.622889218015,0.04900002479553223,3.7220001220703125
1,1,8,black_box,dr_pwldr,34985.23945024759,34811.88591584671,0.04900002479553223,3.7220001220703125
1,1,8,black_box,reopt_pwldr,33604.996360444755,33898.03968212765,0.04900002479553223,3.7220001220703125
1,1,8,local_search,obj_pwldr,34958.87519874781,34916.47227136895,0.04900002479553223,0.8669998645782471
1,1,8,local_search,dr_pwldr,34985.23945024759,34811.35525641853,0.04900002479553223,0.8669998645782471
1,1,8,local_search,reopt_pwldr,33604.996360444755,33862.87149005417,0.04900002479553223,0.8669998645782471
1,1,9,black_box,obj_pwldr,34917.31277229269,34916.465880242,0.039999961853027344,4.211999893188477
1,1,9,black_box,dr_pwldr,34736.05459808037,34811.65665950637,0.039999961853027344,4.211999893188477
1,1,9,black_box,reopt_pwldr,27900.179573747806,33891.45028938012,0.039999961853027344,4.211999893188477
1,1,9,local_search,obj_pwldr,34917.31277229269,34916.465880241994,0.039999961853027344,0.879000186920166
1,1,9,local_search,dr_pwldr,34736.05459808037,34811.65665950637,0.039999961853027344,0.879000186920166
1,1,9,local_search,reopt_pwldr,27900.179573747806,33891.45028938012,0.039999961853027344,0.879000186920166
1,1,10,black_box,obj_pwldr,34945.374942157294,34916.63266422736,0.06200003623962402,4.671999931335449
1,1,10,black_box,dr_pwldr,34972.28813953426,34811.56119605408,0.06200003623962402,4.671999931335449
1,1,10,black_box,reopt_pwldr,33669.94563375902,33864.39091000996,0.06200003623962402,4.671999931335449
1,1,10,local_search,obj_pwldr,34945.374942157294,34916.44056795933,0.06200003623962402,1.5239999294281006
1,1,10,local_search,dr_pwldr,34972.28813953426,34811.34392284957,0.06200003623962402,1.5239999294281006
1,1,10,local_search,reopt_pwldr,33669.94563375902,33865.11619781271,0.06200003623962402,1.5239999294281006
1,2,1,black_box,obj_pwldr,35487.32781179477,35487.33231165415,0.01399993896484375,0.8930001258850098
1,2,1,black_box,dr_pwldr,35325.709849684645,35325.47896260873,0.01399993896484375,0.8930001258850098
1,2,1,black_box,reopt_pwldr,28085.40572555748,28081.95269603573,0.01399993896484375,0.8930001258850098
1,2,1,local_search,obj_pwldr,35487.32781179477,35487.33231165415,0.01399993896484375,0.04400014877319336
1,2,1,local_search,dr_pwldr,35325.709849684645,35325.47896260873,0.01399993896484375,0.04400014877319336
1,2,1,local_search,reopt_pwldr,28085.40572555748,28081.95269603573,0.01399993896484375,0.04400014877319336
1,2,2,black_box,obj_pwldr,35703.05109743815,35487.33175403072,0.020999908447265625,1.3270001411437988
1,2,2,black_box,dr_pwldr,35646.704611733825,35492.46309915584,0.020999908447265625,1.3270001411437988
1,2,2,black_box,reopt_pwldr,35051.26011102106,33870.55326123157,0.020999908447265625,1.3270001411437988
1,2,2,local_search,obj_pwldr,35703.05109743815,35487.33175403072,0.020999908447265625,0.05299997329711914
1,2,2,local_search,dr_pwldr,35646.704611733825,35492.46309915584,0.020999908447265625,0.05299997329711914
1,2,2,local_search,reopt_pwldr,35051.26011102106,33870.55326123157,0.020999908447265625,0.05299997329711914
1,2,3,black_box,obj_pwldr,35487.32781179478,35487.32784387176,0.01900005340576172,1.558000087738037
1,2,3,black_box,dr_pwldr,35363.429025555124,35492.69941009299,0.01900005340576172,1.558000087738037
1,2,3,black_box,reopt_pwldr,33940.93030829298,33865.44462690324,0.01900005340576172,1.558000087738037
1,2,3,local_search,obj_pwldr,35487.32781179478,35487.32784387176,0.01900005340576172,0.08899998664855957
1,2,3,local_search,dr_pwldr,35363.429025555124,35492.69941009299,0.01900005340576172,0.08899998664855957
1,2,3,local_search,reopt_pwldr,33940.93030829298,33865.444626903234,0.01900005340576172,0.08899998664855957
1,2,4,black_box,obj_pwldr,35565.44571460895,35487.33673938972,0.023999929428100586,1.8919999599456787
1,2,4,black_box,dr_pwldr,35463.04799481922,35492.36113038655,0.023999929428100586,1.8919999599456787
1,2,4,black_box,reopt_pwldr,27665.529209769535,33872.91920371208,0.023999929428100586,1.8919999599456787
1,2,4,local_search,obj_pwldr,35565.44571460895,35487.33673938972,0.023999929428100586,0.12799978256225586
1,2,4,local_search,dr_pwldr,35463.04799481922,35492.36113038655,0.023999929428100586,0.12799978256225586
1,2,4,local_search,reopt_pwldr,27665.529209769535,33872.91920371208,0.023999929428100586,0.12799978256225586
1,2,5,black_box,obj_pwldr,35487.327811794785,35487.34364044201,0.026999950408935547,2.3030002117156982
1,2,5,black_box,dr_pwldr,35363.429025555124,35492.263840043925,0.026999950408935547,2.3030002117156982
1,2,5,black_box,reopt_pwldr,33940.93030829298,33875.257375660694,0.026999950408935547,2.3030002117156982
1,2,5,local_search,obj_pwldr,35487.327811794785,35487.34364044201,0.026999950408935547,0.1640000343322754
1,2,5,local_search,dr_pwldr,35363.429025555124,35492.263840043925,0.026999950408935547,0.1640000343322754
1,2,5,local_search,reopt_pwldr,33940.93030829298,33875.257375660694,0.026999950408935547,0.1640000343322754
1,2,6,black_box,obj_pwldr,35527.24877981105,35487.32808369348,0.029999971389770508,3.319000005722046
1,2,6,black_box,dr_pwldr,35380.24719503463,35492.622218307784,0.029999971389770508,3.319000005722046
1,2,6,black_box,reopt_pwldr,33467.97152883384,33867.09788818296,0.029999971389770508,3.319000005722046
1,2,6,local_search,obj_pwldr,35527.24877981105,35487.32808369347,0.029999971389770508,0.4570000171661377
1,2,6,local_search,dr_pwldr,35380.24719503463,35492.622218307784,0.029999971389770508,0.4570000171661377
1,2,6,local_search,reopt_pwldr,33467.97152883384,33867.09788818295,0.029999971389770508,0.4570000171661377
1,2,7,black_box,obj_pwldr,35487.32781179478,35487.3394439114,0.0409998893737793,3.0390000343322754
1,2,7,black_box,dr_pwldr,35477.28272079633,35493.059631571894,0.0409998893737793,3.0390000343322754
1,2,7,black_box,reopt_pwldr,28088.759798671555,33857.81906107343,0.0409998893737793,3.0390000343322754
1,2,7,local_search,obj_pwldr,35487.32781179478,35487.339443911405,0.0409998893737793,0.2840001583099365
1,2,7,local_search,dr_pwldr,35477.28272079633,35493.059631571894,0.0409998893737793,0.2840001583099365
1,2,7,local_search,reopt_pwldr,28088.759798671555,33857.81906107343,0.0409998893737793,0.2840001583099365
1,2,8,black_box,obj_pwldr,35511.493733218434,35487.33066298778,0.04399991035461426,3.4539999961853027
1,2,8,black_box,dr_pwldr,35483.55075566224,35492.86573463785,0.04399991035461426,3.4539999961853027
1,2,8,black_box,reopt_pwldr,27875.969861560498,33861.882498843406,0.04399991035461426,3.4539999961853027
1,2,8,local_search,obj_pwldr,35511.493733218434,35487.33066298777,0.04399991035461426,0.6820001602172852
1,2,8,local_search,dr_pwldr,35483.55075566224,35492.86573463785,0.04399991035461426,0.6820001602172852
1,2,8,local_search,reopt_pwldr,27875.969861560498,33861.882498843406,0.04399991035461426,0.6820001602172852
1,2,9,black_box,obj_pwldr,35487.32781179477,35487.32810662759,0.04199981689453125,3.986999988555908
1,2,9,black_box,dr_pwldr,35378.82597993978,35492.61984417238,0.04199981689453125,3.986999988555908
1,2,9,black_box,reopt_pwldr,28240.66847574378,33867.14873736177,0.04199981689453125,3.986999988555908
1,2,9,local_search,obj_pwldr,35487.32781179477,35487.32810662759,0.04199981689453125,0.4090001583099365
1,2,9,local_search,dr_pwldr,35378.82597993978,35492.61984417238,0.04199981689453125,0.4090001583099365
1,2,9,local_search,reopt_pwldr,28240.66847574378,33867.14873736177,0.04199981689453125,0.4090001583099365
1,2,10,black_box,obj_pwldr,35503.5104950706,35487.328137573124,0.06099987030029297,4.618000030517578
1,2,10,black_box,dr_pwldr,35364.9394458711,35492.74256777811,0.06099987030029297,4.618000030517578
1,2,10,black_box,reopt_pwldr,33639.63217088936,33864.52033036548,0.06099987030029297,4.618000030517578
1,2,10,local_search,obj_pwldr,35503.5104950706,35487.328137573124,0.06099987030029297,0.5329999923706055
1,2,10,local_search,dr_pwldr,35364.9394458711,35492.74256777811,0.06099987030029297,0.5329999923706055
1,2,10,local_search,reopt_pwldr,33639.63217088936,33864.52033036548,0.06099987030029297,0.5329999923706055
1,3,1,black_box,obj_pwldr,35612.79075295152,35612.79342896005,0.01699995994567871,1.6119999885559082
1,3,1,black_box,dr_pwldr,35658.75307829833,35465.16359964948,0.01699995994567871,1.6119999885559082
1,3,1,black_box,reopt_pwldr,33940.93030829298,33855.931129363395,0.01699995994567871,1.6119999885559082
1,3,1,local_search,obj_pwldr,35612.79075295152,35612.79342896005,0.01699995994567871,0.03299999237060547
1,3,1,local_search,dr_pwldr,35658.75307829833,35465.16359964948,0.01699995994567871,0.03299999237060547
1,3,1,local_search,reopt_pwldr,33940.93030829298,33855.931129363395,0.01699995994567871,0.03299999237060547
1,3,2,black_box,obj_pwldr,35686.547771193385,35612.79397844283,0.03699994087219238,3.864000082015991
1,3,2,black_box,dr_pwldr,35660.18279410479,35465.12905000377,0.03699994087219238,3.864000082015991
1,3,2,black_box,reopt_pwldr,28929.84830468897,33854.95880599086,0.03699994087219238,3.864000082015991
1,3,2,local_search,obj_pwldr,35686.547771193385,35612.79397844283,0.03699994087219238,0.17100000381469727
1,3,2,local_search,dr_pwldr,35660.18279410479,35465.12905000377,0.03699994087219238,0.17100000381469727
1,3,2,local_search,reopt_pwldr,28929.84830468897,33854.95880599086,0.03699994087219238,0.17100000381469727
1,3,3,black_box,obj_pwldr,35612.79075295152,35612.7910637525,0.04200005531311035,6.392999887466431
1,3,3,black_box,dr_pwldr,35711.869208553355,35465.39630976894,0.04200005531311035,6.392999887466431
1,3,3,black_box,reopt_pwldr,28085.40572555748,33862.48066627946,0.04200005531311035,6.392999887466431
1,3,3,local_search,obj_pwldr,35612.79075295152,35612.7910637525,0.04200005531311035,0.34600019454956055
1,3,3,local_search,dr_pwldr,35711.869208553355,35465.39630976894,0.04200005531311035,0.34600019454956055
1,3,3,local_search,reopt_pwldr,28085.40572555748,33862.48066627946,0.04200005531311035,0.34600019454956055
1,3,4,black_box,obj_pwldr,35629.90197854564,35612.79076514044,0.059999942779541016,9.401000022888184
1,3,4,black_box,dr_pwldr,35653.52387126344,35465.492798841,0.059999942779541016,9.401000022888184
1,3,4,black_box,reopt_pwldr,34606.16148766338,33865.19661209905,0.059999942779541016,9.401000022888184
1,3,4,local_search,obj_pwldr,35629.90197854564,35612.79076514044,0.059999942779541016,0.6099998950958252
1,3,4,local_search,dr_pwldr,35653.52387126344,35465.492798841,0.059999942779541016,0.6099998950958252
1,3,4,local_search,reopt_pwldr,34606.16148766338,33865.19661209905,0.059999942779541016,0.6099998950958252
1,3,5,black_box,obj_pwldr,35612.79075295153,35612.79089892726,0.08000016212463379,12.650000095367432
1,3,5,black_box,dr_pwldr,35658.75307829833,35465.599082000685,0.08000016212463379,12.650000095367432
1,3,5,black_box,reopt_pwldr,33940.93030829298,33868.188368032286,0.08000016212463379,12.650000095367432
1,3,5,local_search,obj_pwldr,35612.79075295153,35612.79089892726,0.08000016212463379,1.0
1,3,5,local_search,dr_pwldr,35658.75307829833,35465.599082000685,0.08000016212463379,1.0
1,3,5,local_search,reopt_pwldr,33940.93030829298,33868.188368032286,0.08000016212463379,1.0
1,3,6,black_box,obj_pwldr,35620.18966614422,35612.79121092209,0.10899996757507324,15.68999981880188
1,3,6,black_box,dr_pwldr,35694.826122279024,35465.66267507952,0.10899996757507324,15.68999981880188
1,3,6,black_box,reopt_pwldr,28508.2517137472,33869.97857274709,0.10899996757507324,15.68999981880188
1,3,6,local_search,obj_pwldr,35620.18966614422,35612.79121092209,0.10899996757507324,1.4639999866485596
1,3,6,local_search,dr_pwldr,35694.826122279024,35465.66267507952,0.10899996757507324,1.4639999866485596
1,3,6,local_search,reopt_pwldr,28508.2517137472,33869.97857274709,0.10899996757507324,1.4639999866485596
1,3,7,black_box,obj_pwldr,35612.79075295152,35612.79115613861,0.12799978256225586,19.134000062942505
1,3,7,black_box,dr_pwldr,35658.75307829833,35465.37958974795,0.12799978256225586,19.134000062942505
1,3,7,black_box,reopt_pwldr,33940.93030829298,33862.01003608108,0.12799978256225586,19.134000062942505
1,3,7,local_search,obj_pwldr,35612.79075295152,35612.79115613861,0.12799978256225586,1.690000057220459
1,3,7,local_search,dr_pwldr,35658.75307829833,35465.37958974795,0.12799978256225586,1.690000057220459
1,3,7,local_search,reopt_pwldr,33940.93030829298,33862.01003608108,0.12799978256225586,1.690000057220459
1,3,8,black_box,obj_pwldr,35616.93844025908,35612.79077956249,0.14400005340576172,22.39199995994568
1,3,8,black_box,dr_pwldr,35465.24172318927,35465.48141988459,0.14400005340576172,22.39199995994568
1,3,8,black_box,reopt_pwldr,27875.969861560498,33864.876320604024,0.14400005340576172,22.39199995994568
1,3,8,local_search,obj_pwldr,35616.93844025908,35612.79077956249,0.14400005340576172,2.5910000801086426
1,3,8,local_search,dr_pwldr,35465.24172318927,35465.48141988459,0.14400005340576172,2.5910000801086426
1,3,8,local_search,reopt_pwldr,27875.969861560498,33864.876320604024,0.14400005340576172,2.5910000801086426
1,3,9,black_box,obj_pwldr,35612.79075295153,35612.79098206125,0.16199994087219238,26.1010000705719
1,3,9,black_box,dr_pwldr,35711.869208553355,35465.41332474254,0.16199994087219238,26.1010000705719
1,3,9,black_box,reopt_pwldr,28085.40572555748,33862.95959871674,0.16199994087219238,26.1010000705719
1,3,9,local_search,obj_pwldr,35612.79075295153,35612.79098206125,0.16199994087219238,3.0890002250671387
1,3,9,local_search,dr_pwldr,35711.869208553355,35465.41332474254,0.16199994087219238,3.0890002250671387
1,3,9,local_search,reopt_pwldr,28085.40572555748,33862.95959871674,0.16199994087219238,3.0890002250671387
1,3,10,black_box,obj_pwldr,35615.456770413,35612.79087784238,0.18200016021728516,30.292999982833862
1,3,10,black_box,dr_pwldr,35651.54546749649,35465.44035658438,0.18200016021728516,30.292999982833862
1,3,10,black_box,reopt_pwldr,34242.992725757445,33863.72048299456,0.18200016021728516,30.292999982833862
1,3,10,local_search,obj_pwldr,35615.456770413,35612.79087784237,0.18200016021728516,6.930000066757202
1,3,10,local_search,dr_pwldr,35651.54546749649,35465.44035658438,0.18200016021728516,6.930000066757202
1,3,10,local_search,reopt_pwldr,34242.992725757445,33863.72048299456,0.18200016021728516,6.930000066757202
1,4,1,black_box,obj_pwldr,35689.17673294487,35689.1769214334,0.01699995994567871,0.9739999771118164
1,4,1,black_box,dr_pwldr,35703.9966327634,35609.243357386404,0.01699995994567871,0.9739999771118164
1,4,1,black_box,reopt_pwldr,28379.39442470578,33986.62545313741,0.01699995994567871,0.9739999771118164
1,4,1,local_search,obj_pwldr,35689.17673294487,35689.1769214334,0.01699995994567871,0.03600001335144043
1,4,1,local_search,dr_pwldr,35703.9966327634,35609.243357386404,0.01699995994567871,0.03600001335144043
1,4,1,local_search,reopt_pwldr,28379.39442470578,33986.62545313741,0.01699995994567871,0.03600001335144043
1,4,2,black_box,obj_pwldr,35867.98710265702,35689.17712351258,0.019999980926513672,1.192000150680542
1,4,2,black_box,dr_pwldr,35843.57792385925,35609.18021434287,0.019999980926513672,1.192000150680542
1,4,2,black_box,reopt_pwldr,35139.4675511723,33989.30808874196,0.019999980926513672,1.192000150680542
1,4,2,local_search,obj_pwldr,35867.98710265702,35689.17712351258,0.019999980926513672,0.059999942779541016
1,4,2,local_search,dr_pwldr,35843.57792385925,35609.18021434287,0.019999980926513672,0.059999942779541016
1,4,2,local_search,reopt_pwldr,35139.4675511723,33989.30808874196,0.019999980926513672,0.059999942779541016
1,4,3,black_box,obj_pwldr,35689.17673294488,35689.1769299863,0.02500009536743164,1.380000114440918
1,4,3,black_box,dr_pwldr,35817.850328004606,35609.19078007448,0.02500009536743164,1.380000114440918
1,4,3,black_box,reopt_pwldr,27995.345953240616,33988.849476063035,0.02500009536743164,1.380000114440918
1,4,3,local_search,obj_pwldr,35689.17673294488,35689.1769299863,0.02500009536743164,0.07699990272521973
1,4,3,local_search,dr_pwldr,35817.850328004606,35609.19078007448,0.02500009536743164,0.07699990272521973
1,4,3,local_search,reopt_pwldr,27995.345953240616,33988.849476063035,0.02500009536743164,0.07699990272521973
1,4,4,black_box,obj_pwldr,35753.54846604124,35689.183152407626,0.032000064849853516,1.7170000076293945
1,4,4,black_box,dr_pwldr,35544.01316926844,35609.070844391434,0.032000064849853516,1.7170000076293945
1,4,4,black_box,reopt_pwldr,28445.985677575918,33994.142707796,0.032000064849853516,1.7170000076293945
1,4,4,local_search,obj_pwldr,35753.54846604124,35689.183152407626,0.032000064849853516,0.17599987983703613
1,4,4,local_search,dr_pwldr,35544.01316926844,35609.070844391434,0.032000064849853516,0.17599987983703613
1,4,4,local_search,reopt_pwldr,28445.985677575918,33994.142707796,0.032000064849853516,0.17599987983703613
1,4,5,black_box,obj_pwldr,35689.17673294488,35689.17851859288,0.03800010681152344,2.131999969482422
1,4,5,black_box,dr_pwldr,35650.88050250824,35609.298289634164,0.03800010681152344,2.131999969482422
1,4,5,black_box,reopt_pwldr,34068.72356965553,33984.34043342708,0.03800010681152344,2.131999969482422
1,4,5,local_search,obj_pwldr,35689.17673294488,35689.17851859288,0.03800010681152344,0.15599989891052246
1,4,5,local_search,dr_pwldr,35650.88050250824,35609.298289634164,0.03800010681152344,0.15599989891052246
1,4,5,local_search,reopt_pwldr,34068.72356965553,33984.34043342708,0.03800010681152344,0.15599989891052246
1,4,6,black_box,obj_pwldr,35722.019453912406,35689.181977141896,0.03299999237060547,2.4580001831054688
1,4,6,black_box,dr_pwldr,35482.20820948761,35609.08382586049,0.03299999237060547,2.4580001831054688
1,4,6,black_box,reopt_pwldr,28332.189016791843,33993.52557465507,0.03299999237060547,2.4580001831054688
1,4,6,local_search,obj_pwldr,35722.019453912406,35689.181977141896,0.03299999237060547,0.18400001525878906
1,4,6,local_search,dr_pwldr,35482.20820948761,35609.08382586049,0.03299999237060547,0.18400001525878906
1,4,6,local_search,reopt_pwldr,28332.189016791843,33993.52557465507,0.03299999237060547,0.18400001525878906
1,4,7,black_box,obj_pwldr,35689.17673294487,35689.18649827606,0.03699994087219238,3.068000078201294
1,4,7,black_box,dr_pwldr,35650.88050250824,35609.03934041948,0.03699994087219238,3.068000078201294
1,4,7,black_box,reopt_pwldr,34068.72356965553,33995.64039230902,0.03699994087219238,3.068000078201294
1,4,7,local_search,obj_pwldr,35689.17673294487,35689.18649827606,0.03699994087219238,0.24699997901916504
1,4,7,local_search,dr_pwldr,35650.88050250824,35609.03934041948,0.03699994087219238,0.24699997901916504
1,4,7,local_search,reopt_pwldr,34068.72356965553,33995.64039230902,0.03699994087219238,0.24699997901916504
1,4,8,black_box,obj_pwldr,35709.044551801766,35689.177643130366,0.03399991989135742,3.419999837875366
1,4,8,black_box,dr_pwldr,35661.95421248192,35609.27501404695,0.03399991989135742,3.419999837875366
1,4,8,black_box,reopt_pwldr,33712.825412664824,33985.30862779013,0.03399991989135742,3.419999837875366
1,4,8,local_search,obj_pwldr,35709.044551801766,35689.177643130366,0.03399991989135742,0.35700011253356934
1,4,8,local_search,dr_pwldr,35661.95421248192,35609.27501404695,0.03399991989135742,0.35700011253356934
1,4,8,local_search,reopt_pwldr,33712.825412664824,33985.30862779013,0.03399991989135742,0.35700011253356934
1,4,9,black_box,obj_pwldr,35689.17673294487,35689.17674242414,0.05099987983703613,4.068999767303467
1,4,9,black_box,dr_pwldr,35703.9966327634,35609.22284956979,0.05099987983703613,4.068999767303467
1,4,9,black_box,reopt_pwldr,28379.39442470578,33987.478518883385,0.05099987983703613,4.068999767303467
1,4,9,local_search,obj_pwldr,35689.17673294487,35689.17674242414,0.05099987983703613,0.38499999046325684
1,4,9,local_search,dr_pwldr,35703.9966327634,35609.22284956979,0.05099987983703613,0.38499999046325684
1,4,9,local_search,reopt_pwldr,28379.39442470578,33987.478518883385,0.05099987983703613,0.38499999046325684
1,4,10,black_box,obj_pwldr,35702.47667779948,35689.17677278147,0.05099987983703613,4.349999904632568
1,4,10,black_box,dr_pwldr,35448.230487813926,35609.22907450918,0.05099987983703613,4.349999904632568
1,4,10,black_box,reopt_pwldr,27818.755208215185,33987.21957943997,0.05099987983703613,4.349999904632568
1,4,10,local_search,obj_pwldr,35702.47667779948,35689.17677278147,0.05099987983703613,0.5269999504089355
1,4,10,local_search,dr_pwldr,35448.230487813926,35609.22907450918,0.05099987983703613,0.5269999504089355
1,4,10,local_search,reopt_pwldr,27818.755208215185,33987.21957943996,0.05099987983703613,0.5269999504089355
2,1,1,black_box,obj_pwldr,35597.36889320269,35597.36897299641,0.020999908447265625,1.055999994277954
2,1,1,black_box,dr_pwldr,35374.45189498842,35374.442324619515,0.020999908447265625,1.055999994277954
2,1,1,black_box,reopt_pwldr,27667.170848208913,27667.598029591034,0.020999908447265625,1.055999994277954
2,1,1,local_search,obj_pwldr,35597.36889320269,35597.36897299641,0.020999908447265625,0.051000118255615234
2,1,1,local_search,dr_pwldr,35374.45189498842,35374.442324619515,0.020999908447265625,0.051000118255615234
2,1,1,local_search,reopt_pwldr,27667.170848208913,27667.598029591034,0.020999908447265625,0.051000118255615234
2,1,2,black_box,obj_pwldr,35786.03740840974,35597.37041492853,0.021000146865844727,1.2309999465942383
2,1,2,black_box,dr_pwldr,35760.81392399597,35404.48742367292,0.021000146865844727,1.2309999465942383
2,1,2,black_box,reopt_pwldr,34992.441394740395,33655.99201405925,0.021000146865844727,1.2309999465942383
2,1,2,local_search,obj_pwldr,35786.03740840974,35597.37041492853,0.021000146865844727,0.056999921798706055
2,1,2,local_search,dr_pwldr,35760.81392399597,35404.48742367292,0.021000146865844727,0.056999921798706055
2,1,2,local_search,reopt_pwldr,34992.441394740395,33655.99201405925,0.021000146865844727,0.056999921798706055
2,1,3,black_box,obj_pwldr,35597.36889320268,35597.369964870624,0.026000022888183594,1.4830000400543213
2,1,3,black_box,dr_pwldr,35569.05724432004,35404.56554852968,0.026000022888183594,1.4830000400543213
2,1,3,black_box,reopt_pwldr,33861.09863073494,33650.09048349912,0.026000022888183594,1.4830000400543213
2,1,3,local_search,obj_pwldr,35597.36889320268,35597.369964870624,0.026000022888183594,0.08499979972839355
2,1,3,local_search,dr_pwldr,35569.05724432004,35404.56554852968,0.026000022888183594,0.08499979972839355
2,1,3,local_search,reopt_pwldr,33861.09863073494,33650.09048349912,0.026000022888183594,0.08499979972839355
2,1,4,black_box,obj_pwldr,35665.28955867722,35597.396840121386,0.032000064849853516,1.9189999103546143
2,1,4,black_box,dr_pwldr,35514.30309711016,35404.37909657951,0.032000064849853516,1.9189999103546143
2,1,4,black_box,reopt_pwldr,28101.622881696538,33666.53431047432,0.032000064849853516,1.9189999103546143
2,1,4,local_search,obj_pwldr,35665.28955867722,35597.396840121386,0.032000064849853516,0.11700010299682617
2,1,4,local_search,dr_pwldr,35514.30309711016,35404.37909657951,0.032000064849853516,0.11700010299682617
2,1,4,local_search,reopt_pwldr,28101.622881696538,33666.53431047432,0.032000064849853516,0.11700010299682617
2,1,5,black_box,obj_pwldr,35597.36889320267,35597.36892905207,0.03299999237060547,2.2699999809265137
2,1,5,black_box,dr_pwldr,35599.134566868684,35404.535632367835,0.03299999237060547,2.2699999809265137
2,1,5,black_box,reopt_pwldr,27718.29193221079,33652.29074910414,0.03299999237060547,2.2699999809265137
2,1,5,local_search,obj_pwldr,35597.36889320267,35597.36892905207,0.03299999237060547,0.15199995040893555
2,1,5,local_search,dr_pwldr,35599.134566868684,35404.535632367835,0.03299999237060547,0.15199995040893555
2,1,5,local_search,reopt_pwldr,27718.29193221079,33652.29074910414,0.03299999237060547,0.15199995040893555
2,1,6,black_box,obj_pwldr,35632.02229395499,35597.37076604825,0.031000137329101562,2.6430001258850098
2,1,6,black_box,dr_pwldr,35596.78898912647,35404.57770959198,0.031000137329101562,2.6430001258850098
2,1,6,black_box,reopt_pwldr,33377.46162298718,33649.22349840341,0.031000137329101562,2.6430001258850098
2,1,6,local_search,obj_pwldr,35632.02229395499,35597.37076604825,0.031000137329101562,0.20800018310546875
2,1,6,local_search,dr_pwldr,35596.78898912647,35404.57770959198,0.031000137329101562,0.20800018310546875
2,1,6,local_search,reopt_pwldr,33377.46162298718,33649.22349840341,0.031000137329101562,0.20800018310546875
2,1,7,black_box,obj_pwldr,35597.368893202685,35597.369298601436,0.03600001335144043,2.877000093460083
2,1,7,black_box,dr_pwldr,35569.05724432004,35404.55100859706,0.03600001335144043,2.877000093460083
2,1,7,black_box,reopt_pwldr,33861.09863073494,33651.1270627449,0.03600001335144043,2.877000093460083
2,1,7,local_search,obj_pwldr,35597.368893202685,35597.369298601436,0.03600001335144043,0.29400014877319336
2,1,7,local_search,dr_pwldr,35569.05724432004,35404.55100859706,0.03600001335144043,0.29400014877319336
2,1,7,local_search,reopt_pwldr,33861.09863073494,33651.1270627449,0.03600001335144043,0.29400014877319336
2,1,8,black_box,obj_pwldr,35618.332061559006,35597.36915908386,0.039999961853027344,3.48799991607666
2,1,8,black_box,dr_pwldr,35584.45231429562,35404.54668734486,0.039999961853027344,3.48799991607666
2,1,8,black_box,reopt_pwldr,33484.75397809623,33651.44199352135,0.039999961853027344,3.48799991607666
2,1,8,local_search,obj_pwldr,35618.332061559006,35597.36915908386,0.039999961853027344,0.315000057220459
2,1,8,local_search,dr_pwldr,35584.45231429562,35404.54668734486,0.039999961853027344,0.315000057220459
2,1,8,local_search,reopt_pwldr,33484.75397809623,33651.44199352135,0.039999961853027344,0.315000057220459
2,1,9,black_box,obj_pwldr,35597.368893202685,35597.36902746228,0.05299997329711914,3.819000005722046
2,1,9,black_box,dr_pwldr,35374.45189498842,35404.5416316868,0.05299997329711914,3.819000005722046
2,1,9,black_box,reopt_pwldr,27667.170848208913,33651.83014610952,0.05299997329711914,3.819000005722046
2,1,9,local_search,obj_pwldr,35597.368893202685,35597.36902746228,0.05299997329711914,0.4480001926422119
2,1,9,local_search,dr_pwldr,35374.45189498842,35404.5416316868,0.05299997329711914,0.4480001926422119
2,1,9,local_search,reopt_pwldr,27667.170848208913,33651.83014610952,0.05299997329711914,0.4480001926422119
2,1,10,black_box,obj_pwldr,35611.40208854868,35597.36998884966,0.05099987983703613,4.460999965667725
2,1,10,black_box,dr_pwldr,35433.8738723572,35404.565968763854,0.05099987983703613,4.460999965667725
2,1,10,black_box,reopt_pwldr,27993.425742610863,33650.06052420661,0.05099987983703613,4.460999965667725
2,1,10,local_search,obj_pwldr,35611.40208854868,35597.36998884966,0.05099987983703613,0.4930000305175781
2,1,10,local_search,dr_pwldr,35433.8738723572,35404.565968763854,0.05099987983703613,0.4930000305175781
2,1,10,local_search,reopt_pwldr,27993.425742610863,33650.06052420661,0.05099987983703613,0.4930000305175781
2,2,1,black_box,obj_pwldr,35585.678024527086,35585.67805232805,0.02499985694885254,1.7839999198913574
2,2,1,black_box,dr_pwldr,35495.41619710285,35431.03798142984,0.02499985694885254,1.7839999198913574
2,2,1,black_box,reopt_pwldr,33994.41455630794,33673.97373971067,0.02499985694885254,1.7839999198913574
2,2,1,local_search,obj_pwldr,35585.678024527086,35585.67805232805,0.02499985694885254,0.04700016975402832
2,2,1,local_search,dr_pwldr,35495.41619710285,35431.03798142984,0.02499985694885254,0.04700016975402832
2,2,1,local_search,reopt_pwldr,33994.41455630794,33673.97373971067,0.02499985694885254,0.04700016975402832
2,2,2,black_box,obj_pwldr,35660.48639829102,35585.678292323544,0.03699994087219238,4.183000087738037
2,2,2,black_box,dr_pwldr,35512.72258561809,35430.876518837635,0.03699994087219238,4.183000087738037
2,2,2,black_box,reopt_pwldr,26954.058165892693,33678.12980640337,0.03699994087219238,4.183000087738037
2,2,2,local_search,obj_pwldr,35660.48639829102,35585.678292323544,0.03699994087219238,0.21000003814697266
2,2,2,local_search,dr_pwldr,35512.72258561809,35430.876518837635,0.03699994087219238,0.21000003814697266
2,2,2,local_search,reopt_pwldr,26954.058165892693,33678.12980640337,0.03699994087219238,0.21000003814697266
2,2,3,black_box,obj_pwldr,35585.67802452708,35585.69155877379,0.04999995231628418,7.0959999561309814
2,2,3,black_box,dr_pwldr,35525.493519651536,35430.160893917535,0.04999995231628418,7.0959999561309814
2,2,3,black_box,reopt_pwldr,27800.046018519264,33697.329472412624,0.04999995231628418,7.0959999561309814
2,2,3,local_search,obj_pwldr,35585.67802452708,35585.69155877379,0.04999995231628418,0.4010000228881836
2,2,3,local_search,dr_pwldr,35525.493519651536,35430.160893917535,0.04999995231628418,0.4010000228881836
2,2,3,local_search,reopt_pwldr,27800.046018519264,33697.329472412624,0.04999995231628418,0.4010000228881836
2,2,4,black_box,obj_pwldr,35603.03315886299,35585.67938408772,0.08100008964538574,10.206000089645386
2,2,4,black_box,dr_pwldr,35538.41888698927,35431.27378044922,0.08100008964538574,10.206000089645386
2,2,4,black_box,reopt_pwldr,34620.32391069809,33667.90484340037,0.08100008964538574,10.206000089645386
2,2,4,local_search,obj_pwldr,35603.03315886299,35585.67938408772,0.08100008964538574,0.7660000324249268
2,2,4,local_search,dr_pwldr,35538.41888698927,35431.27378044922,0.08100008964538574,0.7660000324249268
2,2,4,local_search,reopt_pwldr,34620.32391069809,33667.90484340037,0.08100008964538574,0.7660000324249268
2,2,5,black_box,obj_pwldr,35585.67802452709,35585.678068529116,0.08999991416931152,13.641999959945679
2,2,5,black_box,dr_pwldr,35451.38767334261,35431.04813568301,0.08999991416931152,13.641999959945679
2,2,5,black_box,reopt_pwldr,27800.046018519264,33673.71237886861,0.08999991416931152,13.641999959945679
2,2,5,local_search,obj_pwldr,35585.67802452709,35585.678068529116,0.08999991416931152,1.0800001621246338
2,2,5,local_search,dr_pwldr,35451.38767334261,35431.04813568301,0.08999991416931152,1.0800001621246338
2,2,5,local_search,reopt_pwldr,27800.046018519264,33673.71237886861,0.08999991416931152,1.0800001621246338
2,2,6,black_box,obj_pwldr,35593.18240413408,35585.67810177361,0.10000014305114746,17.44099998474121
2,2,6,black_box,dr_pwldr,35465.616066116396,35431.06422137492,0.10000014305114746,17.44099998474121
2,2,6,black_box,reopt_pwldr,27869.930146375787,33673.298348422904,0.10000014305114746,17.44099998474121
2,2,6,local_search,obj_pwldr,35593.18240413408,35585.67810177361,0.10000014305114746,1.492999792098999
2,2,6,local_search,dr_pwldr,35465.616066116396,35431.06422137492,0.10000014305114746,1.492999792098999
2,2,6,local_search,reopt_pwldr,27869.930146375787,33673.298348422904,0.10000014305114746,1.492999792098999
2,2,7,black_box,obj_pwldr,35585.67802452708,35585.6781615711,0.13100004196166992,20.71500015258789
2,2,7,black_box,dr_pwldr,35495.41619710285,35431.08599314707,0.13100004196166992,20.71500015258789
2,2,7,black_box,reopt_pwldr,33994.41455630794,33672.73796366428,0.13100004196166992,20.71500015258789
2,2,7,local_search,obj_pwldr,35585.67802452708,35585.6781615711,0.13100004196166992,2.2660000324249268
2,2,7,local_search,dr_pwldr,35495.41619710285,35431.08599314707,0.13100004196166992,2.2660000324249268
2,2,7,local_search,reopt_pwldr,33994.41455630794,33672.73796366429,0.13100004196166992,2.2660000324249268
2,2,8,black_box,obj_pwldr,35589.88483426202,35585.67814452332,0.17199993133544922,24.222999811172485
2,2,8,black_box,dr_pwldr,35514.43379147142,35431.08037928429,0.17199993133544922,24.222999811172485
2,2,8,black_box,reopt_pwldr,34341.671691796415,33672.882459167195,0.17199993133544922,24.222999811172485
2,2,8,local_search,obj_pwldr,35589.88483426202,35585.67814452332,0.17199993133544922,2.3989999294281006
2,2,8,local_search,dr_pwldr,35514.43379147142,35431.08037928429,0.17199993133544922,2.3989999294281006
2,2,8,local_search,reopt_pwldr,34341.671691796415,33672.882459167195,0.17199993133544922,2.3989999294281006
2,2,9,black_box,obj_pwldr,35585.67802452709,35585.67803080682,0.16200017929077148,30.413000106811523
2,2,9,black_box,dr_pwldr,35495.41619710285,35430.97993506511,0.16200017929077148,30.413000106811523
2,2,9,black_box,reopt_pwldr,33994.41455630794,33675.46780720383,0.16200017929077148,30.413000106811523
2,2,9,local_search,obj_pwldr,35585.67802452709,35585.67803080682,0.16200017929077148,3.38100004196167
2,2,9,local_search,dr_pwldr,35495.41619710285,35430.9799350651,0.16200017929077148,3.38100004196167
2,2,9,local_search,reopt_pwldr,33994.41455630794,33675.46780720382,0.16200017929077148,3.38100004196167
2,2,10,black_box,obj_pwldr,35588.38204423225,35585.67808317932,0.20299983024597168,32.337000131607056
2,2,10,black_box,dr_pwldr,35487.23700442311,35431.05578507431,0.20299983024597168,32.337000131607056
2,2,10,black_box,reopt_pwldr,33711.27651081055,33673.51549079728,0.20299983024597168,32.337000131607056
2,2,10,local_search,obj_pwldr,35588.38204423225,35585.67808317932,0.20299983024597168,7.4679999351501465
2,2,10,local_search,dr_pwldr,35487.23700442311,35431.05578507431,0.20299983024597168,7.4679999351501465
2,2,10,local_search,reopt_pwldr,33711.27651081055,33673.51549079728,0.20299983024597168,7.4679999351501465
2,3,1,black_box,obj_pwldr,34894.06257762123,34894.14114098176,0.019999980926513672,1.0499999523162842
2,3,1,black_box,dr_pwldr,34858.00597039645,34670.139860676114,0.019999980926513672,1.0499999523162842
2,3,1,black_box,reopt_pwldr,27718.29193221079,33637.03771162137,0.019999980926513672,1.0499999523162842
2,3,1,local_search,obj_pwldr,34894.06257762123,34894.14114098176,0.019999980926513672,0.040000200271606445
2,3,1,local_search,dr_pwldr,34858.00597039645,34670.139860676114,0.019999980926513672,0.040000200271606445
2,3,1,local_search,reopt_pwldr,27718.29193221079,33637.03771162137,0.019999980926513672,0.040000200271606445
2,3,2,black_box,obj_pwldr,35273.9192555564,34894.062578999066,0.026000022888183594,1.4730000495910645
2,3,2,black_box,dr_pwldr,35227.11945976079,34669.83773129119,0.026000022888183594,1.4730000495910645
2,3,2,black_box,reopt_pwldr,34992.441394740395,33652.849192194,0.026000022888183594,1.4730000495910645
2,3,2,local_search,obj_pwldr,35273.9192555564,34894.062578999066,0.026000022888183594,0.059999942779541016
2,3,2,local_search,dr_pwldr,35227.11945976079,34669.83773129119,0.026000022888183594,0.059999942779541016
2,3,2,local_search,reopt_pwldr,34992.441394740395,33652.849192194,0.026000022888183594,0.059999942779541016
2,3,3,black_box,obj_pwldr,34894.06257762124,34894.06850613547,0.0279998779296875,1.562000036239624
2,3,3,black_box,dr_pwldr,34858.00597039645,34669.79867487346,0.0279998779296875,1.562000036239624
2,3,3,black_box,reopt_pwldr,27718.29193221079,33657.108570429766,0.0279998779296875,1.562000036239624
2,3,3,local_search,obj_pwldr,34894.06257762124,34894.06850613547,0.0279998779296875,0.12199997901916504
2,3,3,local_search,dr_pwldr,34858.00597039645,34669.79867487346,0.0279998779296875,0.12199997901916504
2,3,3,local_search,reopt_pwldr,27718.29193221079,33657.108570429766,0.0279998779296875,0.12199997901916504
2,3,4,black_box,obj_pwldr,35036.33626275583,34894.06743256719,0.03800010681152344,2.576000213623047
2,3,4,black_box,dr_pwldr,34802.1763692704,34669.894168672996,0.03800010681152344,2.576000213623047
2,3,4,black_box,reopt_pwldr,34331.29123423963,33648.869105971346,0.03800010681152344,2.576000213623047
2,3,4,local_search,obj_pwldr,35036.33626275583,34894.06743256719,0.03800010681152344,0.16299986839294434
2,3,4,local_search,dr_pwldr,34802.1763692704,34669.894168672996,0.03800010681152344,0.16299986839294434
2,3,4,local_search,reopt_pwldr,34331.29123423963,33648.869105971346,0.03800010681152344,0.16299986839294434
2,3,5,black_box,obj_pwldr,34894.06257762125,34894.064080111915,0.046000003814697266,2.509999990463257
2,3,5,black_box,dr_pwldr,34827.92864784777,34669.86623864304,0.046000003814697266,2.509999990463257
2,3,5,black_box,reopt_pwldr,33861.09863073494,33650.60579053393,0.046000003814697266,2.509999990463257
2,3,5,local_search,obj_pwldr,34894.06257762125,34894.064080111915,0.046000003814697266,0.17399978637695312
2,3,5,local_search,dr_pwldr,34827.92864784777,34669.86623864304,0.046000003814697266,0.17399978637695312
2,3,5,local_search,reopt_pwldr,33861.09863073494,33650.60579053393,0.046000003814697266,0.17399978637695312
2,3,6,black_box,obj_pwldr,34967.47784663861,34894.063297904395,0.03600001335144043,2.684000015258789
2,3,6,black_box,dr_pwldr,34911.4344676602,34669.82184221905,0.03600001335144043,2.684000015258789
2,3,6,black_box,reopt_pwldr,34345.69254254063,33654.29088923453,0.03600001335144043,2.684000015258789
2,3,6,local_search,obj_pwldr,34967.47784663861,34894.063297904395,0.03600001335144043,0.21600008010864258
2,3,6,local_search,dr_pwldr,34911.4344676602,34669.82184221905,0.03600001335144043,0.21600008010864258
2,3,6,local_search,reopt_pwldr,34345.69254254063,33654.29088923453,0.03600001335144043,0.21600008010864258
2,3,7,black_box,obj_pwldr,34894.062577621255,34894.06257846705,0.03600001335144043,3.067000150680542
2,3,7,black_box,dr_pwldr,34827.92864784777,34669.8390273947,0.03600001335144043,3.067000150680542
2,3,7,black_box,reopt_pwldr,33861.09863073494,33652.73159007922,0.03600001335144043,3.067000150680542
2,3,7,local_search,obj_pwldr,34894.062577621255,34894.06257846705,0.03600001335144043,0.3039999008178711
2,3,7,local_search,dr_pwldr,34827.92864784777,34669.8390273947,0.03600001335144043,0.3039999008178711
2,3,7,local_search,reopt_pwldr,33861.09863073494,33652.73159007922,0.03600001335144043,0.3039999008178711
2,3,8,black_box,obj_pwldr,34938.684109076734,34894.062782691966,0.04699993133544922,3.6100001335144043
2,3,8,black_box,dr_pwldr,34868.418292612594,34669.84786008311,0.04699993133544922,3.6100001335144043
2,3,8,black_box,reopt_pwldr,33484.75397809623,33651.97880784117,0.04699993133544922,3.6100001335144043
2,3,8,local_search,obj_pwldr,34938.684109076734,34894.062782691966,0.04699993133544922,0.37399983406066895
2,3,8,local_search,dr_pwldr,34868.418292612594,34669.84786008311,0.04699993133544922,0.37399983406066895
2,3,8,local_search,reopt_pwldr,33484.75397809623,33651.97880784117,0.04699993133544922,0.37399983406066895
2,3,9,black_box,obj_pwldr,34894.062577621226,34894.0626007457,0.04800009727478027,4.109999895095825
2,3,9,black_box,dr_pwldr,34813.97744663613,34669.8354808283,0.04800009727478027,4.109999895095825
2,3,9,black_box,reopt_pwldr,27650.282005829395,33653.05338823701,0.04800009727478027,4.109999895095825
2,3,9,local_search,obj_pwldr,34894.062577621226,34894.0626007457,0.04800009727478027,0.4290001392364502
2,3,9,local_search,dr_pwldr,34813.97744663613,34669.8354808283,0.04800009727478027,0.4290001392364502
2,3,9,local_search,reopt_pwldr,27650.282005829395,33653.05338823701,0.04800009727478027,0.4290001392364502
2,3,10,black_box,obj_pwldr,34924.004903361165,34894.062683873395,0.056999921798706055,5.22599983215332
2,3,10,black_box,dr_pwldr,34854.51287821872,34669.83207628219,0.056999921798706055,5.22599983215332
2,3,10,black_box,reopt_pwldr,33553.13455474751,33653.362300180466,0.056999921798706055,5.22599983215332
2,3,10,local_search,obj_pwldr,34924.004903361165,34894.062683873395,0.056999921798706055,0.5380001068115234
2,3,10,local_search,dr_pwldr,34854.51287821872,34669.83207628219,0.056999921798706055,0.5380001068115234
2,3,10,local_search,reopt_pwldr,33553.13455474751,33653.362300180466,0.056999921798706055,0.5380001068115234
2,4,1,black_box,obj_pwldr,35461.05968832616,35461.11792123943,0.01399993896484375,1.0280001163482666
2,4,1,black_box,dr_pwldr,35269.61048848816,35269.726802207326,0.01399993896484375,1.0280001163482666
2,4,1,black_box,reopt_pwldr,27667.170848208913,27656.499008030652,0.01399993896484375,1.0280001163482666
2,4,1,local_search,obj_pwldr,35461.05968832616,35461.11792123943,0.01399993896484375,0.039999961853027344
2,4,1,local_search,dr_pwldr,35269.61048848816,35269.726802207326,0.01399993896484375,0.039999961853027344
2,4,1,local_search,reopt_pwldr,27667.170848208913,27656.499008030652,0.01399993896484375,0.039999961853027344
2,4,2,black_box,obj_pwldr,35679.5443478472,35461.071419336324,0.026999950408935547,1.3450000286102295
2,4,2,black_box,dr_pwldr,35623.227677662384,35225.57384127071,0.026999950408935547,1.3450000286102295
2,4,2,black_box,reopt_pwldr,27083.41154891722,33661.02422673917,0.026999950408935547,1.3450000286102295
2,4,2,local_search,obj_pwldr,35679.5443478472,35461.071419336324,0.026999950408935547,0.06399989128112793
2,4,2,local_search,dr_pwldr,35623.227677662384,35225.57384127071,0.026999950408935547,0.06399989128112793
2,4,2,local_search,reopt_pwldr,27083.41154891722,33661.02422673917,0.026999950408935547,0.06399989128112793
2,4,3,black_box,obj_pwldr,35461.05968832617,35461.09450571317,0.028999805450439453,1.5390000343322754
2,4,3,black_box,dr_pwldr,35464.21583781977,35225.66529087431,0.028999805450439453,1.5390000343322754
2,4,3,black_box,reopt_pwldr,33861.09863073494,33638.58584406706,0.028999805450439453,1.5390000343322754
2,4,3,local_search,obj_pwldr,35461.05968832617,35461.09450571317,0.028999805450439453,0.0820000171661377
2,4,3,local_search,dr_pwldr,35464.21583781977,35225.66529087431,0.028999805450439453,0.0820000171661377
2,4,3,local_search,reopt_pwldr,33861.09863073494,33638.58584406706,0.028999805450439453,0.0820000171661377
2,4,4,black_box,obj_pwldr,35540.17754223772,35461.0602695496,0.02200007438659668,1.8459999561309814
2,4,4,black_box,dr_pwldr,35536.66362272607,35225.57461325945,0.02200007438659668,1.8459999561309814
2,4,4,black_box,reopt_pwldr,33184.42654166447,33654.617603632214,0.02200007438659668,1.8459999561309814
2,4,4,local_search,obj_pwldr,35540.17754223772,35461.0602695496,0.02200007438659668,0.13000011444091797
2,4,4,local_search,dr_pwldr,35536.66362272607,35225.57461325944,0.02200007438659668,0.13000011444091797
2,4,4,local_search,reopt_pwldr,33184.42654166447,33654.617603632214,0.02200007438659668,0.13000011444091797
2,4,5,black_box,obj_pwldr,35461.05968832617,35461.101589002596,0.03400015830993652,2.4089999198913574
2,4,5,black_box,dr_pwldr,35320.07684919239,35225.67501014071,0.03400015830993652,2.4089999198913574
2,4,5,black_box,reopt_pwldr,28197.972950031934,33637.20848497449,0.03400015830993652,2.4089999198913574
2,4,5,local_search,obj_pwldr,35461.05968832617,35461.101589002596,0.03400015830993652,0.21000003814697266
2,4,5,local_search,dr_pwldr,35320.07684919239,35225.67501014071,0.03400015830993652,0.21000003814697266
2,4,5,local_search,reopt_pwldr,28197.972950031934,33637.20848497449,0.03400015830993652,0.21000003814697266
2,4,6,black_box,obj_pwldr,35501.49166616654,35461.059688653106,0.03299999237060547,3.013000011444092
2,4,6,black_box,dr_pwldr,35501.46376957184,35225.582139084676,0.03299999237060547,3.013000011444092
2,4,6,black_box,reopt_pwldr,33377.461622987175,33652.73974759403,0.03299999237060547,3.013000011444092
2,4,6,local_search,obj_pwldr,35501.49166616654,35461.059688653106,0.03299999237060547,0.27699995040893555
2,4,6,local_search,dr_pwldr,35501.46376957184,35225.582139084676,0.03299999237060547,0.27699995040893555
2,4,6,local_search,reopt_pwldr,33377.461622987175,33652.73974759403,0.03299999237060547,0.27699995040893555
2,4,7,black_box,obj_pwldr,35461.05968832616,35461.060633091656,0.03800010681152344,3.059999942779541
2,4,7,black_box,dr_pwldr,35464.21583781977,35225.59135524932,0.03800010681152344,3.059999942779541
2,4,7,black_box,reopt_pwldr,33861.09863073494,33650.44456305829,0.03800010681152344,3.059999942779541
2,4,7,local_search,obj_pwldr,35461.05968832616,35461.060633091656,0.03800010681152344,0.2890000343322754
2,4,7,local_search,dr_pwldr,35464.21583781977,35225.59135524932,0.03800010681152344,0.2890000343322754
2,4,7,local_search,reopt_pwldr,33861.09863073494,33650.44456305829,0.03800010681152344,0.2890000343322754
2,4,8,black_box,obj_pwldr,35485.53494651865,35461.05995972535,0.03399991989135742,3.5290000438690186
2,4,8,black_box,dr_pwldr,35442.93257795153,35225.58698823279,0.03399991989135742,3.5290000438690186
2,4,8,black_box,reopt_pwldr,27484.352110202984,33651.52978037622,0.03399991989135742,3.5290000438690186
2,4,8,local_search,obj_pwldr,35485.53494651865,35461.05995972535,0.03399991989135742,0.36500000953674316
2,4,8,local_search,dr_pwldr,35442.93257795153,35225.58698823279,0.03399991989135742,0.36500000953674316
2,4,8,local_search,reopt_pwldr,27484.352110202984,33651.52978037623,0.03399991989135742,0.36500000953674316
2,4,9,black_box,obj_pwldr,35461.05968832616,35461.06565264438,0.04500007629394531,3.9499998092651367
2,4,9,black_box,dr_pwldr,35464.21583781977,35225.61101346578,0.04500007629394531,3.9499998092651367
2,4,9,black_box,reopt_pwldr,33861.09863073494,33646.907126606326,0.04500007629394531,3.9499998092651367
2,4,9,local_search,obj_pwldr,35461.05968832616,35461.06565264438,0.04500007629394531,0.4249999523162842
2,4,9,local_search,dr_pwldr,35464.21583781977,35225.61101346578,0.04500007629394531,0.4249999523162842
2,4,9,local_search,reopt_pwldr,33861.09863073494,33646.907126606326,0.04500007629394531,0.4249999523162842
2,4,10,black_box,obj_pwldr,35477.44951863637,35461.0613980665,0.04999995231628418,4.579999923706055
2,4,10,black_box,dr_pwldr,35291.59329287368,35225.569356105894,0.04999995231628418,4.579999923706055
2,4,10,black_box,reopt_pwldr,27855.997817696214,33655.92937705713,0.04999995231628418,4.579999923706055
2,4,10,local_search,obj_pwldr,35477.44951863637,35461.0613980665,0.04999995231628418,0.5399999618530273
2,4,10,local_search,dr_pwldr,35291.59329287368,35225.569356105894,0.04999995231628418,0.5399999618530273
2,4,10,local_search,reopt_pwldr,27855.997817696214,33655.92937705713,0.04999995231628418,0.5399999618530273
3,1,1,black_box,obj_pwldr,32971.56197301738,32971.584241105884,0.01699995994567871,1.0139999389648438
3,1,1,black_box,dr_pwldr,33039.96262905661,33160.18223560922,0.01699995994567871,1.0139999389648438
3,1,1,black_box,reopt_pwldr,31617.81511789793,31797.94107619618,0.01699995994567871,1.0139999389648438
3,1,1,local_search,obj_pwldr,32971.56197301738,32971.584241105884,0.01699995994567871,0.03900003433227539
3,1,1,local_search,dr_pwldr,33039.96262905661,33160.18223560922,0.01699995994567871,0.03900003433227539
3,1,1,local_search,reopt_pwldr,31617.81511789793,31797.94107619618,0.01699995994567871,0.03900003433227539
3,1,2,black_box,obj_pwldr,33173.53608492099,32971.56965514088,0.029000043869018555,1.2829999923706055
3,1,2,black_box,dr_pwldr,33255.86909360384,33159.66214577823,0.029000043869018555,1.2829999923706055
3,1,2,black_box,reopt_pwldr,30621.290541112387,31781.40013780935,0.029000043869018555,1.2829999923706055
3,1,2,local_search,obj_pwldr,33173.53608492099,32971.56965514088,0.029000043869018555,0.11699986457824707
3,1,2,local_search,dr_pwldr,33255.86909360384,33159.66214577823,0.029000043869018555,0.11699986457824707
3,1,2,local_search,reopt_pwldr,30621.290541112387,31781.40013780935,0.029000043869018555,0.11699986457824707
3,1,3,black_box,obj_pwldr,32971.56197301739,32971.56431960309,0.01900005340576172,1.559999942779541
3,1,3,black_box,dr_pwldr,33183.00190538461,33159.95323802984,0.01900005340576172,1.559999942779541
3,1,3,black_box,reopt_pwldr,26161.178045852565,31790.90295621768,0.01900005340576172,1.559999942779541
3,1,3,local_search,obj_pwldr,32971.56197301739,32971.56431960309,0.01900005340576172,0.08299994468688965
3,1,3,local_search,dr_pwldr,33183.00190538461,33159.95323802984,0.01900005340576172,0.08299994468688965
3,1,3,local_search,reopt_pwldr,26161.178045852565,31790.90295621768,0.01900005340576172,0.08299994468688965
3,1,4,black_box,obj_pwldr,33044.70101314284,32971.571617443406,0.029999971389770508,1.880000114440918
3,1,4,black_box,dr_pwldr,33243.71952313648,33159.64125096228,0.029999971389770508,1.880000114440918
3,1,4,black_box,reopt_pwldr,32389.132962010415,31780.662952876035,0.029999971389770508,1.880000114440918
3,1,4,local_search,obj_pwldr,33044.70101314284,32971.571617443406,0.029999971389770508,0.13499999046325684
3,1,4,local_search,dr_pwldr,33243.71952313648,33159.64125096228,0.029999971389770508,0.13499999046325684
3,1,4,local_search,reopt_pwldr,32389.132962010415,31780.662952876035,0.029999971389770508,0.13499999046325684
3,1,5,black_box,obj_pwldr,32971.56197301738,32971.562028309316,0.032000064849853516,2.2869999408721924
3,1,5,black_box,dr_pwldr,33076.92218785389,33159.828523802345,0.032000064849853516,2.2869999408721924
3,1,5,black_box,reopt_pwldr,26161.178045852565,31787.00091359427,0.032000064849853516,2.2869999408721924
3,1,5,local_search,obj_pwldr,32971.56197301738,32971.562028309316,0.032000064849853516,0.17199993133544922
3,1,5,local_search,dr_pwldr,33076.92218785389,33159.828523802345,0.032000064849853516,0.17199993133544922
3,1,5,local_search,reopt_pwldr,26161.178045852565,31787.00091359427,0.032000064849853516,0.17199993133544922
3,1,6,black_box,obj_pwldr,33008.93856886041,32971.565943446876,0.034999847412109375,2.7250001430511475
3,1,6,black_box,dr_pwldr,33085.83406648841,33159.98634310141,0.034999847412109375,2.7250001430511475
3,1,6,black_box,reopt_pwldr,31188.452211662407,31791.920423154104,0.034999847412109375,2.7250001430511475
3,1,6,local_search,obj_pwldr,33008.93856886041,32971.565943446876,0.034999847412109375,0.23000001907348633
3,1,6,local_search,dr_pwldr,33085.83406648841,33159.98634310141,0.034999847412109375,0.23000001907348633
3,1,6,local_search,reopt_pwldr,31188.452211662407,31791.920423154104,0.034999847412109375,0.23000001907348633
3,1,7,black_box,obj_pwldr,32971.56197301738,32971.57219610498,0.0410001277923584,3.0430002212524414
3,1,7,black_box,dr_pwldr,33039.96262905661,33159.63550546084,0.0410001277923584,3.0430002212524414
3,1,7,black_box,reopt_pwldr,31617.81511789793,31780.46024723403,0.0410001277923584,3.0430002212524414
3,1,7,local_search,obj_pwldr,32971.56197301738,32971.57219610498,0.0410001277923584,0.28299999237060547
3,1,7,local_search,dr_pwldr,33039.96262905661,33159.63550546084,0.0410001277923584,0.28299999237060547
3,1,7,local_search,reopt_pwldr,31617.81511789793,31780.46024723403,0.0410001277923584,0.28299999237060547
3,1,8,black_box,obj_pwldr,32994.18767382347,32971.56664658419,0.04800009727478027,3.4690001010894775
3,1,8,black_box,dr_pwldr,33055.961913630264,33159.998504113224,0.04800009727478027,3.4690001010894775
3,1,8,black_box,reopt_pwldr,31953.910461039864,31792.294185444647,0.04800009727478027,3.4690001010894775
3,1,8,local_search,obj_pwldr,32994.18767382347,32971.56664658419,0.04800009727478027,0.3540000915527344
3,1,8,local_search,dr_pwldr,33055.961913630264,33159.998504113224,0.04800009727478027,0.3540000915527344
3,1,8,local_search,reopt_pwldr,31953.910461039864,31792.294185444647,0.04800009727478027,0.3540000915527344
3,1,9,black_box,obj_pwldr,32971.56197301739,32971.56198027078,0.04900002479553223,4.082000017166138
3,1,9,black_box,dr_pwldr,33159.844874339615,33159.83895229131,0.04900002479553223,4.082000017166138
3,1,9,black_box,reopt_pwldr,31787.520163938654,31787.332095155965,0.04900002479553223,4.082000017166138
3,1,9,local_search,obj_pwldr,32971.56197301739,32971.56198027078,0.04900002479553223,0.43899989128112793
3,1,9,local_search,dr_pwldr,33159.844874339615,33159.83895229131,0.04900002479553223,0.43899989128112793
3,1,9,local_search,reopt_pwldr,31787.520163938654,31787.332095155965,0.04900002479553223,0.43899989128112793
3,1,10,black_box,obj_pwldr,32986.713249214125,32971.56209493283,0.04999995231628418,4.509999990463257
3,1,10,black_box,dr_pwldr,33120.85241679668,33159.86915332513,0.04999995231628418,4.509999990463257
3,1,10,black_box,reopt_pwldr,25882.042240089308,31788.291201080254,0.04999995231628418,4.509999990463257
3,1,10,local_search,obj_pwldr,32986.713249214125,32971.56209493283,0.04999995231628418,0.5539999008178711
3,1,10,local_search,dr_pwldr,33120.85241679668,33159.86915332513,0.04999995231628418,0.5539999008178711
3,1,10,local_search,reopt_pwldr,25882.042240089308,31788.291201080254,0.04999995231628418,0.5539999008178711
3,2,1,black_box,obj_pwldr,33117.40984067524,33117.41944763646,0.020999908447265625,1.6319999694824219
3,2,1,black_box,dr_pwldr,33191.52832840513,33266.69223294218,0.020999908447265625,1.6319999694824219
3,2,1,black_box,reopt_pwldr,31617.79485580532,31793.558881203047,0.020999908447265625,1.6319999694824219
3,2,1,local_search,obj_pwldr,33117.40984067524,33117.41944763646,0.020999908447265625,0.042999982833862305
3,2,1,local_search,dr_pwldr,33191.52832840513,33266.69223294218,0.020999908447265625,0.042999982833862305
3,2,1,local_search,reopt_pwldr,31617.79485580532,31793.558881203047,0.020999908447265625,0.042999982833862305
3,2,2,black_box,obj_pwldr,33185.224110831216,33117.411840092216,0.03500008583068848,3.8410000801086426
3,2,2,black_box,dr_pwldr,33351.58187410177,33266.35351043706,0.03500008583068848,3.8410000801086426
3,2,2,black_box,reopt_pwldr,25564.127316773254,31783.597687572867,0.03500008583068848,3.8410000801086426
3,2,2,local_search,obj_pwldr,33185.224110831216,33117.411840092216,0.03500008583068848,0.18000006675720215
3,2,2,local_search,dr_pwldr,33351.58187410177,33266.35351043706,0.03500008583068848,0.18000006675720215
3,2,2,local_search,reopt_pwldr,25564.127316773254,31783.597687572867,0.03500008583068848,0.18000006675720215
3,2,3,black_box,obj_pwldr,33117.40984067524,33117.4119274434,0.05500006675720215,7.078000068664551
3,2,3,black_box,dr_pwldr,33229.1098838317,33265.78759903409,0.05500006675720215,7.078000068664551
3,2,3,black_box,reopt_pwldr,26168.68162909799,31766.699000728768,0.05500006675720215,7.078000068664551
3,2,3,local_search,obj_pwldr,33117.40984067524,33117.4119274434,0.05500006675720215,0.41300010681152344
3,2,3,local_search,dr_pwldr,33229.1098838317,33265.78759903409,0.05500006675720215,0.41300010681152344
3,2,3,local_search,reopt_pwldr,26168.68162909799,31766.699000728768,0.05500006675720215,0.41300010681152344
3,2,4,black_box,obj_pwldr,33133.14238115476,33117.41003768597,0.06599998474121094,10.009999990463257
3,2,4,black_box,dr_pwldr,33287.942494922754,33266.15849552491,0.06599998474121094,10.009999990463257
3,2,4,black_box,reopt_pwldr,25754.84036656471,31777.86266474028,0.06599998474121094,10.009999990463257
3,2,4,local_search,obj_pwldr,33133.14238115476,33117.41003768597,0.06599998474121094,0.684999942779541
3,2,4,local_search,dr_pwldr,33287.942494922754,33266.15849552491,0.06599998474121094,0.684999942779541
3,2,4,local_search,reopt_pwldr,25754.84036656471,31777.86266474028,0.06599998474121094,0.684999942779541
3,2,5,black_box,obj_pwldr,33117.409840675246,33117.4118150238,0.0820000171661377,12.925999879837036
3,2,5,black_box,dr_pwldr,33191.52832840515,33266.35172306407,0.0820000171661377,12.925999879837036
3,2,5,black_box,reopt_pwldr,31617.794855805325,31783.545124285283,0.0820000171661377,12.925999879837036
3,2,5,local_search,obj_pwldr,33117.409840675246,33117.4118150238,0.0820000171661377,1.0369999408721924
3,2,5,local_search,dr_pwldr,33191.52832840515,33266.35172306407,0.0820000171661377,1.0369999408721924
3,2,5,local_search,reopt_pwldr,31617.794855805325,31783.545124285283,0.0820000171661377,1.0369999408721924
3,2,6,black_box,obj_pwldr,33124.21260887372,33117.40989605029,0.09800004959106445,16.136000156402588
3,2,6,black_box,dr_pwldr,33250.409220438625,33266.02352854809,0.09800004959106445,16.136000156402588
3,2,6,black_box,reopt_pwldr,25902.688030417055,31773.847495103655,0.09800004959106445,16.136000156402588
3,2,6,local_search,obj_pwldr,33124.21260887372,33117.40989605029,0.09800004959106445,1.4930000305175781
3,2,6,local_search,dr_pwldr,33250.409220438625,33266.02352854809,0.09800004959106445,1.4930000305175781
3,2,6,local_search,reopt_pwldr,25902.688030417055,31773.847495103655,0.09800004959106445,1.4930000305175781
3,2,7,black_box,obj_pwldr,33117.40984067524,33117.410233240465,0.12999987602233887,19.782000064849854
3,2,7,black_box,dr_pwldr,33191.52832840513,33266.19522076758,0.12999987602233887,19.782000064849854
3,2,7,black_box,reopt_pwldr,31617.79485580532,31778.9426852518,0.12999987602233887,19.782000064849854
3,2,7,local_search,obj_pwldr,33117.40984067524,33117.410233240465,0.12999987602233887,2.25
3,2,7,local_search,dr_pwldr,33191.52832840513,33266.19522076758,0.12999987602233887,2.25
3,2,7,local_search,reopt_pwldr,31617.79485580532,31778.9426852518,0.12999987602233887,2.25
3,2,8,black_box,obj_pwldr,33121.223340655335,33117.40988324196,0.15599989891052246,22.85199999809265
3,2,8,black_box,dr_pwldr,33243.5940095311,33266.02918723573,0.15599989891052246,22.85199999809265
3,2,8,black_box,reopt_pwldr,26585.28650629724,31774.018949266258,0.15599989891052246,22.85199999809265
3,2,8,local_search,obj_pwldr,33121.223340655335,33117.409883241955,0.15599989891052246,4.513999938964844
3,2,8,local_search,dr_pwldr,33243.5940095311,33266.02918723573,0.15599989891052246,4.513999938964844
3,2,8,local_search,reopt_pwldr,26585.28650629724,31774.018949266258,0.15599989891052246,4.513999938964844
3,2,9,black_box,obj_pwldr,33117.40984067524,33117.40985951433,0.17400002479553223,26.17199993133545
3,2,9,black_box,dr_pwldr,33251.64491824745,33266.09686033936,0.17400002479553223,26.17199993133545
3,2,9,black_box,reopt_pwldr,26100.56706619687,31776.050089524244,0.17400002479553223,26.17199993133545
3,2,9,local_search,obj_pwldr,33117.40984067524,33117.40985951433,0.17400002479553223,2.7699999809265137
3,2,9,local_search,dr_pwldr,33251.64491824745,33266.09686033936,0.17400002479553223,2.7699999809265137
3,2,9,local_search,reopt_pwldr,26100.56706619687,31776.050089524244,0.17400002479553223,2.7699999809265137
3,2,10,black_box,obj_pwldr,33119.86105186412,33117.41026958491,0.18400001525878906,29.871000051498413
3,2,10,black_box,dr_pwldr,33180.136494966595,33266.20092209245,0.18400001525878906,29.871000051498413
3,2,10,black_box,reopt_pwldr,25936.44606280212,31779.110350525178,0.18400001525878906,29.871000051498413
3,2,10,local_search,obj_pwldr,33119.86105186412,33117.41026958491,0.18400001525878906,3.499000072479248
3,2,10,local_search,dr_pwldr,33180.136494966595,33266.20092209245,0.18400001525878906,3.499000072479248
3,2,10,local_search,reopt_pwldr,25936.44606280212,31779.110350525178,0.18400001525878906,3.499000072479248
3,3,1,black_box,obj_pwldr,33125.79822872399,33125.80613282056,0.019999980926513672,0.9499998092651367
3,3,1,black_box,dr_pwldr,33159.33504049339,33339.98230858046,0.019999980926513672,0.9499998092651367
3,3,1,black_box,reopt_pwldr,31617.79485580532,31768.258420528186,0.019999980926513672,0.9499998092651367
3,3,1,local_search,obj_pwldr,33125.79822872399,33125.80613282056,0.019999980926513672,0.03600001335144043
3,3,1,local_search,dr_pwldr,33159.33504049339,33339.98230858046,0.019999980926513672,0.03600001335144043
3,3,1,local_search,reopt_pwldr,31617.79485580532,31768.258420528186,0.019999980926513672,0.03600001335144043
3,3,2,black_box,obj_pwldr,33297.07294214307,33125.79962158751,0.023999929428100586,1.2059998512268066
3,3,2,black_box,dr_pwldr,33367.83343950363,33339.96503812935,0.023999929428100586,1.2059998512268066
3,3,2,black_box,reopt_pwldr,26909.117308937897,31772.30845099321,0.023999929428100586,1.2059998512268066
3,3,2,local_search,obj_pwldr,33297.07294214307,33125.79962158751,0.023999929428100586,0.06500005722045898
3,3,2,local_search,dr_pwldr,33367.83343950363,33339.96503812935,0.023999929428100586,0.06500005722045898
3,3,2,local_search,reopt_pwldr,26909.117308937897,31772.30845099321,0.023999929428100586,0.06500005722045898
3,3,3,black_box,obj_pwldr,33125.79822872399,33125.80654934438,0.023999929428100586,1.434000015258789
3,3,3,black_box,dr_pwldr,33159.33504049339,33339.94999440778,0.023999929428100586,1.434000015258789
3,3,3,black_box,reopt_pwldr,31617.79485580532,31782.400455185805,0.023999929428100586,1.434000015258789
3,3,3,local_search,obj_pwldr,33125.79822872399,33125.80654934438,0.023999929428100586,0.08599996566772461
3,3,3,local_search,dr_pwldr,33159.33504049339,33339.94999440778,0.023999929428100586,0.08599996566772461
3,3,3,local_search,reopt_pwldr,31617.79485580532,31782.400455185805,0.023999929428100586,0.08599996566772461
3,3,4,black_box,obj_pwldr,33187.457125554865,33125.80019056721,0.02700018882751465,1.7890000343322754
3,3,4,black_box,dr_pwldr,33360.23264527708,33339.94917368566,0.02700018882751465,1.7890000343322754
3,3,4,black_box,reopt_pwldr,26788.838786386146,31778.71623183057,0.02700018882751465,1.7890000343322754
3,3,4,local_search,obj_pwldr,33187.457125554865,33125.80019056721,0.02700018882751465,0.11899995803833008
3,3,4,local_search,dr_pwldr,33360.23264527708,33339.94917368566,0.02700018882751465,0.11899995803833008
3,3,4,local_search,reopt_pwldr,26788.838786386146,31778.71623183057,0.02700018882751465,0.11899995803833008
3,3,5,black_box,obj_pwldr,33125.79822872399,33125.7983803839,0.0279998779296875,2.0
3,3,5,black_box,dr_pwldr,33339.955872247956,33339.9580486999,0.0279998779296875,2.0
3,3,5,black_box,reopt_pwldr,31775.238658691072,31774.271763202207,0.0279998779296875,2.0
3,3,5,local_search,obj_pwldr,33125.79822872399,33125.7983803839,0.0279998779296875,0.1659998893737793
3,3,5,local_search,dr_pwldr,33339.955872247956,33339.9580486999,0.0279998779296875,0.1659998893737793
3,3,5,local_search,reopt_pwldr,31775.238658691072,31774.2717632022,0.0279998779296875,0.1659998893737793
3,3,6,black_box,obj_pwldr,33157.256849556055,33125.79888329553,0.03299999237060547,2.3550000190734863
3,3,6,black_box,dr_pwldr,33225.62978795884,33339.95185428036,0.03299999237060547,2.3550000190734863
3,3,6,black_box,reopt_pwldr,25902.688030417055,31777.247393874444,0.03299999237060547,2.3550000190734863
3,3,6,local_search,obj_pwldr,33157.256849556055,33125.79888329554,0.03299999237060547,0.19800019264221191
3,3,6,local_search,dr_pwldr,33225.62978795884,33339.95185428036,0.03299999237060547,0.19800019264221191
3,3,6,local_search,reopt_pwldr,25902.688030417055,31777.247393874444,0.03299999237060547,0.19800019264221191
3,3,7,black_box,obj_pwldr,33125.79822872398,33125.79833942671,0.042999982833862305,2.7750000953674316
3,3,7,black_box,dr_pwldr,33159.33504049339,33339.95421987903,0.042999982833862305,2.7750000953674316
3,3,7,black_box,reopt_pwldr,31617.79485580532,31776.064740915936,0.042999982833862305,2.7750000953674316
3,3,7,local_search,obj_pwldr,33125.79822872398,33125.79833942671,0.042999982833862305,0.25300002098083496
3,3,7,local_search,dr_pwldr,33159.33504049339,33339.95421987903,0.042999982833862305,0.25300002098083496
3,3,7,local_search,reopt_pwldr,31617.79485580532,31776.064740915936,0.042999982833862305,0.25300002098083496
3,3,8,black_box,obj_pwldr,33144.82875243721,33125.798309288126,0.04200005531311035,3.061000108718872
3,3,8,black_box,dr_pwldr,33236.54328704748,33339.95728185734,0.04200005531311035,3.061000108718872
3,3,8,black_box,reopt_pwldr,25901.418463392143,31774.53394124627,0.04200005531311035,3.061000108718872
3,3,8,local_search,obj_pwldr,33144.82875243721,33125.798309288126,0.04200005531311035,0.31400012969970703
3,3,8,local_search,dr_pwldr,33236.54328704748,33339.95728185734,0.04200005531311035,0.31400012969970703
3,3,8,local_search,reopt_pwldr,25901.418463392143,31774.53394124627,0.04200005531311035,0.31400012969970703
3,3,9,black_box,obj_pwldr,33125.79822872399,33125.8017933401,0.03600001335144043,3.609999895095825
3,3,9,black_box,dr_pwldr,33242.25772697917,33339.94796350945,0.03600001335144043,3.609999895095825
3,3,9,black_box,reopt_pwldr,26100.56706619687,31779.926258253872,0.03600001335144043,3.609999895095825
3,3,9,local_search,obj_pwldr,33125.79822872399,33125.8017933401,0.03600001335144043,0.37599992752075195
3,3,9,local_search,dr_pwldr,33242.25772697917,33339.94796350945,0.03600001335144043,0.37599992752075195
3,3,9,local_search,reopt_pwldr,26100.56706619687,31779.926258253872,0.03600001335144043,0.37599992752075195
3,3,10,black_box,obj_pwldr,33138.53767021797,33125.79822879819,0.04700016975402832,3.9660000801086426
3,3,10,black_box,dr_pwldr,33170.68707577979,33339.955915027705,0.04700016975402832,3.9660000801086426
3,3,10,black_box,reopt_pwldr,31337.666651442825,31775.217271481983,0.04700016975402832,3.9660000801086426
3,3,10,local_search,obj_pwldr,33138.53767021797,33125.79822879819,0.04700016975402832,0.47300004959106445
3,3,10,local_search,dr_pwldr,33170.68707577979,33339.955915027705,0.04700016975402832,0.47300004959106445
3,3,10,local_search,reopt_pwldr,31337.666651442825,31775.217271481983,0.04700016975402832,0.47300004959106445
3,4,1,black_box,obj_pwldr,32487.331404967757,32487.33465737816,0.019999980926513672,0.9489998817443848
3,4,1,black_box,dr_pwldr,32540.263830388925,32540.19155252684,0.019999980926513672,0.9489998817443848
3,4,1,black_box,reopt_pwldr,31617.79485580532,31620.852405251044,0.019999980926513672,0.9489998817443848
3,4,1,local_search,obj_pwldr,32487.331404967757,32487.33465737816,0.019999980926513672,0.04800009727478027
3,4,1,local_search,dr_pwldr,32540.263830388925,32540.19155252684,0.019999980926513672,0.04800009727478027
3,4,1,local_search,reopt_pwldr,31617.79485580532,31620.852405251044,0.019999980926513672,0.04800009727478027
3,4,2,black_box,obj_pwldr,32832.168186994015,32487.366970508385,0.02200007438659668,1.2950000762939453
3,4,2,black_box,dr_pwldr,32887.95129528382,32637.914533099163,0.02200007438659668,1.2950000762939453
3,4,2,black_box,reopt_pwldr,25564.127316773254,31785.350631641155,0.02200007438659668,1.2950000762939453
3,4,2,local_search,obj_pwldr,32832.168186994015,32487.366970508385,0.02200007438659668,0.06099987030029297
3,4,2,local_search,dr_pwldr,32887.95129528382,32637.914533099163,0.02200007438659668,0.06099987030029297
3,4,2,local_search,reopt_pwldr,25564.127316773254,31785.350631641155,0.02200007438659668,0.06099987030029297
3,4,3,black_box,obj_pwldr,32487.331404967772,32487.332202490892,0.03400015830993652,1.5870001316070557
3,4,3,black_box,dr_pwldr,32623.186516874557,32637.573953856874,0.03400015830993652,1.5870001316070557
3,4,3,black_box,reopt_pwldr,26100.56706619687,31773.72442995852,0.03400015830993652,1.5870001316070557
3,4,3,local_search,obj_pwldr,32487.331404967772,32487.332202490892,0.03400015830993652,0.0969998836517334
3,4,3,local_search,dr_pwldr,32623.186516874557,32637.573953856874,0.03400015830993652,0.0969998836517334
3,4,3,local_search,reopt_pwldr,26100.56706619687,31773.72442995852,0.03400015830993652,0.0969998836517334
3,4,4,black_box,obj_pwldr,32616.488538693873,32487.33144803888,0.03099989891052246,1.9600000381469727
3,4,4,black_box,dr_pwldr,32721.38884327629,32637.60216058529,0.03099989891052246,1.9600000381469727
3,4,4,black_box,reopt_pwldr,25804.504827884233,31774.886763849656,0.03099989891052246,1.9600000381469727
3,4,4,local_search,obj_pwldr,32616.488538693873,32487.33144803888,0.03099989891052246,0.12999987602233887
3,4,4,local_search,dr_pwldr,32721.38884327629,32637.60216058529,0.03099989891052246,0.12999987602233887
3,4,4,local_search,reopt_pwldr,25804.504827884233,31774.886763849656,0.03099989891052246,0.12999987602233887
3,4,5,black_box,obj_pwldr,32487.331404967765,32487.33248651538,0.04800009727478027,2.625999927520752
3,4,5,black_box,dr_pwldr,32600.02948582955,32637.657695812824,0.04800009727478027,2.625999927520752
3,4,5,black_box,reopt_pwldr,26345.1234500375,31777.002025542202,0.04800009727478027,2.625999927520752
3,4,5,local_search,obj_pwldr,32487.331404967765,32487.33248651538,0.04800009727478027,0.21200013160705566
3,4,5,local_search,dr_pwldr,32600.02948582955,32637.657695812824,0.04800009727478027,0.21200013160705566
3,4,5,local_search,reopt_pwldr,26345.1234500375,31777.002025542202,0.04800009727478027,0.21200013160705566
3,4,6,black_box,obj_pwldr,32553.978344695548,32487.33155864947,0.03500008583068848,2.9790000915527344
3,4,6,black_box,dr_pwldr,32616.13757927385,32637.594344878467,0.03500008583068848,2.9790000915527344
3,4,6,black_box,reopt_pwldr,31177.750093490144,31774.57395070623,0.03500008583068848,2.9790000915527344
3,4,6,local_search,obj_pwldr,32553.978344695548,32487.331558649465,0.03500008583068848,0.4200000762939453
3,4,6,local_search,dr_pwldr,32616.13757927385,32637.594344878467,0.03500008583068848,0.4200000762939453
3,4,6,local_search,reopt_pwldr,31177.750093490144,31774.57395070623,0.03500008583068848,0.4200000762939453
3,4,7,black_box,obj_pwldr,32487.331404967754,32487.334821381133,0.03399991989135742,3.183000087738037
3,4,7,black_box,dr_pwldr,32577.84538581539,32637.537087905253,0.03399991989135742,3.183000087738037
3,4,7,black_box,reopt_pwldr,26168.68162909799,31772.10461427902,0.03399991989135742,3.183000087738037
3,4,7,local_search,obj_pwldr,32487.331404967754,32487.334821381133,0.03399991989135742,0.2969999313354492
3,4,7,local_search,dr_pwldr,32577.84538581539,32637.537087905253,0.03399991989135742,0.2969999313354492
3,4,7,local_search,reopt_pwldr,26168.68162909799,31772.10461427902,0.03399991989135742,0.2969999313354492
3,4,8,black_box,obj_pwldr,32527.839170685707,32487.331408536014,0.04700016975402832,3.5909998416900635
3,4,8,black_box,dr_pwldr,32587.76753576678,32637.60842659416,0.04700016975402832,3.5909998416900635
3,4,8,black_box,reopt_pwldr,31275.47459533544,31775.137373179055,0.04700016975402832,3.5909998416900635
3,4,8,local_search,obj_pwldr,32527.839170685707,32487.331408536014,0.04700016975402832,0.37400007247924805
3,4,8,local_search,dr_pwldr,32587.76753576678,32637.60842659416,0.04700016975402832,0.37400007247924805
3,4,8,local_search,reopt_pwldr,31275.47459533544,31775.137373179055,0.04700016975402832,0.37400007247924805
3,4,9,black_box,obj_pwldr,32487.331404967757,32487.343623567125,0.051999807357788086,4.0350000858306885
3,4,9,black_box,dr_pwldr,32660.768072301107,32637.77780502532,0.051999807357788086,4.0350000858306885
3,4,9,black_box,reopt_pwldr,26189.535793283834,31781.16560503029,0.051999807357788086,4.0350000858306885
3,4,9,local_search,obj_pwldr,32487.331404967757,32487.343623567125,0.051999807357788086,0.46199989318847656
3,4,9,local_search,dr_pwldr,32660.768072301107,32637.77780502532,0.051999807357788086,0.46199989318847656
3,4,9,local_search,reopt_pwldr,26189.535793283834,31781.16560503029,0.051999807357788086,0.46199989318847656
3,4,10,black_box,obj_pwldr,32514.51327606362,32487.331904856786,0.11899995803833008,4.645000219345093
3,4,10,black_box,dr_pwldr,32561.057875101367,32637.64245135861,0.11899995803833008,4.645000219345093
3,4,10,black_box,reopt_pwldr,31898.01569604131,31776.437486005074,0.11899995803833008,4.645000219345093
3,4,10,local_search,obj_pwldr,32514.51327606362,32487.331904856786,0.11899995803833008,0.5520000457763672
3,4,10,local_search,dr_pwldr,32561.057875101367,32637.64245135861,0.11899995803833008,0.5520000457763672
3,4,10,local_search,reopt_pwldr,31898.01569604131,31776.437486005074,0.11899995803833008,0.5520000457763672
4,1,1,black_box,obj_pwldr,33375.91876872443,33375.91880920657,0.017999887466430664,1.4930000305175781
4,1,1,black_box,dr_pwldr,33346.69879400488,33159.91967594174,0.017999887466430664,1.4930000305175781
4,1,1,black_box,reopt_pwldr,26365.326443916158,31560.27767337121,0.017999887466430664,1.4930000305175781
4,1,1,local_search,obj_pwldr,33375.91876872443,33375.91880920657,0.017999887466430664,0.03600001335144043
4,1,1,local_search,dr_pwldr,33346.69879400488,33159.91967594174,0.017999887466430664,0.03600001335144043
4,1,1,local_search,reopt_pwldr,26365.326443916158,31560.27767337121,0.017999887466430664,0.03600001335144043
4,1,2,black_box,obj_pwldr,33443.963731835276,33375.91898330394,0.03299999237060547,4.505000114440918
4,1,2,black_box,dr_pwldr,33300.98247697945,33160.05740577833,0.03299999237060547,4.505000114440918
4,1,2,black_box,reopt_pwldr,30773.663058878763,31556.383100933916,0.03299999237060547,4.505000114440918
4,1,2,local_search,obj_pwldr,33443.963731835276,33375.91898330394,0.03299999237060547,0.21499991416931152
4,1,2,local_search,dr_pwldr,33300.98247697945,33160.05740577833,0.03299999237060547,0.21499991416931152
4,1,2,local_search,reopt_pwldr,30773.663058878763,31556.383100933916,0.03299999237060547,0.21499991416931152
4,1,3,black_box,obj_pwldr,33375.91876872444,33375.920903673104,0.051000118255615234,6.569999933242798
4,1,3,black_box,dr_pwldr,33081.86992731109,33159.6585134507,0.051000118255615234,6.569999933242798
4,1,3,black_box,reopt_pwldr,26205.028174449002,31567.662725361064,0.051000118255615234,6.569999933242798
4,1,3,local_search,obj_pwldr,33375.91876872444,33375.92090367311,0.051000118255615234,0.3899998664855957
4,1,3,local_search,dr_pwldr,33081.86992731109,33159.658513450704,0.051000118255615234,0.3899998664855957
4,1,3,local_search,reopt_pwldr,26205.028174449002,31567.662725361064,0.051000118255615234,0.3899998664855957
4,1,4,black_box,obj_pwldr,33391.70482871015,33375.91878111867,0.06500005722045898,9.737000226974487
4,1,4,black_box,dr_pwldr,33263.92512665293,33159.9844608534,0.06500005722045898,9.737000226974487
4,1,4,black_box,reopt_pwldr,31176.43740958281,31558.445748339655,0.06500005722045898,9.737000226974487
4,1,4,local_search,obj_pwldr,33391.70482871015,33375.91878111867,0.06500005722045898,0.689000129699707
4,1,4,local_search,dr_pwldr,33263.92512665293,33159.9844608534,0.06500005722045898,0.689000129699707
4,1,4,local_search,reopt_pwldr,31176.43740958281,31558.445748339655,0.06500005722045898,0.689000129699707
4,1,5,black_box,obj_pwldr,33375.91876872445,33375.91876991964,0.07699990272521973,12.944000005722046
4,1,5,black_box,dr_pwldr,33268.60733805902,33159.96854967586,0.07699990272521973,12.944000005722046
4,1,5,black_box,reopt_pwldr,31785.661484503067,31558.895669218797,0.07699990272521973,12.944000005722046
4,1,5,local_search,obj_pwldr,33375.91876872445,33375.91876991964,0.07699990272521973,0.9279999732971191
4,1,5,local_search,dr_pwldr,33268.60733805902,33159.96854967586,0.07699990272521973,0.9279999732971191
4,1,5,local_search,reopt_pwldr,31785.661484503067,31558.895669218797,0.07699990272521973,0.9279999732971191
4,1,6,black_box,obj_pwldr,33382.74467881759,33375.91879341082,0.09599995613098145,16.443000078201294
4,1,6,black_box,dr_pwldr,33073.936317765656,33159.92881388027,0.09599995613098145,16.443000078201294
4,1,6,black_box,reopt_pwldr,26470.227068408218,31560.01927958958,0.09599995613098145,16.443000078201294
4,1,6,local_search,obj_pwldr,33382.74467881759,33375.91879341082,0.09599995613098145,1.378000020980835
4,1,6,local_search,dr_pwldr,33073.936317765656,33159.92881388027,0.09599995613098145,1.378000020980835
4,1,6,local_search,reopt_pwldr,26470.227068408218,31560.01927958958,0.09599995613098145,1.378000020980835
4,1,7,black_box,obj_pwldr,33375.91876872444,33375.91886816017,0.12899994850158691,19.420000076293945
4,1,7,black_box,dr_pwldr,33268.60733805902,33159.89601735486,0.12899994850158691,19.420000076293945
4,1,7,black_box,reopt_pwldr,31785.661484503067,31560.94666799781,0.12899994850158691,19.420000076293945
4,1,7,local_search,obj_pwldr,33375.91876872444,33375.91886816017,0.12899994850158691,1.7209999561309814
4,1,7,local_search,dr_pwldr,33268.60733805902,33159.89601735486,0.12899994850158691,1.7209999561309814
4,1,7,local_search,reopt_pwldr,31785.661484503067,31560.94666799781,0.12899994850158691,1.7209999561309814
4,1,8,black_box,obj_pwldr,33379.74524160208,33375.91887236611,0.14400005340576172,22.740999937057495
4,1,8,black_box,dr_pwldr,33285.10769378051,33159.89464925888,0.14400005340576172,22.740999937057495
4,1,8,black_box,reopt_pwldr,32125.73348363112,31560.98535369035,0.14400005340576172,22.740999937057495
4,1,8,local_search,obj_pwldr,33379.74524160208,33375.91887236611,0.14400005340576172,2.23799991607666
4,1,8,local_search,dr_pwldr,33285.10769378051,33159.89464925888,0.14400005340576172,2.23799991607666
4,1,8,local_search,reopt_pwldr,32125.73348363112,31560.98535369035,0.14400005340576172,2.23799991607666
4,1,9,black_box,obj_pwldr,33375.918768724434,33375.91876937389,0.16499996185302734,26.631999969482422
4,1,9,black_box,dr_pwldr,33081.86992731109,33159.9666659856,0.16499996185302734,26.631999969482422
4,1,9,black_box,reopt_pwldr,26205.028174449002,31558.948934389005,0.16499996185302734,26.631999969482422
4,1,9,local_search,obj_pwldr,33375.918768724434,33375.91876937389,0.16499996185302734,3.2219998836517334
4,1,9,local_search,dr_pwldr,33081.86992731109,33159.9666659856,0.16499996185302734,3.2219998836517334
4,1,9,local_search,reopt_pwldr,26205.028174449002,31558.948934389005,0.16499996185302734,3.2219998836517334
4,1,10,black_box,obj_pwldr,33378.37831852924,33375.91876901272,0.1789999008178711,29.69700002670288
4,1,10,black_box,dr_pwldr,33261.39912255399,33159.96490288511,0.1789999008178711,29.69700002670288
4,1,10,black_box,reopt_pwldr,31508.068000292886,31558.99878963684,0.1789999008178711,29.69700002670288
4,1,10,local_search,obj_pwldr,33378.37831852924,33375.91876901272,0.1789999008178711,3.6030001640319824
4,1,10,local_search,dr_pwldr,33261.39912255399,33159.96490288511,0.1789999008178711,3.6030001640319824
4,1,10,local_search,reopt_pwldr,31508.068000292886,31558.99878963684,0.1789999008178711,3.6030001640319824
4,2,1,black_box,obj_pwldr,33413.286892490956,33413.28696107201,0.016000032424926758,0.9340000152587891
4,2,1,black_box,dr_pwldr,33349.020689089986,33212.41867952445,0.016000032424926758,0.9340000152587891
4,2,1,black_box,reopt_pwldr,26207.79286716235,31613.287243644987,0.016000032424926758,0.9340000152587891
4,2,1,local_search,obj_pwldr,33413.286892490956,33413.28696107201,0.016000032424926758,0.040000200271606445
4,2,1,local_search,dr_pwldr,33349.020689089986,33212.41867952445,0.016000032424926758,0.040000200271606445
4,2,1,local_search,reopt_pwldr,26207.79286716235,31613.287243644987,0.016000032424926758,0.040000200271606445
4,2,2,black_box,obj_pwldr,33581.92745423912,33413.28816492891,0.026000022888183594,1.1500000953674316
4,2,2,black_box,dr_pwldr,33370.850268359434,33212.28170936358,0.026000022888183594,1.1500000953674316
4,2,2,black_box,reopt_pwldr,25807.856994588372,31616.690799332828,0.026000022888183594,1.1500000953674316
4,2,2,local_search,obj_pwldr,33581.92745423912,33413.28816492891,0.026000022888183594,0.0559999942779541
4,2,2,local_search,dr_pwldr,33370.850268359434,33212.28170936358,0.026000022888183594,0.0559999942779541
4,2,2,local_search,reopt_pwldr,25807.856994588372,31616.690799332828,0.026000022888183594,0.0559999942779541
4,2,3,black_box,obj_pwldr,33413.28689249096,33413.34195722836,0.029000043869018555,1.5439999103546143
4,2,3,black_box,dr_pwldr,33270.929233144096,33213.18205433003,0.029000043869018555,1.5439999103546143
4,2,3,black_box,reopt_pwldr,31835.82290290651,31595.758186998875,0.029000043869018555,1.5439999103546143
4,2,3,local_search,obj_pwldr,33413.28689249096,33413.34195722836,0.029000043869018555,0.10399985313415527
4,2,3,local_search,dr_pwldr,33270.929233144096,33213.18205433003,0.029000043869018555,0.10399985313415527
4,2,3,local_search,reopt_pwldr,31835.82290290651,31595.758186998875,0.029000043869018555,0.10399985313415527
4,2,4,black_box,obj_pwldr,33473.99749472031,33413.287005694954,0.029999971389770508,1.9010000228881836
4,2,4,black_box,dr_pwldr,33184.388060940975,33212.35970849217,0.029999971389770508,1.9010000228881836
4,2,4,black_box,reopt_pwldr,25817.446048761765,31614.752435869854,0.029999971389770508,1.9010000228881836
4,2,4,local_search,obj_pwldr,33473.99749472031,33413.287005694954,0.029999971389770508,0.11999988555908203
4,2,4,local_search,dr_pwldr,33184.388060940975,33212.35970849217,0.029999971389770508,0.11999988555908203
4,2,4,local_search,reopt_pwldr,25817.446048761765,31614.752435869854,0.029999971389770508,0.11999988555908203
4,2,5,black_box,obj_pwldr,33413.286892490956,33413.28704376085,0.03399991989135742,2.1389999389648438
4,2,5,black_box,dr_pwldr,33248.81068226745,33212.43120177026,0.03399991989135742,2.1389999389648438
4,2,5,black_box,reopt_pwldr,26338.802950260328,31612.976116361897,0.03399991989135742,2.1389999389648438
4,2,5,local_search,obj_pwldr,33413.286892490956,33413.28704376085,0.03399991989135742,0.15600013732910156
4,2,5,local_search,dr_pwldr,33248.81068226745,33212.43120177026,0.03399991989135742,0.15600013732910156
4,2,5,local_search,reopt_pwldr,26338.802950260328,31612.976116361897,0.03399991989135742,0.15600013732910156
4,2,6,black_box,obj_pwldr,33444.261689546736,33413.28696659928,0.03599977493286133,2.4030001163482666
4,2,6,black_box,dr_pwldr,33256.15890036744,33212.36603883832,0.03599977493286133,2.4030001163482666
4,2,6,black_box,reopt_pwldr,26081.180122350805,31614.595152308444,0.03599977493286133,2.4030001163482666
4,2,6,local_search,obj_pwldr,33444.261689546736,33413.28696659928,0.03599977493286133,0.1940000057220459
4,2,6,local_search,dr_pwldr,33256.15890036744,33212.36603883832,0.03599977493286133,0.1940000057220459
4,2,6,local_search,reopt_pwldr,26081.180122350805,31614.595152308444,0.03599977493286133,0.1940000057220459
4,2,7,black_box,obj_pwldr,33413.286892490956,33413.28721613865,0.03500008583068848,2.7039999961853027
4,2,7,black_box,dr_pwldr,33270.929233144096,33212.44893888674,0.03500008583068848,2.7039999961853027
4,2,7,black_box,reopt_pwldr,31835.82290290651,31612.535420581633,0.03500008583068848,2.7039999961853027
4,2,7,local_search,obj_pwldr,33413.286892490956,33413.28721613865,0.03500008583068848,0.24499988555908203
4,2,7,local_search,dr_pwldr,33270.929233144096,33212.44893888674,0.03500008583068848,0.24499988555908203
4,2,7,local_search,reopt_pwldr,31835.82290290651,31612.535420581633,0.03500008583068848,0.24499988555908203
4,2,8,black_box,obj_pwldr,33432.0247326852,33413.28697525412,0.04399991035461426,3.0840001106262207
4,2,8,black_box,dr_pwldr,33349.68380230116,33212.421222919125,0.04399991035461426,3.0840001106262207
4,2,8,black_box,reopt_pwldr,25982.04377112036,31613.22405055095,0.04399991035461426,3.0840001106262207
4,2,8,local_search,obj_pwldr,33432.0247326852,33413.28697525412,0.04399991035461426,0.31799983978271484
4,2,8,local_search,dr_pwldr,33349.68380230116,33212.421222919125,0.04399991035461426,0.31799983978271484
4,2,8,local_search,reopt_pwldr,25982.04377112036,31613.22405055095,0.04399991035461426,0.31799983978271484
4,2,9,black_box,obj_pwldr,33413.28689249096,33413.28959785452,0.0409998893737793,3.5370001792907715
4,2,9,black_box,dr_pwldr,33270.929233144096,33212.55515581087,0.0409998893737793,3.5370001792907715
4,2,9,black_box,reopt_pwldr,31835.82290290651,31609.900791710537,0.0409998893737793,3.5370001792907715
4,2,9,local_search,obj_pwldr,33413.28689249096,33413.28959785451,0.0409998893737793,0.8080000877380371
4,2,9,local_search,dr_pwldr,33270.929233144096,33212.55515581087,0.0409998893737793,0.8080000877380371
4,2,9,local_search,reopt_pwldr,31835.82290290651,31609.900791710537,0.0409998893737793,0.8080000877380371
4,2,10,black_box,obj_pwldr,33425.83040534827,33413.2868925699,0.039999961853027344,3.9160001277923584
4,2,10,black_box,dr_pwldr,33154.23969847992,33212.39199346868,0.039999961853027344,3.9160001277923584
4,2,10,black_box,reopt_pwldr,26021.772864352683,31613.950284463397,0.039999961853027344,3.9160001277923584
4,2,10,local_search,obj_pwldr,33425.83040534827,33413.2868925699,0.039999961853027344,0.4830000400543213
4,2,10,local_search,dr_pwldr,33154.23969847992,33212.39199346868,0.039999961853027344,0.4830000400543213
4,2,10,local_search,reopt_pwldr,26021.772864352683,31613.950284463397,0.039999961853027344,0.4830000400543213
4,3,1,black_box,obj_pwldr,33260.17220783727,33260.20113966621,0.015999794006347656,1.0079998970031738
4,3,1,black_box,dr_pwldr,33235.10386218818,32934.204188821066,0.015999794006347656,1.0079998970031738
4,3,1,black_box,reopt_pwldr,31785.661484503067,31571.346752949685,0.015999794006347656,1.0079998970031738
4,3,1,local_search,obj_pwldr,33260.17220783727,33260.20113966621,0.015999794006347656,0.039999961853027344
4,3,1,local_search,dr_pwldr,33235.10386218818,32934.204188821066,0.015999794006347656,0.039999961853027344
4,3,1,local_search,reopt_pwldr,31785.661484503067,31571.346752949685,0.015999794006347656,0.039999961853027344
4,3,2,black_box,obj_pwldr,33459.18897076572,33260.17364499667,0.0280001163482666,1.3310000896453857
4,3,2,black_box,dr_pwldr,33248.44208273572,32933.78822680092,0.0280001163482666,1.3310000896453857
4,3,2,black_box,reopt_pwldr,26991.834374766237,31556.3685306655,0.0280001163482666,1.3310000896453857
4,3,2,local_search,obj_pwldr,33459.18897076572,33260.17364499667,0.0280001163482666,0.06399989128112793
4,3,2,local_search,dr_pwldr,33248.44208273572,32933.78822680092,0.0280001163482666,0.06399989128112793
4,3,2,local_search,reopt_pwldr,26991.834374766237,31556.3685306655,0.0280001163482666,0.06399989128112793
4,3,3,black_box,obj_pwldr,33260.17220783727,33260.18678313438,0.02499985694885254,1.5230000019073486
4,3,3,black_box,dr_pwldr,33048.366451440306,32934.09643779875,0.02499985694885254,1.5230000019073486
4,3,3,black_box,reopt_pwldr,26205.028174449002,31567.79183352663,0.02499985694885254,1.5230000019073486
4,3,3,local_search,obj_pwldr,33260.17220783727,33260.18678313438,0.02499985694885254,0.09599995613098145
4,3,3,local_search,dr_pwldr,33048.366451440306,32934.09643779875,0.02499985694885254,0.09599995613098145
4,3,3,local_search,reopt_pwldr,26205.028174449002,31567.79183352663,0.02499985694885254,0.09599995613098145
4,3,4,black_box,obj_pwldr,33332.240330193505,33260.175107336545,0.02700018882751465,1.886000156402588
4,3,4,black_box,dr_pwldr,33270.588516506716,32933.75936504061,0.02700018882751465,1.886000156402588
4,3,4,black_box,reopt_pwldr,26663.884579500755,31555.22097271459,0.02700018882751465,1.886000156402588
4,3,4,local_search,obj_pwldr,33332.240330193505,33260.175107336545,0.02700018882751465,0.12999987602233887
4,3,4,local_search,dr_pwldr,33270.588516506716,32933.75936504061,0.02700018882751465,0.12999987602233887
4,3,4,local_search,reopt_pwldr,26663.884579500755,31555.22097271459,0.02700018882751465,0.12999987602233887
4,3,5,black_box,obj_pwldr,33260.17220783727,33260.17230306353,0.032000064849853516,2.2680001258850098
4,3,5,black_box,dr_pwldr,33235.10386218818,32933.87493224983,0.032000064849853516,2.2680001258850098
4,3,5,black_box,reopt_pwldr,31785.661484503067,31559.800993493758,0.032000064849853516,2.2680001258850098
4,3,5,local_search,obj_pwldr,33260.17220783727,33260.17230306353,0.032000064849853516,0.17199993133544922
4,3,5,local_search,dr_pwldr,33235.10386218818,32933.87493224983,0.032000064849853516,0.17199993133544922
4,3,5,local_search,reopt_pwldr,31785.661484503067,31559.800993493758,0.032000064849853516,0.17199993133544922
4,3,6,black_box,obj_pwldr,33297.00152741618,33260.17221182644,0.037999868392944336,2.61299991607666
4,3,6,black_box,dr_pwldr,33281.68227417345,32933.86081531048,0.037999868392944336,2.61299991607666
4,3,6,black_box,reopt_pwldr,31349.824896693804,31559.242134285585,0.037999868392944336,2.61299991607666
4,3,6,local_search,obj_pwldr,33297.00152741618,33260.17221182644,0.037999868392944336,0.23099994659423828
4,3,6,local_search,dr_pwldr,33281.68227417345,32933.86081531048,0.037999868392944336,0.23099994659423828
4,3,6,local_search,reopt_pwldr,31349.824896693804,31559.242134285585,0.037999868392944336,0.23099994659423828
4,3,7,black_box,obj_pwldr,33260.17220783727,33260.17397957984,0.03800010681152344,2.99399995803833
4,3,7,black_box,dr_pwldr,33212.985311311466,32933.78061967816,0.03800010681152344,2.99399995803833
4,3,7,black_box,reopt_pwldr,26211.139311404902,31556.06739068979,0.03800010681152344,2.99399995803833
4,3,7,local_search,obj_pwldr,33260.17220783727,33260.17397957984,0.03800010681152344,0.2929999828338623
4,3,7,local_search,dr_pwldr,33212.985311311466,32933.78061967815,0.03800010681152344,0.2929999828338623
4,3,7,local_search,reopt_pwldr,26211.139311404902,31556.06739068979,0.03800010681152344,0.2929999828338623
4,3,8,black_box,obj_pwldr,33282.46661819994,33260.173480341524,0.042999982833862305,3.4769999980926514
4,3,8,black_box,dr_pwldr,33243.35962585079,32933.79229704367,0.042999982833862305,3.4769999980926514
4,3,8,black_box,reopt_pwldr,25982.828607907726,31556.529657659165,0.042999982833862305,3.4769999980926514
4,3,8,local_search,obj_pwldr,33282.46661819994,33260.173480341524,0.042999982833862305,0.3530001640319824
4,3,8,local_search,dr_pwldr,33243.35962585079,32933.79229704367,0.042999982833862305,0.3530001640319824
4,3,8,local_search,reopt_pwldr,25982.828607907726,31556.529657659165,0.042999982833862305,0.3530001640319824
4,3,9,black_box,obj_pwldr,33260.17220783728,33260.1723369577,0.046000003814697266,3.9579999446868896
4,3,9,black_box,dr_pwldr,32933.85718237695,32933.836513618895,0.046000003814697266,3.9579999446868896
4,3,9,black_box,reopt_pwldr,31559.098314275638,31558.280082682508,0.046000003814697266,3.9579999446868896
4,3,9,local_search,obj_pwldr,33260.17220783728,33260.1723369577,0.046000003814697266,0.42299985885620117
4,3,9,local_search,dr_pwldr,32933.85718237695,32933.83651361889,0.046000003814697266,0.42299985885620117
4,3,9,local_search,reopt_pwldr,31559.098314275638,31558.280082682508,0.046000003814697266,0.42299985885620117
4,3,10,black_box,obj_pwldr,33275.10163574509,33260.17450608348,0.05000019073486328,4.5320000648498535
4,3,10,black_box,dr_pwldr,33243.79296446107,32933.945473525295,0.05000019073486328,4.5320000648498535
4,3,10,black_box,reopt_pwldr,32063.82186987485,31562.550364198883,0.05000019073486328,4.5320000648498535
4,3,10,local_search,obj_pwldr,33275.10163574509,33260.17450608348,0.05000019073486328,0.5339999198913574
4,3,10,local_search,dr_pwldr,33243.79296446107,32933.945473525295,0.05000019073486328,0.5339999198913574
4,3,10,local_search,reopt_pwldr,32063.82186987485,31562.550364198883,0.05000019073486328,0.5339999198913574
4,4,1,black_box,obj_pwldr,32784.63948934306,32784.64069698764,0.019999980926513672,1.0120000839233398
4,4,1,black_box,dr_pwldr,32599.00315074141,32599.01545841912,0.019999980926513672,1.0120000839233398
4,4,1,black_box,reopt_pwldr,26207.79286716235,26209.085012359807,0.019999980926513672,1.0120000839233398
4,4,1,local_search,obj_pwldr,32784.63948934306,32784.64069698764,0.019999980926513672,0.04500007629394531
4,4,1,local_search,dr_pwldr,32599.00315074141,32599.01545841912,0.019999980926513672,0.04500007629394531
4,4,1,local_search,reopt_pwldr,26207.79286716235,26209.085012359807,0.019999980926513672,0.04500007629394531
4,4,2,black_box,obj_pwldr,33124.17278921809,32784.640797622094,0.023999929428100586,1.2589998245239258
4,4,2,black_box,dr_pwldr,33047.91198917694,32512.471378416198,0.023999929428100586,1.2589998245239258
4,4,2,black_box,reopt_pwldr,30831.10461087229,31615.841347145757,0.023999929428100586,1.2589998245239258
4,4,2,local_search,obj_pwldr,33124.17278921809,32784.640797622094,0.023999929428100586,0.06800007820129395
4,4,2,local_search,dr_pwldr,33047.91198917694,32512.471378416198,0.023999929428100586,0.06800007820129395
4,4,2,local_search,reopt_pwldr,30831.10461087229,31615.841347145757,0.023999929428100586,0.06800007820129395
4,4,3,black_box,obj_pwldr,32784.63948934304,32784.66145964823,0.024000167846679688,1.5529999732971191
4,4,3,black_box,dr_pwldr,32626.985015879534,32512.548510549543,0.024000167846679688,1.5529999732971191
4,4,3,black_box,reopt_pwldr,26021.32337556697,31606.089861622706,0.024000167846679688,1.5529999732971191
4,4,3,local_search,obj_pwldr,32784.63948934304,32784.66145964823,0.024000167846679688,0.09399986267089844
4,4,3,local_search,dr_pwldr,32626.985015879534,32512.548510549543,0.024000167846679688,0.09399986267089844
4,4,3,local_search,reopt_pwldr,26021.32337556697,31606.089861622706,0.024000167846679688,0.09399986267089844
4,4,4,black_box,obj_pwldr,32911.810226637244,32784.63981166913,0.02500009536743164,1.8840000629425049
4,4,4,black_box,dr_pwldr,32727.99120663257,32512.47252506483,0.02500009536743164,1.8840000629425049
4,4,4,black_box,reopt_pwldr,25817.446048761765,31614.877976118125,0.02500009536743164,1.8840000629425049
4,4,4,local_search,obj_pwldr,32911.810226637244,32784.63981166913,0.02500009536743164,0.1380000114440918
4,4,4,local_search,dr_pwldr,32727.99120663257,32512.47252506483,0.02500009536743164,0.1380000114440918
4,4,4,local_search,reopt_pwldr,25817.446048761765,31614.877976118125,0.02500009536743164,0.1380000114440918
4,4,5,black_box,obj_pwldr,32784.639489343055,32784.64463969204,0.029999971389770508,2.3889999389648438
4,4,5,black_box,dr_pwldr,32713.512419804865,32512.505533377476,0.029999971389770508,2.3889999389648438
4,4,5,black_box,reopt_pwldr,31835.82290290651,31610.13326014018,0.029999971389770508,2.3889999389648438
4,4,5,local_search,obj_pwldr,32784.639489343055,32784.64463969204,0.029999971389770508,0.1919999122619629
4,4,5,local_search,dr_pwldr,32713.512419804865,32512.505533377476,0.029999971389770508,0.1919999122619629
4,4,5,local_search,reopt_pwldr,31835.82290290651,31610.13326014018,0.029999971389770508,0.1919999122619629
4,4,6,black_box,obj_pwldr,32850.261419925344,32784.685714819534,0.03800010681152344,2.990000009536743
4,4,6,black_box,dr_pwldr,32616.651294989777,32512.58954449438,0.03800010681152344,2.990000009536743
4,4,6,black_box,reopt_pwldr,26081.180122350805,31602.55849315383,0.03800010681152344,2.990000009536743
4,4,6,local_search,obj_pwldr,32850.261419925344,32784.685714819534,0.03800010681152344,0.24599981307983398
4,4,6,local_search,dr_pwldr,32616.651294989777,32512.58954449438,0.03800010681152344,0.24599981307983398
4,4,6,local_search,reopt_pwldr,26081.180122350805,31602.55849315383,0.03800010681152344,0.24599981307983398
4,4,7,black_box,obj_pwldr,32784.63948934305,32784.639536361654,0.03600001335144043,3.0999999046325684
4,4,7,black_box,dr_pwldr,32548.893559933673,32512.47425972077,0.03600001335144043,3.0999999046325684
4,4,7,black_box,reopt_pwldr,26338.802950260328,31614.2911530991,0.03600001335144043,3.0999999046325684
4,4,7,local_search,obj_pwldr,32784.63948934305,32784.63953636166,0.03600001335144043,0.2850000858306885
4,4,7,local_search,dr_pwldr,32548.893559933673,32512.474259720777,0.03600001335144043,0.2850000858306885
4,4,7,local_search,reopt_pwldr,26338.802950260328,31614.291153099097,0.03600001335144043,0.2850000858306885
4,4,8,black_box,obj_pwldr,32824.52425825884,32784.64005934246,0.039999961853027344,3.553999900817871
4,4,8,black_box,dr_pwldr,32754.810519395647,32512.472032680987,0.039999961853027344,3.553999900817871
4,4,8,black_box,reopt_pwldr,32172.295855600438,31615.191113545166,0.039999961853027344,3.553999900817871
4,4,8,local_search,obj_pwldr,32824.52425825884,32784.64005934246,0.039999961853027344,0.377000093460083
4,4,8,local_search,dr_pwldr,32754.810519395647,32512.472032680987,0.039999961853027344,0.377000093460083
4,4,8,local_search,reopt_pwldr,32172.295855600438,31615.191113545166,0.039999961853027344,0.377000093460083
4,4,9,black_box,obj_pwldr,32784.63948934305,32784.63955507412,0.051000118255615234,4.180000066757202
4,4,9,black_box,dr_pwldr,32791.60387575076,32512.473993564163,0.051000118255615234,4.180000066757202
4,4,9,black_box,reopt_pwldr,26207.79286716235,31614.357282278714,0.051000118255615234,4.180000066757202
4,4,9,local_search,obj_pwldr,32784.63948934305,32784.63955507412,0.051000118255615234,0.43600010871887207
4,4,9,local_search,dr_pwldr,32791.60387575076,32512.473993564163,0.051000118255615234,0.43600010871887207
4,4,9,local_search,reopt_pwldr,26207.79286716235,31614.357282278714,0.051000118255615234,0.43600010871887207
4,4,10,black_box,obj_pwldr,32811.403311739625,32784.63967352491,0.06099987030029297,4.627000093460083
4,4,10,black_box,dr_pwldr,32740.609514876596,32512.472991421648,0.06099987030029297,4.627000093460083
4,4,10,black_box,reopt_pwldr,31560.763215558574,31614.646234418386,0.06099987030029297,4.627000093460083
4,4,10,local_search,obj_pwldr,32811.403311739625,32784.63967352491,0.06099987030029297,0.4940001964569092
4,4,10,local_search,dr_pwldr,32740.609514876596,32512.472991421648,0.06099987030029297,0.4940001964569092
4,4,10,local_search,reopt_pwldr,31560.763215558574,31614.646234418386,0.06099987030029297,0.4940001964569092
5,1,1,black_box,obj_pwldr,32879.64474649481,32879.65375841336,0.019999980926513672,0.9550001621246338
5,1,1,black_box,dr_pwldr,33024.82809652926,33000.35946026151,0.019999980926513672,0.9550001621246338
5,1,1,black_box,reopt_pwldr,26263.597177927808,32093.223943902136,0.019999980926513672,0.9550001621246338
5,1,1,local_search,obj_pwldr,32879.64474649481,32879.65375841336,0.019999980926513672,0.042999982833862305
5,1,1,local_search,dr_pwldr,33024.82809652926,33000.35946026151,0.019999980926513672,0.042999982833862305
5,1,1,local_search,reopt_pwldr,26263.597177927808,32093.223943902136,0.019999980926513672,0.042999982833862305
5,1,2,black_box,obj_pwldr,33231.54660921602,32879.64461227586,0.023999929428100586,1.2679998874664307
5,1,2,black_box,dr_pwldr,33206.366718014106,33000.14818075591,0.023999929428100586,1.2679998874664307
5,1,2,black_box,reopt_pwldr,27062.009477186788,32088.040115467444,0.023999929428100586,1.2679998874664307
5,1,2,local_search,obj_pwldr,33231.54660921602,32879.64461227586,0.023999929428100586,0.056999921798706055
5,1,2,local_search,dr_pwldr,33206.366718014106,33000.14818075591,0.023999929428100586,0.056999921798706055
5,1,2,local_search,reopt_pwldr,27062.009477186788,32088.040115467444,0.023999929428100586,0.056999921798706055
5,1,3,black_box,obj_pwldr,32879.64474649481,32879.682673579875,0.025999784469604492,1.556999921798706
5,1,3,black_box,dr_pwldr,32930.13324656073,32999.78257236634,0.025999784469604492,1.556999921798706
5,1,3,black_box,reopt_pwldr,31970.951238909507,32077.484078424146,0.025999784469604492,1.556999921798706
5,1,3,local_search,obj_pwldr,32879.64474649481,32879.682673579875,0.025999784469604492,0.08500003814697266
5,1,3,local_search,dr_pwldr,32930.13324656073,32999.78257236634,0.025999784469604492,0.08500003814697266
5,1,3,local_search,reopt_pwldr,31970.951238909507,32077.484078424146,0.025999784469604492,0.08500003814697266
5,1,4,black_box,obj_pwldr,33011.346878664524,32879.63479229953,0.03500008583068848,1.9300000667572021
5,1,4,black_box,dr_pwldr,33077.36908215943,33000.29437445877,0.03500008583068848,1.9300000667572021
5,1,4,black_box,reopt_pwldr,30569.40511436756,32092.31806701083,0.03500008583068848,1.9300000667572021
5,1,4,local_search,obj_pwldr,33011.346878664524,32879.63479229953,0.03500008583068848,0.11300015449523926
5,1,4,local_search,dr_pwldr,33077.36908215943,33000.29437445877,0.03500008583068848,0.11300015449523926
5,1,4,local_search,reopt_pwldr,30569.40511436756,32092.31806701083,0.03500008583068848,0.11300015449523926
5,1,5,black_box,obj_pwldr,32879.644746494814,32879.64481305905,0.03500008583068848,2.4189999103546143
5,1,5,black_box,dr_pwldr,32895.27836706263,33000.11887233169,0.03500008583068848,2.4189999103546143
5,1,5,black_box,reopt_pwldr,26018.913903617246,32087.27913133316,0.03500008583068848,2.4189999103546143
5,1,5,local_search,obj_pwldr,32879.644746494814,32879.64481305905,0.03500008583068848,0.17400002479553223
5,1,5,local_search,dr_pwldr,32895.27836706263,33000.11887233169,0.03500008583068848,0.17400002479553223
5,1,5,local_search,reopt_pwldr,26018.913903617246,32087.27913133316,0.03500008583068848,0.17400002479553223
5,1,6,black_box,obj_pwldr,32947.551544548,32879.631266080534,0.03699994087219238,2.7290000915527344
5,1,6,black_box,dr_pwldr,32975.15563247907,33000.23620671921,0.03699994087219238,2.7290000915527344
5,1,6,black_box,reopt_pwldr,26285.921057761123,32090.55526852667,0.03699994087219238,2.7290000915527344
5,1,6,local_search,obj_pwldr,32947.551544548,32879.631266080534,0.03699994087219238,0.21399998664855957
5,1,6,local_search,dr_pwldr,32975.15563247907,33000.23620671921,0.03699994087219238,0.21399998664855957
5,1,6,local_search,reopt_pwldr,26285.921057761123,32090.55526852667,0.03699994087219238,0.21399998664855957
5,1,7,black_box,obj_pwldr,32879.644746494814,32879.64782849067,0.042999982833862305,3.107999801635742
5,1,7,black_box,dr_pwldr,33056.51019623128,33000.27227531788,0.042999982833862305,3.107999801635742
5,1,7,black_box,reopt_pwldr,26437.133607003783,32091.116637015773,0.042999982833862305,3.107999801635742
5,1,7,local_search,obj_pwldr,32879.644746494814,32879.64782849067,0.042999982833862305,0.28800010681152344
5,1,7,local_search,dr_pwldr,33056.51019623128,33000.27227531788,0.042999982833862305,0.28800010681152344
5,1,7,local_search,reopt_pwldr,26437.133607003783,32091.116637015773,0.042999982833862305,0.28800010681152344
5,1,8,black_box,obj_pwldr,32920.88555048582,32879.647366401616,0.040000200271606445,3.621000051498413
5,1,8,black_box,dr_pwldr,33059.06369686709,33000.25863066546,0.040000200271606445,3.621000051498413
5,1,8,black_box,reopt_pwldr,31661.54590499467,32090.887524294747,0.040000200271606445,3.621000051498413
5,1,8,local_search,obj_pwldr,32920.88555048582,32879.647366401616,0.040000200271606445,0.37600016593933105
5,1,8,local_search,dr_pwldr,33059.06369686709,33000.25863066546,0.040000200271606445,0.37600016593933105
5,1,8,local_search,reopt_pwldr,31661.54590499467,32090.887524294747,0.040000200271606445,0.37600016593933105
5,1,9,black_box,obj_pwldr,32879.6447464948,32879.646927975744,0.051999807357788086,4.147000074386597
5,1,9,black_box,dr_pwldr,32923.03292683215,33000.24904598535,0.051999807357788086,4.147000074386597
5,1,9,black_box,reopt_pwldr,31196.324733024467,32090.651583148494,0.051999807357788086,4.147000074386597
5,1,9,local_search,obj_pwldr,32879.6447464948,32879.646927975744,0.051999807357788086,0.44300007820129395
5,1,9,local_search,dr_pwldr,32923.03292683215,33000.24904598535,0.051999807357788086,0.44300007820129395
5,1,9,local_search,reopt_pwldr,31196.324733024467,32090.651583148494,0.051999807357788086,0.44300007820129395
5,1,10,black_box,obj_pwldr,32907.29649026982,32879.64545104583,0.053999900817871094,4.616000175476074
5,1,10,black_box,dr_pwldr,32984.59811835196,33000.21124430748,0.053999900817871094,4.616000175476074
5,1,10,black_box,reopt_pwldr,25676.281835410035,32089.61426799295,0.053999900817871094,4.616000175476074
5,1,10,local_search,obj_pwldr,32907.29649026982,32879.64545104583,0.053999900817871094,0.4890000820159912
5,1,10,local_search,dr_pwldr,32984.59811835196,33000.21124430748,0.053999900817871094,0.4890000820159912
5,1,10,local_search,reopt_pwldr,25676.281835410035,32089.61426799295,0.053999900817871094,0.4890000820159912
5,2,1,black_box,obj_pwldr,33552.37653976145,33552.386818047555,0.023999929428100586,0.940000057220459
5,2,1,black_box,dr_pwldr,33629.17411770483,33635.42311713459,0.023999929428100586,0.940000057220459
5,2,1,black_box,reopt_pwldr,31933.705719859314,32141.58887093903,0.023999929428100586,0.940000057220459
5,2,1,local_search,obj_pwldr,33552.37653976145,33552.386818047555,0.023999929428100586,0.0409998893737793
5,2,1,local_search,dr_pwldr,33629.17411770483,33635.42311713459,0.023999929428100586,0.0409998893737793
5,2,1,local_search,reopt_pwldr,31933.705719859314,32141.58887093903,0.023999929428100586,0.0409998893737793
5,2,2,black_box,obj_pwldr,33724.97225195336,33552.37750753465,0.019999980926513672,1.1590001583099365
5,2,2,black_box,dr_pwldr,33797.52227382632,33635.12796654732,0.019999980926513672,1.1590001583099365
5,2,2,black_box,reopt_pwldr,27766.555923567255,32131.187524677793,0.019999980926513672,1.1590001583099365
5,2,2,local_search,obj_pwldr,33724.97225195336,33552.37750753465,0.019999980926513672,0.05500006675720215
5,2,2,local_search,dr_pwldr,33797.52227382632,33635.12796654732,0.019999980926513672,0.05500006675720215
5,2,2,local_search,reopt_pwldr,27766.555923567255,32131.187524677793,0.019999980926513672,0.05500006675720215
5,2,3,black_box,obj_pwldr,33552.37653976145,33552.40019291207,0.023999929428100586,1.437000036239624
5,2,3,black_box,dr_pwldr,33659.89583358667,33634.898344475856,0.023999929428100586,1.437000036239624
5,2,3,black_box,reopt_pwldr,25903.780615364776,32121.556579545315,0.023999929428100586,1.437000036239624
5,2,3,local_search,obj_pwldr,33552.37653976145,33552.40019291207,0.023999929428100586,0.0840001106262207
5,2,3,local_search,dr_pwldr,33659.89583358667,33634.898344475856,0.023999929428100586,0.0840001106262207
5,2,3,local_search,reopt_pwldr,25903.780615364776,32121.556579545315,0.023999929428100586,0.0840001106262207
5,2,4,black_box,obj_pwldr,33614.51099615054,33552.37662114126,0.026000022888183594,1.6700000762939453
5,2,4,black_box,dr_pwldr,33620.63051820691,33635.16889762596,0.026000022888183594,1.6700000762939453
5,2,4,black_box,reopt_pwldr,26833.21198027804,32132.9215462,0.026000022888183594,1.6700000762939453
5,2,4,local_search,obj_pwldr,33614.51099615054,33552.37662114126,0.026000022888183594,0.12100005149841309
5,2,4,local_search,dr_pwldr,33620.63051820691,33635.16889762596,0.026000022888183594,0.12100005149841309
5,2,4,local_search,reopt_pwldr,26833.21198027804,32132.9215462,0.026000022888183594,0.12100005149841309
5,2,5,black_box,obj_pwldr,33552.376539761455,33552.376643168966,0.029999971389770508,2.0410001277923584
5,2,5,black_box,dr_pwldr,33629.31390693999,33635.213943202994,0.029999971389770508,2.0410001277923584
5,2,5,black_box,reopt_pwldr,31933.705719859314,32134.42806315944,0.029999971389770508,2.0410001277923584
5,2,5,local_search,obj_pwldr,33552.376539761455,33552.376643168966,0.029999971389770508,0.1660001277923584
5,2,5,local_search,dr_pwldr,33629.31390693999,33635.213943202994,0.029999971389770508,0.1660001277923584
5,2,5,local_search,reopt_pwldr,31933.705719859314,32134.42806315944,0.029999971389770508,0.1660001277923584
5,2,6,black_box,obj_pwldr,33584.07779302119,33552.37726781929,0.03299999237060547,2.5909998416900635
5,2,6,black_box,dr_pwldr,33671.99612216307,33635.25137001999,0.03299999237060547,2.5909998416900635
5,2,6,black_box,reopt_pwldr,31490.61092056465,32135.74801839668,0.03299999237060547,2.5909998416900635
5,2,6,local_search,obj_pwldr,33584.07779302119,33552.37726781929,0.03299999237060547,0.27699995040893555
5,2,6,local_search,dr_pwldr,33671.99612216307,33635.25137001999,0.03299999237060547,0.27699995040893555
5,2,6,local_search,reopt_pwldr,31490.61092056465,32135.74801839668,0.03299999237060547,0.27699995040893555
5,2,7,black_box,obj_pwldr,33552.37653976146,33552.37666045966,0.043000221252441406,3.513000011444092
5,2,7,black_box,dr_pwldr,33629.31390693999,33635.169207393425,0.043000221252441406,3.513000011444092
5,2,7,black_box,reopt_pwldr,31933.705719859314,32132.767267863946,0.043000221252441406,3.513000011444092
5,2,7,local_search,obj_pwldr,33552.37653976146,33552.37666045967,0.043000221252441406,0.25300002098083496
5,2,7,local_search,dr_pwldr,33629.31390693999,33635.169207393425,0.043000221252441406,0.25300002098083496
5,2,7,local_search,reopt_pwldr,31933.705719859314,32132.76726786394,0.043000221252441406,0.25300002098083496
5,2,8,black_box,obj_pwldr,33571.55384111611,33552.37655094174,0.046000003814697266,3.078000068664551
5,2,8,black_box,dr_pwldr,33663.330771954985,33635.19471078264,0.046000003814697266,3.078000068664551
5,2,8,black_box,reopt_pwldr,32477.80282332896,32133.892245123752,0.046000003814697266,3.078000068664551
5,2,8,local_search,obj_pwldr,33571.55384111611,33552.37655094174,0.046000003814697266,0.31099987030029297
5,2,8,local_search,dr_pwldr,33663.330771954985,33635.19471078264,0.046000003814697266,0.31099987030029297
5,2,8,local_search,reopt_pwldr,32477.80282332896,32133.892245123752,0.046000003814697266,0.31099987030029297
5,2,9,black_box,obj_pwldr,33552.376539761455,33552.377467069404,0.04900002479553223,3.633000135421753
5,2,9,black_box,dr_pwldr,33575.87397501173,33635.12497633776,0.04900002479553223,3.633000135421753
5,2,9,black_box,reopt_pwldr,25908.718412058515,32131.239127865832,0.04900002479553223,3.633000135421753
5,2,9,local_search,obj_pwldr,33552.376539761455,33552.377467069404,0.04900002479553223,0.38499999046325684
5,2,9,local_search,dr_pwldr,33575.87397501173,33635.12497633776,0.04900002479553223,0.38499999046325684
5,2,9,local_search,reopt_pwldr,25908.718412058515,32131.239127865832,0.04900002479553223,0.38499999046325684
5,2,10,black_box,obj_pwldr,33565.21423736252,33552.37819866159,0.05200004577636719,3.98799991607666
5,2,10,black_box,dr_pwldr,33657.328031356876,33635.28279491175,0.05200004577636719,3.98799991607666
5,2,10,black_box,reopt_pwldr,27130.315840753432,32136.827233622796,0.05200004577636719,3.98799991607666
5,2,10,local_search,obj_pwldr,33565.21423736252,33552.37819866159,0.05200004577636719,0.47300004959106445
5,2,10,local_search,dr_pwldr,33657.328031356876,33635.28279491175,0.05200004577636719,0.47300004959106445
5,2,10,local_search,reopt_pwldr,27130.315840753432,32136.827233622786,0.05200004577636719,0.47300004959106445
5,3,1,black_box,obj_pwldr,33403.510885609525,33403.70695624457,0.023000001907348633,0.9600000381469727
5,3,1,black_box,dr_pwldr,33379.98344771105,33379.628412873695,0.023000001907348633,0.9600000381469727
5,3,1,black_box,reopt_pwldr,31159.14989561775,31190.60804672614,0.023000001907348633,0.9600000381469727
5,3,1,local_search,obj_pwldr,33403.510885609525,33403.70695624457,0.023000001907348633,0.03500008583068848
5,3,1,local_search,dr_pwldr,33379.98344771105,33379.628412873695,0.023000001907348633,0.03500008583068848
5,3,1,local_search,reopt_pwldr,31159.14989561775,31190.60804672614,0.023000001907348633,0.03500008583068848
5,3,2,black_box,obj_pwldr,33606.261395914895,33403.53084007345,0.024000167846679688,1.3020000457763672
5,3,2,black_box,dr_pwldr,33593.81454074022,33540.936363125795,0.024000167846679688,1.3020000457763672
5,3,2,black_box,reopt_pwldr,30925.1176225895,32077.062728734658,0.024000167846679688,1.3020000457763672
5,3,2,local_search,obj_pwldr,33606.261395914895,33403.53084007345,0.024000167846679688,0.06299996376037598
5,3,2,local_search,dr_pwldr,33593.81454074022,33540.936363125795,0.024000167846679688,0.06299996376037598
5,3,2,local_search,reopt_pwldr,30925.1176225895,32077.062728734658,0.024000167846679688,0.06299996376037598
5,3,3,black_box,obj_pwldr,33403.51088560952,33403.51116535795,0.026000022888183594,1.5099999904632568
5,3,3,black_box,dr_pwldr,33516.414543155974,33541.071356105036,0.026000022888183594,1.5099999904632568
5,3,3,black_box,reopt_pwldr,26437.133607003783,32086.192826258517,0.026000022888183594,1.5099999904632568
5,3,3,local_search,obj_pwldr,33403.51088560952,33403.51116535795,0.026000022888183594,0.0969998836517334
5,3,3,local_search,dr_pwldr,33516.414543155974,33541.071356105036,0.026000022888183594,0.0969998836517334
5,3,3,local_search,reopt_pwldr,26437.133607003783,32086.192826258517,0.026000022888183594,0.0969998836517334
5,3,4,black_box,obj_pwldr,33476.93107579587,33403.51091621657,0.029999971389770508,1.8610000610351562
5,3,4,black_box,dr_pwldr,33499.078365094574,33541.09914357345,0.029999971389770508,1.8610000610351562
5,3,4,black_box,reopt_pwldr,25899.50832201737,32087.824647663765,0.029999971389770508,1.8610000610351562
5,3,4,local_search,obj_pwldr,33476.93107579587,33403.51091621657,0.029999971389770508,0.1269998550415039
5,3,4,local_search,dr_pwldr,33499.078365094574,33541.09914357345,0.029999971389770508,0.1269998550415039
5,3,4,local_search,reopt_pwldr,25899.50832201737,32087.824647663765,0.029999971389770508,0.1269998550415039
5,3,5,black_box,obj_pwldr,33403.510885609525,33403.51172076656,0.03500008583068848,2.2339999675750732
5,3,5,black_box,dr_pwldr,33398.56850014121,33541.05638238655,0.03500008583068848,2.2339999675750732
5,3,5,black_box,reopt_pwldr,27173.43628874893,32085.300348230496,0.03500008583068848,2.2339999675750732
5,3,5,local_search,obj_pwldr,33403.510885609525,33403.51172076656,0.03500008583068848,0.17400002479553223
5,3,5,local_search,dr_pwldr,33398.56850014121,33541.05638238655,0.03500008583068848,0.17400002479553223
5,3,5,local_search,reopt_pwldr,27173.43628874893,32085.300348230496,0.03500008583068848,0.17400002479553223
5,3,6,black_box,obj_pwldr,33441.03115892191,33403.511359924756,0.03099989891052246,2.6489999294281006
5,3,6,black_box,dr_pwldr,33459.75848168911,33541.06504769839,0.03099989891052246,2.6489999294281006
5,3,6,black_box,reopt_pwldr,26006.780734328262,32085.82236455478,0.03099989891052246,2.6489999294281006
5,3,6,local_search,obj_pwldr,33441.03115892191,33403.511359924756,0.03099989891052246,0.2219998836517334
5,3,6,local_search,dr_pwldr,33459.75848168911,33541.06504769839,0.03099989891052246,0.2219998836517334
5,3,6,local_search,reopt_pwldr,26006.780734328262,32085.82236455478,0.03099989891052246,0.2219998836517334
5,3,7,black_box,obj_pwldr,33403.510885609525,33403.51277580748,0.04200005531311035,3.0329999923706055
5,3,7,black_box,dr_pwldr,33398.56850014121,33541.14776570898,0.04200005531311035,3.0329999923706055
5,3,7,black_box,reopt_pwldr,27173.43628874893,32090.606469085546,0.04200005531311035,3.0329999923706055
5,3,7,local_search,obj_pwldr,33403.510885609525,33403.51277580748,0.04200005531311035,0.2820000648498535
5,3,7,local_search,dr_pwldr,33398.56850014121,33541.14776570898,0.04200005531311035,0.2820000648498535
5,3,7,local_search,reopt_pwldr,27173.43628874893,32090.606469085546,0.04200005531311035,0.2820000648498535
5,3,8,black_box,obj_pwldr,33426.22356072028,33403.51097130615,0.039999961853027344,3.4560000896453857
5,3,8,black_box,dr_pwldr,33405.34816784005,33541.10379380673,0.039999961853027344,3.4560000896453857
5,3,8,black_box,reopt_pwldr,31584.69504112829,32088.097733001003,0.039999961853027344,3.4560000896453857
5,3,8,local_search,obj_pwldr,33426.22356072028,33403.51097130615,0.039999961853027344,0.3809998035430908
5,3,8,local_search,dr_pwldr,33405.34816784005,33541.10379380673,0.039999961853027344,0.3809998035430908
5,3,8,local_search,reopt_pwldr,31584.69504112829,32088.097733001003,0.039999961853027344,0.3809998035430908
5,3,9,black_box,obj_pwldr,33403.510885609525,33403.51093431618,0.04900002479553223,3.927999973297119
5,3,9,black_box,dr_pwldr,33500.3636698382,33541.083524073336,0.04900002479553223,3.927999973297119
5,3,9,black_box,reopt_pwldr,26018.913903617246,32086.90739121594,0.04900002479553223,3.927999973297119
5,3,9,local_search,obj_pwldr,33403.510885609525,33403.510934316175,0.04900002479553223,0.869999885559082
5,3,9,local_search,dr_pwldr,33500.3636698382,33541.083524073336,0.04900002479553223,0.869999885559082
5,3,9,local_search,reopt_pwldr,26018.913903617246,32086.90739121594,0.04900002479553223,0.869999885559082
5,3,10,black_box,obj_pwldr,33418.72040405579,33403.5108978054,0.06000018119812012,4.46399998664856
5,3,10,black_box,dr_pwldr,33434.37266720867,33541.08787702374,0.06000018119812012,4.46399998664856
5,3,10,black_box,reopt_pwldr,26101.962859961925,32087.163018592142,0.06000018119812012,4.46399998664856
5,3,10,local_search,obj_pwldr,33418.72040405579,33403.5108978054,0.06000018119812012,0.5440001487731934
5,3,10,local_search,dr_pwldr,33434.37266720867,33541.08787702374,0.06000018119812012,0.5440001487731934
5,3,10,local_search,reopt_pwldr,26101.962859961925,32087.163018592142,0.06000018119812012,0.5440001487731934
5,4,1,black_box,obj_pwldr,33521.42896417057,33521.432449836466,0.017000198364257812,1.6549999713897705
5,4,1,black_box,dr_pwldr,33635.42090421484,33623.53039708275,0.017000198364257812,1.6549999713897705
5,4,1,black_box,reopt_pwldr,25816.122201104456,32076.277791062716,0.017000198364257812,1.6549999713897705
5,4,1,local_search,obj_pwldr,33521.42896417057,33521.432449836466,0.017000198364257812,0.042999982833862305
5,4,1,local_search,dr_pwldr,33635.42090421484,33623.53039708275,0.017000198364257812,0.042999982833862305
5,4,1,local_search,reopt_pwldr,25816.122201104456,32076.277791062716,0.017000198364257812,0.042999982833862305
5,4,2,black_box,obj_pwldr,33590.75051674448,33521.42938690843,0.04200005531311035,3.9610002040863037
5,4,2,black_box,dr_pwldr,33624.488164778384,33623.73209338974,0.04200005531311035,3.9610002040863037
5,4,2,black_box,reopt_pwldr,30905.60785265365,32091.29924350138,0.04200005531311035,3.9610002040863037
5,4,2,local_search,obj_pwldr,33590.75051674448,33521.42938690843,0.04200005531311035,0.17799997329711914
5,4,2,local_search,dr_pwldr,33624.488164778384,33623.73209338974,0.04200005531311035,0.17799997329711914
5,4,2,local_search,reopt_pwldr,30905.60785265365,32091.29924350138,0.04200005531311035,0.17799997329711914
5,4,3,black_box,obj_pwldr,33521.42896417057,33521.42907666414,0.056999921798706055,6.609999895095825
5,4,3,black_box,dr_pwldr,33491.16079402498,33623.70574944033,0.056999921798706055,6.609999895095825
5,4,3,black_box,reopt_pwldr,27173.43628874893,32089.420682027045,0.056999921798706055,6.609999895095825
5,4,3,local_search,obj_pwldr,33521.42896417057,33521.42907666414,0.056999921798706055,0.37199997901916504
5,4,3,local_search,dr_pwldr,33491.16079402498,33623.70574944033,0.056999921798706055,0.37199997901916504
5,4,3,local_search,reopt_pwldr,27173.43628874893,32089.420682027045,0.056999921798706055,0.37199997901916504
5,4,4,black_box,obj_pwldr,33537.51118594284,33521.42916033714,0.0709998607635498,10.077000141143799
5,4,4,black_box,dr_pwldr,33600.39271114339,33623.6406125724,0.0709998607635498,10.077000141143799
5,4,4,black_box,reopt_pwldr,26175.458726655484,32084.77583549582,0.0709998607635498,10.077000141143799
5,4,4,local_search,obj_pwldr,33537.51118594284,33521.42916033714,0.0709998607635498,0.687999963760376
5,4,4,local_search,dr_pwldr,33600.39271114339,33623.6406125724,0.0709998607635498,0.687999963760376
5,4,4,local_search,reopt_pwldr,26175.458726655484,32084.77583549582,0.0709998607635498,0.687999963760376
5,4,5,black_box,obj_pwldr,33521.42896417058,33521.432441311736,0.07599997520446777,12.654000043869019
5,4,5,black_box,dr_pwldr,33540.58626501121,33623.83372768696,0.07599997520446777,12.654000043869019
5,4,5,black_box,reopt_pwldr,31933.897365100587,32098.546693120024,0.07599997520446777,12.654000043869019
5,4,5,local_search,obj_pwldr,33521.42896417058,33521.432441311736,0.07599997520446777,0.9399998188018799
5,4,5,local_search,dr_pwldr,33540.58626501121,33623.83372768696,0.07599997520446777,0.9399998188018799
5,4,5,local_search,reopt_pwldr,31933.897365100587,32098.546693120024,0.07599997520446777,0.9399998188018799
5,4,6,black_box,obj_pwldr,33528.38293495334,33521.42896497345,0.10099983215332031,16.336999893188477
5,4,6,black_box,dr_pwldr,33536.01005581038,33623.67530822436,0.10099983215332031,16.336999893188477
5,4,6,black_box,reopt_pwldr,26778.151521902688,32087.2499484396,0.10099983215332031,16.336999893188477
5,4,6,local_search,obj_pwldr,33528.38293495334,33521.42896497345,0.10099983215332031,1.4210000038146973
5,4,6,local_search,dr_pwldr,33536.01005581038,33623.67530822436,0.10099983215332031,1.4210000038146973
5,4,6,local_search,reopt_pwldr,26778.151521902688,32087.2499484396,0.10099983215332031,1.4210000038146973
5,4,7,black_box,obj_pwldr,33521.42896417058,33521.42926479228,0.13299989700317383,19.57699990272522
5,4,7,black_box,dr_pwldr,33540.58626501121,33623.63179314007,0.13299989700317383,19.57699990272522
5,4,7,black_box,reopt_pwldr,31933.897365100587,32084.146930693936,0.13299989700317383,19.57699990272522
5,4,7,local_search,obj_pwldr,33521.42896417058,33521.42926479228,0.13299989700317383,1.8269999027252197
5,4,7,local_search,dr_pwldr,33540.58626501121,33623.63179314007,0.13299989700317383,1.8269999027252197
5,4,7,local_search,reopt_pwldr,31933.897365100587,32084.146930693936,0.13299989700317383,1.8269999027252197
5,4,8,black_box,obj_pwldr,33525.327225388355,33521.42897640406,0.16700005531311035,23.27900004386902
5,4,8,black_box,dr_pwldr,33542.97181766473,33623.66842299176,0.16700005531311035,23.27900004386902
5,4,8,black_box,reopt_pwldr,30821.34844254002,32086.758969183855,0.16700005531311035,23.27900004386902
5,4,8,local_search,obj_pwldr,33525.327225388355,33521.42897640406,0.16700005531311035,2.2690000534057617
5,4,8,local_search,dr_pwldr,33542.97181766473,33623.66842299176,0.16700005531311035,2.2690000534057617
5,4,8,local_search,reopt_pwldr,30821.34844254002,32086.75896918386,0.16700005531311035,2.2690000534057617
5,4,9,black_box,obj_pwldr,33521.42896417058,33521.42908753842,0.16899991035461426,26.53499984741211
5,4,9,black_box,dr_pwldr,33578.26851138646,33623.64828436772,0.16899991035461426,26.53499984741211
5,4,9,black_box,reopt_pwldr,26280.16255048745,32085.322903542125,0.16899991035461426,26.53499984741211
5,4,9,local_search,obj_pwldr,33521.42896417058,33521.42908753842,0.16899991035461426,2.7159998416900635
5,4,9,local_search,dr_pwldr,33578.26851138646,33623.64828436772,0.16899991035461426,2.7159998416900635
5,4,9,local_search,reopt_pwldr,26280.16255048745,32085.322903542125,0.16899991035461426,2.7159998416900635
5,4,10,black_box,obj_pwldr,33523.934657513724,33521.42896453895,0.18599987030029297,30.2739999294281
5,4,10,black_box,dr_pwldr,33540.600496554485,33623.67928589321,0.18599987030029297,30.2739999294281
5,4,10,black_box,reopt_pwldr,30882.60717442325,32087.533592150674,0.18599987030029297,30.2739999294281
5,4,10,local_search,obj_pwldr,33523.934657513724,33521.42896453895,0.18599987030029297,3.553999900817871
5,4,10,local_search,dr_pwldr,33540.600496554485,33623.67928589321,0.18599987030029297,3.553999900817871
5,4,10,local_search,reopt_pwldr,30882.60717442325,32087.533592150674,0.18599987030029297,3.553999900817871
6,1,1,black_box,obj_pwldr,31852.242037994198,31852.351027389177,0.023999929428100586,0.9699997901916504
6,1,1,black_box,dr_pwldr,32156.57263654606,32184.998053634703,0.023999929428100586,0.9699997901916504
6,1,1,black_box,reopt_pwldr,25883.325711778616,31377.18965751201,0.023999929428100586,0.9699997901916504
6,1,1,local_search,obj_pwldr,31852.242037994198,31852.351027389177,0.023999929428100586,0.0410001277923584
6,1,1,local_search,dr_pwldr,32156.57263654606,32184.998053634703,0.023999929428100586,0.0410001277923584
6,1,1,local_search,reopt_pwldr,25883.325711778616,31377.18965751201,0.023999929428100586,0.0410001277923584
6,1,2,black_box,obj_pwldr,32189.142936742945,31852.246495375628,0.02200007438659668,1.2400000095367432
6,1,2,black_box,dr_pwldr,32293.622724447458,32184.182518426434,0.02200007438659668,1.2400000095367432
6,1,2,black_box,reopt_pwldr,32048.38097624867,31363.236231109502,0.02200007438659668,1.2400000095367432
6,1,2,local_search,obj_pwldr,32189.142936742945,31852.246495375628,0.02200007438659668,0.054000139236450195
6,1,2,local_search,dr_pwldr,32293.622724447458,32184.182518426434,0.02200007438659668,0.054000139236450195
6,1,2,local_search,reopt_pwldr,32048.38097624867,31363.236231109502,0.02200007438659668,0.054000139236450195
6,1,3,black_box,obj_pwldr,31852.242037994187,31852.245121815384,0.024000167846679688,1.6100001335144043
6,1,3,black_box,dr_pwldr,32120.98457872512,32184.151561498216,0.024000167846679688,1.6100001335144043
6,1,3,black_box,reopt_pwldr,25644.1829644177,31362.641195626566,0.024000167846679688,1.6100001335144043
6,1,3,local_search,obj_pwldr,31852.242037994187,31852.245121815384,0.024000167846679688,0.09299993515014648
6,1,3,local_search,dr_pwldr,32120.98457872512,32184.151561498216,0.024000167846679688,0.09299993515014648
6,1,3,local_search,reopt_pwldr,25644.1829644177,31362.641195626566,0.024000167846679688,0.09299993515014648
6,1,4,black_box,obj_pwldr,31978.426820767232,31852.246250034445,0.03299999237060547,1.9000000953674316
6,1,4,black_box,dr_pwldr,32305.314315717045,32183.831358284242,0.03299999237060547,1.9000000953674316
6,1,4,black_box,reopt_pwldr,26286.567511327386,31356.260849405047,0.03299999237060547,1.9000000953674316
6,1,4,local_search,obj_pwldr,31978.426820767232,31852.24625003445,0.03299999237060547,0.12399983406066895
6,1,4,local_search,dr_pwldr,32305.314315717045,32183.831358284242,0.03299999237060547,0.12399983406066895
6,1,4,local_search,reopt_pwldr,26286.567511327386,31356.260849405044,0.03299999237060547,0.12399983406066895
6,1,5,black_box,obj_pwldr,31852.242037994198,31852.25707908638,0.032000064849853516,2.2739999294281006
6,1,5,black_box,dr_pwldr,32035.638027659665,32183.691279086815,0.032000064849853516,2.2739999294281006
6,1,5,black_box,reopt_pwldr,25644.1829644177,31353.201823072348,0.032000064849853516,2.2739999294281006
6,1,5,local_search,obj_pwldr,31852.242037994198,31852.25707908638,0.032000064849853516,0.1770000457763672
6,1,5,local_search,dr_pwldr,32035.638027659665,32183.691279086815,0.032000064849853516,0.1770000457763672
6,1,5,local_search,reopt_pwldr,25644.1829644177,31353.201823072348,0.032000064849853516,0.1770000457763672
6,1,6,black_box,obj_pwldr,31917.355201854527,31852.242095508962,0.034999847412109375,2.677999973297119
6,1,6,black_box,dr_pwldr,32051.927305848836,32184.019888299794,0.034999847412109375,2.677999973297119
6,1,6,black_box,reopt_pwldr,31475.411323795575,31360.100926735762,0.034999847412109375,2.677999973297119
6,1,6,local_search,obj_pwldr,31917.355201854527,31852.242095508962,0.034999847412109375,0.31100010871887207
6,1,6,local_search,dr_pwldr,32051.927305848836,32184.019888299794,0.034999847412109375,0.31100010871887207
6,1,6,local_search,reopt_pwldr,31475.411323795575,31360.100926735762,0.034999847412109375,0.31100010871887207
6,1,7,black_box,obj_pwldr,31852.2420379942,31852.242078788295,0.03899979591369629,3.059999942779541
6,1,7,black_box,dr_pwldr,32008.2108750489,32184.016716412483,0.03899979591369629,3.059999942779541
6,1,7,black_box,reopt_pwldr,31046.43254921175,31360.037519898306,0.03899979591369629,3.059999942779541
6,1,7,local_search,obj_pwldr,31852.2420379942,31852.2420787883,0.03899979591369629,0.28799986839294434
6,1,7,local_search,dr_pwldr,32008.2108750489,32184.016716412476,0.03899979591369629,0.28799986839294434
6,1,7,local_search,reopt_pwldr,31046.43254921175,31360.03751989831,0.03899979591369629,0.28799986839294434
6,1,8,black_box,obj_pwldr,31891.81758036091,31852.251965035164,0.04399991035461426,3.5309998989105225
6,1,8,black_box,dr_pwldr,32032.048034399268,32184.273119596888,0.04399991035461426,3.5309998989105225
6,1,8,black_box,reopt_pwldr,31380.081821685202,31364.977712401876,0.04399991035461426,3.5309998989105225
6,1,8,local_search,obj_pwldr,31891.81758036091,31852.251965035164,0.04399991035461426,0.37399983406066895
6,1,8,local_search,dr_pwldr,32032.048034399268,32184.273119596888,0.04399991035461426,0.37399983406066895
6,1,8,local_search,reopt_pwldr,31380.081821685202,31364.977712401876,0.04399991035461426,0.37399983406066895
6,1,9,black_box,obj_pwldr,31852.242037994198,31852.24314651498,0.04500007629394531,4.039999961853027
6,1,9,black_box,dr_pwldr,32071.226085480605,32184.090268416505,0.04500007629394531,4.039999961853027
6,1,9,black_box,reopt_pwldr,25883.325711778616,31361.46305681536,0.04500007629394531,4.039999961853027
6,1,9,local_search,obj_pwldr,31852.242037994198,31852.24314651498,0.04500007629394531,0.42599987983703613
6,1,9,local_search,dr_pwldr,32071.226085480605,32184.090268416505,0.04500007629394531,0.42599987983703613
6,1,9,local_search,reopt_pwldr,25883.325711778616,31361.46305681536,0.04500007629394531,0.42599987983703613
6,1,10,black_box,obj_pwldr,31878.798360518882,31852.242231493827,0.054000139236450195,4.605000019073486
6,1,10,black_box,dr_pwldr,32189.369926049374,32184.036970465728,0.054000139236450195,4.605000019073486
6,1,10,black_box,reopt_pwldr,26043.952130424415,31360.43610375558,0.054000139236450195,4.605000019073486
6,1,10,local_search,obj_pwldr,31878.798360518882,31852.242231493827,0.054000139236450195,0.5659999847412109
6,1,10,local_search,dr_pwldr,32189.369926049374,32184.036970465728,0.054000139236450195,0.5659999847412109
6,1,10,local_search,reopt_pwldr,26043.952130424415,31360.43610375558,0.054000139236450195,0.5659999847412109
6,2,1,black_box,obj_pwldr,32476.01553883945,32476.01914422196,0.014000177383422852,0.8969998359680176
6,2,1,black_box,dr_pwldr,32728.544242219832,32728.46507245394,0.014000177383422852,0.8969998359680176
6,2,1,black_box,reopt_pwldr,25883.325711778616,25880.343335943766,0.014000177383422852,0.8969998359680176
6,2,1,local_search,obj_pwldr,32476.01553883945,32476.01914422196,0.014000177383422852,0.046000003814697266
6,2,1,local_search,dr_pwldr,32728.544242219832,32728.46507245394,0.014000177383422852,0.046000003814697266
6,2,1,local_search,reopt_pwldr,25883.325711778616,25880.343335943766,0.014000177383422852,0.046000003814697266
6,2,2,black_box,obj_pwldr,32643.348630584383,32476.015656572607,0.021000146865844727,1.2009999752044678
6,2,2,black_box,dr_pwldr,32767.197379396977,32867.8997714537,0.021000146865844727,1.2009999752044678
6,2,2,black_box,reopt_pwldr,26536.33176958242,31358.857395948802,0.021000146865844727,1.2009999752044678
6,2,2,local_search,obj_pwldr,32643.348630584383,32476.015656572607,0.021000146865844727,0.04799985885620117
6,2,2,local_search,dr_pwldr,32767.197379396977,32867.8997714537,0.021000146865844727,0.04799985885620117
6,2,2,local_search,reopt_pwldr,26536.33176958242,31358.857395948802,0.021000146865844727,0.04799985885620117
6,2,3,black_box,obj_pwldr,32476.01553883944,32476.02260812137,0.024000167846679688,1.3880000114440918
6,2,3,black_box,dr_pwldr,32719.552326576348,32868.0250256669,0.024000167846679688,1.3880000114440918
6,2,3,black_box,reopt_pwldr,25644.1829644177,31366.22170101031,0.024000167846679688,1.3880000114440918
6,2,3,local_search,obj_pwldr,32476.01553883944,32476.02260812137,0.024000167846679688,0.0820000171661377
6,2,3,local_search,dr_pwldr,32719.552326576348,32868.0250256669,0.024000167846679688,0.0820000171661377
6,2,3,local_search,reopt_pwldr,25644.1829644177,31366.22170101031,0.024000167846679688,0.0820000171661377
6,2,4,black_box,obj_pwldr,32536.25545186762,32476.020344771423,0.028999805450439453,1.6660001277923584
6,2,4,black_box,dr_pwldr,32626.461402015535,32868.00555833048,0.028999805450439453,1.6660001277923584
6,2,4,black_box,reopt_pwldr,31647.076248646674,31365.07712150933,0.028999805450439453,1.6660001277923584
6,2,4,local_search,obj_pwldr,32536.25545186762,32476.020344771423,0.028999805450439453,0.11999988555908203
6,2,4,local_search,dr_pwldr,32626.461402015535,32868.00555833047,0.028999805450439453,0.11999988555908203
6,2,4,local_search,reopt_pwldr,31647.076248646674,31365.07712150933,0.028999805450439453,0.11999988555908203
6,2,5,black_box,obj_pwldr,32476.01553883945,32476.016008709666,0.03299999237060547,2.007000207901001
6,2,5,black_box,dr_pwldr,32580.182480722746,32867.94268899656,0.03299999237060547,2.007000207901001
6,2,5,black_box,reopt_pwldr,31046.43254921175,31361.380727258438,0.03299999237060547,2.007000207901001
6,2,5,local_search,obj_pwldr,32476.01553883945,32476.016008709666,0.03299999237060547,0.20000004768371582
6,2,5,local_search,dr_pwldr,32580.182480722746,32867.94268899656,0.03299999237060547,0.20000004768371582
6,2,5,local_search,reopt_pwldr,31046.43254921175,31361.380727258438,0.03299999237060547,0.20000004768371582
6,2,6,black_box,obj_pwldr,32506.750188343613,32476.015621625593,0.03299999237060547,2.6650002002716064
6,2,6,black_box,dr_pwldr,32901.48420436098,32867.92609328791,0.03299999237060547,2.6650002002716064
6,2,6,black_box,reopt_pwldr,31789.84982931805,31360.404984744757,0.03299999237060547,2.6650002002716064
6,2,6,local_search,obj_pwldr,32506.750188343613,32476.015621625593,0.03299999237060547,0.21799993515014648
6,2,6,local_search,dr_pwldr,32901.48420436098,32867.92609328791,0.03299999237060547,0.21799993515014648
6,2,6,local_search,reopt_pwldr,31789.84982931805,31360.404984744757,0.03299999237060547,0.21799993515014648
6,2,7,black_box,obj_pwldr,32476.01553883944,32476.01839807012,0.03600001335144043,3.0989999771118164
6,2,7,black_box,dr_pwldr,32832.326030252625,32867.843535040745,0.03600001335144043,3.0989999771118164
6,2,7,black_box,reopt_pwldr,25855.051579848947,31355.551087940225,0.03600001335144043,3.0989999771118164
6,2,7,local_search,obj_pwldr,32476.01553883944,32476.017781604445,0.03600001335144043,0.30699992179870605
6,2,7,local_search,dr_pwldr,32832.326030252625,32867.85160203747,0.03600001335144043,0.30699992179870605
6,2,7,local_search,reopt_pwldr,25855.051579848947,31356.02536944387,0.03600001335144043,0.30699992179870605
6,2,8,black_box,obj_pwldr,32494.60810458888,32476.015673289257,0.04200005531311035,3.2920000553131104
6,2,8,black_box,dr_pwldr,32590.527699146158,32867.898788786406,0.04200005531311035,3.2920000553131104
6,2,8,black_box,reopt_pwldr,31380.081821685206,31358.799620151774,0.04200005531311035,3.2920000553131104
6,2,8,local_search,obj_pwldr,32494.60810458888,32476.015673289257,0.04200005531311035,0.3429999351501465
6,2,8,local_search,dr_pwldr,32590.527699146158,32867.898788786406,0.04200005531311035,0.3429999351501465
6,2,8,local_search,reopt_pwldr,31380.081821685206,31358.799620151774,0.04200005531311035,0.3429999351501465
6,2,9,black_box,obj_pwldr,32476.01553883944,32476.01554009445,0.042999982833862305,3.5199999809265137
6,2,9,black_box,dr_pwldr,32580.182480722746,32867.91556620563,0.042999982833862305,3.5199999809265137
6,2,9,black_box,reopt_pwldr,31046.43254921175,31359.786046314704,0.042999982833862305,3.5199999809265137
6,2,9,local_search,obj_pwldr,32476.01553883944,32476.01554009445,0.042999982833862305,0.3919999599456787
6,2,9,local_search,dr_pwldr,32580.182480722746,32867.91556620563,0.042999982833862305,0.3919999599456787
6,2,9,local_search,reopt_pwldr,31046.43254921175,31359.786046314704,0.042999982833862305,0.3919999599456787
6,2,10,black_box,obj_pwldr,32488.4618018618,32476.015679445256,0.04400014877319336,3.9670000076293945
6,2,10,black_box,dr_pwldr,32595.45871163431,32867.92973369131,0.04400014877319336,3.9670000076293945
6,2,10,black_box,reopt_pwldr,30773.467040878346,31360.61902178049,0.04400014877319336,3.9670000076293945
6,2,10,local_search,obj_pwldr,32488.4618018618,32476.015679445256,0.04400014877319336,0.4719998836517334
6,2,10,local_search,dr_pwldr,32595.45871163431,32867.92973369131,0.04400014877319336,0.4719998836517334
6,2,10,local_search,reopt_pwldr,30773.467040878346,31360.619021780498,0.04400014877319336,0.4719998836517334
6,3,1,black_box,obj_pwldr,32452.144351079463,32452.144488563834,0.023000001907348633,1.5269999504089355
6,3,1,black_box,dr_pwldr,32551.73512506197,32831.27533353753,0.023000001907348633,1.5269999504089355
6,3,1,black_box,reopt_pwldr,31083.91588468542,31346.944294922123,0.023000001907348633,1.5269999504089355
6,3,1,local_search,obj_pwldr,32452.144351079463,32452.144488563834,0.023000001907348633,0.0410001277923584
6,3,1,local_search,dr_pwldr,32551.73512506197,32831.27533353753,0.023000001907348633,0.0410001277923584
6,3,1,local_search,reopt_pwldr,31083.91588468542,31346.944294922123,0.023000001907348633,0.0410001277923584
6,3,2,black_box,obj_pwldr,32519.08387880471,32452.144356942634,0.039999961853027344,3.756999969482422
6,3,2,black_box,dr_pwldr,32610.34669337209,32831.31212444573,0.039999961853027344,3.756999969482422
6,3,2,black_box,reopt_pwldr,32053.63486275782,31349.535093884646,0.039999961853027344,3.756999969482422
6,3,2,local_search,obj_pwldr,32519.08387880471,32452.144356942634,0.039999961853027344,0.19899988174438477
6,3,2,local_search,dr_pwldr,32610.34669337209,32831.31212444573,0.039999961853027344,0.19899988174438477
6,3,2,local_search,reopt_pwldr,32053.63486275782,31349.535093884646,0.039999961853027344,0.19899988174438477
6,3,3,black_box,obj_pwldr,32452.144351079456,32452.14820305584,0.05800008773803711,6.984999895095825
6,3,3,black_box,dr_pwldr,32718.532123526486,32831.46722287772,0.05800008773803711,6.984999895095825
6,3,3,black_box,reopt_pwldr,25822.672150779417,31360.457088451403,0.05800008773803711,6.984999895095825
6,3,3,local_search,obj_pwldr,32452.144351079456,32452.14820305584,0.05800008773803711,0.3959999084472656
6,3,3,local_search,dr_pwldr,32718.532123526486,32831.46722287772,0.05800008773803711,0.3959999084472656
6,3,3,local_search,reopt_pwldr,25822.672150779417,31360.457088451403,0.05800008773803711,0.3959999084472656
6,3,4,black_box,obj_pwldr,32467.673956090242,32452.14443007426,0.07700014114379883,10.60699987411499
6,3,4,black_box,dr_pwldr,32850.33349106275,32831.28271279685,0.07700014114379883,10.60699987411499
6,3,4,black_box,reopt_pwldr,31949.437376204653,31347.463938993977,0.07700014114379883,10.60699987411499
6,3,4,local_search,obj_pwldr,32467.673956090242,32452.14443007426,0.07700014114379883,0.6410000324249268
6,3,4,local_search,dr_pwldr,32850.33349106275,32831.28271279685,0.07700014114379883,0.6410000324249268
6,3,4,local_search,reopt_pwldr,31949.437376204653,31347.463938993977,0.07700014114379883,0.6410000324249268
6,3,5,black_box,obj_pwldr,32452.14435107947,32452.14435573842,0.08899998664855957,18.062999963760376
6,3,5,black_box,dr_pwldr,32551.73512506197,32831.30021376394,0.08899998664855957,18.062999963760376
6,3,5,black_box,reopt_pwldr,31083.91588468542,31348.69634910799,0.08899998664855957,18.062999963760376
6,3,5,local_search,obj_pwldr,32452.14435107947,32452.14435573842,0.08899998664855957,1.5550000667572021
6,3,5,local_search,dr_pwldr,32551.73512506197,32831.30021376394,0.08899998664855957,1.5550000667572021
6,3,5,local_search,reopt_pwldr,31083.91588468542,31348.69634910799,0.08899998664855957,1.5550000667572021
6,3,6,black_box,obj_pwldr,32458.859369753023,32452.14436336868,0.12600016593933105,23.385000228881836
6,3,6,black_box,dr_pwldr,32553.781640923557,32831.296710322466,0.12600016593933105,23.385000228881836
6,3,6,black_box,reopt_pwldr,31498.071768824513,31348.449638359118,0.12600016593933105,23.385000228881836
6,3,6,local_search,obj_pwldr,32458.859369753023,32452.144363368672,0.12600016593933105,3.128000020980835
6,3,6,local_search,dr_pwldr,32553.781640923557,32831.296710322466,0.12600016593933105,3.128000020980835
6,3,6,local_search,reopt_pwldr,31498.071768824513,31348.449638359118,0.12600016593933105,3.128000020980835
6,3,7,black_box,obj_pwldr,32452.144351079456,32452.144429771644,0.1549999713897705,23.67899990081787
6,3,7,black_box,dr_pwldr,32691.10497091567,32831.32889729244,0.1549999713897705,23.67899990081787
6,3,7,black_box,reopt_pwldr,25663.336819372886,31350.716230099868,0.1549999713897705,23.67899990081787
6,3,7,local_search,obj_pwldr,32452.144351079456,32452.144429771644,0.1549999713897705,2.322000026702881
6,3,7,local_search,dr_pwldr,32691.10497091567,32831.32889729244,0.1549999713897705,2.322000026702881
6,3,7,local_search,reopt_pwldr,25663.336819372886,31350.716230099868,0.1549999713897705,2.322000026702881
6,3,8,black_box,obj_pwldr,32455.90866037691,32452.144358652156,0.18200016021728516,27.61400008201599
6,3,8,black_box,dr_pwldr,32558.388235975293,32831.31298384789,0.18200016021728516,27.61400008201599
6,3,8,black_box,reopt_pwldr,30762.23833289575,31349.59561259294,0.18200016021728516,27.61400008201599
6,3,8,local_search,obj_pwldr,32455.90866037691,32452.144358652156,0.18200016021728516,2.8489999771118164
6,3,8,local_search,dr_pwldr,32558.388235975293,32831.31298384789,0.18200016021728516,2.8489999771118164
6,3,8,local_search,reopt_pwldr,30762.23833289575,31349.59561259294,0.18200016021728516,2.8489999771118164
6,3,9,black_box,obj_pwldr,32452.144351079456,32452.144471775282,0.21700000762939453,30.808000087738037
6,3,9,black_box,dr_pwldr,32803.878674591826,32831.27725595363,0.21700000762939453,30.808000087738037
6,3,9,black_box,reopt_pwldr,25822.672150779417,31347.079670585885,0.21700000762939453,30.808000087738037
6,3,9,local_search,obj_pwldr,32452.144351079456,32452.144471775282,0.21700000762939453,3.890000104904175
6,3,9,local_search,dr_pwldr,32803.878674591826,32831.27725595363,0.21700000762939453,3.890000104904175
6,3,9,local_search,reopt_pwldr,25822.672150779417,31347.079670585885,0.21700000762939453,3.890000104904175
6,3,10,black_box,obj_pwldr,32454.56394387257,32452.144353103482,0.25,37.33200001716614
6,3,10,black_box,dr_pwldr,32556.59296219272,32831.309527129895,0.25,37.33200001716614
6,3,10,black_box,reopt_pwldr,30820.65145883823,31349.352192089525,0.25,37.33200001716614
6,3,10,local_search,obj_pwldr,32454.56394387257,32452.144353103482,0.25,3.993000030517578
6,3,10,local_search,dr_pwldr,32556.59296219272,32831.309527129895,0.25,3.993000030517578
6,3,10,local_search,reopt_pwldr,30820.65145883823,31349.352192089525,0.25,3.993000030517578
6,4,1,black_box,obj_pwldr,32355.120747992925,32355.12079128357,0.02200007438659668,1.311999797821045
6,4,1,black_box,dr_pwldr,32528.374777255092,32695.18878098102,0.02200007438659668,1.311999797821045
6,4,1,black_box,reopt_pwldr,25828.65491250453,31360.171277956906,0.02200007438659668,1.311999797821045
6,4,1,local_search,obj_pwldr,32355.120747992925,32355.12079128357,0.02200007438659668,0.04800009727478027
6,4,1,local_search,dr_pwldr,32528.374777255092,32695.18878098102,0.02200007438659668,0.04800009727478027
6,4,1,local_search,reopt_pwldr,25828.65491250453,31360.171277956902,0.02200007438659668,0.04800009727478027
6,4,2,black_box,obj_pwldr,32548.898249959126,32355.126460979795,0.02500009536743164,2.140000104904175
6,4,2,black_box,dr_pwldr,32746.99898274314,32695.37160077956,0.02500009536743164,2.140000104904175
6,4,2,black_box,reopt_pwldr,25283.102702991946,31365.122940986654,0.02500009536743164,2.140000104904175
6,4,2,local_search,obj_pwldr,32548.898249959126,32355.126460979795,0.02500009536743164,0.7149999141693115
6,4,2,local_search,dr_pwldr,32746.99898274314,32695.37160077956,0.02500009536743164,0.7149999141693115
6,4,2,local_search,reopt_pwldr,25283.102702991946,31365.122940986654,0.02500009536743164,0.7149999141693115
6,4,3,black_box,obj_pwldr,32355.120747992918,32355.120748041885,0.04200005531311035,2.493000030517578
6,4,3,black_box,dr_pwldr,32492.786719434258,32695.172347620333,0.04200005531311035,2.493000030517578
6,4,3,black_box,reopt_pwldr,31046.43254921175,31359.71501812708,0.04200005531311035,2.493000030517578
6,4,3,local_search,obj_pwldr,32355.120747992918,32355.120748041885,0.04200005531311035,0.11700010299682617
6,4,3,local_search,dr_pwldr,32492.786719434258,32695.172347620333,0.04200005531311035,0.11700010299682617
6,4,3,local_search,reopt_pwldr,31046.43254921175,31359.71501812708,0.04200005531311035,0.11700010299682617
6,4,4,black_box,obj_pwldr,32425.291624637146,32355.122608272555,0.03299999237060547,2.760999917984009
6,4,4,black_box,dr_pwldr,32540.18376322562,32695.060301258127,0.03299999237060547,2.760999917984009
6,4,4,black_box,reopt_pwldr,31647.076248646674,31356.60420347762,0.03299999237060547,2.760999917984009
6,4,4,local_search,obj_pwldr,32425.291624637146,32355.122608272555,0.03299999237060547,0.2890000343322754
6,4,4,local_search,dr_pwldr,32540.18376322562,32695.060301258127,0.03299999237060547,0.2890000343322754
6,4,4,local_search,reopt_pwldr,31647.076248646674,31356.60420347762,0.03299999237060547,0.2890000343322754
6,4,5,black_box,obj_pwldr,32355.120747992907,32355.12145140924,0.04800009727478027,4.138999938964844
6,4,5,black_box,dr_pwldr,32520.213872044853,32695.103228084834,0.04800009727478027,4.138999938964844
6,4,5,black_box,reopt_pwldr,25644.1829644177,31357.795992858155,0.04800009727478027,4.138999938964844
6,4,5,local_search,obj_pwldr,32355.120747992907,32355.12145140924,0.04800009727478027,0.3680000305175781
6,4,5,local_search,dr_pwldr,32520.213872044853,32695.103228084834,0.04800009727478027,0.3680000305175781
6,4,5,local_search,reopt_pwldr,25644.1829644177,31357.795992858155,0.04800009727478027,0.3680000305175781
6,4,6,black_box,obj_pwldr,32390.98050896029,32355.120873837852,0.07999992370605469,4.920000076293945
6,4,6,black_box,dr_pwldr,32542.915619731284,32695.200769451243,0.07999992370605469,4.920000076293945
6,4,6,black_box,reopt_pwldr,30617.734324539262,31360.50412876647,0.07999992370605469,4.920000076293945
6,4,6,local_search,obj_pwldr,32390.98050896029,32355.120873837852,0.07999992370605469,0.4759998321533203
6,4,6,local_search,dr_pwldr,32542.915619731284,32695.200769451243,0.07999992370605469,0.4759998321533203
6,4,6,local_search,reopt_pwldr,30617.734324539262,31360.50412876647,0.07999992370605469,0.4759998321533203
6,4,7,black_box,obj_pwldr,32355.120747992925,32355.12076521357,0.06399989128112793,5.101000070571899
6,4,7,black_box,dr_pwldr,32492.786719434258,32695.161050380055,0.06399989128112793,5.101000070571899
6,4,7,black_box,reopt_pwldr,31046.43254921175,31359.4013587962,0.06399989128112793,5.101000070571899
6,4,7,local_search,obj_pwldr,32355.120747992925,32355.12076521357,0.06399989128112793,0.5659999847412109
6,4,7,local_search,dr_pwldr,32492.786719434258,32695.161050380055,0.06399989128112793,0.5659999847412109
6,4,7,local_search,reopt_pwldr,31046.43254921175,31359.4013587962,0.06399989128112793,0.5659999847412109
6,4,8,black_box,obj_pwldr,32376.82824179554,32355.120856310587,0.07500004768371582,6.753999948501587
6,4,8,black_box,dr_pwldr,32525.783008929906,32695.144876734543,0.07500004768371582,6.753999948501587
6,4,8,black_box,reopt_pwldr,30712.868298232795,31358.95230976009,0.07500004768371582,6.753999948501587
6,4,8,local_search,obj_pwldr,32376.82824179554,32355.120856310587,0.07500004768371582,0.5780000686645508
6,4,8,local_search,dr_pwldr,32525.783008929906,32695.144876734543,0.07500004768371582,0.5780000686645508
6,4,8,local_search,reopt_pwldr,30712.868298232795,31358.95230976009,0.07500004768371582,0.5780000686645508
6,4,9,black_box,obj_pwldr,32355.12074799292,32355.121966460214,0.0690000057220459,7.667999982833862
6,4,9,black_box,dr_pwldr,32492.786719434258,32695.26354636468,0.0690000057220459,7.667999982833862
6,4,9,black_box,reopt_pwldr,31046.43254921175,31362.203974287586,0.0690000057220459,7.667999982833862
6,4,9,local_search,obj_pwldr,32355.12074799292,32355.121966460214,0.0690000057220459,0.8210000991821289
6,4,9,local_search,dr_pwldr,32492.786719434258,32695.26354636468,0.0690000057220459,0.8210000991821289
6,4,9,local_search,reopt_pwldr,31046.43254921175,31362.203974287586,0.0690000057220459,0.8210000991821289
6,4,10,black_box,obj_pwldr,32369.657147857903,32355.12084998845,0.0820000171661377,8.128000020980835
6,4,10,black_box,dr_pwldr,32544.083953864294,32695.197877901046,0.0820000171661377,8.128000020980835
6,4,10,black_box,reopt_pwldr,25483.483756002304,31360.42384706249,0.0820000171661377,8.128000020980835
6,4,10,local_search,obj_pwldr,32369.657147857903,32355.12084998845,0.0820000171661377,1.0570001602172852
6,4,10,local_search,dr_pwldr,32544.083953864294,32695.197877901046,0.0820000171661377,1.0570001602172852
6,4,10,local_search,reopt_pwldr,25483.483756002304,31360.42384706249,0.0820000171661377,1.0570001602172852
7,1,1,black_box,obj_pwldr,38273.076799981194,38273.20469367677,0.0280001163482666,1.6180000305175781
7,1,1,black_box,dr_pwldr,38278.47736875437,38094.49817524937,0.0280001163482666,1.6180000305175781
7,1,1,black_box,reopt_pwldr,31376.594810658098,36312.039122090966,0.0280001163482666,1.6180000305175781
7,1,1,local_search,obj_pwldr,38273.076799981194,38273.20469367677,0.0280001163482666,0.059999942779541016
7,1,1,local_search,dr_pwldr,38278.47736875437,38094.49817524937,0.0280001163482666,0.059999942779541016
7,1,1,local_search,reopt_pwldr,31376.594810658098,36312.039122090966,0.0280001163482666,0.059999942779541016
7,1,2,black_box,obj_pwldr,38469.12097835669,38273.076819557966,0.04199981689453125,2.2350001335144043
7,1,2,black_box,dr_pwldr,38448.016448568866,38094.196604613266,0.04199981689453125,2.2350001335144043
7,1,2,black_box,reopt_pwldr,37421.5467850216,36282.397681421025,0.04199981689453125,2.2350001335144043
7,1,2,local_search,obj_pwldr,38469.12097835669,38273.076819557966,0.04199981689453125,0.12199997901916504
7,1,2,local_search,dr_pwldr,38448.016448568866,38094.196604613266,0.04199981689453125,0.12199997901916504
7,1,2,local_search,reopt_pwldr,37421.5467850216,36282.397681421025,0.04199981689453125,0.12199997901916504
7,1,3,black_box,obj_pwldr,38273.076799981194,38273.0768054614,0.04499983787536621,2.7669999599456787
7,1,3,black_box,dr_pwldr,38215.001354377506,38094.193194392625,0.04499983787536621,2.7669999599456787
7,1,3,black_box,reopt_pwldr,29798.04518405239,36281.8298957605,0.04499983787536621,2.7669999599456787
7,1,3,local_search,obj_pwldr,38273.076799981194,38273.0768054614,0.04499983787536621,0.1680002212524414
7,1,3,local_search,dr_pwldr,38215.001354377506,38094.193194392625,0.04499983787536621,0.1680002212524414
7,1,3,local_search,reopt_pwldr,29798.04518405239,36281.8298957605,0.04499983787536621,0.1680002212524414
7,1,4,black_box,obj_pwldr,38343.65270419637,38273.077861790814,0.06299996376037598,3.6569998264312744
7,1,4,black_box,dr_pwldr,38330.42342342787,38094.2107992841,0.06299996376037598,3.6569998264312744
7,1,4,black_box,reopt_pwldr,36951.0407569204,36284.76102722283,0.06299996376037598,3.6569998264312744
7,1,4,local_search,obj_pwldr,38343.65270419637,38273.077861790814,0.06299996376037598,0.1700000762939453
7,1,4,local_search,dr_pwldr,38330.42342342787,38094.2107992841,0.06299996376037598,0.1700000762939453
7,1,4,local_search,reopt_pwldr,36951.0407569204,36284.76102722283,0.06299996376037598,0.1700000762939453
7,1,5,black_box,obj_pwldr,38273.07679998119,38273.07750147837,0.04699993133544922,4.271000146865845
7,1,5,black_box,dr_pwldr,38278.47736875438,38094.18102403815,0.04699993133544922,4.271000146865845
7,1,5,black_box,reopt_pwldr,31376.594810658098,36279.80358908084,0.04699993133544922,4.271000146865845
7,1,5,local_search,obj_pwldr,38273.07679998119,38273.07750147837,0.04699993133544922,0.37599992752075195
7,1,5,local_search,dr_pwldr,38278.47736875438,38094.18102403815,0.04699993133544922,0.37599992752075195
7,1,5,local_search,reopt_pwldr,31376.594810658098,36279.80358908082,0.04699993133544922,0.37599992752075195
7,1,6,black_box,obj_pwldr,38309.08491437669,38273.07717573845,0.08299994468688965,5.181999921798706
7,1,6,black_box,dr_pwldr,38316.00052699716,38094.20414524987,0.08299994468688965,5.181999921798706
7,1,6,black_box,reopt_pwldr,30956.675817341253,36283.653161880575,0.08299994468688965,5.181999921798706
7,1,6,local_search,obj_pwldr,38309.08491437669,38273.07717573845,0.08299994468688965,0.4220001697540283
7,1,6,local_search,dr_pwldr,38316.00052699716,38094.20414524987,0.08299994468688965,0.4220001697540283
7,1,6,local_search,reopt_pwldr,30956.675817341253,36283.653161880575,0.08299994468688965,0.4220001697540283
7,1,7,black_box,obj_pwldr,38273.076799981194,38273.07846851565,0.06799983978271484,5.489000082015991
7,1,7,black_box,dr_pwldr,38263.44016769161,38094.214963941486,0.06799983978271484,5.489000082015991
7,1,7,black_box,reopt_pwldr,36245.28171476872,36285.45442304804,0.06799983978271484,5.489000082015991
7,1,7,local_search,obj_pwldr,38273.076799981194,38273.07846851565,0.06799983978271484,0.49499988555908203
7,1,7,local_search,dr_pwldr,38263.44016769161,38094.214963941486,0.06799983978271484,0.49499988555908203
7,1,7,local_search,reopt_pwldr,36245.28171476872,36285.454423048046,0.06799983978271484,0.49499988555908203
7,1,8,black_box,obj_pwldr,38294.859486467365,38273.076808603015,0.06699991226196289,6.502000093460083
7,1,8,black_box,dr_pwldr,38097.79758820292,38094.19585443973,0.06699991226196289,6.502000093460083
7,1,8,black_box,reopt_pwldr,29949.843662472515,36282.272781053936,0.06699991226196289,6.502000093460083
7,1,8,local_search,obj_pwldr,38294.859486467365,38273.076808603015,0.06699991226196289,0.5509998798370361
7,1,8,local_search,dr_pwldr,38097.79758820292,38094.19585443973,0.06699991226196289,0.5509998798370361
7,1,8,local_search,reopt_pwldr,29949.843662472515,36282.272781053936,0.06699991226196289,0.5509998798370361
7,1,9,black_box,obj_pwldr,38273.076799981194,38273.079026471816,0.06700015068054199,6.961999893188477
7,1,9,black_box,dr_pwldr,38283.21738032252,38094.21815865619,0.06700015068054199,6.961999893188477
7,1,9,black_box,reopt_pwldr,30022.087640819125,36285.986327980696,0.06700015068054199,6.961999893188477
7,1,9,local_search,obj_pwldr,38273.076799981194,38273.079026471816,0.06700015068054199,0.9939999580383301
7,1,9,local_search,dr_pwldr,38283.21738032252,38094.21815865619,0.06700015068054199,0.9939999580383301
7,1,9,local_search,reopt_pwldr,30022.087640819125,36285.986327980696,0.06700015068054199,0.9939999580383301
7,1,10,black_box,obj_pwldr,38287.658598372764,38273.07687938266,0.13000011444091797,8.3510000705719
7,1,10,black_box,dr_pwldr,38275.97809639554,38094.18988285775,0.13000011444091797,8.3510000705719
7,1,10,black_box,reopt_pwldr,36566.08127938313,36281.27854079531,0.13000011444091797,8.3510000705719
7,1,10,local_search,obj_pwldr,38287.658598372764,38273.07687938266,0.13000011444091797,0.875
7,1,10,local_search,dr_pwldr,38275.97809639554,38094.18988285775,0.13000011444091797,0.875
7,1,10,local_search,reopt_pwldr,36566.08127938313,36281.27854079531,0.13000011444091797,0.875
7,2,1,black_box,obj_pwldr,38131.4388269166,38131.439040168974,0.0279998779296875,1.8829998970031738
7,2,1,black_box,dr_pwldr,38073.759296100645,37974.785944709685,0.0279998779296875,1.8829998970031738
7,2,1,black_box,reopt_pwldr,34484.23143835203,36280.89273200802,0.0279998779296875,1.8829998970031738
7,2,1,local_search,obj_pwldr,38131.4388269166,38131.439040168974,0.0279998779296875,0.0839998722076416
7,2,1,local_search,dr_pwldr,38073.759296100645,37974.785944709685,0.0279998779296875,0.0839998722076416
7,2,1,local_search,reopt_pwldr,34484.23143835203,36280.89273200802,0.0279998779296875,0.0839998722076416
7,2,2,black_box,obj_pwldr,38358.46475923205,38127.89026065442,0.07199978828430176,2.383000135421753
7,2,2,black_box,dr_pwldr,38311.11297953655,37971.13202873311,0.07199978828430176,2.383000135421753
7,2,2,black_box,reopt_pwldr,37421.5467850216,36249.4593496541,0.07199978828430176,2.383000135421753
7,2,2,local_search,obj_pwldr,38358.46475923205,38127.89026065442,0.07199978828430176,0.10299992561340332
7,2,2,local_search,dr_pwldr,38311.11297953655,37971.13202873311,0.07199978828430176,0.10299992561340332
7,2,2,local_search,reopt_pwldr,37421.5467850216,36249.4593496541,0.07199978828430176,0.10299992561340332
7,2,3,black_box,obj_pwldr,38131.4388269166,38130.77652558177,0.034999847412109375,2.8410000801086426
7,2,3,black_box,dr_pwldr,38069.01928453249,37975.677923193114,0.034999847412109375,2.8410000801086426
7,2,3,black_box,reopt_pwldr,36245.28171476872,36198.38601005107,0.034999847412109375,2.8410000801086426
7,2,3,local_search,obj_pwldr,38131.4388269166,38128.12221512906,0.034999847412109375,0.4519999027252197
7,2,3,local_search,dr_pwldr,38069.01928453249,37972.46447926874,0.034999847412109375,0.4519999027252197
7,2,3,local_search,reopt_pwldr,36245.28171476872,36221.372552630215,0.034999847412109375,0.4519999027252197
7,2,4,black_box,obj_pwldr,38213.649653921326,38128.124364254545,0.04400014877319336,3.3430001735687256
7,2,4,black_box,dr_pwldr,38023.445666246975,37971.581456508466,0.04400014877319336,3.3430001735687256
7,2,4,black_box,reopt_pwldr,30364.50635029008,36252.077975732136,0.04400014877319336,3.3430001735687256
7,2,4,local_search,obj_pwldr,38213.649653921326,38128.12436425454,0.04400014877319336,0.47699999809265137
7,2,4,local_search,dr_pwldr,38023.445666246975,37971.58145650846,0.04400014877319336,0.47699999809265137
7,2,4,local_search,reopt_pwldr,30364.50635029008,36252.077975732136,0.04400014877319336,0.47699999809265137
7,2,5,black_box,obj_pwldr,38131.4388269166,38128.007639775584,0.0710000991821289,3.950000047683716
7,2,5,black_box,dr_pwldr,38069.01928453249,37971.44886681725,0.0710000991821289,3.950000047683716
7,2,5,black_box,reopt_pwldr,36245.28171476872,36241.51539100819,0.0710000991821289,3.950000047683716
7,2,5,local_search,obj_pwldr,38131.4388269166,38128.007639775584,0.0710000991821289,0.39300012588500977
7,2,5,local_search,dr_pwldr,38069.01928453249,37971.44886681725,0.0710000991821289,0.39300012588500977
7,2,5,local_search,reopt_pwldr,36245.28171476872,36241.51539100819,0.0710000991821289,0.39300012588500977
7,2,6,black_box,obj_pwldr,38173.45142168959,38127.88049488371,0.08299994468688965,5.371999979019165
7,2,6,black_box,dr_pwldr,37964.39480775811,37971.02483085043,0.08299994468688965,5.371999979019165
7,2,6,black_box,reopt_pwldr,29486.913468699877,36253.697446900806,0.08299994468688965,5.371999979019165
7,2,6,local_search,obj_pwldr,38173.45142168959,38127.880494883706,0.08299994468688965,0.9460000991821289
7,2,6,local_search,dr_pwldr,37964.39480775811,37971.02483085043,0.08299994468688965,0.9460000991821289
7,2,6,local_search,reopt_pwldr,29486.913468699877,36253.697446900806,0.08299994468688965,0.9460000991821289
7,2,7,black_box,obj_pwldr,38131.43882691661,38127.98263750214,0.07200002670288086,4.197000026702881
7,2,7,black_box,dr_pwldr,38069.01928453249,37970.258415550335,0.07200002670288086,4.197000026702881
7,2,7,black_box,reopt_pwldr,36245.28171476872,36283.47813751335,0.07200002670288086,4.197000026702881
7,2,7,local_search,obj_pwldr,38131.43882691661,38127.93452902952,0.07200002670288086,0.5180001258850098
7,2,7,local_search,dr_pwldr,38069.01928453249,37971.5165331806,0.07200002670288086,0.5180001258850098
7,2,7,local_search,reopt_pwldr,36245.28171476872,36239.9336841219,0.07200002670288086,0.5180001258850098
7,2,8,black_box,obj_pwldr,38156.36511926567,38128.00615435276,0.06599998474121094,4.805999994277954
7,2,8,black_box,dr_pwldr,38101.22273174506,37971.42782125783,0.06599998474121094,4.805999994277954
7,2,8,black_box,reopt_pwldr,31656.809092543244,36242.0481145441,0.06599998474121094,4.805999994277954
7,2,8,local_search,obj_pwldr,38156.36511926567,38127.903525018235,0.06599998474121094,0.6589999198913574
7,2,8,local_search,dr_pwldr,38101.22273174506,37971.2861383307,0.06599998474121094,0.6589999198913574
7,2,8,local_search,reopt_pwldr,31656.809092543244,36246.683100218586,0.06599998474121094,0.6589999198913574
7,2,9,black_box,obj_pwldr,38129.76315249572,38127.89838208684,0.056999921798706055,5.019999980926514
7,2,9,black_box,dr_pwldr,38106.91315369581,37970.65626242191,0.056999921798706055,5.019999980926514
7,2,9,black_box,reopt_pwldr,28776.980102265054,36263.96290995426,0.056999921798706055,5.019999980926514
7,2,9,local_search,obj_pwldr,38129.76315249572,38127.89838208684,0.056999921798706055,0.5490000247955322
7,2,9,local_search,dr_pwldr,38106.91315369581,37970.65626242191,0.056999921798706055,0.5490000247955322
7,2,9,local_search,reopt_pwldr,28776.980102265054,36263.96290995426,0.056999921798706055,0.5490000247955322
7,2,10,black_box,obj_pwldr,38146.04871688719,38127.910871183514,0.06000018119812012,6.540999889373779
7,2,10,black_box,dr_pwldr,37937.720401692764,37970.45159043953,0.06000018119812012,6.540999889373779
7,2,10,black_box,reopt_pwldr,29595.293484907907,36274.50868763585,0.06000018119812012,6.540999889373779
7,2,10,local_search,obj_pwldr,38146.04871688719,38127.910871183514,0.06000018119812012,0.9709999561309814
7,2,10,local_search,dr_pwldr,37937.720401692764,37970.45159043953,0.06000018119812012,0.9709999561309814
7,2,10,local_search,reopt_pwldr,29595.293484907907,36274.50868763585,0.06000018119812012,0.9709999561309814
7,3,1,black_box,obj_pwldr,37413.49888494343,37413.49960269836,0.02499985694885254,1.5460000038146973
7,3,1,black_box,dr_pwldr,37332.55422973124,37191.97373691722,0.02499985694885254,1.5460000038146973
7,3,1,black_box,reopt_pwldr,29743.084386026923,36159.83638888324,0.02499985694885254,1.5460000038146973
7,3,1,local_search,obj_pwldr,37413.49888494343,37413.49960269836,0.02499985694885254,0.06599998474121094
7,3,1,local_search,dr_pwldr,37332.55422973124,37191.97373691722,0.02499985694885254,0.06599998474121094
7,3,1,local_search,reopt_pwldr,29743.084386026923,36159.83638888324,0.02499985694885254,0.06599998474121094
7,3,2,black_box,obj_pwldr,37816.27591751229,37407.38153215492,0.03099989891052246,1.803999900817871
7,3,2,black_box,dr_pwldr,37773.58286039915,37185.9317797975,0.03099989891052246,1.803999900817871
7,3,2,black_box,reopt_pwldr,35706.98075936696,36147.779264474404,0.03099989891052246,1.803999900817871
7,3,2,local_search,obj_pwldr,37816.27591751229,37407.38153215492,0.03099989891052246,0.07699990272521973
7,3,2,local_search,dr_pwldr,37773.58286039915,37185.9317797975,0.03099989891052246,0.07699990272521973
7,3,2,local_search,reopt_pwldr,35706.98075936696,36147.779264474404,0.03099989891052246,0.07699990272521973
7,3,3,black_box,obj_pwldr,37409.937170085555,37407.2440262131,0.03399991989135742,2.561000108718872
7,3,3,black_box,dr_pwldr,37351.045236254184,37185.63764988394,0.03399991989135742,2.561000108718872
7,3,3,black_box,reopt_pwldr,36316.49382466254,36123.99270742303,0.03399991989135742,2.561000108718872
7,3,3,local_search,obj_pwldr,37409.937170085555,37407.2440262131,0.03399991989135742,0.1549999713897705
7,3,3,local_search,dr_pwldr,37351.045236254184,37185.63764988394,0.03399991989135742,0.1549999713897705
7,3,3,local_search,reopt_pwldr,36316.49382466254,36123.99270742303,0.03399991989135742,0.1549999713897705
7,3,4,black_box,obj_pwldr,37556.83609626668,37408.00024895867,0.04800009727478027,2.7950000762939453
7,3,4,black_box,dr_pwldr,37371.13231910311,37186.43380801756,0.04800009727478027,2.7950000762939453
7,3,4,black_box,reopt_pwldr,29425.625109594257,36125.087924783766,0.04800009727478027,2.7950000762939453
7,3,4,local_search,obj_pwldr,37556.83609626668,37408.00024895867,0.04800009727478027,0.17400002479553223
7,3,4,local_search,dr_pwldr,37371.13231910311,37186.43380801756,0.04800009727478027,0.17400002479553223
7,3,4,local_search,reopt_pwldr,29425.625109594257,36125.087924783766,0.04800009727478027,0.17400002479553223
7,3,5,black_box,obj_pwldr,37407.81585316132,37405.59293602879,0.04699993133544922,3.5929999351501465
7,3,5,black_box,dr_pwldr,37348.873018537735,37184.03898181703,0.04699993133544922,3.5929999351501465
7,3,5,black_box,reopt_pwldr,36306.17626491466,36140.99346901215,0.04699993133544922,3.5929999351501465
7,3,5,local_search,obj_pwldr,37407.81585316132,37405.59293602879,0.04699993133544922,0.2330000400543213
7,3,5,local_search,dr_pwldr,37348.873018537735,37184.03898181703,0.04699993133544922,0.2330000400543213
7,3,5,local_search,reopt_pwldr,36306.17626491466,36140.99346901215,0.04699993133544922,0.2330000400543213
7,3,6,black_box,obj_pwldr,37483.02288750946,37406.3814925575,0.05200004577636719,4.644000053405762
7,3,6,black_box,dr_pwldr,37245.92158022678,37184.89436200169,0.05200004577636719,4.644000053405762
7,3,6,black_box,reopt_pwldr,30071.970494796496,36153.01827589388,0.05200004577636719,4.644000053405762
7,3,6,local_search,obj_pwldr,37483.02288750946,37406.3814925575,0.05200004577636719,0.36699986457824707
7,3,6,local_search,dr_pwldr,37245.92158022678,37184.89436200169,0.05200004577636719,0.36699986457824707
7,3,6,local_search,reopt_pwldr,30071.970494796496,36153.01827589388,0.05200004577636719,0.36699986457824707
7,3,7,black_box,obj_pwldr,37405.765789703066,37405.62045793309,0.051999807357788086,4.551999807357788
7,3,7,black_box,dr_pwldr,37346.83007769088,37183.98923711004,0.051999807357788086,4.551999807357788
7,3,7,black_box,reopt_pwldr,36306.17626491466,36135.34069224549,0.051999807357788086,4.551999807357788
7,3,7,local_search,obj_pwldr,37405.765789703066,37405.464442941106,0.051999807357788086,0.9079999923706055
7,3,7,local_search,dr_pwldr,37346.83007769088,37183.84931447918,0.051999807357788086,0.9079999923706055
7,3,7,local_search,reopt_pwldr,36306.17626491466,36136.32893526095,0.051999807357788086,0.9079999923706055
7,3,8,black_box,obj_pwldr,37452.699543168215,37405.49781881096,0.05800008773803711,4.848999977111816
7,3,8,black_box,dr_pwldr,37344.235954341835,37183.980912330364,0.05800008773803711,4.848999977111816
7,3,8,black_box,reopt_pwldr,30116.681083708307,36149.488680126844,0.05800008773803711,4.848999977111816
7,3,8,local_search,obj_pwldr,37452.699543168215,37405.49781881095,0.05800008773803711,0.9330000877380371
7,3,8,local_search,dr_pwldr,37344.235954341835,37183.98091233036,0.05800008773803711,0.9330000877380371
7,3,8,local_search,reopt_pwldr,30116.681083708307,36149.488680126844,0.05800008773803711,0.9330000877380371
7,3,9,black_box,obj_pwldr,37405.87438944,37405.60814845918,0.056999921798706055,5.41100001335144
7,3,9,black_box,dr_pwldr,37206.35476219304,37184.04648000739,0.056999921798706055,5.41100001335144
7,3,9,black_box,reopt_pwldr,29858.182766702896,36143.21549817432,0.056999921798706055,5.41100001335144
7,3,9,local_search,obj_pwldr,37405.87438944,37405.60814845918,0.056999921798706055,0.5809998512268066
7,3,9,local_search,dr_pwldr,37206.35476219304,37184.04648000739,0.056999921798706055,0.5809998512268066
7,3,9,local_search,reopt_pwldr,29858.182766702896,36143.21549817433,0.056999921798706055,0.5809998512268066
7,3,10,black_box,obj_pwldr,37437.347401641644,37405.60599624092,0.07699990272521973,5.710999965667725
7,3,10,black_box,dr_pwldr,37337.15777540607,37184.083329057845,0.07699990272521973,5.710999965667725
7,3,10,black_box,reopt_pwldr,29646.88572572428,36148.457986973895,0.07699990272521973,5.710999965667725
7,3,10,local_search,obj_pwldr,37437.347401641644,37405.60599624092,0.07699990272521973,0.6110000610351562
7,3,10,local_search,dr_pwldr,37337.15777540607,37184.083329057845,0.07699990272521973,0.6110000610351562
7,3,10,local_search,reopt_pwldr,29646.88572572428,36148.457986973895,0.07699990272521973,0.6110000610351562
7,4,1,black_box,obj_pwldr,38229.63391657792,38227.626037032765,0.020999908447265625,1.9489998817443848
7,4,1,black_box,dr_pwldr,38119.95255388916,38109.518526102154,0.020999908447265625,1.9489998817443848
7,4,1,black_box,reopt_pwldr,34372.34261266815,36407.1332525487,0.020999908447265625,1.9489998817443848
7,4,1,local_search,obj_pwldr,38229.63391657792,38227.626037032765,0.020999908447265625,0.046000003814697266
7,4,1,local_search,dr_pwldr,38119.95255388916,38109.518526102154,0.020999908447265625,0.046000003814697266
7,4,1,local_search,reopt_pwldr,34372.34261266815,36407.1332525487,0.020999908447265625,0.046000003814697266
7,4,2,black_box,obj_pwldr,38290.24611217531,38211.0979368325,0.039999961853027344,4.24399995803833
7,4,2,black_box,dr_pwldr,38243.117656425035,38113.20086689198,0.039999961853027344,4.24399995803833
7,4,2,black_box,reopt_pwldr,37410.830039529545,36000.37322521511,0.039999961853027344,4.24399995803833
7,4,2,local_search,obj_pwldr,38290.24611217531,38210.02666586748,0.039999961853027344,0.41299986839294434
7,4,2,local_search,dr_pwldr,38243.117656425035,38101.090611413456,0.039999961853027344,0.41299986839294434
7,4,2,local_search,reopt_pwldr,37410.830039529545,36228.914340109455,0.039999961853027344,0.41299986839294434
7,4,3,black_box,obj_pwldr,38210.608197569454,38210.0266975572,0.05200004577636719,7.559000015258789
7,4,3,black_box,dr_pwldr,38104.40367346343,38102.061824549666,0.05200004577636719,7.559000015258789
7,4,3,black_box,reopt_pwldr,36230.47715256505,36209.21334232435,0.05200004577636719,7.559000015258789
7,4,3,local_search,obj_pwldr,38210.608197569454,38210.0266975572,0.05200004577636719,0.49199986457824707
7,4,3,local_search,dr_pwldr,38104.40367346343,38102.061824549666,0.05200004577636719,0.49199986457824707
7,4,3,local_search,reopt_pwldr,36230.47715256505,36209.21334232435,0.05200004577636719,0.49199986457824707
7,4,4,black_box,obj_pwldr,38231.186214868605,38208.70801334138,0.07800006866455078,12.483999967575073
7,4,4,black_box,dr_pwldr,38114.07823053418,38095.57925842436,0.07800006866455078,12.483999967575073
7,4,4,black_box,reopt_pwldr,29439.83616995527,36311.84249807838,0.07800006866455078,12.483999967575073
7,4,4,local_search,obj_pwldr,38231.186214868605,38207.91280106647,0.07800006866455078,4.266999959945679
7,4,4,local_search,dr_pwldr,38114.07823053418,38100.8413955105,0.07800006866455078,4.266999959945679
7,4,4,local_search,reopt_pwldr,29439.83616995527,36187.69735222029,0.07800006866455078,4.266999959945679
7,4,5,black_box,obj_pwldr,38209.149477284314,38207.74912576389,0.09999990463256836,17.377000093460083
7,4,5,black_box,dr_pwldr,38070.50403191358,38098.564208549076,0.09999990463256836,17.377000093460083
7,4,5,black_box,reopt_pwldr,28914.593937362893,36201.31816930466,0.09999990463256836,17.377000093460083
7,4,5,local_search,obj_pwldr,38209.149477284314,38207.26813974597,0.09999990463256836,4.869000196456909
7,4,5,local_search,dr_pwldr,38070.50403191358,38097.898397176774,0.09999990463256836,4.869000196456909
7,4,5,local_search,reopt_pwldr,28914.593937362893,36211.17218557572,0.09999990463256836,4.869000196456909
7,4,6,black_box,obj_pwldr,38215.93637167959,38207.587584141846,0.1119999885559082,21.223000049591064
7,4,6,black_box,dr_pwldr,38038.51626597149,38096.11522566366,0.1119999885559082,21.223000049591064
7,4,6,black_box,reopt_pwldr,29473.69114869772,36251.010792634355,0.1119999885559082,21.223000049591064
7,4,6,local_search,obj_pwldr,38215.93637167959,38207.217683876945,0.1119999885559082,6.98199987411499
7,4,6,local_search,dr_pwldr,38038.51626597149,38097.82947858732,0.1119999885559082,6.98199987411499
7,4,6,local_search,reopt_pwldr,29473.69114869772,36207.04775837879,0.1119999885559082,6.98199987411499
7,4,7,black_box,obj_pwldr,38209.3044699148,38207.324471698164,0.20200014114379883,24.88100004196167
7,4,7,black_box,dr_pwldr,38129.562830148956,38102.41741017555,0.20200014114379883,24.88100004196167
7,4,7,black_box,reopt_pwldr,29783.240621848992,36122.72575951227,0.20200014114379883,24.88100004196167
7,4,7,local_search,obj_pwldr,38209.3044699148,38206.81874662162,0.20200014114379883,8.367000102996826
7,4,7,local_search,dr_pwldr,38129.562830148956,38097.77239713918,0.20200014114379883,8.367000102996826
7,4,7,local_search,reopt_pwldr,29783.240621848992,36211.20699086143,0.20200014114379883,8.367000102996826
7,4,8,black_box,obj_pwldr,38212.85802615944,38207.20343804556,0.19700002670288086,29.02500009536743
7,4,8,black_box,dr_pwldr,38115.78137741341,38096.2902061077,0.19700002670288086,29.02500009536743
7,4,8,black_box,reopt_pwldr,29544.569872878215,36243.99605420905,0.19700002670288086,29.02500009536743
7,4,8,local_search,obj_pwldr,38212.85802615944,38206.76134118396,0.19700002670288086,11.78499984741211
7,4,8,local_search,dr_pwldr,38115.78137741341,38097.75838164862,0.19700002670288086,11.78499984741211
7,4,8,local_search,reopt_pwldr,29544.569872878215,36212.45603876896,0.19700002670288086,11.78499984741211
7,4,9,black_box,obj_pwldr,38208.09418097549,38206.86633907522,0.24499988555908203,31.44599986076355
7,4,9,black_box,dr_pwldr,38066.32226867643,38099.45003634637,0.24499988555908203,31.44599986076355
7,4,9,black_box,reopt_pwldr,28721.99369536518,36182.61538512,0.24499988555908203,31.44599986076355
7,4,9,local_search,obj_pwldr,38208.09418097549,38206.77663490912,0.24499988555908203,5.7209999561309814
7,4,9,local_search,dr_pwldr,38066.32226867643,38099.34386363891,0.24499988555908203,5.7209999561309814
7,4,9,local_search,reopt_pwldr,28721.99369536518,36179.24726362222,0.24499988555908203,5.7209999561309814
7,4,10,black_box,obj_pwldr,38210.60088729108,38206.884556457866,0.2070000171661377,34.63199996948242
7,4,10,black_box,dr_pwldr,38047.16029723436,38098.261833547374,0.2070000171661377,34.63199996948242
7,4,10,black_box,reopt_pwldr,28582.963989188174,36208.00905833838,0.2070000171661377,34.63199996948242
7,4,10,local_search,obj_pwldr,38210.60088729108,38206.7587898707,0.2070000171661377,13.289999961853027
7,4,10,local_search,dr_pwldr,38047.16029723436,38097.818678664036,0.2070000171661377,13.289999961853027
7,4,10,local_search,reopt_pwldr,28582.963989188174,36209.20101183399,0.2070000171661377,13.289999961853027
8,1,1,black_box,obj_pwldr,36989.01191681759,36989.08468110456,0.023000001907348633,1.2200000286102295
8,1,1,black_box,dr_pwldr,36892.99761905755,36901.735893873214,0.023000001907348633,1.2200000286102295
8,1,1,black_box,reopt_pwldr,28987.870203594477,35201.86091865712,0.023000001907348633,1.2200000286102295
8,1,1,local_search,obj_pwldr,36989.01191681759,36989.08468110456,0.023000001907348633,0.04699993133544922
8,1,1,local_search,dr_pwldr,36892.99761905755,36901.735893873214,0.023000001907348633,0.04699993133544922
8,1,1,local_search,reopt_pwldr,28987.870203594477,35201.86091865712,0.023000001907348633,0.04699993133544922
8,1,2,black_box,obj_pwldr,37180.044890679506,36989.01193449301,0.026000022888183594,1.2799999713897705
8,1,2,black_box,dr_pwldr,37140.39571534912,36901.59806309578,0.026000022888183594,1.2799999713897705
8,1,2,black_box,reopt_pwldr,36394.80398549855,35179.876485118824,0.026000022888183594,1.2799999713897705
8,1,2,local_search,obj_pwldr,37180.044890679506,36989.01193449301,0.026000022888183594,0.07200002670288086
8,1,2,local_search,dr_pwldr,37140.39571534912,36901.59806309578,0.026000022888183594,0.07200002670288086
8,1,2,local_search,reopt_pwldr,36394.80398549855,35179.876485118824,0.026000022888183594,0.07200002670288086
8,1,3,black_box,obj_pwldr,36989.0119168176,36989.01539956489,0.026000022888183594,1.556999921798706
8,1,3,black_box,dr_pwldr,36987.017494298925,36901.58749232523,0.026000022888183594,1.556999921798706
8,1,3,black_box,reopt_pwldr,29297.14100799684,35174.64277169766,0.026000022888183594,1.556999921798706
8,1,3,local_search,obj_pwldr,36989.0119168176,36989.01539956489,0.026000022888183594,0.16299986839294434
8,1,3,local_search,dr_pwldr,36987.017494298925,36901.58749232523,0.026000022888183594,0.16299986839294434
8,1,3,local_search,reopt_pwldr,29297.14100799684,35174.64277169766,0.026000022888183594,0.16299986839294434
8,1,4,black_box,obj_pwldr,37057.78378740788,36989.02142511298,0.029999971389770508,1.8380000591278076
8,1,4,black_box,dr_pwldr,37066.87647779221,36901.58834984797,0.029999971389770508,1.8380000591278076
8,1,4,black_box,reopt_pwldr,29457.1496566828,35171.45582933975,0.029999971389770508,1.8380000591278076
8,1,4,local_search,obj_pwldr,37057.78378740788,36989.02142511298,0.029999971389770508,0.12399983406066895
8,1,4,local_search,dr_pwldr,37066.87647779221,36901.58834984797,0.029999971389770508,0.12399983406066895
8,1,4,local_search,reopt_pwldr,29457.1496566828,35171.45582933975,0.029999971389770508,0.12399983406066895
8,1,5,black_box,obj_pwldr,36989.01191681757,36989.01236511985,0.03299999237060547,3.5789999961853027
8,1,5,black_box,dr_pwldr,36942.98112918826,36901.59208274779,0.03299999237060547,3.5789999961853027
8,1,5,black_box,reopt_pwldr,28951.10612146402,35177.775569130026,0.03299999237060547,3.5789999961853027
8,1,5,local_search,obj_pwldr,36989.01191681757,36989.01236511985,0.03299999237060547,0.15999984741210938
8,1,5,local_search,dr_pwldr,36942.98112918826,36901.59208274779,0.03299999237060547,0.15999984741210938
8,1,5,local_search,reopt_pwldr,28951.10612146402,35177.775569130026,0.03299999237060547,0.15999984741210938
8,1,6,black_box,obj_pwldr,37024.09960589427,36989.01481743211,0.05800008773803711,2.620000123977661
8,1,6,black_box,dr_pwldr,36979.32473070199,36901.58792002651,0.05800008773803711,2.620000123977661
8,1,6,black_box,reopt_pwldr,28637.18716028385,35175.06974173205,0.05800008773803711,2.620000123977661
8,1,6,local_search,obj_pwldr,37024.09960589427,36989.01481743211,0.05800008773803711,0.2219998836517334
8,1,6,local_search,dr_pwldr,36979.32473070199,36901.58792002651,0.05800008773803711,0.2219998836517334
8,1,6,local_search,reopt_pwldr,28637.18716028385,35175.06974173205,0.05800008773803711,0.2219998836517334
8,1,7,black_box,obj_pwldr,36989.01191681759,36989.01198364342,0.039999961853027344,2.8999998569488525
8,1,7,black_box,dr_pwldr,36934.38173110144,36901.594983388415,0.039999961853027344,2.8999998569488525
8,1,7,black_box,reopt_pwldr,35248.61085502374,35178.85167129165,0.039999961853027344,2.8999998569488525
8,1,7,local_search,obj_pwldr,36989.01191681759,36989.01198364342,0.039999961853027344,0.2589998245239258
8,1,7,local_search,dr_pwldr,36934.38173110144,36901.594983388415,0.039999961853027344,0.2589998245239258
8,1,7,local_search,reopt_pwldr,35248.61085502374,35178.85167129165,0.039999961853027344,0.2589998245239258
8,1,8,black_box,obj_pwldr,37010.237802802236,36989.01221932784,0.04200005531311035,3.36299991607666
8,1,8,black_box,dr_pwldr,36965.2316751333,36901.60236936541,0.04200005531311035,3.36299991607666
8,1,8,black_box,reopt_pwldr,28703.45553200273,35180.968330456395,0.04200005531311035,3.36299991607666
8,1,8,local_search,obj_pwldr,37010.237802802236,36989.01221932784,0.04200005531311035,0.33300018310546875
8,1,8,local_search,dr_pwldr,36965.2316751333,36901.60236936541,0.04200005531311035,0.33300018310546875
8,1,8,local_search,reopt_pwldr,28703.45553200273,35180.968330456395,0.04200005531311035,0.33300018310546875
8,1,9,black_box,obj_pwldr,36989.01191681757,36989.012226138235,0.04200005531311035,3.7929999828338623
8,1,9,black_box,dr_pwldr,36840.36185586014,36901.60243394774,0.04200005531311035,3.7929999828338623
8,1,9,black_box,reopt_pwldr,28951.10612146402,35180.984448427815,0.04200005531311035,3.7929999828338623
8,1,9,local_search,obj_pwldr,36989.01191681757,36989.012226138235,0.04200005531311035,0.40400004386901855
8,1,9,local_search,dr_pwldr,36840.36185586014,36901.60243394774,0.04200005531311035,0.40400004386901855
8,1,9,local_search,reopt_pwldr,28951.10612146402,35180.984448427815,0.04200005531311035,0.40400004386901855
8,1,10,black_box,obj_pwldr,37003.22098098915,36989.01238594264,0.053999900817871094,4.216000080108643
8,1,10,black_box,dr_pwldr,37002.08519366038,36901.60378461927,0.053999900817871094,4.216000080108643
8,1,10,black_box,reopt_pwldr,29086.72968599526,35181.32153896598,0.053999900817871094,4.216000080108643
8,1,10,local_search,obj_pwldr,37003.22098098915,36989.01238594264,0.053999900817871094,0.504000186920166
8,1,10,local_search,dr_pwldr,37002.08519366038,36901.60378461927,0.053999900817871094,0.504000186920166
8,1,10,local_search,reopt_pwldr,29086.72968599526,35181.32153896598,0.053999900817871094,0.504000186920166
8,2,1,black_box,obj_pwldr,36158.75617643673,36158.51729546981,0.020999908447265625,1.2290000915527344
8,2,1,black_box,dr_pwldr,36187.732969034194,36056.46686094949,0.020999908447265625,1.2290000915527344
8,2,1,black_box,reopt_pwldr,29164.564102770346,35072.72946897276,0.020999908447265625,1.2290000915527344
8,2,1,local_search,obj_pwldr,36158.75617643673,36158.51729546981,0.020999908447265625,0.05000019073486328
8,2,1,local_search,dr_pwldr,36187.732969034194,36056.46686094949,0.020999908447265625,0.05000019073486328
8,2,1,local_search,reopt_pwldr,29164.564102770346,35072.72946897276,0.020999908447265625,0.05000019073486328
8,2,2,black_box,obj_pwldr,36550.9607093831,36157.93060657995,0.02500009536743164,1.4509999752044678
8,2,2,black_box,dr_pwldr,36410.42746243636,36054.60267645266,0.02500009536743164,1.4509999752044678
8,2,2,black_box,reopt_pwldr,29634.523517986174,34968.657804817245,0.02500009536743164,1.4509999752044678
8,2,2,local_search,obj_pwldr,36550.9607093831,36155.50195211882,0.02500009536743164,0.11300015449523926
8,2,2,local_search,dr_pwldr,36410.42746243636,36054.08366707297,0.02500009536743164,0.11300015449523926
8,2,2,local_search,reopt_pwldr,29634.523517986174,35084.394644376844,0.02500009536743164,0.11300015449523926
8,2,3,black_box,obj_pwldr,36158.75617643671,36156.15565465485,0.029000043869018555,1.9509999752044678
8,2,3,black_box,dr_pwldr,36097.715262560974,36055.11881600379,0.029000043869018555,1.9509999752044678
8,2,3,black_box,reopt_pwldr,28818.52921623749,35099.2935911616,0.029000043869018555,1.9509999752044678
8,2,3,local_search,obj_pwldr,36158.75617643671,36155.556975123865,0.029000043869018555,0.16299986839294434
8,2,3,local_search,dr_pwldr,36097.715262560974,36053.08102875615,0.029000043869018555,0.16299986839294434
8,2,3,local_search,reopt_pwldr,28818.52921623749,35013.432924003675,0.029000043869018555,0.16299986839294434
8,2,4,black_box,obj_pwldr,36300.89192768479,36155.55902959408,0.029000043869018555,2.1679999828338623
8,2,4,black_box,dr_pwldr,36194.12915366669,36054.27831213722,0.029000043869018555,2.1679999828338623
8,2,4,black_box,reopt_pwldr,28394.84122464356,35086.35271219009,0.029000043869018555,2.1679999828338623
8,2,4,local_search,obj_pwldr,36300.89192768479,36155.42644591472,0.029000043869018555,0.182999849319458
8,2,4,local_search,dr_pwldr,36194.12915366669,36052.98240127549,0.029000043869018555,0.182999849319458
8,2,4,local_search,reopt_pwldr,28394.84122464356,35017.74850867588,0.029000043869018555,0.182999849319458
8,2,5,black_box,obj_pwldr,36158.75617643671,36155.322655793745,0.034999847412109375,2.506999969482422
8,2,5,black_box,dr_pwldr,36097.715262560974,36053.856312723176,0.034999847412109375,2.506999969482422
8,2,5,black_box,reopt_pwldr,28818.52921623749,35079.048339949535,0.034999847412109375,2.506999969482422
8,2,5,local_search,obj_pwldr,36158.75617643671,36155.322655793745,0.034999847412109375,0.1789999008178711
8,2,5,local_search,dr_pwldr,36097.715262560974,36053.856312723176,0.034999847412109375,0.1789999008178711
8,2,5,local_search,reopt_pwldr,28818.52921623749,35079.048339949535,0.034999847412109375,0.1789999008178711
8,2,6,black_box,obj_pwldr,36229.587155351954,36155.44829028948,0.03800010681152344,3.36899995803833
8,2,6,black_box,dr_pwldr,36172.431099331625,36054.03005829307,0.03800010681152344,3.36899995803833
8,2,6,black_box,reopt_pwldr,29187.892958561308,35078.977140175186,0.03800010681152344,3.36899995803833
8,2,6,local_search,obj_pwldr,36229.587155351954,36155.23577989769,0.03800010681152344,0.35199999809265137
8,2,6,local_search,dr_pwldr,36172.431099331625,36052.99853748594,0.03800010681152344,0.35199999809265137
8,2,6,local_search,reopt_pwldr,29187.892958561308,35029.75696369138,0.03800010681152344,0.35199999809265137
8,2,7,black_box,obj_pwldr,36158.75617643674,36155.25421150935,0.046000003814697266,3.73799991607666
8,2,7,black_box,dr_pwldr,36187.732969034194,36053.72725147991,0.046000003814697266,3.73799991607666
8,2,7,black_box,reopt_pwldr,29164.564102770346,35074.28136873596,0.046000003814697266,3.73799991607666
8,2,7,local_search,obj_pwldr,36158.75617643674,36155.213902100775,0.046000003814697266,0.3990001678466797
8,2,7,local_search,dr_pwldr,36187.732969034194,36052.952875069466,0.046000003814697266,0.3990001678466797
8,2,7,local_search,reopt_pwldr,29164.564102770346,35031.29574956647,0.046000003814697266,0.3990001678466797
8,2,8,black_box,obj_pwldr,36200.26803126834,36155.0886580135,0.05500006675720215,4.318999767303467
8,2,8,black_box,dr_pwldr,36183.32106407694,36053.173589072685,0.05500006675720215,4.318999767303467
8,2,8,black_box,reopt_pwldr,34735.24074219402,35051.31924824851,0.05500006675720215,4.318999767303467
8,2,8,local_search,obj_pwldr,36200.26803126834,36155.0886580135,0.05500006675720215,0.4140000343322754
8,2,8,local_search,dr_pwldr,36183.32106407694,36053.173589072685,0.05500006675720215,0.4140000343322754
8,2,8,local_search,reopt_pwldr,34735.24074219402,35051.31924824851,0.05500006675720215,0.4140000343322754
8,2,9,black_box,obj_pwldr,36156.83521984602,36155.09100003353,0.0690000057220459,5.019000053405762
8,2,9,black_box,dr_pwldr,36133.93455059734,36053.175137767925,0.0690000057220459,5.019000053405762
8,2,9,black_box,reopt_pwldr,35122.04473591083,35051.17444401977,0.0690000057220459,5.019000053405762
8,2,9,local_search,obj_pwldr,36156.83521984602,36155.09100003353,0.0690000057220459,0.5380001068115234
8,2,9,local_search,dr_pwldr,36133.93455059734,36053.175137767925,0.0690000057220459,0.5380001068115234
8,2,9,local_search,reopt_pwldr,35122.04473591083,35051.17444401977,0.0690000057220459,0.5380001068115234
8,2,10,black_box,obj_pwldr,36185.57560609115,36155.09550099983,0.06800007820129395,6.132999897003174
8,2,10,black_box,dr_pwldr,36156.9316596557,36053.19290737857,0.06800007820129395,6.132999897003174
8,2,10,black_box,reopt_pwldr,35429.21508186085,35055.24312965193,0.06800007820129395,6.132999897003174
8,2,10,local_search,obj_pwldr,36185.57560609115,36155.09550099983,0.06800007820129395,0.6549999713897705
8,2,10,local_search,dr_pwldr,36156.9316596557,36053.19290737857,0.06800007820129395,0.6549999713897705
8,2,10,local_search,reopt_pwldr,35429.21508186085,35055.24312965193,0.06800007820129395,0.6549999713897705
8,3,1,black_box,obj_pwldr,36784.09883591891,36783.30785159349,0.017999887466430664,1.4839999675750732
8,3,1,black_box,dr_pwldr,36719.232668429504,36740.303254925275,0.017999887466430664,1.4839999675750732
8,3,1,black_box,reopt_pwldr,35178.801057984216,35177.100021875165,0.017999887466430664,1.4839999675750732
8,3,1,local_search,obj_pwldr,36784.09883591891,36783.30785159349,0.017999887466430664,0.05200004577636719
8,3,1,local_search,dr_pwldr,36719.232668429504,36740.303254925275,0.017999887466430664,0.05200004577636719
8,3,1,local_search,reopt_pwldr,35178.801057984216,35177.100021875165,0.017999887466430664,0.05200004577636719
8,3,2,black_box,obj_pwldr,36995.54644519191,36773.864793076835,0.03699994087219238,1.75600004196167
8,3,2,black_box,dr_pwldr,36960.727274893696,36731.77435725489,0.03699994087219238,1.75600004196167
8,3,2,black_box,reopt_pwldr,36316.145813997005,35051.400426390355,0.03699994087219238,1.75600004196167
8,3,2,local_search,obj_pwldr,36995.54644519191,36773.864793076835,0.03699994087219238,0.10500001907348633
8,3,2,local_search,dr_pwldr,36960.727274893696,36731.77435725489,0.03699994087219238,0.10500001907348633
8,3,2,local_search,reopt_pwldr,36316.145813997005,35051.400426390355,0.03699994087219238,0.10500001907348633
8,3,3,black_box,obj_pwldr,36781.305048065944,36773.550502774946,0.03900003433227539,1.9189999103546143
8,3,3,black_box,dr_pwldr,36685.588865434016,36729.234403820905,0.03900003433227539,1.9189999103546143
8,3,3,black_box,reopt_pwldr,28819.694987738127,35123.09947920971,0.03900003433227539,1.9189999103546143
8,3,3,local_search,obj_pwldr,36781.305048065944,36773.550502774946,0.03900003433227539,0.13000011444091797
8,3,3,local_search,dr_pwldr,36685.588865434016,36729.234403820905,0.03900003433227539,0.13000011444091797
8,3,3,local_search,reopt_pwldr,28819.694987738127,35123.099479209704,0.03900003433227539,0.13000011444091797
8,3,4,black_box,obj_pwldr,36853.1163475661,36773.48580304418,0.04700016975402832,2.305999994277954
8,3,4,black_box,dr_pwldr,36785.97452257569,36730.065022271614,0.04700016975402832,2.305999994277954
8,3,4,black_box,reopt_pwldr,35788.24237841603,35101.617777219115,0.04700016975402832,2.305999994277954
8,3,4,local_search,obj_pwldr,36853.1163475661,36773.48580304418,0.04700016975402832,0.15199995040893555
8,3,4,local_search,dr_pwldr,36785.97452257569,36730.065022271614,0.04700016975402832,0.15199995040893555
8,3,4,local_search,reopt_pwldr,35788.24237841603,35101.617777219115,0.04700016975402832,0.15199995040893555
8,3,5,black_box,obj_pwldr,36773.53806792629,36772.44242521815,0.0409998893737793,2.7080001831054688
8,3,5,black_box,dr_pwldr,36713.90200134684,36727.94030120158,0.0409998893737793,2.7080001831054688
8,3,5,black_box,reopt_pwldr,28872.447949962454,35126.92992879044,0.0409998893737793,2.7080001831054688
8,3,5,local_search,obj_pwldr,36773.53806792629,36772.36530722906,0.0409998893737793,0.687000036239624
8,3,5,local_search,dr_pwldr,36713.90200134684,36728.01044995465,0.0409998893737793,0.687000036239624
8,3,5,local_search,reopt_pwldr,28872.447949962454,35127.98813225426,0.0409998893737793,0.687000036239624
8,3,6,black_box,obj_pwldr,36815.042870428006,36772.62394873095,0.039999961853027344,3.2720000743865967
8,3,6,black_box,dr_pwldr,36763.516317743706,36729.654041323534,0.039999961853027344,3.2720000743865967
8,3,6,black_box,reopt_pwldr,35662.16035306866,35085.9216459416,0.039999961853027344,3.2720000743865967
8,3,6,local_search,obj_pwldr,36815.042870428006,36772.62394873095,0.039999961853027344,0.25100016593933105
8,3,6,local_search,dr_pwldr,36763.516317743706,36729.654041323534,0.039999961853027344,0.25100016593933105
8,3,6,local_search,reopt_pwldr,35662.16035306866,35085.9216459416,0.039999961853027344,0.25100016593933105
8,3,7,black_box,obj_pwldr,36772.22249442623,36772.73502821136,0.05299997329711914,3.7710001468658447
8,3,7,black_box,dr_pwldr,36704.8188955829,36730.67162270471,0.05299997329711914,3.7710001468658447
8,3,7,black_box,reopt_pwldr,35169.08919926057,35054.6813456269,0.05299997329711914,3.7710001468658447
8,3,7,local_search,obj_pwldr,36772.22249442623,36772.36791495548,0.05299997329711914,0.3919999599456787
8,3,7,local_search,dr_pwldr,36704.8188955829,36728.87645080744,0.05299997329711914,0.3919999599456787
8,3,7,local_search,reopt_pwldr,35169.08919926057,35097.42186137607,0.05299997329711914,0.3919999599456787
8,3,8,black_box,obj_pwldr,36798.15805049654,36772.33185590584,0.05900001525878906,4.254999876022339
8,3,8,black_box,dr_pwldr,36716.953669882314,36729.44340571414,0.05900001525878906,4.254999876022339
8,3,8,black_box,reopt_pwldr,34787.95103535611,35076.02998808444,0.05900001525878906,4.254999876022339
8,3,8,local_search,obj_pwldr,36798.15805049654,36772.29980998057,0.05900001525878906,0.501000165939331
8,3,8,local_search,dr_pwldr,36716.953669882314,36728.190795892246,0.05900001525878906,0.501000165939331
8,3,8,local_search,reopt_pwldr,34787.95103535611,35114.26126080517,0.05900001525878906,0.501000165939331
8,3,9,black_box,obj_pwldr,36772.6801597341,36772.35300295004,0.0559999942779541,5.4039998054504395
8,3,9,black_box,dr_pwldr,36677.00429652952,36729.401367251994,0.0559999942779541,5.4039998054504395
8,3,9,black_box,reopt_pwldr,28821.120878392896,35081.01602244246,0.0559999942779541,5.4039998054504395
8,3,9,local_search,obj_pwldr,36772.6801597341,36772.27829980099,0.0559999942779541,1.071000099182129
8,3,9,local_search,dr_pwldr,36677.00429652952,36728.233482481046,0.0559999942779541,1.071000099182129
8,3,9,local_search,reopt_pwldr,28821.120878392896,35115.753918846596,0.0559999942779541,1.071000099182129
8,3,10,black_box,obj_pwldr,36788.98408938978,36772.2829938848,0.06599998474121094,5.493000030517578
8,3,10,black_box,dr_pwldr,36719.572718672454,36728.83532424602,0.06599998474121094,5.493000030517578
8,3,10,black_box,reopt_pwldr,28667.055146288993,35103.67281383233,0.06599998474121094,5.493000030517578
8,3,10,local_search,obj_pwldr,36788.98408938978,36772.2829938848,0.06599998474121094,0.7070000171661377
8,3,10,local_search,dr_pwldr,36719.572718672454,36728.83532424602,0.06599998474121094,0.7070000171661377
8,3,10,local_search,reopt_pwldr,28667.055146288993,35103.67281383233,0.06599998474121094,0.7070000171661377
8,4,1,black_box,obj_pwldr,36974.330034345214,36974.33018977778,0.031000137329101562,2.120000123977661
8,4,1,black_box,dr_pwldr,36883.117524891204,36854.268408801276,0.031000137329101562,2.120000123977661
8,4,1,black_box,reopt_pwldr,29018.71618766276,35172.70051724759,0.031000137329101562,2.120000123977661
8,4,1,local_search,obj_pwldr,36974.330034345214,36974.33018977778,0.031000137329101562,0.04800009727478027
8,4,1,local_search,dr_pwldr,36883.117524891204,36854.268408801276,0.031000137329101562,0.04800009727478027
8,4,1,local_search,reopt_pwldr,29018.71618766276,35172.70051724759,0.031000137329101562,0.04800009727478027
8,4,2,black_box,obj_pwldr,37050.20039364373,36974.33273107863,0.05099987983703613,4.882000207901001
8,4,2,black_box,dr_pwldr,36996.468414166775,36854.61945714733,0.05099987983703613,4.882000207901001
8,4,2,black_box,reopt_pwldr,29745.516972395893,35185.37259829987,0.05099987983703613,4.882000207901001
8,4,2,local_search,obj_pwldr,37050.20039364373,36974.33273107863,0.05099987983703613,0.26400017738342285
8,4,2,local_search,dr_pwldr,36996.468414166775,36854.61945714733,0.05099987983703613,0.26400017738342285
8,4,2,local_search,reopt_pwldr,29745.516972395893,35185.37259829987,0.05099987983703613,0.26400017738342285
8,4,3,black_box,obj_pwldr,36974.330034345214,36974.332373276884,0.06000018119812012,9.04099988937378
8,4,3,black_box,dr_pwldr,36891.7169229779,36854.599704576234,0.06000018119812012,9.04099988937378
8,4,3,black_box,reopt_pwldr,28889.856280278425,35184.670637810996,0.06000018119812012,9.04099988937378
8,4,3,local_search,obj_pwldr,36974.330034345214,36974.332373276884,0.06000018119812012,0.5559999942779541
8,4,3,local_search,dr_pwldr,36891.7169229779,36854.599704576234,0.06000018119812012,0.5559999942779541
8,4,3,local_search,reopt_pwldr,28889.856280278425,35184.670637810996,0.06000018119812012,0.5559999942779541
8,4,4,black_box,obj_pwldr,36991.931543527804,36974.330152277216,0.0840001106262207,12.269000053405762
8,4,4,black_box,dr_pwldr,36982.509979348506,36854.39296655806,0.0840001106262207,12.269000053405762
8,4,4,black_box,reopt_pwldr,29483.36636684888,35177.290936961734,0.0840001106262207,12.269000053405762
8,4,4,local_search,obj_pwldr,36991.931543527804,36974.330152277216,0.0840001106262207,0.7730000019073486
8,4,4,local_search,dr_pwldr,36982.509979348506,36854.39296655806,0.0840001106262207,0.7730000019073486
8,4,4,local_search,reopt_pwldr,29483.36636684888,35177.290936961734,0.0840001106262207,0.7730000019073486
8,4,5,black_box,obj_pwldr,36974.33003434523,36974.33007001284,0.10699987411499023,17.52300000190735
8,4,5,black_box,dr_pwldr,36977.13740013247,36854.36686948211,0.10699987411499023,17.52300000190735
8,4,5,black_box,reopt_pwldr,35338.03165704362,35176.32916199867,0.10699987411499023,17.52300000190735
8,4,5,local_search,obj_pwldr,36974.33003434523,36974.33007001284,0.10699987411499023,1.561999797821045
8,4,5,local_search,dr_pwldr,36977.13740013247,36854.36686948211,0.10699987411499023,1.561999797821045
8,4,5,local_search,reopt_pwldr,35338.03165704362,35176.32916199867,0.10699987411499023,1.561999797821045
8,4,6,black_box,obj_pwldr,36981.94094671303,36974.33003523426,0.15899991989135742,22.177000045776367
8,4,6,black_box,dr_pwldr,37006.93177063356,36854.340014437854,0.15899991989135742,22.177000045776367
8,4,6,black_box,reopt_pwldr,28723.91620174547,35175.33945306777,0.15899991989135742,22.177000045776367
8,4,6,local_search,obj_pwldr,36981.94094671303,36974.33003523426,0.15899991989135742,1.7239999771118164
8,4,6,local_search,dr_pwldr,37006.93177063356,36854.340014437854,0.15899991989135742,1.7239999771118164
8,4,6,local_search,reopt_pwldr,28723.91620174547,35175.33945306777,0.15899991989135742,1.7239999771118164
8,4,7,black_box,obj_pwldr,36974.33003434523,36974.33058124229,0.18899989128112793,25.632000207901
8,4,7,black_box,dr_pwldr,36977.137400132466,36854.210182448674,0.18899989128112793,25.632000207901
8,4,7,black_box,reopt_pwldr,35338.03165704362,35170.55192371701,0.18899989128112793,25.632000207901
8,4,7,local_search,obj_pwldr,36974.33003434523,36974.33058124229,0.18899989128112793,2.9170000553131104
8,4,7,local_search,dr_pwldr,36977.137400132466,36854.210182448674,0.18899989128112793,2.9170000553131104
8,4,7,local_search,reopt_pwldr,35338.03165704362,35170.55192371701,0.18899989128112793,2.9170000553131104
8,4,8,black_box,obj_pwldr,36978.59656428073,36974.33062055856,0.17799997329711914,29.052000045776367
8,4,8,black_box,dr_pwldr,36963.426766263,36854.46598163221,0.17799997329711914,29.052000045776367
8,4,8,black_box,reopt_pwldr,29158.36925714997,35179.918435021056,0.17799997329711914,29.052000045776367
8,4,8,local_search,obj_pwldr,36978.59656428073,36974.33062055856,0.17799997329711914,2.8519999980926514
8,4,8,local_search,dr_pwldr,36963.426766263,36854.46598163221,0.17799997329711914,2.8519999980926514
8,4,8,local_search,reopt_pwldr,29158.36925714997,35179.918435021056,0.17799997329711914,2.8519999980926514
8,4,9,black_box,obj_pwldr,36974.33003434522,36974.330222577104,0.18400001525878906,28.927000045776367
8,4,9,black_box,dr_pwldr,36977.137400132466,36854.40823849926,0.18400001525878906,28.927000045776367
8,4,9,black_box,reopt_pwldr,35338.03165704362,35177.85376517952,0.18400001525878906,28.927000045776367
8,4,9,local_search,obj_pwldr,36974.33003434522,36974.330222577104,0.18400001525878906,3.1669998168945312
8,4,9,local_search,dr_pwldr,36977.137400132466,36854.40823849926,0.18400001525878906,3.1669998168945312
8,4,9,local_search,reopt_pwldr,35338.03165704362,35177.85376517952,0.18400001525878906,3.1669998168945312
8,4,10,black_box,obj_pwldr,36977.07244052595,36974.33003434593,0.20799994468688965,33.42199993133545
8,4,10,black_box,dr_pwldr,36951.3300674806,36854.33512356838,0.20799994468688965,33.42199993133545
8,4,10,black_box,reopt_pwldr,28826.456369417672,35175.15920621505,0.20799994468688965,33.42199993133545
8,4,10,local_search,obj_pwldr,36977.07244052595,36974.33003434593,0.20799994468688965,3.9750001430511475
8,4,10,local_search,dr_pwldr,36951.3300674806,36854.33512356838,0.20799994468688965,3.9750001430511475
8,4,10,local_search,reopt_pwldr,28826.456369417672,35175.15920621505,0.20799994468688965,3.9750001430511475
9,1,1,black_box,obj_pwldr,32964.58689376133,32964.58734057017,0.023000001907348633,1.2990000247955322
9,1,1,black_box,dr_pwldr,32989.893044978235,32989.889985241345,0.023000001907348633,1.2990000247955322
9,1,1,black_box,reopt_pwldr,31570.524708846013,31572.052517767894,0.023000001907348633,1.2990000247955322
9,1,1,local_search,obj_pwldr,32964.58689376133,32964.58734057017,0.023000001907348633,0.04200005531311035
9,1,1,local_search,dr_pwldr,32989.893044978235,32989.889985241345,0.023000001907348633,0.04200005531311035
9,1,1,local_search,reopt_pwldr,31570.524708846013,31572.052517767894,0.023000001907348633,0.04200005531311035
9,1,2,black_box,obj_pwldr,33161.52159532678,32964.627697266806,0.029999971389770508,1.444000005722046
9,1,2,black_box,dr_pwldr,33171.63469801839,33080.33566666025,0.029999971389770508,1.444000005722046
9,1,2,black_box,reopt_pwldr,32589.67611778633,31624.058692626146,0.029999971389770508,1.444000005722046
9,1,2,local_search,obj_pwldr,33161.52159532678,32964.627697266806,0.029999971389770508,0.07800006866455078
9,1,2,local_search,dr_pwldr,33171.63469801839,33080.33566666025,0.029999971389770508,0.07800006866455078
9,1,2,local_search,reopt_pwldr,32589.67611778633,31624.058692626146,0.029999971389770508,0.07800006866455078
9,1,3,black_box,obj_pwldr,32964.58689376134,32964.587136490874,0.023999929428100586,1.6779999732971191
9,1,3,black_box,dr_pwldr,33004.880319931974,33080.26156853214,0.023999929428100586,1.6779999732971191
9,1,3,black_box,reopt_pwldr,26010.100187708435,31610.59934943292,0.023999929428100586,1.6779999732971191
9,1,3,local_search,obj_pwldr,32964.58689376134,32964.587136490874,0.023999929428100586,0.09800004959106445
9,1,3,local_search,dr_pwldr,33004.880319931974,33080.26156853214,0.023999929428100586,0.09800004959106445
9,1,3,local_search,reopt_pwldr,26010.100187708435,31610.599349432923,0.023999929428100586,0.09800004959106445
9,1,4,black_box,obj_pwldr,33035.90105825566,32964.58702375103,0.028999805450439453,2.0749998092651367
9,1,4,black_box,dr_pwldr,33053.28668652034,33080.26066127048,0.028999805450439453,2.0749998092651367
9,1,4,black_box,reopt_pwldr,30959.41393689274,31610.297675629605,0.028999805450439453,2.0749998092651367
9,1,4,local_search,obj_pwldr,33035.90105825566,32964.58702375103,0.028999805450439453,0.15399980545043945
9,1,4,local_search,dr_pwldr,33053.28668652034,33080.26066127048,0.028999805450439453,0.15399980545043945
9,1,4,local_search,reopt_pwldr,30959.41393689274,31610.297675629605,0.028999805450439453,0.15399980545043945
9,1,5,black_box,obj_pwldr,32964.586893761334,32964.58737734052,0.03600001335144043,2.371000051498413
9,1,5,black_box,dr_pwldr,32989.893044978235,33080.255681450486,0.03600001335144043,2.371000051498413
9,1,5,black_box,reopt_pwldr,31570.524708846013,31607.886890509566,0.03600001335144043,2.371000051498413
9,1,5,local_search,obj_pwldr,32964.586893761334,32964.58737734052,0.03600001335144043,0.18799996376037598
9,1,5,local_search,dr_pwldr,32989.893044978235,33080.255681450486,0.03600001335144043,0.18799996376037598
9,1,5,local_search,reopt_pwldr,31570.524708846013,31607.886890509566,0.03600001335144043,0.18799996376037598
9,1,6,black_box,obj_pwldr,33001.03091462372,32964.58714050209,0.03699994087219238,2.76200008392334
9,1,6,black_box,dr_pwldr,33056.58452095325,33080.26159636862,0.03699994087219238,2.76200008392334
9,1,6,black_box,reopt_pwldr,26659.77392126787,31610.60860535808,0.03699994087219238,2.76200008392334
9,1,6,local_search,obj_pwldr,33001.03091462372,32964.58714050209,0.03699994087219238,0.24699997901916504
9,1,6,local_search,dr_pwldr,33056.58452095325,33080.26159636862,0.03699994087219238,0.24699997901916504
9,1,6,local_search,reopt_pwldr,26659.77392126787,31610.60860535808,0.03699994087219238,0.24699997901916504
9,1,7,black_box,obj_pwldr,32964.58689376133,32964.590248364926,0.04399991035461426,3.2290000915527344
9,1,7,black_box,dr_pwldr,33024.36853936451,33080.250527063814,0.04399991035461426,3.2290000915527344
9,1,7,black_box,reopt_pwldr,26354.03493632099,31605.293047735577,0.04399991035461426,3.2290000915527344
9,1,7,local_search,obj_pwldr,32964.58689376133,32964.590248364926,0.04399991035461426,0.34599995613098145
9,1,7,local_search,dr_pwldr,33024.36853936451,33080.250527063814,0.04399991035461426,0.34599995613098145
9,1,7,local_search,reopt_pwldr,26354.03493632099,31605.293047735577,0.04399991035461426,0.34599995613098145
9,1,8,black_box,obj_pwldr,32986.64806582919,32964.58931324016,0.04500007629394531,3.6730000972747803
9,1,8,black_box,dr_pwldr,33023.93064289268,33080.26886583806,0.04500007629394531,3.6730000972747803
9,1,8,black_box,reopt_pwldr,26236.134413558488,31613.025778517007,0.04500007629394531,3.6730000972747803
9,1,8,local_search,obj_pwldr,32986.64806582919,32964.58931324016,0.04500007629394531,0.37999987602233887
9,1,8,local_search,dr_pwldr,33023.93064289268,33080.26886583806,0.04500007629394531,0.37999987602233887
9,1,8,local_search,reopt_pwldr,26236.134413558488,31613.025778517007,0.04500007629394531,0.37999987602233887
9,1,9,black_box,obj_pwldr,32964.586893761334,32964.58693043911,0.043000221252441406,4.246000051498413
9,1,9,black_box,dr_pwldr,33004.880319931974,33080.257987952835,0.043000221252441406,4.246000051498413
9,1,9,black_box,reopt_pwldr,26010.100187708435,31609.037294034217,0.043000221252441406,4.246000051498413
9,1,9,local_search,obj_pwldr,32964.586893761334,32964.58693043911,0.043000221252441406,0.47500014305114746
9,1,9,local_search,dr_pwldr,33004.880319931974,33080.257987952835,0.043000221252441406,0.47500014305114746
9,1,9,local_search,reopt_pwldr,26010.100187708435,31609.037294034217,0.043000221252441406,0.47500014305114746
9,1,10,black_box,obj_pwldr,32979.36013389601,32964.58699616978,0.05900001525878906,4.7210001945495605
9,1,10,black_box,dr_pwldr,33044.418889916946,33080.260383000925,0.05900001525878906,4.7210001945495605
9,1,10,black_box,reopt_pwldr,25839.644174723922,31610.20514812483,0.05900001525878906,4.7210001945495605
9,1,10,local_search,obj_pwldr,32979.36013389601,32964.58699616978,0.05900001525878906,0.5889999866485596
9,1,10,local_search,dr_pwldr,33044.418889916946,33080.260383000925,0.05900001525878906,0.5889999866485596
9,1,10,local_search,reopt_pwldr,25839.644174723922,31610.20514812483,0.05900001525878906,0.5889999866485596
9,2,1,black_box,obj_pwldr,33079.12254437753,33079.123283659574,0.03000020980834961,2.109999895095825
9,2,1,black_box,dr_pwldr,33089.63558633833,33113.73096012878,0.03000020980834961,2.109999895095825
9,2,1,black_box,reopt_pwldr,31570.524708846013,31614.527589584864,0.03000020980834961,2.109999895095825
9,2,1,local_search,obj_pwldr,33079.12254437753,33079.123283659574,0.03000020980834961,0.04900002479553223
9,2,1,local_search,dr_pwldr,33089.63558633833,33113.73096012878,0.03000020980834961,0.04900002479553223
9,2,1,local_search,reopt_pwldr,31570.524708846013,31614.527589584864,0.03000020980834961,0.04900002479553223
9,2,2,black_box,obj_pwldr,33146.45563886708,33079.12258218878,0.04200005531311035,4.361999988555908
9,2,2,black_box,dr_pwldr,33148.68308247993,33113.70744045372,0.04200005531311035,4.361999988555908
9,2,2,black_box,reopt_pwldr,32589.67611778633,31610.617322976614,0.04200005531311035,4.361999988555908
9,2,2,local_search,obj_pwldr,33146.45563886708,33079.12258218878,0.04200005531311035,0.21199989318847656
9,2,2,local_search,dr_pwldr,33148.68308247993,33113.70744045372,0.04200005531311035,0.21199989318847656
9,2,2,local_search,reopt_pwldr,32589.67611778633,31610.617322976614,0.04200005531311035,0.21199989318847656
9,2,3,black_box,obj_pwldr,33079.12254437754,33079.12284011384,0.05099987983703613,6.789000034332275
9,2,3,black_box,dr_pwldr,33089.63558633833,33113.71979014806,0.05099987983703613,6.789000034332275
9,2,3,black_box,reopt_pwldr,31570.524708846013,31612.6705230055,0.05099987983703613,6.789000034332275
9,2,3,local_search,obj_pwldr,33079.12254437754,33079.12284011384,0.05099987983703613,0.41299986839294434
9,2,3,local_search,dr_pwldr,33089.63558633833,33113.71979014806,0.05099987983703613,0.41299986839294434
9,2,3,local_search,reopt_pwldr,31570.524708846013,31612.67052300551,0.05099987983703613,0.41299986839294434
9,2,4,black_box,obj_pwldr,33094.74345472917,33079.12255544544,0.07899999618530273,10.875999927520752
9,2,4,black_box,dr_pwldr,33101.944502049744,33113.69684786426,0.07899999618530273,10.875999927520752
9,2,4,black_box,reopt_pwldr,32181.986865689076,31608.856250639205,0.07899999618530273,10.875999927520752
9,2,4,local_search,obj_pwldr,33094.74345472917,33079.12255544544,0.07899999618530273,0.812000036239624
9,2,4,local_search,dr_pwldr,33101.944502049744,33113.69684786426,0.07899999618530273,0.812000036239624
9,2,4,local_search,reopt_pwldr,32181.986865689076,31608.856250639205,0.07899999618530273,0.812000036239624
9,2,5,black_box,obj_pwldr,33079.12254437755,33079.12259439239,0.08499979972839355,14.582000017166138
9,2,5,black_box,dr_pwldr,33089.63558633832,33113.70847225666,0.08499979972839355,14.582000017166138
9,2,5,black_box,reopt_pwldr,31570.524708846013,31610.78886549833,0.08499979972839355,14.582000017166138
9,2,5,local_search,obj_pwldr,33079.12254437755,33079.12259439239,0.08499979972839355,1.2979998588562012
9,2,5,local_search,dr_pwldr,33089.63558633832,33113.70847225666,0.08499979972839355,1.2979998588562012
9,2,5,local_search,reopt_pwldr,31570.524708846013,31610.78886549833,0.08499979972839355,1.2979998588562012
9,2,6,black_box,obj_pwldr,33085.87704358317,33079.122679650376,0.12899994850158691,17.83899998664856
9,2,6,black_box,dr_pwldr,33175.173309685146,33113.68756552282,0.12899994850158691,17.83899998664856
9,2,6,black_box,reopt_pwldr,26455.846331943598,31607.31301375596,0.12899994850158691,17.83899998664856
9,2,6,local_search,obj_pwldr,33085.87704358317,33079.122679650376,0.12899994850158691,1.61899995803833
9,2,6,local_search,dr_pwldr,33175.173309685146,33113.68756552282,0.12899994850158691,1.61899995803833
9,2,6,local_search,reopt_pwldr,26455.846331943598,31607.31301375596,0.12899994850158691,1.61899995803833
9,2,7,black_box,obj_pwldr,33079.12254437754,33079.12254935318,0.14499998092651367,20.457000017166138
9,2,7,black_box,dr_pwldr,33130.53863661984,33113.70306023172,0.14499998092651367,20.457000017166138
9,2,7,black_box,reopt_pwldr,26010.100187708435,31609.889088594184,0.14499998092651367,20.457000017166138
9,2,7,local_search,obj_pwldr,33079.12254437754,33079.12254935318,0.14499998092651367,2.0299999713897705
9,2,7,local_search,dr_pwldr,33130.53863661984,33113.70306023172,0.14499998092651367,2.0299999713897705
9,2,7,local_search,reopt_pwldr,26010.100187708435,31609.889088594184,0.14499998092651367,2.0299999713897705
9,2,8,black_box,obj_pwldr,33082.90898569594,33079.12254439256,0.15600013732910156,26.18999981880188
9,2,8,black_box,dr_pwldr,33092.048033109946,33113.700429719975,0.15600013732910156,26.18999981880188
9,2,8,black_box,reopt_pwldr,31910.21013257217,31609.451752515368,0.15600013732910156,26.18999981880188
9,2,8,local_search,obj_pwldr,33082.90898569594,33079.12254439256,0.15600013732910156,3.3949999809265137
9,2,8,local_search,dr_pwldr,33092.048033109946,33113.700429719975,0.15600013732910156,3.3949999809265137
9,2,8,local_search,reopt_pwldr,31910.21013257217,31609.451752515368,0.15600013732910156,3.3949999809265137
9,2,9,black_box,obj_pwldr,33079.12254437751,33079.12257930239,0.17799997329711914,32.58400011062622
9,2,9,black_box,dr_pwldr,33113.700566754196,33113.693960618446,0.17799997329711914,32.58400011062622
9,2,9,black_box,reopt_pwldr,31609.47453515309,31608.37623121459,0.17799997329711914,32.58400011062622
9,2,9,local_search,obj_pwldr,33079.12254437751,33079.12257930239,0.17799997329711914,3.509999990463257
9,2,9,local_search,dr_pwldr,33113.700566754196,33113.693960618446,0.17799997329711914,3.509999990463257
9,2,9,local_search,reopt_pwldr,31609.47453515309,31608.37623121459,0.17799997329711914,3.509999990463257
9,2,10,black_box,obj_pwldr,33081.55636301504,33079.12255366462,0.23999977111816406,35.73200011253357
9,2,10,black_box,dr_pwldr,33135.1960960754,33113.703973349075,0.23999977111816406,35.73200011253357
9,2,10,black_box,reopt_pwldr,25839.644174723922,31610.0408990351,0.23999977111816406,35.73200011253357
9,2,10,local_search,obj_pwldr,33081.55636301504,33079.12255366462,0.23999977111816406,3.700000047683716
9,2,10,local_search,dr_pwldr,33135.1960960754,33113.703973349075,0.23999977111816406,3.700000047683716
9,2,10,local_search,reopt_pwldr,25839.644174723922,31610.0408990351,0.23999977111816406,3.700000047683716
9,3,1,black_box,obj_pwldr,32476.862964004333,32476.862972062565,0.01699995994567871,1.2230000495910645
9,3,1,black_box,dr_pwldr,32528.321998472267,32528.322149338503,0.01699995994567871,1.2230000495910645
9,3,1,black_box,reopt_pwldr,26060.018764940338,26059.927725682253,0.01699995994567871,1.2230000495910645
9,3,1,local_search,obj_pwldr,32476.862964004333,32476.862972062565,0.01699995994567871,0.04399991035461426
9,3,1,local_search,dr_pwldr,32528.321998472267,32528.322149338503,0.01699995994567871,0.04399991035461426
9,3,1,local_search,reopt_pwldr,26060.018764940338,26059.927725682253,0.01699995994567871,0.04399991035461426
9,3,2,black_box,obj_pwldr,32815.559600738416,32476.95282978094,0.023000001907348633,1.5079998970031738
9,3,2,black_box,dr_pwldr,32859.38400322436,32518.01819635388,0.023000001907348633,1.5079998970031738
9,3,2,black_box,reopt_pwldr,30720.118676782302,31657.725165893702,0.023000001907348633,1.5079998970031738
9,3,2,local_search,obj_pwldr,32815.559600738416,32476.95282978094,0.023000001907348633,0.06200003623962402
9,3,2,local_search,dr_pwldr,32859.38400322436,32518.01819635388,0.023000001907348633,0.06200003623962402
9,3,2,local_search,reopt_pwldr,30720.118676782302,31657.725165893702,0.023000001907348633,0.06200003623962402
9,3,3,black_box,obj_pwldr,32476.862964004322,32476.866624333925,0.046000003814697266,1.7890000343322754
9,3,3,black_box,dr_pwldr,32513.33472351847,32517.917844025415,0.046000003814697266,1.7890000343322754
9,3,3,black_box,reopt_pwldr,31653.175580505034,31645.02434049167,0.046000003814697266,1.7890000343322754
9,3,3,local_search,obj_pwldr,32476.862964004322,32476.866624333925,0.046000003814697266,0.10899996757507324
9,3,3,local_search,dr_pwldr,32513.33472351847,32517.917844025415,0.046000003814697266,0.10899996757507324
9,3,3,local_search,reopt_pwldr,31653.175580505034,31645.02434049167,0.046000003814697266,0.10899996757507324
9,3,4,black_box,obj_pwldr,32603.720332717152,32476.86501503288,0.046000003814697266,2.434000015258789
9,3,4,black_box,dr_pwldr,32648.192408532195,32517.91065284993,0.046000003814697266,2.434000015258789
9,3,4,black_box,reopt_pwldr,31088.837101347348,31639.409148184564,0.046000003814697266,2.434000015258789
9,3,4,local_search,obj_pwldr,32603.720332717152,32476.86501503288,0.046000003814697266,0.14499998092651367
9,3,4,local_search,dr_pwldr,32648.192408532195,32517.91065284993,0.046000003814697266,0.14499998092651367
9,3,4,local_search,reopt_pwldr,31088.837101347348,31639.409148184564,0.046000003814697266,0.14499998092651367
9,3,5,black_box,obj_pwldr,32476.862964004325,32476.876297254723,0.03600001335144043,2.5369999408721924
9,3,5,black_box,dr_pwldr,32517.911484501732,32517.916626759576,0.03600001335144043,2.5369999408721924
9,3,5,black_box,reopt_pwldr,31641.81300960855,31635.68398496352,0.03600001335144043,2.5369999408721924
9,3,5,local_search,obj_pwldr,32476.862964004325,32476.876297254723,0.03600001335144043,0.18700003623962402
9,3,5,local_search,dr_pwldr,32517.911484501732,32517.916626759576,0.03600001335144043,0.18700003623962402
9,3,5,local_search,reopt_pwldr,31641.81300960855,31635.68398496352,0.03600001335144043,0.18700003623962402
9,3,6,black_box,obj_pwldr,32542.323191888892,32476.900364586498,0.0409998893737793,3.0970001220703125
9,3,6,black_box,dr_pwldr,32624.776349638287,32517.959371600133,0.0409998893737793,3.0970001220703125
9,3,6,black_box,reopt_pwldr,25818.247240975426,31652.07820826286,0.0409998893737793,3.0970001220703125
9,3,6,local_search,obj_pwldr,32542.323191888892,32476.900364586498,0.0409998893737793,0.247999906539917
9,3,6,local_search,dr_pwldr,32624.776349638287,32517.959371600133,0.0409998893737793,0.247999906539917
9,3,6,local_search,reopt_pwldr,25818.247240975426,31652.07820826286,0.0409998893737793,0.247999906539917
9,3,7,black_box,obj_pwldr,32476.86296400433,32476.87445007853,0.05299997329711914,3.5320000648498535
9,3,7,black_box,dr_pwldr,32513.33472351847,32517.9148630245,0.05299997329711914,3.5320000648498535
9,3,7,black_box,reopt_pwldr,31653.175580505034,31636.124359231777,0.05299997329711914,3.5320000648498535
9,3,7,local_search,obj_pwldr,32476.86296400433,32476.87445007853,0.05299997329711914,0.30299997329711914
9,3,7,local_search,dr_pwldr,32513.33472351847,32517.9148630245,0.05299997329711914,0.30299997329711914
9,3,7,local_search,reopt_pwldr,31653.175580505034,31636.124359231777,0.05299997329711914,0.30299997329711914
9,3,8,black_box,obj_pwldr,32516.649450613044,32476.86297623399,0.05299997329711914,4.151000022888184
9,3,8,black_box,dr_pwldr,32556.91322332552,32517.911298644533,0.05299997329711914,4.151000022888184
9,3,8,black_box,reopt_pwldr,31337.862901369394,31641.627386853543,0.05299997329711914,4.151000022888184
9,3,8,local_search,obj_pwldr,32516.649450613044,32476.86297623399,0.05299997329711914,0.4440000057220459
9,3,8,local_search,dr_pwldr,32556.91322332552,32517.911298644533,0.05299997329711914,0.4440000057220459
9,3,8,local_search,reopt_pwldr,31337.862901369394,31641.627386853543,0.05299997329711914,0.4440000057220459
9,3,9,black_box,obj_pwldr,32476.862964004325,32476.863426498512,0.06100010871887207,5.519000053405762
9,3,9,black_box,dr_pwldr,32477.008434220323,32517.912627446858,0.06100010871887207,5.519000053405762
9,3,9,black_box,reopt_pwldr,26092.95900652176,31642.95451371078,0.06100010871887207,5.519000053405762
9,3,9,local_search,obj_pwldr,32476.862964004325,32476.863426498512,0.06100010871887207,0.7579998970031738
9,3,9,local_search,dr_pwldr,32477.008434220323,32517.912627446858,0.06100010871887207,0.7579998970031738
9,3,9,local_search,reopt_pwldr,26092.95900652176,31642.95451371078,0.06100010871887207,0.7579998970031738
9,3,10,black_box,obj_pwldr,32503.56083615766,32476.86302477034,0.06000018119812012,5.319999933242798
9,3,10,black_box,dr_pwldr,32583.78968434435,32517.91189879002,0.06000018119812012,5.319999933242798
9,3,10,black_box,reopt_pwldr,25901.79749077747,31642.226775505318,0.06000018119812012,5.319999933242798
9,3,10,local_search,obj_pwldr,32503.56083615766,32476.86302477034,0.06000018119812012,0.6469998359680176
9,3,10,local_search,dr_pwldr,32583.78968434435,32517.91189879002,0.06000018119812012,0.6469998359680176
9,3,10,local_search,reopt_pwldr,25901.79749077747,31642.226775505318,0.06000018119812012,0.6469998359680176
9,4,1,black_box,obj_pwldr,33087.451412679184,33087.546553088214,0.029000043869018555,1.6629998683929443
9,4,1,black_box,dr_pwldr,33162.74532570816,33111.474838179725,0.029000043869018555,1.6629998683929443
9,4,1,black_box,reopt_pwldr,26171.99668648753,31633.550638722565,0.029000043869018555,1.6629998683929443
9,4,1,local_search,obj_pwldr,33087.451412679184,33087.546553088214,0.029000043869018555,0.07699990272521973
9,4,1,local_search,dr_pwldr,33162.74532570816,33111.474838179725,0.029000043869018555,0.07699990272521973
9,4,1,local_search,reopt_pwldr,26171.99668648753,31633.550638722565,0.029000043869018555,0.07699990272521973
9,4,2,black_box,obj_pwldr,33257.510847600366,33087.45146025321,0.03699994087219238,1.374000072479248
9,4,2,black_box,dr_pwldr,33228.91298584797,33111.43230113649,0.03699994087219238,1.374000072479248
9,4,2,black_box,reopt_pwldr,26743.933731962752,31608.936187439525,0.03699994087219238,1.374000072479248
9,4,2,local_search,obj_pwldr,33257.510847600366,33087.45146025321,0.03699994087219238,0.0560002326965332
9,4,2,local_search,dr_pwldr,33228.91298584797,33111.43230113649,0.03699994087219238,0.0560002326965332
9,4,2,local_search,reopt_pwldr,26743.933731962752,31608.936187439525,0.03699994087219238,0.0560002326965332
9,4,3,black_box,obj_pwldr,33087.451412679184,33087.45252492427,0.029999971389770508,1.7049999237060547
9,4,3,black_box,dr_pwldr,33128.26983132184,33111.43455419439,0.029999971389770508,1.7049999237060547
9,4,3,black_box,reopt_pwldr,26010.100187708435,31606.87151117127,0.029999971389770508,1.7049999237060547
9,4,3,local_search,obj_pwldr,33087.451412679184,33087.45252492427,0.029999971389770508,0.09599995613098145
9,4,3,local_search,dr_pwldr,33128.26983132184,33111.434554194384,0.029999971389770508,0.09599995613098145
9,4,3,local_search,reopt_pwldr,26010.100187708435,31606.871511171266,0.029999971389770508,0.09599995613098145
9,4,4,black_box,obj_pwldr,33148.672809250806,33087.46543128807,0.03400015830993652,2.2669999599456787
9,4,4,black_box,dr_pwldr,33185.72220295815,33111.45859248915,0.03400015830993652,2.2669999599456787
9,4,4,black_box,reopt_pwldr,30959.41393689274,31600.23371192086,0.03400015830993652,2.2669999599456787
9,4,4,local_search,obj_pwldr,33148.672809250806,33087.46543128807,0.03400015830993652,0.1830000877380371
9,4,4,local_search,dr_pwldr,33185.72220295815,33111.45859248915,0.03400015830993652,0.1830000877380371
9,4,4,local_search,reopt_pwldr,30959.41393689274,31600.23371192086,0.03400015830993652,0.1830000877380371
9,4,5,black_box,obj_pwldr,33087.451412679184,33087.451445972525,0.046000003814697266,2.433000087738037
9,4,5,black_box,dr_pwldr,33128.26983132184,33111.43221292767,0.046000003814697266,2.433000087738037
9,4,5,black_box,reopt_pwldr,26010.100187708435,31609.024178437878,0.046000003814697266,2.433000087738037
9,4,5,local_search,obj_pwldr,33087.451412679184,33087.451445972525,0.046000003814697266,0.2349998950958252
9,4,5,local_search,dr_pwldr,33128.26983132184,33111.43221292767,0.046000003814697266,0.2349998950958252
9,4,5,local_search,reopt_pwldr,26010.100187708435,31609.024178437878,0.046000003814697266,0.2349998950958252
9,4,6,black_box,obj_pwldr,33118.68681909328,33087.46271306404,0.03699994087219238,2.743000030517578
9,4,6,black_box,dr_pwldr,33114.76124211047,33111.4548064328,0.03699994087219238,2.743000030517578
9,4,6,black_box,reopt_pwldr,26427.729460775336,31601.177827334468,0.03699994087219238,2.743000030517578
9,4,6,local_search,obj_pwldr,33118.68681909328,33087.46271306404,0.03699994087219238,0.20799994468688965
9,4,6,local_search,dr_pwldr,33114.76124211047,33111.4548064328,0.03699994087219238,0.20799994468688965
9,4,6,local_search,reopt_pwldr,26427.729460775336,31601.177827334468,0.03699994087219238,0.20799994468688965
9,4,7,black_box,obj_pwldr,33087.45141267917,33087.45573934503,0.04499983787536621,3.2649998664855957
9,4,7,black_box,dr_pwldr,33061.96899211607,33111.44212279079,0.04499983787536621,3.2649998664855957
9,4,7,black_box,reopt_pwldr,26010.100187708435,31604.340702110258,0.04499983787536621,3.2649998664855957
9,4,7,local_search,obj_pwldr,33087.45141267917,33087.45573934503,0.04499983787536621,0.2850000858306885
9,4,7,local_search,dr_pwldr,33061.96899211607,33111.44212279079,0.04499983787536621,0.2850000858306885
9,4,7,local_search,reopt_pwldr,26010.100187708435,31604.340702110258,0.04499983787536621,0.2850000858306885
9,4,8,black_box,obj_pwldr,33106.3469054482,33087.45189924871,0.04800009727478027,3.865000009536743
9,4,8,black_box,dr_pwldr,33133.357921052775,33111.43003552264,0.04800009727478027,3.865000009536743
9,4,8,black_box,reopt_pwldr,31910.210132572178,31611.19620698544,0.04800009727478027,3.865000009536743
9,4,8,local_search,obj_pwldr,33106.3469054482,33087.45189924871,0.04800009727478027,0.45799994468688965
9,4,8,local_search,dr_pwldr,33133.357921052775,33111.43003552264,0.04800009727478027,0.45799994468688965
9,4,8,local_search,reopt_pwldr,31910.210132572178,31611.19620698544,0.04800009727478027,0.45799994468688965
9,4,9,black_box,obj_pwldr,33087.45141267917,33087.451571663,0.06099987030029297,4.5
9,4,9,black_box,dr_pwldr,33111.43176145619,33111.432748026615,0.06099987030029297,4.5
9,4,9,black_box,reopt_pwldr,31609.47453515309,31608.490400819446,0.06099987030029297,4.5
9,4,9,local_search,obj_pwldr,33087.45141267917,33087.451571663,0.06099987030029297,0.5249998569488525
9,4,9,local_search,dr_pwldr,33111.43176145619,33111.432748026615,0.06099987030029297,0.5249998569488525
9,4,9,local_search,reopt_pwldr,31609.47453515309,31608.490400819446,0.06099987030029297,0.5249998569488525
9,4,10,black_box,obj_pwldr,33100.10046155761,33087.45145202102,0.08599996566772461,4.828999996185303
9,4,10,black_box,dr_pwldr,33163.15242661291,33111.432252227256,0.08599996566772461,4.828999996185303
9,4,10,black_box,reopt_pwldr,26175.301667508367,31608.984975890675,0.08599996566772461,4.828999996185303
9,4,10,local_search,obj_pwldr,33100.10046155761,33087.451452021014,0.08599996566772461,1.1039998531341553
9,4,10,local_search,dr_pwldr,33163.15242661291,33111.432252227256,0.08599996566772461,1.1039998531341553
9,4,10,local_search,reopt_pwldr,26175.301667508367,31608.984975890675,0.08599996566772461,1.1039998531341553
10,1,1,black_box,obj_pwldr,34881.88593417842,34881.88707975806,0.023000001907348633,2.055000066757202
10,1,1,black_box,dr_pwldr,34978.39130686417,35123.90525982015,0.023000001907348633,2.055000066757202
10,1,1,black_box,reopt_pwldr,33166.76842658721,33555.52015943423,0.023000001907348633,2.055000066757202
10,1,1,local_search,obj_pwldr,34881.88593417842,34881.88707975806,0.023000001907348633,0.06599998474121094
10,1,1,local_search,dr_pwldr,34978.39130686417,35123.90525982015,0.023000001907348633,0.06599998474121094
10,1,1,local_search,reopt_pwldr,33166.76842658721,33555.52015943423,0.023000001907348633,0.06599998474121094
10,1,2,black_box,obj_pwldr,34951.61635807294,34881.885979138235,0.0560002326965332,5.0950000286102295
10,1,2,black_box,dr_pwldr,35217.30458119878,35124.112841858565,0.0560002326965332,5.0950000286102295
10,1,2,black_box,reopt_pwldr,29061.276813581906,33563.20838307936,0.0560002326965332,5.0950000286102295
10,1,2,local_search,obj_pwldr,34951.61635807294,34881.885979138235,0.0560002326965332,0.25099992752075195
10,1,2,local_search,dr_pwldr,35217.30458119878,35124.112841858565,0.0560002326965332,0.25099992752075195
10,1,2,local_search,reopt_pwldr,29061.276813581906,33563.20838307936,0.0560002326965332,0.25099992752075195
10,1,3,black_box,obj_pwldr,34881.88593417842,34881.885937123814,0.06500005722045898,8.092000007629395
10,1,3,black_box,dr_pwldr,34979.49007728594,35124.0697321417,0.06500005722045898,8.092000007629395
10,1,3,black_box,reopt_pwldr,28155.05580576932,33561.611726898576,0.06500005722045898,8.092000007629395
10,1,3,local_search,obj_pwldr,34881.88593417842,34881.885937123814,0.06500005722045898,0.5490000247955322
10,1,3,local_search,dr_pwldr,34979.49007728594,35124.0697321417,0.06500005722045898,0.5490000247955322
10,1,3,local_search,reopt_pwldr,28155.05580576932,33561.611726898576,0.06500005722045898,0.5490000247955322
10,1,4,black_box,obj_pwldr,34898.063011865044,34881.885937175844,0.0840001106262207,11.809999942779541
10,1,4,black_box,dr_pwldr,35040.754908825984,35124.087380248166,0.0840001106262207,11.809999942779541
10,1,4,black_box,reopt_pwldr,27013.187208100677,33562.26536047163,0.0840001106262207,11.809999942779541
10,1,4,local_search,obj_pwldr,34898.063011865044,34881.885937175844,0.0840001106262207,0.8799998760223389
10,1,4,local_search,dr_pwldr,35040.754908825984,35124.087380248166,0.0840001106262207,0.8799998760223389
10,1,4,local_search,reopt_pwldr,27013.187208100677,33562.26536047163,0.0840001106262207,0.8799998760223389
10,1,5,black_box,obj_pwldr,34881.88593417843,34881.886222326364,0.11800003051757812,16.455999851226807
10,1,5,black_box,dr_pwldr,34978.39130686418,35124.16541260984,0.11800003051757812,16.455999851226807
10,1,5,black_box,reopt_pwldr,33166.768426587216,33565.15544794099,0.11800003051757812,16.455999851226807
10,1,5,local_search,obj_pwldr,34881.88593417843,34881.886222326364,0.11800003051757812,1.2130000591278076
10,1,5,local_search,dr_pwldr,34978.39130686418,35124.16541260984,0.11800003051757812,1.2130000591278076
10,1,5,local_search,reopt_pwldr,33166.768426587216,33565.15544794099,0.11800003051757812,1.2130000591278076
10,1,6,black_box,obj_pwldr,34888.88092076524,34881.88596021817,0.11100006103515625,20.115999937057495
10,1,6,black_box,dr_pwldr,35142.56334459689,35124.05239546791,0.11100006103515625,20.115999937057495
10,1,6,black_box,reopt_pwldr,33222.289146182666,33560.969627869505,0.11100006103515625,20.115999937057495
10,1,6,local_search,obj_pwldr,34888.88092076524,34881.88596021817,0.11100006103515625,1.9920001029968262
10,1,6,local_search,dr_pwldr,35142.56334459689,35124.05239546791,0.11100006103515625,1.9920001029968262
10,1,6,local_search,reopt_pwldr,33222.289146182666,33560.969627869505,0.11100006103515625,1.9920001029968262
10,1,7,black_box,obj_pwldr,34881.88593417842,34881.88610751179,0.1360001564025879,24.513999938964844
10,1,7,black_box,dr_pwldr,34978.53622901838,35124.01112229836,0.1360001564025879,24.513999938964844
10,1,7,black_box,reopt_pwldr,32375.351568668233,33559.44099196095,0.1360001564025879,24.513999938964844
10,1,7,local_search,obj_pwldr,34881.88593417842,34881.88610751179,0.1360001564025879,2.2320001125335693
10,1,7,local_search,dr_pwldr,34978.53622901838,35124.01112229836,0.1360001564025879,2.2320001125335693
10,1,7,local_search,reopt_pwldr,32375.351568668233,33559.44099196095,0.1360001564025879,2.2320001125335693
10,1,8,black_box,obj_pwldr,34885.807188060855,34881.88599825118,0.21399998664855957,29.630000114440918
10,1,8,black_box,dr_pwldr,35135.79325117917,35124.03754189701,0.21399998664855957,29.630000114440918
10,1,8,black_box,reopt_pwldr,27820.285901724197,33560.41949561411,0.21399998664855957,29.630000114440918
10,1,8,local_search,obj_pwldr,34885.807188060855,34881.88599825118,0.21399998664855957,3.246999979019165
10,1,8,local_search,dr_pwldr,35135.79325117917,35124.037541897,0.21399998664855957,3.246999979019165
10,1,8,local_search,reopt_pwldr,27820.285901724197,33560.4194956141,0.21399998664855957,3.246999979019165
10,1,9,black_box,obj_pwldr,34881.88593417843,34881.885948726886,0.19900012016296387,32.68900012969971
10,1,9,black_box,dr_pwldr,34978.39130686417,35124.09804288326,0.19900012016296387,32.68900012969971
10,1,9,black_box,reopt_pwldr,33166.76842658721,33562.66027288425,0.19900012016296387,32.68900012969971
10,1,9,local_search,obj_pwldr,34881.88593417843,34881.885948726886,0.19900012016296387,3.8499999046325684
10,1,9,local_search,dr_pwldr,34978.39130686417,35124.09804288326,0.19900012016296387,3.8499999046325684
10,1,9,local_search,reopt_pwldr,33166.76842658721,33562.66027288425,0.19900012016296387,3.8499999046325684
10,1,10,black_box,obj_pwldr,34884.40640656371,34881.8859736307,0.2519998550415039,39.33800005912781
10,1,10,black_box,dr_pwldr,35132.77170915558,35124.04636426735,0.2519998550415039,39.33800005912781
10,1,10,black_box,reopt_pwldr,27773.153592347942,33560.74625006911,0.2519998550415039,39.33800005912781
10,1,10,local_search,obj_pwldr,34884.40640656371,34881.8859736307,0.2519998550415039,4.730000019073486
10,1,10,local_search,dr_pwldr,35132.77170915558,35124.04636426735,0.2519998550415039,4.730000019073486
10,1,10,local_search,reopt_pwldr,27773.153592347942,33560.74625006911,0.2519998550415039,4.730000019073486
10,2,1,black_box,obj_pwldr,34234.004060530926,34234.00523315098,0.021000146865844727,1.6410000324249268
10,2,1,black_box,dr_pwldr,34350.94509138949,34468.4449905734,0.021000146865844727,1.6410000324249268
10,2,1,black_box,reopt_pwldr,33166.76842658721,33563.79921213407,0.021000146865844727,1.6410000324249268
10,2,1,local_search,obj_pwldr,34234.004060530926,34234.00523315098,0.021000146865844727,0.06299996376037598
10,2,1,local_search,dr_pwldr,34350.94509138949,34468.4449905734,0.021000146865844727,0.06299996376037598
10,2,1,local_search,reopt_pwldr,33166.76842658721,33563.79921213407,0.021000146865844727,0.06299996376037598
10,2,2,black_box,obj_pwldr,34588.58451874147,34234.00430336735,0.03299999237060547,1.8450000286102295
10,2,2,black_box,dr_pwldr,34675.55835140838,34468.428173332155,0.03299999237060547,1.8450000286102295
10,2,2,black_box,reopt_pwldr,29020.613744555005,33562.78449831519,0.03299999237060547,1.8450000286102295
10,2,2,local_search,obj_pwldr,34588.58451874147,34234.00430336735,0.03299999237060547,0.07299995422363281
10,2,2,local_search,dr_pwldr,34675.55835140838,34468.428173332155,0.03299999237060547,0.07299995422363281
10,2,2,local_search,reopt_pwldr,29020.613744555005,33562.78449831519,0.03299999237060547,0.07299995422363281
10,2,3,black_box,obj_pwldr,34234.004060530926,34234.01219125615,0.031000137329101562,2.4210000038146973
10,2,3,black_box,dr_pwldr,34350.94509138949,34468.351607187826,0.031000137329101562,2.4210000038146973
10,2,3,black_box,reopt_pwldr,33166.76842658721,33557.03380533396,0.031000137329101562,2.4210000038146973
10,2,3,local_search,obj_pwldr,34234.004060530926,34234.01219125615,0.031000137329101562,0.1119999885559082
10,2,3,local_search,dr_pwldr,34350.94509138949,34468.351607187826,0.031000137329101562,0.1119999885559082
10,2,3,local_search,reopt_pwldr,33166.76842658721,33557.03380533396,0.031000137329101562,0.1119999885559082
10,2,4,black_box,obj_pwldr,34366.81064626888,34234.011773517035,0.039999961853027344,2.5139999389648438
10,2,4,black_box,dr_pwldr,34610.8071327541,34468.49693108994,0.039999961853027344,2.5139999389648438
10,2,4,black_box,reopt_pwldr,28034.815375608454,33566.71279835212,0.039999961853027344,2.5139999389648438
10,2,4,local_search,obj_pwldr,34366.81064626888,34234.011773517035,0.039999961853027344,0.1699998378753662
10,2,4,local_search,dr_pwldr,34610.8071327541,34468.49693108994,0.039999961853027344,0.1699998378753662
10,2,4,local_search,reopt_pwldr,28034.815375608454,33566.71279835212,0.039999961853027344,0.1699998378753662
10,2,5,black_box,obj_pwldr,34234.004060530926,34234.00742325232,0.037000179290771484,2.9240000247955322
10,2,5,black_box,dr_pwldr,34468.26969300779,34468.46694153176,0.037000179290771484,2.9240000247955322
10,2,5,black_box,reopt_pwldr,32769.616391550655,33565.090444979534,0.037000179290771484,2.9240000247955322
10,2,5,local_search,obj_pwldr,34234.004060530926,34234.00742325232,0.037000179290771484,0.22899985313415527
10,2,5,local_search,dr_pwldr,34468.26969300779,34468.46694153176,0.037000179290771484,0.22899985313415527
10,2,5,local_search,reopt_pwldr,32769.616391550655,33565.090444979534,0.037000179290771484,0.22899985313415527
10,2,6,black_box,obj_pwldr,34302.53417001678,34234.00427311756,0.040000200271606445,3.449000120162964
10,2,6,black_box,dr_pwldr,34458.3873199782,34468.40275324977,0.040000200271606445,3.449000120162964
10,2,6,black_box,reopt_pwldr,27492.00709579108,33561.14426065988,0.040000200271606445,3.449000120162964
10,2,6,local_search,obj_pwldr,34302.53417001678,34234.00427311756,0.040000200271606445,0.35000014305114746
10,2,6,local_search,dr_pwldr,34458.3873199782,34468.40275324977,0.040000200271606445,0.35000014305114746
10,2,6,local_search,reopt_pwldr,27492.00709579108,33561.14426065988,0.040000200271606445,0.35000014305114746
10,2,7,black_box,obj_pwldr,34234.004060530926,34234.00424039476,0.053999900817871094,3.763000011444092
10,2,7,black_box,dr_pwldr,34437.140591505646,34468.42628369014,0.053999900817871094,3.763000011444092
10,2,7,black_box,reopt_pwldr,27397.521370827202,33562.666395689615,0.053999900817871094,3.763000011444092
10,2,7,local_search,obj_pwldr,34234.004060530926,34234.00424039476,0.053999900817871094,0.4010000228881836
10,2,7,local_search,dr_pwldr,34437.140591505646,34468.42628369014,0.053999900817871094,0.4010000228881836
10,2,7,local_search,reopt_pwldr,27397.521370827202,33562.666395689615,0.053999900817871094,0.4010000228881836
10,2,8,black_box,obj_pwldr,34275.656409926356,34234.004264427414,0.06000018119812012,4.955999851226807
10,2,8,black_box,dr_pwldr,34429.96115496603,34468.40298248887,0.06000018119812012,4.955999851226807
10,2,8,black_box,reopt_pwldr,27430.628429807653,33561.16063487961,0.06000018119812012,4.955999851226807
10,2,8,local_search,obj_pwldr,34275.656409926356,34234.004264427414,0.06000018119812012,0.44900012016296387
10,2,8,local_search,dr_pwldr,34429.96115496603,34468.40298248887,0.06000018119812012,0.44900012016296387
10,2,8,local_search,reopt_pwldr,27430.628429807653,33561.16063487961,0.06000018119812012,0.44900012016296387
10,2,9,black_box,obj_pwldr,34234.004060530926,34234.00465076802,0.0559999942779541,4.92300009727478
10,2,9,black_box,dr_pwldr,34350.94509138949,34468.39535770372,0.0559999942779541,4.92300009727478
10,2,9,black_box,reopt_pwldr,33166.76842658721,33560.61600736938,0.0559999942779541,4.92300009727478
10,2,9,local_search,obj_pwldr,34234.004060530926,34234.00465076802,0.0559999942779541,0.49699997901916504
10,2,9,local_search,dr_pwldr,34350.94509138949,34468.39535770372,0.0559999942779541,0.49699997901916504
10,2,9,local_search,reopt_pwldr,33166.76842658721,33560.61600736938,0.0559999942779541,0.49699997901916504
10,2,10,black_box,obj_pwldr,34261.95398005968,34234.006712330345,0.054000139236450195,5.341000080108643
10,2,10,black_box,dr_pwldr,34413.771608510535,34468.460938891214,0.054000139236450195,5.341000080108643
10,2,10,black_box,reopt_pwldr,27213.032561321168,33564.73734848246,0.054000139236450195,5.341000080108643
10,2,10,local_search,obj_pwldr,34261.95398005968,34234.006712330345,0.054000139236450195,0.6470000743865967
10,2,10,local_search,dr_pwldr,34413.771608510535,34468.460938891214,0.054000139236450195,0.6470000743865967
10,2,10,local_search,reopt_pwldr,27213.032561321168,33564.73734848246,0.054000139236450195,0.6470000743865967
10,3,1,black_box,obj_pwldr,34890.51134374317,34890.511542639964,0.05299997329711914,1.5999999046325684
10,3,1,black_box,dr_pwldr,34928.11795706607,35129.974828615865,0.05299997329711914,1.5999999046325684
10,3,1,black_box,reopt_pwldr,33166.76842658721,33563.06006770322,0.05299997329711914,1.5999999046325684
10,3,1,local_search,obj_pwldr,34890.51134374317,34890.511542639964,0.05299997329711914,0.051000118255615234
10,3,1,local_search,dr_pwldr,34928.11795706607,35129.974828615865,0.05299997329711914,0.051000118255615234
10,3,1,local_search,reopt_pwldr,33166.76842658721,33563.06006770322,0.05299997329711914,0.051000118255615234
10,3,2,black_box,obj_pwldr,35066.62557960621,34880.12611599405,0.03299999237060547,1.7819998264312744
10,3,2,black_box,dr_pwldr,35213.150825117526,35116.91059797813,0.03299999237060547,1.7819998264312744
10,3,2,black_box,reopt_pwldr,26516.109148222837,33534.12329998081,0.03299999237060547,1.7819998264312744
10,3,2,local_search,obj_pwldr,35066.62557960621,34880.12611599405,0.03299999237060547,0.09399986267089844
10,3,2,local_search,dr_pwldr,35213.150825117526,35116.91059797813,0.03299999237060547,0.09399986267089844
10,3,2,local_search,reopt_pwldr,26516.109148222837,33534.12329998081,0.03299999237060547,0.09399986267089844
10,3,3,black_box,obj_pwldr,34890.51134374319,34880.631009131255,0.03800010681152344,2.1419999599456787
10,3,3,black_box,dr_pwldr,35014.31345718227,35118.65022566222,0.03800010681152344,2.1419999599456787
10,3,3,black_box,reopt_pwldr,27397.521370827202,33603.81300612761,0.03800010681152344,2.1419999599456787
10,3,3,local_search,obj_pwldr,34890.51134374319,34879.613796671685,0.03800010681152344,0.5540001392364502
10,3,3,local_search,dr_pwldr,35014.31345718227,35117.19507913533,0.03800010681152344,0.5540001392364502
10,3,3,local_search,reopt_pwldr,27397.521370827202,33526.32486695509,0.03800010681152344,0.5540001392364502
10,3,4,black_box,obj_pwldr,34953.91246865387,34880.576779804,0.032000064849853516,2.5230000019073486
10,3,4,black_box,dr_pwldr,34989.88655304573,35116.965896602065,0.032000064849853516,2.5230000019073486
10,3,4,black_box,reopt_pwldr,27195.02966264589,33521.215322951866,0.032000064849853516,2.5230000019073486
10,3,4,local_search,obj_pwldr,34953.91246865387,34879.633404605665,0.032000064849853516,0.24900007247924805
10,3,4,local_search,dr_pwldr,34989.88655304573,35117.117404671975,0.032000064849853516,0.24900007247924805
10,3,4,local_search,reopt_pwldr,27195.02966264589,33531.15639332114,0.032000064849853516,0.24900007247924805
10,3,5,black_box,obj_pwldr,34890.51134374318,34879.83728680781,0.04400014877319336,2.6610000133514404
10,3,5,black_box,dr_pwldr,35128.871566373935,35117.65096205088,0.04400014877319336,2.6610000133514404
10,3,5,black_box,reopt_pwldr,28160.599702167114,33563.39261995739,0.04400014877319336,2.6610000133514404
10,3,5,local_search,obj_pwldr,34890.51134374318,34879.68939140781,0.04400014877319336,0.2259998321533203
10,3,5,local_search,dr_pwldr,35128.871566373935,35117.01988216043,0.04400014877319336,0.2259998321533203
10,3,5,local_search,reopt_pwldr,28160.599702167114,33507.34454852498,0.04400014877319336,0.2259998321533203
10,3,6,black_box,obj_pwldr,34920.03324382584,34879.818355376316,0.03699994087219238,3.0470001697540283
10,3,6,black_box,dr_pwldr,35151.88189623194,35117.12569338058,0.03699994087219238,3.0470001697540283
10,3,6,black_box,reopt_pwldr,29335.75169166561,33551.97249466712,0.03699994087219238,3.0470001697540283
10,3,6,local_search,obj_pwldr,34920.03324382584,34879.70995436264,0.03699994087219238,0.3810000419616699
10,3,6,local_search,dr_pwldr,35151.88189623194,35116.975815233585,0.03699994087219238,0.3810000419616699
10,3,6,local_search,reopt_pwldr,29335.75169166561,33507.439448979065,0.03699994087219238,0.3810000419616699
10,3,7,black_box,obj_pwldr,34883.91223755661,34879.673090894044,0.051000118255615234,3.639000177383423
10,3,7,black_box,dr_pwldr,34917.36663724289,35116.997014507375,0.051000118255615234,3.639000177383423
10,3,7,black_box,reopt_pwldr,33166.76842658721,33514.23597154426,0.051000118255615234,3.639000177383423
10,3,7,local_search,obj_pwldr,34883.91223755661,34879.673090894044,0.051000118255615234,0.34200000762939453
10,3,7,local_search,dr_pwldr,34917.36663724289,35116.997014507375,0.051000118255615234,0.34200000762939453
10,3,7,local_search,reopt_pwldr,33166.76842658721,33514.23597154426,0.051000118255615234,0.34200000762939453
10,3,8,black_box,obj_pwldr,34901.36069620742,34879.63249064918,0.04799985885620117,4.7840001583099365
10,3,8,black_box,dr_pwldr,34935.37580685409,35117.2778259948,0.04799985885620117,4.7840001583099365
10,3,8,black_box,reopt_pwldr,28375.700257540142,33517.43317257613,0.04799985885620117,4.7840001583099365
10,3,8,local_search,obj_pwldr,34901.36069620742,34879.63249064918,0.04799985885620117,0.39800000190734863
10,3,8,local_search,dr_pwldr,34935.37580685409,35117.2778259948,0.04799985885620117,0.39800000190734863
10,3,8,local_search,reopt_pwldr,28375.700257540142,33517.43317257613,0.04799985885620117,0.39800000190734863
10,3,9,black_box,obj_pwldr,34880.610160239296,34879.64809446596,0.05500006675720215,5.575000047683716
10,3,9,black_box,dr_pwldr,34916.09173808066,35117.28702036553,0.05500006675720215,5.575000047683716
10,3,9,black_box,reopt_pwldr,28610.907441832598,33541.303347511726,0.05500006675720215,5.575000047683716
10,3,9,local_search,obj_pwldr,34880.610160239296,34879.64809446596,0.05500006675720215,0.5740001201629639
10,3,9,local_search,dr_pwldr,34916.09173808066,35117.28702036553,0.05500006675720215,0.5740001201629639
10,3,9,local_search,reopt_pwldr,28610.907441832598,33541.303347511726,0.05500006675720215,0.5740001201629639
10,3,10,black_box,obj_pwldr,34893.08177345522,34879.618336870844,0.0690000057220459,6.222999811172485
10,3,10,black_box,dr_pwldr,34925.352361794765,35117.281985370275,0.0690000057220459,6.222999811172485
10,3,10,black_box,reopt_pwldr,33454.955357999395,33523.902198037664,0.0690000057220459,6.222999811172485
10,3,10,local_search,obj_pwldr,34893.08177345522,34879.618336870844,0.0690000057220459,0.7409999370574951
10,3,10,local_search,dr_pwldr,34925.352361794765,35117.281985370275,0.0690000057220459,0.7409999370574951
10,3,10,local_search,reopt_pwldr,33454.955357999395,33523.902198037664,0.0690000057220459,0.7409999370574951
10,4,1,black_box,obj_pwldr,34637.37011052405,34637.39419797464,0.028999805450439453,1.5969998836517334
10,4,1,black_box,dr_pwldr,34696.105100894834,34926.65682519387,0.028999805450439453,1.5969998836517334
10,4,1,black_box,reopt_pwldr,33167.04575625979,33395.58543231862,0.028999805450439453,1.5969998836517334
10,4,1,local_search,obj_pwldr,34637.37011052405,34637.39419797464,0.028999805450439453,0.04199981689453125
10,4,1,local_search,dr_pwldr,34696.105100894834,34926.65682519387,0.028999805450439453,0.04199981689453125
10,4,1,local_search,reopt_pwldr,33167.04575625979,33395.58543231862,0.028999805450439453,0.04199981689453125
10,4,2,black_box,obj_pwldr,34841.85626819035,34626.49432113726,0.031000137329101562,1.9280002117156982
10,4,2,black_box,dr_pwldr,34903.86467042671,34915.084494917224,0.031000137329101562,1.9280002117156982
10,4,2,black_box,reopt_pwldr,32944.635760504345,33373.13136835142,0.031000137329101562,1.9280002117156982
10,4,2,local_search,obj_pwldr,34841.85626819035,34626.49432113726,0.031000137329101562,0.10899996757507324
10,4,2,local_search,dr_pwldr,34903.86467042671,34915.084494917224,0.031000137329101562,0.10899996757507324
10,4,2,local_search,reopt_pwldr,32944.635760504345,33373.13136835142,0.031000137329101562,0.10899996757507324
10,4,3,black_box,obj_pwldr,34629.65612040801,34624.50653905536,0.04699993133544922,2.741999864578247
10,4,3,black_box,dr_pwldr,34804.51818759435,34912.032052098366,0.04699993133544922,2.741999864578247
10,4,3,black_box,reopt_pwldr,27546.605659704564,33334.44659153377,0.04699993133544922,2.741999864578247
10,4,3,local_search,obj_pwldr,34629.65612040801,34623.733695876064,0.04699993133544922,0.22799992561340332
10,4,3,local_search,dr_pwldr,34804.51818759435,34913.462247224066,0.04699993133544922,0.22799992561340332
10,4,3,local_search,reopt_pwldr,27546.605659704564,33415.629733085385,0.04699993133544922,0.22799992561340332
10,4,4,black_box,obj_pwldr,34700.95058313092,34624.38301468397,0.037999868392944336,2.7089998722076416
10,4,4,black_box,dr_pwldr,35003.14453570579,34914.06574279882,0.037999868392944336,2.7089998722076416
10,4,4,black_box,reopt_pwldr,34050.869864362125,33424.27335016365,0.037999868392944336,2.7089998722076416
10,4,4,local_search,obj_pwldr,34700.95058313092,34624.38301468397,0.037999868392944336,0.21199989318847656
10,4,4,local_search,dr_pwldr,35003.14453570579,34914.06574279881,0.037999868392944336,0.21199989318847656
10,4,4,local_search,reopt_pwldr,34050.869864362125,33424.27335016365,0.037999868392944336,0.21199989318847656
10,4,5,black_box,obj_pwldr,34626.82320518767,34625.45038332473,0.18700003623962402,3.9539999961853027
10,4,5,black_box,dr_pwldr,34829.81615674403,34914.71234811045,0.18700003623962402,3.9539999961853027
10,4,5,black_box,reopt_pwldr,27546.605659704564,33407.29902747482,0.18700003623962402,3.9539999961853027
10,4,5,local_search,obj_pwldr,34626.82320518767,34625.45038332473,0.18700003623962402,0.25099992752075195
10,4,5,local_search,dr_pwldr,34829.81615674403,34914.71234811045,0.18700003623962402,0.25099992752075195
10,4,5,local_search,reopt_pwldr,27546.605659704564,33407.29902747482,0.18700003623962402,0.25099992752075195
10,4,6,black_box,obj_pwldr,34661.83754006379,34624.497909489684,0.05200004577636719,5.471999883651733
10,4,6,black_box,dr_pwldr,34713.71815537773,34915.543392105785,0.05200004577636719,5.471999883651733
10,4,6,black_box,reopt_pwldr,33521.460209883946,33475.349005009295,0.05200004577636719,5.471999883651733
10,4,6,local_search,obj_pwldr,34661.83754006379,34623.46510748813,0.05200004577636719,0.9940001964569092
10,4,6,local_search,dr_pwldr,34713.71815537773,34913.4646268009,0.05200004577636719,0.9940001964569092
10,4,6,local_search,reopt_pwldr,33521.460209883946,33431.49991295106,0.05200004577636719,0.9940001964569092
10,4,7,black_box,obj_pwldr,34625.37485503665,34624.362809869584,0.051999807357788086,3.9629998207092285
10,4,7,black_box,dr_pwldr,34683.79244806892,34913.87342225195,0.051999807357788086,3.9629998207092285
10,4,7,black_box,reopt_pwldr,33167.04575625979,33404.35197456031,0.051999807357788086,3.9629998207092285
10,4,7,local_search,obj_pwldr,34625.37485503665,34624.0163293089,0.051999807357788086,0.6970000267028809
10,4,7,local_search,dr_pwldr,34683.79244806892,34913.4632076316,0.051999807357788086,0.6970000267028809
10,4,7,local_search,reopt_pwldr,33167.04575625979,33402.23302985703,0.051999807357788086,0.6970000267028809
10,4,8,black_box,obj_pwldr,34646.57249043172,34623.90612449172,0.056999921798706055,4.562999963760376
10,4,8,black_box,dr_pwldr,34714.308883978665,34912.70671122408,0.056999921798706055,4.562999963760376
10,4,8,black_box,reopt_pwldr,32825.85956627264,33380.42409282044,0.056999921798706055,4.562999963760376
10,4,8,local_search,obj_pwldr,34646.57249043172,34623.8744218186,0.056999921798706055,0.49699997901916504
10,4,8,local_search,dr_pwldr,34714.308883978665,34913.57300861029,0.056999921798706055,0.49699997901916504
10,4,8,local_search,reopt_pwldr,32825.85956627264,33415.94852916031,0.056999921798706055,0.49699997901916504
10,4,9,black_box,obj_pwldr,34624.61718239153,34623.491354999474,0.05499982833862305,4.568000078201294
10,4,9,black_box,dr_pwldr,34913.7838849635,34912.58918023256,0.05499982833862305,4.568000078201294
10,4,9,black_box,reopt_pwldr,33403.024525479086,33392.44705720104,0.05499982833862305,4.568000078201294
10,4,9,local_search,obj_pwldr,34624.61718239153,34623.47590834734,0.05499982833862305,1.0190000534057617
10,4,9,local_search,dr_pwldr,34913.7838849635,34912.59267235623,0.05499982833862305,1.0190000534057617
10,4,9,local_search,reopt_pwldr,33403.024525479086,33393.09400345936,0.05499982833862305,1.0190000534057617
10,4,10,black_box,obj_pwldr,34639.278696924885,34623.40058496786,0.07700014114379883,5.489000082015991
10,4,10,black_box,dr_pwldr,34735.88299582689,34913.003356213725,0.07700014114379883,5.489000082015991
10,4,10,black_box,reopt_pwldr,27220.40311048118,33413.619656492505,0.07700014114379883,5.489000082015991
10,4,10,local_search,obj_pwldr,34639.278696924885,34623.40058496786,0.07700014114379883,0.6489999294281006
10,4,10,local_search,dr_pwldr,34735.88299582689,34913.003356213725,0.07700014114379883,0.6489999294281006
10,4,10,local_search,reopt_pwldr,27220.40311048118,33413.619656492505,0.07700014114379883,0.6489999294281006
11,1,1,black_box,obj_pwldr,33977.61668767577,33977.62037973976,0.023000001907348633,2.302999973297119
11,1,1,black_box,dr_pwldr,33833.63149329573,33703.65227322304,0.023000001907348633,2.302999973297119
11,1,1,black_box,reopt_pwldr,32397.719562398746,32113.548024544325,0.023000001907348633,2.302999973297119
11,1,1,local_search,obj_pwldr,33977.61668767577,33977.62037973976,0.023000001907348633,0.06500005722045898
11,1,1,local_search,dr_pwldr,33833.63149329573,33703.65227322304,0.023000001907348633,0.06500005722045898
11,1,1,local_search,reopt_pwldr,32397.719562398746,32113.548024544325,0.023000001907348633,0.06500005722045898
11,1,2,black_box,obj_pwldr,34044.21619845562,33977.623385189145,0.037000179290771484,4.686000108718872
11,1,2,black_box,dr_pwldr,33808.50723279377,33704.71649772084,0.037000179290771484,4.686000108718872
11,1,2,black_box,reopt_pwldr,26216.86045340879,32087.154992313204,0.037000179290771484,4.686000108718872
11,1,2,local_search,obj_pwldr,34044.21619845562,33977.623385189145,0.037000179290771484,0.21300005912780762
11,1,2,local_search,dr_pwldr,33808.50723279377,33704.71649772084,0.037000179290771484,0.21300005912780762
11,1,2,local_search,reopt_pwldr,26216.86045340879,32087.154992313204,0.037000179290771484,0.21300005912780762
11,1,3,black_box,obj_pwldr,33977.61668767577,33977.619203325274,0.059999942779541016,8.592000007629395
11,1,3,black_box,dr_pwldr,33833.63149329573,33703.73086624116,0.059999942779541016,8.592000007629395
11,1,3,black_box,reopt_pwldr,32397.719562398746,32111.58516391343,0.059999942779541016,8.592000007629395
11,1,3,local_search,obj_pwldr,33977.61668767577,33977.619203325274,0.059999942779541016,0.4849998950958252
11,1,3,local_search,dr_pwldr,33833.63149329573,33703.73086624117,0.059999942779541016,0.4849998950958252
11,1,3,local_search,reopt_pwldr,32397.719562398746,32111.58516391343,0.059999942779541016,0.4849998950958252
11,1,4,black_box,obj_pwldr,33993.06741061137,33977.61673302238,0.0820000171661377,11.472000122070312
11,1,4,black_box,dr_pwldr,33820.941502975154,33704.052674347746,0.0820000171661377,11.472000122070312
11,1,4,black_box,reopt_pwldr,31792.545171087717,32103.54800645403,0.0820000171661377,11.472000122070312
11,1,4,local_search,obj_pwldr,33993.06741061137,33977.61673302238,0.0820000171661377,0.8169999122619629
11,1,4,local_search,dr_pwldr,33820.941502975154,33704.052674347746,0.0820000171661377,0.8169999122619629
11,1,4,local_search,reopt_pwldr,31792.545171087717,32103.54800645403,0.0820000171661377,0.8169999122619629
11,1,5,black_box,obj_pwldr,33977.61668767576,33977.61774128617,0.09299993515014648,15.954999923706055
11,1,5,black_box,dr_pwldr,33749.11867065031,33704.34315347319,0.09299993515014648,15.954999923706055
11,1,5,black_box,reopt_pwldr,26625.280131361986,32096.29329029405,0.09299993515014648,15.954999923706055
11,1,5,local_search,obj_pwldr,33977.61668767576,33977.61774128617,0.09299993515014648,1.0960001945495605
11,1,5,local_search,dr_pwldr,33749.11867065031,33704.34315347319,0.09299993515014648,1.0960001945495605
11,1,5,local_search,reopt_pwldr,26625.280131361986,32096.29329029405,0.09299993515014648,1.0960001945495605
11,1,6,black_box,obj_pwldr,33984.2975976513,33977.61672415765,0.13700008392333984,20.41600012779236
11,1,6,black_box,dr_pwldr,33857.314103395984,33704.14734978322,0.13700008392333984,20.41600012779236
11,1,6,black_box,reopt_pwldr,32830.25098290501,32101.183487451814,0.13700008392333984,20.41600012779236
11,1,6,local_search,obj_pwldr,33984.2975976513,33977.61672415765,0.13700008392333984,1.9070000648498535
11,1,6,local_search,dr_pwldr,33857.314103395984,33704.14734978322,0.13700008392333984,1.9070000648498535
11,1,6,local_search,reopt_pwldr,32830.25098290501,32101.183487451814,0.13700008392333984,1.9070000648498535
11,1,7,black_box,obj_pwldr,33977.61668767577,33977.61719368797,0.17599987983703613,23.14400005340576
11,1,7,black_box,dr_pwldr,33813.24397808349,33704.26930321638,0.17599987983703613,23.14400005340576
11,1,7,black_box,reopt_pwldr,26817.472331898472,32098.13770045863,0.17599987983703613,23.14400005340576
11,1,7,local_search,obj_pwldr,33977.61668767577,33977.61719368797,0.17599987983703613,2.11899995803833
11,1,7,local_search,dr_pwldr,33813.24397808349,33704.26930321638,0.17599987983703613,2.11899995803833
11,1,7,local_search,reopt_pwldr,26817.472331898472,32098.13770045863,0.17599987983703613,2.11899995803833
11,1,8,black_box,obj_pwldr,33981.361876298295,33977.616804311016,0.16000008583068848,24.47099995613098
11,1,8,black_box,dr_pwldr,33850.8619016221,33704.18262690154,0.16000008583068848,24.47099995613098
11,1,8,black_box,reopt_pwldr,32734.132889459168,32100.3024414225,0.16000008583068848,24.47099995613098
11,1,8,local_search,obj_pwldr,33981.361876298295,33977.616804311016,0.16000008583068848,2.7320001125335693
11,1,8,local_search,dr_pwldr,33850.8619016221,33704.18262690154,0.16000008583068848,2.7320001125335693
11,1,8,local_search,reopt_pwldr,32734.132889459168,32100.3024414225,0.16000008583068848,2.7320001125335693
11,1,9,black_box,obj_pwldr,33977.61668767577,33977.61669271327,0.20599985122680664,29.526999950408936
11,1,9,black_box,dr_pwldr,33833.63149329573,33704.08594892452,0.20599985122680664,29.526999950408936
11,1,9,black_box,reopt_pwldr,32397.719562398746,32102.716973898085,0.20599985122680664,29.526999950408936
11,1,9,local_search,obj_pwldr,33977.61668767577,33977.61669271327,0.20599985122680664,3.4730000495910645
11,1,9,local_search,dr_pwldr,33833.63149329573,33704.08594892452,0.20599985122680664,3.4730000495910645
11,1,9,local_search,reopt_pwldr,32397.719562398746,32102.716973898085,0.20599985122680664,3.4730000495910645
11,1,10,black_box,obj_pwldr,33980.023990233516,33977.616688748574,0.19499993324279785,31.77999997138977
11,1,10,black_box,dr_pwldr,33823.71830168751,33704.09490711319,0.19499993324279785,31.77999997138977
11,1,10,black_box,reopt_pwldr,32122.47229480395,32102.493243136818,0.19499993324279785,31.77999997138977
11,1,10,local_search,obj_pwldr,33980.023990233516,33977.616688748574,0.19499993324279785,3.677999973297119
11,1,10,local_search,dr_pwldr,33823.71830168751,33704.09490711319,0.19499993324279785,3.677999973297119
11,1,10,local_search,reopt_pwldr,32122.47229480395,32102.493243136814,0.19499993324279785,3.677999973297119
11,2,1,black_box,obj_pwldr,33864.328885359246,33864.33703083963,0.01699995994567871,1.3379998207092285
11,2,1,black_box,dr_pwldr,33784.06665776099,33508.406723002416,0.01699995994567871,1.3379998207092285
11,2,1,black_box,reopt_pwldr,32397.719562398746,32108.791424372037,0.01699995994567871,1.3379998207092285
11,2,1,local_search,obj_pwldr,33864.328885359246,33864.33703083963,0.01699995994567871,0.03900003433227539
11,2,1,local_search,dr_pwldr,33784.06665776099,33508.406723002416,0.01699995994567871,0.03900003433227539
11,2,1,local_search,reopt_pwldr,32397.719562398746,32108.791424372037,0.01699995994567871,0.03900003433227539
11,2,2,black_box,obj_pwldr,34059.11801363661,33864.336387978816,0.0280001163482666,1.378999948501587
11,2,2,black_box,dr_pwldr,33920.57753094671,33508.40698462639,0.0280001163482666,1.378999948501587
11,2,2,black_box,reopt_pwldr,26216.86045340879,32108.530062042533,0.0280001163482666,1.378999948501587
11,2,2,local_search,obj_pwldr,34059.11801363661,33864.336387978816,0.0280001163482666,0.059999942779541016
11,2,2,local_search,dr_pwldr,33920.57753094671,33508.40698462639,0.0280001163482666,0.059999942779541016
11,2,2,local_search,reopt_pwldr,26216.86045340879,32108.530062042533,0.0280001163482666,0.059999942779541016
11,2,3,black_box,obj_pwldr,33864.32888535925,33864.32896445998,0.037000179290771484,1.63100004196167
11,2,3,black_box,dr_pwldr,33572.5430906947,33508.420153486855,0.037000179290771484,1.63100004196167
11,2,3,black_box,reopt_pwldr,26625.280131361986,32101.661975621355,0.037000179290771484,1.63100004196167
11,2,3,local_search,obj_pwldr,33864.32888535925,33864.32896445998,0.037000179290771484,0.09399986267089844
11,2,3,local_search,dr_pwldr,33572.5430906947,33508.420153486855,0.037000179290771484,0.09399986267089844
11,2,3,local_search,reopt_pwldr,26625.280131361986,32101.661975621355,0.037000179290771484,0.09399986267089844
11,2,4,black_box,obj_pwldr,33934.866092998396,33864.345405970016,0.04800009727478027,2.0799999237060547
11,2,4,black_box,dr_pwldr,33854.00903099265,33508.40396757399,0.04800009727478027,2.0799999237060547
11,2,4,black_box,reopt_pwldr,33003.26355110747,32111.54409742268,0.04800009727478027,2.0799999237060547
11,2,4,local_search,obj_pwldr,33934.866092998396,33864.345405970016,0.04800009727478027,0.14499998092651367
11,2,4,local_search,dr_pwldr,33854.00903099265,33508.40396757399,0.04800009727478027,0.14499998092651367
11,2,4,local_search,reopt_pwldr,33003.26355110747,32111.54409742268,0.04800009727478027,0.14499998092651367
11,2,5,black_box,obj_pwldr,33864.32888535923,33864.32981919044,0.04699993133544922,2.6549999713897705
11,2,5,black_box,dr_pwldr,33784.06665776098,33508.41289840579,0.04699993133544922,2.6549999713897705
11,2,5,black_box,reopt_pwldr,32397.719562398743,32104.498944492272,0.04699993133544922,2.6549999713897705
11,2,5,local_search,obj_pwldr,33864.32888535923,33864.32981919044,0.04699993133544922,0.21399998664855957
11,2,5,local_search,dr_pwldr,33784.06665776098,33508.41289840579,0.04699993133544922,0.21399998664855957
11,2,5,local_search,reopt_pwldr,32397.719562398743,32104.498944492272,0.04699993133544922,0.21399998664855957
11,2,6,black_box,obj_pwldr,33900.37585421887,33864.32904125055,0.03800010681152344,3.0269999504089355
11,2,6,black_box,dr_pwldr,33649.616576958404,33508.41550021155,0.03800010681152344,3.0269999504089355
11,2,6,black_box,reopt_pwldr,26535.137401323944,32103.199342528216,0.03800010681152344,3.0269999504089355
11,2,6,local_search,obj_pwldr,33900.37585421887,33864.32904125055,0.03800010681152344,0.2389998435974121
11,2,6,local_search,dr_pwldr,33649.616576958404,33508.41550021155,0.03800010681152344,0.2389998435974121
11,2,6,local_search,reopt_pwldr,26535.137401323944,32103.199342528216,0.03800010681152344,0.2389998435974121
11,2,7,black_box,obj_pwldr,33864.32888535923,33864.3291194822,0.04999995231628418,3.575000047683716
11,2,7,black_box,dr_pwldr,33784.06665776099,33508.41509489938,0.04999995231628418,3.575000047683716
11,2,7,black_box,reopt_pwldr,32397.719562398746,32103.40179593058,0.04999995231628418,3.575000047683716
11,2,7,local_search,obj_pwldr,33864.32888535923,33864.3291194822,0.04999995231628418,0.32200002670288086
11,2,7,local_search,dr_pwldr,33784.06665776099,33508.41509489938,0.04999995231628418,0.32200002670288086
11,2,7,local_search,reopt_pwldr,32397.719562398746,32103.40179593058,0.04999995231628418,0.32200002670288086
11,2,8,black_box,obj_pwldr,33886.14970435008,33864.32938992994,0.04900002479553223,3.9169998168945312
11,2,8,black_box,dr_pwldr,33803.22737184465,33508.42406023674,0.04900002479553223,3.9169998168945312
11,2,8,black_box,reopt_pwldr,32061.306235338314,32100.6862648132,0.04900002479553223,3.9169998168945312
11,2,8,local_search,obj_pwldr,33886.14970435008,33864.32938992994,0.04900002479553223,0.3970000743865967
11,2,8,local_search,dr_pwldr,33803.22737184465,33508.42406023674,0.04900002479553223,0.3970000743865967
11,2,8,local_search,reopt_pwldr,32061.306235338314,32100.6862648132,0.04900002479553223,0.3970000743865967
11,2,9,black_box,obj_pwldr,33864.32888535924,33864.329034964416,0.056999921798706055,4.574000120162964
11,2,9,black_box,dr_pwldr,33719.941350327776,33508.421114414305,0.056999921798706055,4.574000120162964
11,2,9,black_box,reopt_pwldr,26817.472331898472,32101.42198397604,0.056999921798706055,4.574000120162964
11,2,9,local_search,obj_pwldr,33864.32888535924,33864.32903496442,0.056999921798706055,0.4760000705718994
11,2,9,local_search,dr_pwldr,33719.941350327776,33508.421114414305,0.056999921798706055,0.4760000705718994
11,2,9,local_search,reopt_pwldr,26817.472331898472,32101.42198397604,0.056999921798706055,0.4760000705718994
11,2,10,black_box,obj_pwldr,33878.941173314546,33864.32997579274,0.06200003623962402,4.891000032424927
11,2,10,black_box,dr_pwldr,33796.65132518265,33508.42710041999,0.06200003623962402,4.891000032424927
11,2,10,black_box,reopt_pwldr,32122.47229480395,32099.926979058608,0.06200003623962402,4.891000032424927
11,2,10,local_search,obj_pwldr,33878.941173314546,33864.32997579274,0.06200003623962402,0.5779998302459717
11,2,10,local_search,dr_pwldr,33796.65132518265,33508.42710041999,0.06200003623962402,0.5779998302459717
11,2,10,local_search,reopt_pwldr,32122.47229480395,32099.926979058608,0.06200003623962402,0.5779998302459717
11,3,1,black_box,obj_pwldr,33950.043558491314,33947.22507490201,0.019999980926513672,1.4079999923706055
11,3,1,black_box,dr_pwldr,33843.636886520435,33607.21425802385,0.019999980926513672,1.4079999923706055
11,3,1,black_box,reopt_pwldr,32333.105605031877,32164.413164178844,0.019999980926513672,1.4079999923706055
11,3,1,local_search,obj_pwldr,33950.043558491314,33947.22507490201,0.019999980926513672,0.039999961853027344
11,3,1,local_search,dr_pwldr,33843.636886520435,33607.21425802385,0.019999980926513672,0.039999961853027344
11,3,1,local_search,reopt_pwldr,32333.105605031877,32164.413164178844,0.019999980926513672,0.039999961853027344
11,3,2,black_box,obj_pwldr,34091.54312784463,33923.46986657405,0.03299999237060547,1.9220001697540283
11,3,2,black_box,dr_pwldr,33760.973627193605,33584.15738788641,0.03299999237060547,1.9220001697540283
11,3,2,black_box,reopt_pwldr,27270.30717870639,31995.635204234837,0.03299999237060547,1.9220001697540283
11,3,2,local_search,obj_pwldr,34091.54312784463,33923.46986657405,0.03299999237060547,0.0709998607635498
11,3,2,local_search,dr_pwldr,33760.973627193605,33584.15738788641,0.03299999237060547,0.0709998607635498
11,3,2,local_search,reopt_pwldr,27270.30717870639,31995.635204234837,0.03299999237060547,0.0709998607635498
11,3,3,black_box,obj_pwldr,33924.474484510654,33920.909863902205,0.026000022888183594,1.873000144958496
11,3,3,black_box,dr_pwldr,33816.263521076326,33582.33620163875,0.026000022888183594,1.873000144958496
11,3,3,black_box,reopt_pwldr,32332.59430996191,31988.474436079134,0.026000022888183594,1.873000144958496
11,3,3,local_search,obj_pwldr,33924.474484510654,33919.01926452398,0.026000022888183594,0.5460000038146973
11,3,3,local_search,dr_pwldr,33816.263521076326,33579.93404821676,0.026000022888183594,0.5460000038146973
11,3,3,local_search,reopt_pwldr,32332.59430996191,31993.861828210946,0.026000022888183594,0.5460000038146973
11,3,4,black_box,obj_pwldr,33984.10863044095,33919.94528214205,0.03500008583068848,2.128999948501587
11,3,4,black_box,dr_pwldr,33882.71700811444,33579.76929226019,0.03500008583068848,2.128999948501587
11,3,4,black_box,reopt_pwldr,32931.143989575496,32063.918909900585,0.03500008583068848,2.128999948501587
11,3,4,local_search,obj_pwldr,33984.10863044095,33919.01384073108,0.03500008583068848,0.5440001487731934
11,3,4,local_search,dr_pwldr,33882.71700811444,33579.69913050553,0.03500008583068848,0.5440001487731934
11,3,4,local_search,reopt_pwldr,32931.143989575496,32006.748711035078,0.03500008583068848,0.5440001487731934
11,3,5,black_box,obj_pwldr,33919.630201874505,33919.14536889173,0.039999961853027344,2.492000102996826
11,3,5,black_box,dr_pwldr,33580.04417916941,33579.88751679103,0.039999961853027344,2.492000102996826
11,3,5,black_box,reopt_pwldr,32029.812859977596,32001.52778323926,0.039999961853027344,2.492000102996826
11,3,5,local_search,obj_pwldr,33919.630201874505,33919.11321424671,0.039999961853027344,0.2239999771118164
11,3,5,local_search,dr_pwldr,33580.04417916941,33579.065250465275,0.039999961853027344,0.2239999771118164
11,3,5,local_search,reopt_pwldr,32029.812859977596,32051.770051949952,0.039999961853027344,0.2239999771118164
11,3,6,black_box,obj_pwldr,33950.738963209056,33919.388642743914,0.03500008583068848,3.1459999084472656
11,3,6,black_box,dr_pwldr,33652.42545805166,33580.46813327569,0.03500008583068848,3.1459999084472656
11,3,6,black_box,reopt_pwldr,26844.877693225295,31992.351696099806,0.03500008583068848,3.1459999084472656
11,3,6,local_search,obj_pwldr,33950.738963209056,33918.986253837,0.03500008583068848,0.28600001335144043
11,3,6,local_search,dr_pwldr,33652.42545805166,33579.22182943227,0.03500008583068848,0.28600001335144043
11,3,6,local_search,reopt_pwldr,26844.877693225295,32036.11393290249,0.03500008583068848,0.28600001335144043
11,3,7,black_box,obj_pwldr,33920.498852371784,33918.95647426464,0.04800009727478027,3.2799999713897705
11,3,7,black_box,dr_pwldr,33813.20966862211,33579.0199418398,0.04800009727478027,3.2799999713897705
11,3,7,black_box,reopt_pwldr,32324.484967680284,32050.400824838813,0.04800009727478027,3.2799999713897705
11,3,7,local_search,obj_pwldr,33920.498852371784,33918.84103288313,0.04800009727478027,0.7939999103546143
11,3,7,local_search,dr_pwldr,33813.20966862211,33579.39684726956,0.04800009727478027,0.7939999103546143
11,3,7,local_search,reopt_pwldr,32324.484967680284,32013.455162246926,0.04800009727478027,0.7939999103546143
11,3,8,black_box,obj_pwldr,33937.567886258206,33919.19596365393,0.043000221252441406,3.5300002098083496
11,3,8,black_box,dr_pwldr,33806.58259768872,33579.819159860795,0.043000221252441406,3.5300002098083496
11,3,8,black_box,reopt_pwldr,26522.356612216896,32009.391428953695,0.043000221252441406,3.5300002098083496
11,3,8,local_search,obj_pwldr,33937.567886258206,33918.85902916385,0.043000221252441406,0.9840002059936523
11,3,8,local_search,dr_pwldr,33806.58259768872,33578.88132059756,0.043000221252441406,0.9840002059936523
11,3,8,local_search,reopt_pwldr,26522.356612216896,32044.77107876866,0.043000221252441406,0.9840002059936523
11,3,9,black_box,obj_pwldr,33919.18060706969,33918.76546079784,0.04700016975402832,3.807999849319458
11,3,9,black_box,dr_pwldr,33811.22590781167,33579.519090811526,0.04700016975402832,3.807999849319458
11,3,9,black_box,reopt_pwldr,32327.240016722302,32002.24184553827,0.04700016975402832,3.807999849319458
11,3,9,local_search,obj_pwldr,33919.18060706969,33918.741598483015,0.04700016975402832,0.4890000820159912
11,3,9,local_search,dr_pwldr,33811.22590781167,33578.915421059406,0.04700016975402832,0.4890000820159912
11,3,9,local_search,reopt_pwldr,32327.240016722302,32032.955271177252,0.04700016975402832,0.4890000820159912
11,3,10,black_box,obj_pwldr,33932.19278805964,33918.665976284035,0.05800008773803711,4.7809998989105225
11,3,10,black_box,dr_pwldr,33801.51023674716,33579.26665297493,0.05800008773803711,4.7809998989105225
11,3,10,black_box,reopt_pwldr,26562.62401793367,32014.467679302445,0.05800008773803711,4.7809998989105225
11,3,10,local_search,obj_pwldr,33932.19278805964,33918.664278001816,0.05800008773803711,0.7620000839233398
11,3,10,local_search,dr_pwldr,33801.51023674716,33578.757801456915,0.05800008773803711,0.7620000839233398
11,3,10,local_search,reopt_pwldr,26562.62401793367,32042.503242301802,0.05800008773803711,0.7620000839233398
11,4,1,black_box,obj_pwldr,33358.82486886624,33358.825810395974,0.020999908447265625,1.4649999141693115
11,4,1,black_box,dr_pwldr,33227.946986889634,32997.31909129819,0.020999908447265625,1.4649999141693115
11,4,1,black_box,reopt_pwldr,26817.472331898472,32100.67248172914,0.020999908447265625,1.4649999141693115
11,4,1,local_search,obj_pwldr,33358.82486886624,33358.825810395974,0.020999908447265625,0.053999900817871094
11,4,1,local_search,dr_pwldr,33227.946986889634,32997.31909129819,0.020999908447265625,0.053999900817871094
11,4,1,local_search,reopt_pwldr,26817.472331898472,32100.67248172914,0.020999908447265625,0.053999900817871094
11,4,2,black_box,obj_pwldr,33697.48457764179,33358.833127578386,0.0279998779296875,1.6389999389648438
11,4,2,black_box,dr_pwldr,33522.073017440154,32997.33257588411,0.0279998779296875,1.6389999389648438
11,4,2,black_box,reopt_pwldr,26073.532238457465,32097.47681699649,0.0279998779296875,1.6389999389648438
11,4,2,local_search,obj_pwldr,33697.48457764179,33358.833127578386,0.0279998779296875,0.08599996566772461
11,4,2,local_search,dr_pwldr,33522.073017440154,32997.33257588411,0.0279998779296875,0.08599996566772461
11,4,2,local_search,reopt_pwldr,26073.532238457465,32097.47681699649,0.0279998779296875,0.08599996566772461
11,4,3,black_box,obj_pwldr,33358.82486886624,33358.8386548321,0.056999921798706055,1.937000036239624
11,4,3,black_box,dr_pwldr,33248.334502101745,32997.339907642796,0.056999921798706055,1.937000036239624
11,4,3,black_box,reopt_pwldr,32397.719562398746,32096.0680019344,0.056999921798706055,1.937000036239624
11,4,3,local_search,obj_pwldr,33358.82486886624,33358.8386548321,0.056999921798706055,0.11299991607666016
11,4,3,local_search,dr_pwldr,33248.334502101745,32997.339907642796,0.056999921798706055,0.11299991607666016
11,4,3,local_search,reopt_pwldr,32397.719562398746,32096.0680019344,0.056999921798706055,0.11299991607666016
11,4,4,black_box,obj_pwldr,33485.66840637102,33358.831356668845,0.03600001335144043,2.2319998741149902
11,4,4,black_box,dr_pwldr,33199.18102520803,32997.30796148787,0.03600001335144043,2.2319998741149902
11,4,4,black_box,reopt_pwldr,26432.987043142002,32106.577769280284,0.03600001335144043,2.2319998741149902
11,4,4,local_search,obj_pwldr,33485.66840637102,33358.831356668845,0.03600001335144043,0.17600011825561523
11,4,4,local_search,dr_pwldr,33199.18102520803,32997.30796148787,0.03600001335144043,0.17600011825561523
11,4,4,local_search,reopt_pwldr,26432.987043142002,32106.57776928028,0.03600001335144043,0.17600011825561523
11,4,5,black_box,obj_pwldr,33358.82486886624,33358.82574370754,0.03699994087219238,2.5889999866485596
11,4,5,black_box,dr_pwldr,33248.334502101745,32997.310393868436,0.03699994087219238,2.5889999866485596
11,4,5,black_box,reopt_pwldr,32397.719562398746,32103.87180498936,0.03699994087219238,2.5889999866485596
11,4,5,local_search,obj_pwldr,33358.82486886624,33358.82574370754,0.03699994087219238,0.20300006866455078
11,4,5,local_search,dr_pwldr,33248.334502101745,32997.310393868436,0.03699994087219238,0.20300006866455078
11,4,5,local_search,reopt_pwldr,32397.719562398746,32103.87180498936,0.03699994087219238,0.20300006866455078
11,4,6,black_box,obj_pwldr,33424.27795964842,33358.82546568172,0.0409998893737793,2.935999870300293
11,4,6,black_box,dr_pwldr,33307.1880359761,32997.310941022326,0.0409998893737793,2.935999870300293
11,4,6,black_box,reopt_pwldr,31965.203768116582,32103.598501633092,0.0409998893737793,2.935999870300293
11,4,6,local_search,obj_pwldr,33424.27795964842,33358.82546568172,0.0409998893737793,0.28099989891052246
11,4,6,local_search,dr_pwldr,33307.1880359761,32997.310941022326,0.0409998893737793,0.28099989891052246
11,4,6,local_search,reopt_pwldr,31965.203768116582,32103.598501633092,0.0409998893737793,0.28099989891052246
11,4,7,black_box,obj_pwldr,33358.82486886624,33358.829824223605,0.04699993133544922,3.365000009536743
11,4,7,black_box,dr_pwldr,33248.334502101745,32997.327133161314,0.04699993133544922,3.365000009536743
11,4,7,black_box,reopt_pwldr,32397.719562398746,32098.564273024684,0.04699993133544922,3.365000009536743
11,4,7,local_search,obj_pwldr,33358.82486886624,33358.829824223605,0.04699993133544922,0.3100001811981201
11,4,7,local_search,dr_pwldr,33248.334502101745,32997.327133161314,0.04699993133544922,0.3100001811981201
11,4,7,local_search,reopt_pwldr,32397.719562398746,32098.564273024684,0.04699993133544922,0.3100001811981201
11,4,8,black_box,obj_pwldr,33398.60701757028,33358.825215066,0.05000019073486328,4.276000022888184
11,4,8,black_box,dr_pwldr,33123.12032029451,32997.31155996793,0.05000019073486328,4.276000022888184
11,4,8,black_box,reopt_pwldr,27059.44824673089,32103.289338304763,0.05000019073486328,4.276000022888184
11,4,8,local_search,obj_pwldr,33398.60701757028,33358.825215066,0.05000019073486328,0.38899993896484375
11,4,8,local_search,dr_pwldr,33123.12032029451,32997.31155996793,0.05000019073486328,0.38899993896484375
11,4,8,local_search,reopt_pwldr,27059.44824673089,32103.289338304763,0.05000019073486328,0.38899993896484375
11,4,9,black_box,obj_pwldr,33358.82486886625,33358.82566938002,0.04800009727478027,4.74399995803833
11,4,9,black_box,dr_pwldr,33017.70171450594,32997.31871010052,0.04800009727478027,4.74399995803833
11,4,9,black_box,reopt_pwldr,26625.280131361986,32100.79942056144,0.04800009727478027,4.74399995803833
11,4,9,local_search,obj_pwldr,33358.82486886625,33358.82566938002,0.04800009727478027,0.4930000305175781
11,4,9,local_search,dr_pwldr,33017.70171450594,32997.31871010052,0.04800009727478027,0.4930000305175781
11,4,9,local_search,reopt_pwldr,26625.280131361986,32100.79942056144,0.04800009727478027,0.4930000305175781
11,4,10,black_box,obj_pwldr,33385.51983016129,33358.82486924435,0.05200004577636719,5.031000137329102
11,4,10,black_box,dr_pwldr,33208.31341677772,32997.31429732816,0.05200004577636719,5.031000137329102
11,4,10,black_box,reopt_pwldr,26633.62367316599,32102.268873752004,0.05200004577636719,5.031000137329102
11,4,10,local_search,obj_pwldr,33385.51983016129,33358.82486924435,0.05200004577636719,0.621999979019165
11,4,10,local_search,dr_pwldr,33208.31341677772,32997.31429732816,0.05200004577636719,0.621999979019165
11,4,10,local_search,reopt_pwldr,26633.62367316599,32102.268873752,0.05200004577636719,0.621999979019165
12,1,1,black_box,obj_pwldr,34406.26317708945,34406.273732427144,0.01900005340576172,1.3479998111724854
12,1,1,black_box,dr_pwldr,34366.545390956475,34382.34070890766,0.01900005340576172,1.3479998111724854
12,1,1,black_box,reopt_pwldr,27257.903726283654,32772.45924717751,0.01900005340576172,1.3479998111724854
12,1,1,local_search,obj_pwldr,34406.26317708945,34406.273732427144,0.01900005340576172,0.0409998893737793
12,1,1,local_search,dr_pwldr,34366.545390956475,34382.34070890766,0.01900005340576172,0.0409998893737793
12,1,1,local_search,reopt_pwldr,27257.903726283654,32772.45924717751,0.01900005340576172,0.0409998893737793
12,1,2,black_box,obj_pwldr,34575.68320844693,34397.78578168269,0.026000022888183594,1.319000005722046
12,1,2,black_box,dr_pwldr,34562.326660326944,34373.12092689948,0.026000022888183594,1.319000005722046
12,1,2,black_box,reopt_pwldr,33776.848066022365,32834.60283277558,0.026000022888183594,1.319000005722046
12,1,2,local_search,obj_pwldr,34575.68320844693,34397.396814207204,0.026000022888183594,0.08700013160705566
12,1,2,local_search,dr_pwldr,34562.326660326944,34374.165562647446,0.026000022888183594,0.08700013160705566
12,1,2,local_search,reopt_pwldr,33776.848066022365,32729.064631008987,0.026000022888183594,0.08700013160705566
12,1,3,black_box,obj_pwldr,34397.57638161518,34394.52803227931,0.02499985694885254,1.6019999980926514
12,1,3,black_box,dr_pwldr,34358.66054409136,34370.17206408969,0.02499985694885254,1.6019999980926514
12,1,3,black_box,reopt_pwldr,27257.903726283654,32809.04901374565,0.02499985694885254,1.6019999980926514
12,1,3,local_search,obj_pwldr,34397.57638161518,34393.48229851705,0.02499985694885254,0.5460000038146973
12,1,3,local_search,dr_pwldr,34358.66054409136,34370.15864507142,0.02499985694885254,0.5460000038146973
12,1,3,local_search,reopt_pwldr,27257.903726283654,32730.01508725504,0.02499985694885254,0.5460000038146973
12,1,4,black_box,obj_pwldr,34457.774541380044,34394.35887525865,0.029999971389770508,2.124000072479248
12,1,4,black_box,dr_pwldr,34440.602307900095,34371.18390230534,0.029999971389770508,2.124000072479248
12,1,4,black_box,reopt_pwldr,33398.59613238121,32717.916253411106,0.029999971389770508,2.124000072479248
12,1,4,local_search,obj_pwldr,34457.774541380044,34393.948577096104,0.029999971389770508,0.15799999237060547
12,1,4,local_search,dr_pwldr,34440.602307900095,34369.95908540673,0.029999971389770508,0.15799999237060547
12,1,4,local_search,reopt_pwldr,33398.59613238121,32782.2595888189,0.029999971389770508,0.15799999237060547
12,1,5,black_box,obj_pwldr,34394.680783123775,34394.461220638645,0.032000064849853516,2.3329999446868896
12,1,5,black_box,dr_pwldr,34399.82086935552,34371.44661485295,0.032000064849853516,2.3329999446868896
12,1,5,black_box,reopt_pwldr,27257.903726283654,32690.83632089214,0.032000064849853516,2.3329999446868896
12,1,5,local_search,obj_pwldr,34394.680783123775,34393.389818743926,0.032000064849853516,0.497999906539917
12,1,5,local_search,dr_pwldr,34399.82086935552,34369.921099765124,0.032000064849853516,0.497999906539917
12,1,5,local_search,reopt_pwldr,27257.903726283654,32741.151498945695,0.032000064849853516,0.497999906539917
12,1,6,black_box,obj_pwldr,34425.70767678227,34393.876704346694,0.037999868392944336,2.7100000381469727
12,1,6,black_box,dr_pwldr,34397.42088444755,34370.475052252754,0.037999868392944336,2.7100000381469727
12,1,6,black_box,reopt_pwldr,33206.088648242774,32736.914435918734,0.037999868392944336,2.7100000381469727
12,1,6,local_search,obj_pwldr,34425.70767678227,34393.74485744829,0.037999868392944336,0.2590000629425049
12,1,6,local_search,dr_pwldr,34397.42088444755,34369.73375428448,0.037999868392944336,0.2590000629425049
12,1,6,local_search,reopt_pwldr,33206.088648242774,32782.89271266051,0.037999868392944336,0.2590000629425049
12,1,7,black_box,obj_pwldr,34393.23298387807,34393.43404560689,0.03900003433227539,3.068000078201294
12,1,7,black_box,dr_pwldr,34339.55700736318,34370.053116306946,0.03900003433227539,3.068000078201294
12,1,7,black_box,reopt_pwldr,27247.995298491824,32734.643911589657,0.03900003433227539,3.068000078201294
12,1,7,local_search,obj_pwldr,34393.23298387807,34393.26096374736,0.03900003433227539,0.3429999351501465
12,1,7,local_search,dr_pwldr,34339.55700736318,34369.349645896946,0.03900003433227539,0.3429999351501465
12,1,7,local_search,reopt_pwldr,27247.995298491824,32774.38342798217,0.03900003433227539,0.3429999351501465
12,1,8,black_box,obj_pwldr,34412.77912596261,34393.311768967884,0.05000019073486328,4.591000080108643
12,1,8,black_box,dr_pwldr,34392.31577773463,34369.40572070942,0.05000019073486328,4.591000080108643
12,1,8,black_box,reopt_pwldr,33142.8621616777,32772.18197643416,0.05000019073486328,4.591000080108643
12,1,8,local_search,obj_pwldr,34412.77912596261,34393.266498362675,0.05000019073486328,0.8999998569488525
12,1,8,local_search,dr_pwldr,34392.31577773463,34369.289515109274,0.05000019073486328,0.8999998569488525
12,1,8,local_search,reopt_pwldr,33142.8621616777,32775.20266442612,0.05000019073486328,0.8999998569488525
12,1,9,black_box,obj_pwldr,34393.75419160652,34393.29578660385,0.05900001525878906,4.858000040054321
12,1,9,black_box,dr_pwldr,34368.89006732321,34369.34954515461,0.05900001525878906,4.858000040054321
12,1,9,black_box,reopt_pwldr,32784.81148878384,32777.499435599,0.05900001525878906,4.858000040054321
12,1,9,local_search,obj_pwldr,34393.75419160652,34393.29578660385,0.05900001525878906,0.4720001220703125
12,1,9,local_search,dr_pwldr,34368.89006732321,34369.34954515461,0.05900001525878906,0.4720001220703125
12,1,9,local_search,reopt_pwldr,32784.81148878384,32777.499435599,0.05900001525878906,0.4720001220703125
12,1,10,black_box,obj_pwldr,34406.36911286298,34393.17547825126,0.06299996376037598,5.324000120162964
12,1,10,black_box,dr_pwldr,34384.541637616276,34369.04702564051,0.06299996376037598,5.324000120162964
12,1,10,black_box,reopt_pwldr,33077.56634405036,32788.05885510989,0.06299996376037598,5.324000120162964
12,1,10,local_search,obj_pwldr,34406.36911286298,34393.03437948047,0.06299996376037598,1.1349999904632568
12,1,10,local_search,dr_pwldr,34384.541637616276,34369.29166616938,0.06299996376037598,1.1349999904632568
12,1,10,local_search,reopt_pwldr,33077.56634405036,32759.227710370757,0.06299996376037598,1.1349999904632568
12,2,1,black_box,obj_pwldr,33932.51952710844,33932.52185404926,0.023000001907348633,1.6719999313354492
12,2,1,black_box,dr_pwldr,33935.114325406874,33880.722380259336,0.023000001907348633,1.6719999313354492
12,2,1,black_box,reopt_pwldr,32712.815475591648,32928.29490789983,0.023000001907348633,1.6719999313354492
12,2,1,local_search,obj_pwldr,33932.51952710844,33932.521854049264,0.023000001907348633,0.042999982833862305
12,2,1,local_search,dr_pwldr,33935.114325406874,33880.722380259336,0.023000001907348633,0.042999982833862305
12,2,1,local_search,reopt_pwldr,32712.815475591648,32928.29490789983,0.023000001907348633,0.042999982833862305
12,2,2,black_box,obj_pwldr,34270.64499963769,33926.71648753668,0.0280001163482666,1.7769999504089355
12,2,2,black_box,dr_pwldr,34258.69842775582,33876.50324223642,0.0280001163482666,1.7769999504089355
12,2,2,black_box,reopt_pwldr,33719.8517374884,32898.576152370355,0.0280001163482666,1.7769999504089355
12,2,2,local_search,obj_pwldr,34270.64499963769,33926.11084585161,0.0280001163482666,0.12599992752075195
12,2,2,local_search,dr_pwldr,34258.69842775582,33873.3217527506,0.0280001163482666,0.12599992752075195
12,2,2,local_search,reopt_pwldr,33719.8517374884,32801.955870985475,0.0280001163482666,0.12599992752075195
12,2,3,black_box,obj_pwldr,33932.51952710843,33927.38548477481,0.053999900817871094,2.1750001907348633
12,2,3,black_box,dr_pwldr,33921.11259669758,33875.526741993854,0.053999900817871094,2.1750001907348633
12,2,3,black_box,reopt_pwldr,27187.855026898622,32831.325286191415,0.053999900817871094,2.1750001907348633
12,2,3,local_search,obj_pwldr,33932.51952710843,33927.38548477481,0.053999900817871094,0.11299991607666016
12,2,3,local_search,dr_pwldr,33921.11259669758,33875.526741993854,0.053999900817871094,0.11299991607666016
12,2,3,local_search,reopt_pwldr,27187.855026898622,32831.325286191415,0.053999900817871094,0.11299991607666016
12,2,4,black_box,obj_pwldr,34054.36970544717,33925.455687870985,0.034999847412109375,2.364000082015991
12,2,4,black_box,dr_pwldr,34027.46599225346,33873.411209132224,0.034999847412109375,2.364000082015991
12,2,4,black_box,reopt_pwldr,29998.26557340031,32829.303251784535,0.034999847412109375,2.364000082015991
12,2,4,local_search,obj_pwldr,34054.36970544717,33925.45568787098,0.034999847412109375,0.27300000190734863
12,2,4,local_search,dr_pwldr,34027.46599225346,33873.411209132224,0.034999847412109375,0.27300000190734863
12,2,4,local_search,reopt_pwldr,29998.26557340031,32829.303251784535,0.034999847412109375,0.27300000190734863
12,2,5,black_box,obj_pwldr,33925.639649933946,33925.30513949151,0.03600001335144043,2.81499981880188
12,2,5,black_box,dr_pwldr,33927.942246408136,33874.26025283482,0.03600001335144043,2.81499981880188
12,2,5,black_box,reopt_pwldr,32712.815475591648,32871.0104503039,0.03600001335144043,2.81499981880188
12,2,5,local_search,obj_pwldr,33925.639649933946,33925.30513949151,0.03600001335144043,0.19900012016296387
12,2,5,local_search,dr_pwldr,33927.942246408136,33874.26025283482,0.03600001335144043,0.19900012016296387
12,2,5,local_search,reopt_pwldr,32712.815475591648,32871.0104503039,0.03600001335144043,0.19900012016296387
12,2,6,black_box,obj_pwldr,33990.560386040284,33925.31989726793,0.039999961853027344,3.078000068664551
12,2,6,black_box,dr_pwldr,33964.546982614556,33874.105367282275,0.039999961853027344,3.078000068664551
12,2,6,black_box,reopt_pwldr,29505.00000238616,32869.57503835264,0.039999961853027344,3.078000068664551
12,2,6,local_search,obj_pwldr,33990.560386040284,33925.31989726793,0.039999961853027344,0.24899983406066895
12,2,6,local_search,dr_pwldr,33964.546982614556,33874.105367282275,0.039999961853027344,0.24899983406066895
12,2,6,local_search,reopt_pwldr,29505.00000238616,32869.57503835264,0.039999961853027344,0.24899983406066895
12,2,7,black_box,obj_pwldr,33925.342981739304,33925.21315364313,0.04800009727478027,3.5
12,2,7,black_box,dr_pwldr,33913.90903900888,33873.833850257535,0.04800009727478027,3.5
12,2,7,black_box,reopt_pwldr,27187.855026898622,32858.59434290836,0.04800009727478027,3.5
12,2,7,local_search,obj_pwldr,33925.342981739304,33925.21315364313,0.04800009727478027,0.30900001525878906
12,2,7,local_search,dr_pwldr,33913.90903900888,33873.833850257535,0.04800009727478027,0.30900001525878906
12,2,7,local_search,reopt_pwldr,27187.855026898622,32858.59434290836,0.04800009727478027,0.30900001525878906
12,2,8,black_box,obj_pwldr,33965.38735520598,33925.25716344953,0.04999995231628418,3.947000026702881
12,2,8,black_box,dr_pwldr,33960.208143277545,33873.513289631104,0.04999995231628418,3.947000026702881
12,2,8,black_box,reopt_pwldr,33048.362227442034,32842.426586462025,0.04999995231628418,3.947000026702881
12,2,8,local_search,obj_pwldr,33965.38735520598,33925.25716344953,0.04999995231628418,0.4219999313354492
12,2,8,local_search,dr_pwldr,33960.208143277545,33873.51328963111,0.04999995231628418,0.4219999313354492
12,2,8,local_search,reopt_pwldr,33048.362227442034,32842.426586462025,0.04999995231628418,0.4219999313354492
12,2,9,black_box,obj_pwldr,33926.047676569186,33925.35261652135,0.05299997329711914,4.76200008392334
12,2,9,black_box,dr_pwldr,33897.6680369283,33873.57884367489,0.05299997329711914,4.76200008392334
12,2,9,black_box,reopt_pwldr,26445.171590500177,32847.822141589924,0.05299997329711914,4.76200008392334
12,2,9,local_search,obj_pwldr,33926.047676569186,33925.35261652135,0.05299997329711914,0.564000129699707
12,2,9,local_search,dr_pwldr,33897.6680369283,33873.57884367489,0.05299997329711914,0.564000129699707
12,2,9,local_search,reopt_pwldr,26445.171590500177,32847.822141589924,0.05299997329711914,0.564000129699707
12,2,10,black_box,obj_pwldr,33952.99946004451,33925.259870753514,0.0709998607635498,5.382000207901001
12,2,10,black_box,dr_pwldr,33961.60962239617,33873.863524688866,0.0709998607635498,5.382000207901001
12,2,10,black_box,reopt_pwldr,32438.33131757794,32855.09911731638,0.0709998607635498,5.382000207901001
12,2,10,local_search,obj_pwldr,33952.99946004451,33925.259870753514,0.0709998607635498,0.6830000877380371
12,2,10,local_search,dr_pwldr,33961.60962239617,33873.863524688866,0.0709998607635498,0.6830000877380371
12,2,10,local_search,reopt_pwldr,32438.33131757794,32855.09911731638,0.0709998607635498,0.6830000877380371
12,3,1,black_box,obj_pwldr,34550.33520080841,34550.33527827235,0.020999908447265625,2.07099986076355
12,3,1,black_box,dr_pwldr,34504.45301457527,34520.47632865216,0.020999908447265625,2.07099986076355
12,3,1,black_box,reopt_pwldr,27453.077130926642,32932.48174962309,0.020999908447265625,2.07099986076355
12,3,1,local_search,obj_pwldr,34550.33520080841,34550.33527827235,0.020999908447265625,0.037999868392944336
12,3,1,local_search,dr_pwldr,34504.45301457527,34520.47632865216,0.020999908447265625,0.037999868392944336
12,3,1,local_search,reopt_pwldr,27453.077130926642,32932.48174962309,0.020999908447265625,0.037999868392944336
12,3,2,black_box,obj_pwldr,34603.45679210523,34524.9972249051,0.037000179290771484,4.449999809265137
12,3,2,black_box,dr_pwldr,34618.9048184285,34495.098885055464,0.037000179290771484,4.449999809265137
12,3,2,black_box,reopt_pwldr,26579.558122402785,32910.994887153596,0.037000179290771484,4.449999809265137
12,3,2,local_search,obj_pwldr,34603.45679210523,34524.9972249051,0.037000179290771484,0.19099998474121094
12,3,2,local_search,dr_pwldr,34618.9048184285,34495.098885055464,0.037000179290771484,0.19099998474121094
12,3,2,local_search,reopt_pwldr,26579.558122402785,32910.994887153596,0.037000179290771484,0.19099998474121094
12,3,3,black_box,obj_pwldr,34525.95938010319,34525.14896004547,0.053999900817871094,7.072000026702881
12,3,3,black_box,dr_pwldr,34505.44014082015,34494.6486839691,0.053999900817871094,7.072000026702881
12,3,3,black_box,reopt_pwldr,32678.73148819002,32830.10487786432,0.053999900817871094,7.072000026702881
12,3,3,local_search,obj_pwldr,34525.95938010319,34525.12430168305,0.053999900817871094,0.5390000343322754
12,3,3,local_search,dr_pwldr,34505.44014082015,34495.20451086823,0.053999900817871094,0.5390000343322754
12,3,3,local_search,reopt_pwldr,32678.73148819002,32909.0088604997,0.053999900817871094,0.5390000343322754
12,3,4,black_box,obj_pwldr,34540.65402361842,34525.33017534949,0.07500004768371582,11.90499997138977
12,3,4,black_box,dr_pwldr,34527.20065721296,34494.491449248475,0.07500004768371582,11.90499997138977
12,3,4,black_box,reopt_pwldr,32079.363308879474,32788.01995933313,0.07500004768371582,11.90499997138977
12,3,4,local_search,obj_pwldr,34540.65402361842,34525.02578733413,0.07500004768371582,1.749000072479248
12,3,4,local_search,dr_pwldr,34527.20065721296,34495.094272193484,0.07500004768371582,1.749000072479248
12,3,4,local_search,reopt_pwldr,32079.363308879474,32906.67440866226,0.07500004768371582,1.749000072479248
12,3,5,black_box,obj_pwldr,34527.024166686904,34525.00774989309,0.12199997901916504,15.269999980926514
12,3,5,black_box,dr_pwldr,34500.78663834992,34494.76169714261,0.12199997901916504,15.269999980926514
12,3,5,black_box,reopt_pwldr,31181.041212889806,32866.85065376031,0.12199997901916504,15.269999980926514
12,3,5,local_search,obj_pwldr,34527.024166686904,34525.00112615887,0.12199997901916504,1.7699999809265137
12,3,5,local_search,dr_pwldr,34500.78663834992,34495.15995167187,0.12199997901916504,1.7699999809265137
12,3,5,local_search,reopt_pwldr,31181.041212889806,32917.37738994899,0.12199997901916504,1.7699999809265137
12,3,6,black_box,obj_pwldr,34535.88177760862,34525.03642781099,0.1119999885559082,19.47699999809265
12,3,6,black_box,dr_pwldr,34530.873653626586,34495.3611095537,0.1119999885559082,19.47699999809265
12,3,6,black_box,reopt_pwldr,28692.260398337014,32937.62607639627,0.1119999885559082,19.47699999809265
12,3,6,local_search,obj_pwldr,34535.88177760862,34524.987941332474,0.1119999885559082,2.374000072479248
12,3,6,local_search,dr_pwldr,34530.873653626586,34494.967880248376,0.1119999885559082,2.374000072479248
12,3,6,local_search,reopt_pwldr,28692.260398337014,32894.97151406397,0.1119999885559082,2.374000072479248
12,3,7,black_box,obj_pwldr,34525.95938010319,34524.98906944576,0.14899992942810059,23.61300015449524
12,3,7,black_box,dr_pwldr,34505.44014082015,34494.87414654011,0.14899992942810059,23.61300015449524
12,3,7,black_box,reopt_pwldr,32678.73148819002,32883.58734848568,0.14899992942810059,23.61300015449524
12,3,7,local_search,obj_pwldr,34525.95938010319,34524.98906944576,0.14899992942810059,2.80400013923645
12,3,7,local_search,dr_pwldr,34505.44014082015,34494.87414654011,0.14899992942810059,2.80400013923645
12,3,7,local_search,reopt_pwldr,32678.73148819002,32883.58734848568,0.14899992942810059,2.80400013923645
12,3,8,black_box,obj_pwldr,34528.746556972146,34525.0008623187,0.18700003623962402,27.430999994277954
12,3,8,black_box,dr_pwldr,34511.98919038007,34495.17862889393,0.18700003623962402,27.430999994277954
12,3,8,black_box,reopt_pwldr,32345.37421465602,32919.353760134545,0.18700003623962402,27.430999994277954
12,3,8,local_search,obj_pwldr,34528.746556972146,34524.987527653975,0.18700003623962402,3.7219998836517334
12,3,8,local_search,dr_pwldr,34511.98919038007,34494.895731854616,0.18700003623962402,3.7219998836517334
12,3,8,local_search,reopt_pwldr,32345.37421465602,32886.274480426946,0.18700003623962402,3.7219998836517334
12,3,9,black_box,obj_pwldr,34525.2276742236,34525.0024724812,0.17300009727478027,27.49399995803833
12,3,9,black_box,dr_pwldr,34504.75506967968,34495.09505233128,0.17300009727478027,27.49399995803833
12,3,9,black_box,reopt_pwldr,32682.96359303264,32910.117542895794,0.17300009727478027,27.49399995803833
12,3,9,local_search,obj_pwldr,34525.2276742236,34524.98908084418,0.17300009727478027,6.454000234603882
12,3,9,local_search,dr_pwldr,34504.75506967968,34495.07995765396,0.17300009727478027,6.454000234603882
12,3,9,local_search,reopt_pwldr,32682.96359303264,32909.424207512304,0.17300009727478027,6.454000234603882
12,3,10,black_box,obj_pwldr,34528.40940474508,34525.01509696127,0.19000005722045898,30.051000118255615
12,3,10,black_box,dr_pwldr,34535.2069937869,34495.123657432676,0.19000005722045898,30.051000118255615
12,3,10,black_box,reopt_pwldr,26292.56791574136,32911.45259652627,0.19000005722045898,30.051000118255615
12,3,10,local_search,obj_pwldr,34528.40940474508,34524.98658559667,0.19000005722045898,9.210000038146973
12,3,10,local_search,dr_pwldr,34535.2069937869,34494.88424739287,0.19000005722045898,9.210000038146973
12,3,10,local_search,reopt_pwldr,26292.56791574136,32884.95910507513,0.19000005722045898,9.210000038146973
12,4,1,black_box,obj_pwldr,34404.87992514592,34403.621783141985,0.0280001163482666,1.312999963760376
12,4,1,black_box,dr_pwldr,34340.766990118085,34369.12553702506,0.0280001163482666,1.312999963760376
12,4,1,black_box,reopt_pwldr,27211.17745288995,32801.50972250803,0.0280001163482666,1.312999963760376
12,4,1,local_search,obj_pwldr,34404.87992514592,34403.621783141985,0.0280001163482666,0.03399991989135742
12,4,1,local_search,dr_pwldr,34340.766990118085,34369.12553702506,0.0280001163482666,0.03399991989135742
12,4,1,local_search,reopt_pwldr,27211.17745288995,32801.50972250803,0.0280001163482666,0.03399991989135742
12,4,2,black_box,obj_pwldr,34582.21891087225,34388.31792244036,0.040000200271606445,1.2940001487731934
12,4,2,black_box,dr_pwldr,34554.70397304683,34354.21107767213,0.040000200271606445,1.2940001487731934
12,4,2,black_box,reopt_pwldr,33777.23115583275,32756.000160265772,0.040000200271606445,1.2940001487731934
12,4,2,local_search,obj_pwldr,34582.21891087225,34388.31792244036,0.040000200271606445,0.06299996376037598
12,4,2,local_search,dr_pwldr,34554.70397304683,34354.21107767213,0.040000200271606445,0.06299996376037598
12,4,2,local_search,reopt_pwldr,33777.23115583275,32756.000160265772,0.040000200271606445,0.06299996376037598
12,4,3,black_box,obj_pwldr,34390.416648797756,34386.4239968603,0.02200007438659668,1.6059999465942383
12,4,3,black_box,dr_pwldr,34352.089535963285,34352.67645637163,0.02200007438659668,1.6059999465942383
12,4,3,black_box,reopt_pwldr,27222.089001363962,32615.88228150019,0.02200007438659668,1.6059999465942383
12,4,3,local_search,obj_pwldr,34390.416648797756,34379.44558162288,0.02200007438659668,0.34999990463256836
12,4,3,local_search,dr_pwldr,34352.089535963285,34345.71739240342,0.02200007438659668,0.34999990463256836
12,4,3,local_search,reopt_pwldr,27222.089001363962,32780.34783600221,0.02200007438659668,0.34999990463256836
12,4,4,black_box,obj_pwldr,34461.326763137105,34378.33097532739,0.034999847412109375,1.9490001201629639
12,4,4,black_box,dr_pwldr,34446.50916309633,34344.83932002652,0.034999847412109375,1.9490001201629639
12,4,4,black_box,reopt_pwldr,28960.732265431634,32799.655383467194,0.034999847412109375,1.9490001201629639
12,4,4,local_search,obj_pwldr,34461.326763137105,34378.33097532739,0.034999847412109375,0.14100003242492676
12,4,4,local_search,dr_pwldr,34446.50916309633,34344.83932002652,0.034999847412109375,0.14100003242492676
12,4,4,local_search,reopt_pwldr,28960.732265431634,32799.655383467194,0.034999847412109375,0.14100003242492676
12,4,5,black_box,obj_pwldr,34383.99271945031,34378.71441005817,0.03299999237060547,2.2960000038146973
12,4,5,black_box,dr_pwldr,34360.01897361666,34345.12423754921,0.03299999237060547,2.2960000038146973
12,4,5,black_box,reopt_pwldr,32729.505862775215,32810.38328353501,0.03299999237060547,2.2960000038146973
12,4,5,local_search,obj_pwldr,34383.99271945031,34378.16376347049,0.03299999237060547,0.38699984550476074
12,4,5,local_search,dr_pwldr,34360.01897361666,34344.77395018947,0.03299999237060547,0.38699984550476074
12,4,5,local_search,reopt_pwldr,32729.505862775215,32750.412876381917,0.03299999237060547,0.38699984550476074
12,4,6,black_box,obj_pwldr,34417.3346910071,34379.07303379021,0.03600001335144043,2.680000066757202
12,4,6,black_box,dr_pwldr,34383.55633201079,34345.42240135818,0.03600001335144043,2.680000066757202
12,4,6,black_box,reopt_pwldr,33220.11401077341,32832.70777590354,0.03600001335144043,2.680000066757202
12,4,6,local_search,obj_pwldr,34417.3346910071,34378.38369084156,0.03600001335144043,0.30699992179870605
12,4,6,local_search,dr_pwldr,34383.55633201079,34344.88266528974,0.03600001335144043,0.30699992179870605
12,4,6,local_search,reopt_pwldr,33220.11401077341,32785.65245696176,0.03600001335144043,0.30699992179870605
12,4,7,black_box,obj_pwldr,34380.51883458686,34378.958579218095,0.03800010681152344,3.442000150680542
12,4,7,black_box,dr_pwldr,34340.538046542926,34345.407627279834,0.03800010681152344,3.442000150680542
12,4,7,black_box,reopt_pwldr,29093.284005163336,32815.32999301008,0.03800010681152344,3.442000150680542
12,4,7,local_search,obj_pwldr,34380.51883458686,34378.53432410899,0.03800010681152344,0.440000057220459
12,4,7,local_search,dr_pwldr,34340.538046542926,34345.10998429833,0.03800010681152344,0.440000057220459
12,4,7,local_search,reopt_pwldr,29093.284005163336,32774.25867380205,0.03800010681152344,0.440000057220459
12,4,8,black_box,obj_pwldr,34400.181072713254,34378.365231354204,0.05200004577636719,3.8370001316070557
12,4,8,black_box,dr_pwldr,34359.441771699334,34345.010790601846,0.05200004577636719,3.8370001316070557
12,4,8,black_box,reopt_pwldr,29341.99440771481,32766.23998711076,0.05200004577636719,3.8370001316070557
12,4,8,local_search,obj_pwldr,34400.181072713254,34378.208228733536,0.05200004577636719,0.6489999294281006
12,4,8,local_search,dr_pwldr,34359.441771699334,34344.825007509215,0.05200004577636719,0.6489999294281006
12,4,8,local_search,reopt_pwldr,29341.99440771481,32762.306048489394,0.05200004577636719,0.6489999294281006
12,4,9,black_box,obj_pwldr,34378.34930288529,34378.12129057769,0.04499983787536621,4.266999959945679
12,4,9,black_box,dr_pwldr,34346.755842389524,34344.71276724866,0.04499983787536621,4.266999959945679
12,4,9,black_box,reopt_pwldr,30632.666349498188,32756.725578245903,0.04499983787536621,4.266999959945679
12,4,9,local_search,obj_pwldr,34378.34930288529,34378.11630218631,0.04499983787536621,0.6210000514984131
12,4,9,local_search,dr_pwldr,34346.755842389524,34344.61293624027,0.04499983787536621,0.6210000514984131
12,4,9,local_search,reopt_pwldr,30632.666349498188,32789.6631342627,0.04499983787536621,0.6210000514984131
12,4,10,black_box,obj_pwldr,34393.567998933635,34378.32152376004,0.04999995231628418,4.544000148773193
12,4,10,black_box,dr_pwldr,34377.33942553735,34344.745564082514,0.04999995231628418,4.544000148773193
12,4,10,black_box,reopt_pwldr,29114.935013637125,32798.76094910915,0.04999995231628418,4.544000148773193
12,4,10,local_search,obj_pwldr,34393.567998933635,34378.12743164171,0.04999995231628418,0.6500000953674316
12,4,10,local_search,dr_pwldr,34377.33942553735,34344.622904464486,0.04999995231628418,0.6500000953674316
12,4,10,local_search,reopt_pwldr,29114.935013637125,32769.00911240629,0.04999995231628418,0.6500000953674316
13,1,1,black_box,obj_pwldr,35724.65994937625,35724.646248940175,0.015999794006347656,1.1800000667572021
13,1,1,black_box,dr_pwldr,35723.14743096022,35845.58955399989,0.015999794006347656,1.1800000667572021
13,1,1,black_box,reopt_pwldr,34757.19891099055,34871.08818689593,0.015999794006347656,1.1800000667572021
13,1,1,local_search,obj_pwldr,35724.65994937625,35724.646248940175,0.015999794006347656,0.04900002479553223
13,1,1,local_search,dr_pwldr,35723.14743096022,35845.58955399989,0.015999794006347656,0.04900002479553223
13,1,1,local_search,reopt_pwldr,34757.19891099055,34871.08818689593,0.015999794006347656,0.04900002479553223
13,1,2,black_box,obj_pwldr,36095.84137967844,35720.39591435908,0.023000001907348633,1.253999948501587
13,1,2,black_box,dr_pwldr,36110.78649827864,35841.18161662902,0.023000001907348633,1.253999948501587
13,1,2,black_box,reopt_pwldr,35871.74719566139,34857.92158708925,0.023000001907348633,1.253999948501587
13,1,2,local_search,obj_pwldr,36095.84137967844,35720.39591435908,0.023000001907348633,0.06399989128112793
13,1,2,local_search,dr_pwldr,36110.78649827864,35841.18161662902,0.023000001907348633,0.06399989128112793
13,1,2,local_search,reopt_pwldr,35871.74719566139,34857.92158708925,0.023000001907348633,0.06399989128112793
13,1,3,black_box,obj_pwldr,35723.18823747673,35720.063060429806,0.0279998779296875,1.5570001602172852
13,1,3,black_box,dr_pwldr,35721.26746254413,35840.16451013806,0.0279998779296875,1.5570001602172852
13,1,3,black_box,reopt_pwldr,34755.318942574486,34808.07728449204,0.0279998779296875,1.5570001602172852
13,1,3,local_search,obj_pwldr,35723.18823747673,35720.063060429806,0.0279998779296875,0.09299993515014648
13,1,3,local_search,dr_pwldr,35721.26746254413,35840.16451013806,0.0279998779296875,0.09299993515014648
13,1,3,local_search,reopt_pwldr,34755.318942574486,34808.07728449204,0.0279998779296875,0.09299993515014648
13,1,4,black_box,obj_pwldr,35860.79718802791,35720.34970415903,0.032000064849853516,1.8889999389648438
13,1,4,black_box,dr_pwldr,35968.77600240099,35840.46228081685,0.032000064849853516,1.8889999389648438
13,1,4,black_box,reopt_pwldr,29174.28299996882,34807.827528379734,0.032000064849853516,1.8889999389648438
13,1,4,local_search,obj_pwldr,35860.79718802791,35720.34970415903,0.032000064849853516,0.12199997901916504
13,1,4,local_search,dr_pwldr,35968.77600240099,35840.46228081685,0.032000064849853516,0.12199997901916504
13,1,4,local_search,reopt_pwldr,29174.28299996882,34807.827528379734,0.032000064849853516,0.12199997901916504
13,1,5,black_box,obj_pwldr,35720.31851629751,35720.06170982758,0.032000064849853516,2.2829999923706055
13,1,5,black_box,dr_pwldr,35718.599827484315,35840.12901701853,0.032000064849853516,2.2829999923706055
13,1,5,black_box,reopt_pwldr,34752.65130751461,34806.35084578165,0.032000064849853516,2.2829999923706055
13,1,5,local_search,obj_pwldr,35720.31851629751,35720.06170982758,0.032000064849853516,0.17999982833862305
13,1,5,local_search,dr_pwldr,35718.599827484315,35840.12901701853,0.032000064849853516,0.17999982833862305
13,1,5,local_search,reopt_pwldr,34752.65130751461,34806.35084578165,0.032000064849853516,0.17999982833862305
13,1,6,black_box,obj_pwldr,35793.385285094955,35719.95621697398,0.03699994087219238,2.640000104904175
13,1,6,black_box,dr_pwldr,35796.41015004342,35840.24874378494,0.03699994087219238,2.640000104904175
13,1,6,black_box,reopt_pwldr,35232.95460408734,34818.70570754465,0.03699994087219238,2.640000104904175
13,1,6,local_search,obj_pwldr,35793.385285094955,35719.95621697398,0.03699994087219238,0.22899985313415527
13,1,6,local_search,dr_pwldr,35796.41015004342,35840.248743784934,0.03699994087219238,0.22899985313415527
13,1,6,local_search,reopt_pwldr,35232.95460408734,34818.70570754465,0.03699994087219238,0.22899985313415527
13,1,7,black_box,obj_pwldr,35719.94623174626,35720.01222930741,0.04200005531311035,3.0840001106262207
13,1,7,black_box,dr_pwldr,35718.33401801646,35840.13807284708,0.04200005531311035,3.0840001106262207
13,1,7,black_box,reopt_pwldr,34752.385498046766,34809.60934936185,0.04200005531311035,3.0840001106262207
13,1,7,local_search,obj_pwldr,35719.94623174626,35720.01222930742,0.04200005531311035,0.2909998893737793
13,1,7,local_search,dr_pwldr,35718.33401801646,35840.13807284709,0.04200005531311035,0.2909998893737793
13,1,7,local_search,reopt_pwldr,34752.385498046766,34809.60934936184,0.04200005531311035,0.2909998893737793
13,1,8,black_box,obj_pwldr,35764.43095720994,35719.97310341448,0.03900003433227539,3.5980000495910645
13,1,8,black_box,dr_pwldr,35876.24287145574,35840.47655350426,0.03900003433227539,3.5980000495910645
13,1,8,black_box,reopt_pwldr,28463.450308972147,34830.92759920881,0.03900003433227539,3.5980000495910645
13,1,8,local_search,obj_pwldr,35764.43095720994,35719.97310341448,0.03900003433227539,0.37000012397766113
13,1,8,local_search,dr_pwldr,35876.24287145574,35840.47655350427,0.03900003433227539,0.37000012397766113
13,1,8,local_search,reopt_pwldr,28463.450308972147,34830.92759920881,0.03900003433227539,0.37000012397766113
13,1,9,black_box,obj_pwldr,35720.14671449691,35719.97435341292,0.04800009727478027,4.0299999713897705
13,1,9,black_box,dr_pwldr,35820.87007682482,35840.22294055146,0.04800009727478027,4.0299999713897705
13,1,9,black_box,reopt_pwldr,28623.020568236396,34816.77415819198,0.04800009727478027,4.0299999713897705
13,1,9,local_search,obj_pwldr,35720.14671449691,35719.97435341292,0.04800009727478027,0.46700000762939453
13,1,9,local_search,dr_pwldr,35820.87007682482,35840.22294055146,0.04800009727478027,0.46700000762939453
13,1,9,local_search,reopt_pwldr,28623.020568236396,34816.77415819198,0.04800009727478027,0.46700000762939453
13,1,10,black_box,obj_pwldr,35749.56485570459,35719.98031824844,0.06100010871887207,4.526000022888184
13,1,10,black_box,dr_pwldr,35768.5773699648,35840.40780970952,0.06100010871887207,4.526000022888184
13,1,10,black_box,reopt_pwldr,28909.27548360273,34828.15073004979,0.06100010871887207,4.526000022888184
13,1,10,local_search,obj_pwldr,35749.56485570459,35719.98031824844,0.06100010871887207,0.6289999485015869
13,1,10,local_search,dr_pwldr,35768.5773699648,35840.40780970952,0.06100010871887207,0.6289999485015869
13,1,10,local_search,reopt_pwldr,28909.27548360273,34828.15073004979,0.06100010871887207,0.6289999485015869
13,2,1,black_box,obj_pwldr,36435.03429160633,36435.10381286191,0.023000001907348633,1.2300000190734863
13,2,1,black_box,dr_pwldr,36467.738705959775,36430.8470318908,0.023000001907348633,1.2300000190734863
13,2,1,black_box,reopt_pwldr,34771.42659243445,34816.06224289579,0.023000001907348633,1.2300000190734863
13,2,1,local_search,obj_pwldr,36435.03429160633,36435.10381286191,0.023000001907348633,0.03500008583068848
13,2,1,local_search,dr_pwldr,36467.738705959775,36430.8470318908,0.023000001907348633,0.03500008583068848
13,2,1,local_search,reopt_pwldr,34771.42659243445,34816.06224289579,0.023000001907348633,0.03500008583068848
13,2,2,black_box,obj_pwldr,36621.5502729641,36435.038188955165,0.023000001907348633,1.1390001773834229
13,2,2,black_box,dr_pwldr,36624.73034522709,36431.920133541345,0.023000001907348633,1.1390001773834229
13,2,2,black_box,reopt_pwldr,35890.52248058113,34842.783498449,0.023000001907348633,1.1390001773834229
13,2,2,local_search,obj_pwldr,36621.5502729641,36435.038188955165,0.023000001907348633,0.07200002670288086
13,2,2,local_search,dr_pwldr,36624.73034522709,36431.920133541345,0.023000001907348633,0.07200002670288086
13,2,2,local_search,reopt_pwldr,35890.52248058113,34842.783498449,0.023000001907348633,0.07200002670288086
13,2,3,black_box,obj_pwldr,36435.03429160633,36435.04674876995,0.023999929428100586,1.4720001220703125
13,2,3,black_box,dr_pwldr,36467.738705959775,36431.31429485517,0.023999929428100586,1.4720001220703125
13,2,3,black_box,reopt_pwldr,34771.42659243445,34828.52218963526,0.023999929428100586,1.4720001220703125
13,2,3,local_search,obj_pwldr,36435.03429160633,36435.04674876996,0.023999929428100586,0.07700014114379883
13,2,3,local_search,dr_pwldr,36467.738705959775,36431.31429485517,0.023999929428100586,0.07700014114379883
13,2,3,local_search,reopt_pwldr,34771.42659243445,34828.52218963526,0.023999929428100586,0.07700014114379883
13,2,4,black_box,obj_pwldr,36502.180044895125,36435.03525993428,0.02500009536743164,1.6579999923706055
13,2,4,black_box,dr_pwldr,36565.24710116519,36431.8061471895,0.02500009536743164,1.6579999923706055
13,2,4,black_box,reopt_pwldr,34100.88441321214,34840.2178143298,0.02500009536743164,1.6579999923706055
13,2,4,local_search,obj_pwldr,36502.180044895125,36435.03525993428,0.02500009536743164,0.0989999771118164
13,2,4,local_search,dr_pwldr,36565.24710116519,36431.8061471895,0.02500009536743164,0.0989999771118164
13,2,4,local_search,reopt_pwldr,34100.88441321214,34840.2178143298,0.02500009536743164,0.0989999771118164
13,2,5,black_box,obj_pwldr,36435.03429160633,36435.038360863975,0.031000137329101562,2.003000020980835
13,2,5,black_box,dr_pwldr,36467.73870595977,36431.925155735844,0.031000137329101562,2.003000020980835
13,2,5,black_box,reopt_pwldr,34771.42659243444,34842.895102769326,0.031000137329101562,2.003000020980835
13,2,5,local_search,obj_pwldr,36435.03429160633,36435.038360863975,0.031000137329101562,0.14899992942810059
13,2,5,local_search,dr_pwldr,36467.73870595977,36431.925155735844,0.031000137329101562,0.14899992942810059
13,2,5,local_search,reopt_pwldr,34771.42659243444,34842.895102769326,0.031000137329101562,0.14899992942810059
13,2,6,black_box,obj_pwldr,36469.29232899858,36435.03437926094,0.03299999237060547,2.294999837875366
13,2,6,black_box,dr_pwldr,36534.54238267057,36431.664329966145,0.03299999237060547,2.294999837875366
13,2,6,black_box,reopt_pwldr,28350.032691414264,34836.90075086665,0.03299999237060547,2.294999837875366
13,2,6,local_search,obj_pwldr,36469.29232899858,36435.03437926094,0.03299999237060547,0.1830000877380371
13,2,6,local_search,dr_pwldr,36534.54238267057,36431.664329966145,0.03299999237060547,0.1830000877380371
13,2,6,local_search,reopt_pwldr,28350.032691414264,34836.90075086665,0.03299999237060547,0.1830000877380371
13,2,7,black_box,obj_pwldr,36435.03429160631,36435.03435137137,0.03600001335144043,2.7370002269744873
13,2,7,black_box,dr_pwldr,36478.09121016038,36431.72343377905,0.03600001335144043,2.7370002269744873
13,2,7,black_box,reopt_pwldr,28641.18652128763,34838.301409847365,0.03600001335144043,2.7370002269744873
13,2,7,local_search,obj_pwldr,36435.03429160631,36435.03435137137,0.03600001335144043,0.27300000190734863
13,2,7,local_search,dr_pwldr,36478.09121016038,36431.72343377905,0.03600001335144043,0.27300000190734863
13,2,7,local_search,reopt_pwldr,28641.18652128763,34838.301409847365,0.03600001335144043,0.27300000190734863
13,2,8,black_box,obj_pwldr,36455.75828953498,36435.03500186449,0.046000003814697266,3.2340002059936523
13,2,8,black_box,dr_pwldr,36476.35315654458,36431.60483092601,0.046000003814697266,3.2340002059936523
13,2,8,black_box,reopt_pwldr,35144.45855515001,34835.484107050004,0.046000003814697266,3.2340002059936523
13,2,8,local_search,obj_pwldr,36455.75828953498,36435.03500186449,0.046000003814697266,0.3399999141693115
13,2,8,local_search,dr_pwldr,36476.35315654458,36431.60483092601,0.046000003814697266,0.3399999141693115
13,2,8,local_search,reopt_pwldr,35144.45855515001,34835.484107050004,0.046000003814697266,0.3399999141693115
13,2,9,black_box,obj_pwldr,36435.03429160633,36435.03442386711,0.04399991035461426,3.7680001258850098
13,2,9,black_box,dr_pwldr,36422.32887725165,36431.736716362975,0.04399991035461426,3.7680001258850098
13,2,9,black_box,reopt_pwldr,28716.957541504387,34838.61030714846,0.04399991035461426,3.7680001258850098
13,2,9,local_search,obj_pwldr,36435.03429160633,36435.03442386711,0.04399991035461426,0.3730001449584961
13,2,9,local_search,dr_pwldr,36422.32887725165,36431.736716362975,0.04399991035461426,0.3730001449584961
13,2,9,local_search,reopt_pwldr,28716.957541504387,34838.61030714847,0.04399991035461426,0.3730001449584961
13,2,10,black_box,obj_pwldr,36448.90738112881,36435.03439078832,0.04999995231628418,3.9730000495910645
13,2,10,black_box,dr_pwldr,36495.60506728764,36431.7312850077,0.04999995231628418,3.9730000495910645
13,2,10,black_box,reopt_pwldr,34466.218622939945,34838.48399655731,0.04999995231628418,3.9730000495910645
13,2,10,local_search,obj_pwldr,36448.90738112881,36435.03439078832,0.04999995231628418,0.497999906539917
13,2,10,local_search,dr_pwldr,36495.60506728764,36431.7312850077,0.04999995231628418,0.497999906539917
13,2,10,local_search,reopt_pwldr,34466.218622939945,34838.48399655731,0.04999995231628418,0.497999906539917
13,3,1,black_box,obj_pwldr,36300.28024911151,36300.29041001351,0.019999980926513672,1.1899998188018799
13,3,1,black_box,dr_pwldr,36409.62131705238,36364.20854377095,0.019999980926513672,1.1899998188018799
13,3,1,black_box,reopt_pwldr,28641.18652128763,34845.30834710932,0.019999980926513672,1.1899998188018799
13,3,1,local_search,obj_pwldr,36300.28024911151,36300.29041001351,0.019999980926513672,0.0409998893737793
13,3,1,local_search,dr_pwldr,36409.62131705238,36364.20854377095,0.019999980926513672,0.0409998893737793
13,3,1,local_search,reopt_pwldr,28641.18652128763,34845.30834710932,0.019999980926513672,0.0409998893737793
13,3,2,black_box,obj_pwldr,36516.27220006034,36300.38626947842,0.023000001907348633,1.878000020980835
13,3,2,black_box,dr_pwldr,36526.74437198544,36364.30928846427,0.023000001907348633,1.878000020980835
13,3,2,black_box,reopt_pwldr,35890.52248058113,34862.348005265485,0.023000001907348633,1.878000020980835
13,3,2,local_search,obj_pwldr,36516.27220006034,36300.38626947842,0.023000001907348633,0.05500006675720215
13,3,2,local_search,dr_pwldr,36526.74437198544,36364.30928846427,0.023000001907348633,0.05500006675720215
13,3,2,local_search,reopt_pwldr,35890.52248058113,34862.348005265485,0.023000001907348633,0.05500006675720215
13,3,3,black_box,obj_pwldr,36300.28024911153,36300.30992404598,0.0279998779296875,1.5480000972747803
13,3,3,black_box,dr_pwldr,36307.33782518625,36364.28340516857,0.0279998779296875,1.5480000972747803
13,3,3,black_box,reopt_pwldr,34771.42659243445,34824.61085143231,0.0279998779296875,1.5480000972747803
13,3,3,local_search,obj_pwldr,36300.28024911153,36300.30992404598,0.0279998779296875,0.09299993515014648
13,3,3,local_search,dr_pwldr,36307.33782518625,36364.28340516857,0.0279998779296875,0.09299993515014648
13,3,3,local_search,reopt_pwldr,34771.42659243445,34824.61085143231,0.0279998779296875,0.09299993515014648
13,3,4,black_box,obj_pwldr,36378.495441238505,36300.283936352665,0.029000043869018555,1.8299999237060547
13,3,4,black_box,dr_pwldr,36490.81499356615,36364.20565052528,0.029000043869018555,1.8299999237060547
13,3,4,black_box,reopt_pwldr,28244.424037384684,34842.27051313954,0.029000043869018555,1.8299999237060547
13,3,4,local_search,obj_pwldr,36378.495441238505,36300.283936352665,0.029000043869018555,0.13300013542175293
13,3,4,local_search,dr_pwldr,36490.81499356615,36364.20565052528,0.029000043869018555,0.13300013542175293
13,3,4,local_search,reopt_pwldr,28244.424037384684,34842.27051313954,0.029000043869018555,0.13300013542175293
13,3,5,black_box,obj_pwldr,36300.280249111514,36300.28444208441,0.023000001907348633,2.243000030517578
13,3,5,black_box,dr_pwldr,36364.21148834444,36364.232129722535,0.023000001907348633,2.243000030517578
13,3,5,black_box,reopt_pwldr,34837.6679298233,34832.75984657826,0.023000001907348633,2.243000030517578
13,3,5,local_search,obj_pwldr,36300.280249111514,36300.28444208441,0.023000001907348633,0.16300010681152344
13,3,5,local_search,dr_pwldr,36364.21148834444,36364.232129722535,0.023000001907348633,0.16300010681152344
13,3,5,local_search,reopt_pwldr,34837.6679298233,34832.75984657826,0.023000001907348633,0.16300010681152344
13,3,6,black_box,obj_pwldr,36340.25093535379,36300.28026567716,0.03400015830993652,2.5870001316070557
13,3,6,black_box,dr_pwldr,36357.775660177875,36364.21025434444,0.03400015830993652,2.5870001316070557
13,3,6,black_box,reopt_pwldr,28964.947817679484,34837.9764297831,0.03400015830993652,2.5870001316070557
13,3,6,local_search,obj_pwldr,36340.25093535379,36300.28026567716,0.03400015830993652,0.23399996757507324
13,3,6,local_search,dr_pwldr,36357.775660177875,36364.21025434444,0.03400015830993652,0.23399996757507324
13,3,6,local_search,reopt_pwldr,28964.947817679484,34837.9764297831,0.03400015830993652,0.23399996757507324
13,3,7,black_box,obj_pwldr,36300.28024911153,36300.2802625116,0.03699994087219238,3.009000062942505
13,3,7,black_box,dr_pwldr,36307.33782518625,36364.212598195256,0.03699994087219238,3.009000062942505
13,3,7,black_box,reopt_pwldr,34771.42659243445,34837.390467089346,0.03699994087219238,3.009000062942505
13,3,7,local_search,obj_pwldr,36300.28024911153,36300.2802625116,0.03699994087219238,0.28299999237060547
13,3,7,local_search,dr_pwldr,36307.33782518625,36364.212598195256,0.03699994087219238,0.28299999237060547
13,3,7,local_search,reopt_pwldr,34771.42659243445,34837.390467089346,0.03699994087219238,0.28299999237060547
13,3,8,black_box,obj_pwldr,36324.47626716865,36300.28322812504,0.0409998893737793,3.425999879837036
13,3,8,black_box,dr_pwldr,36332.03834611204,36364.22827438223,0.0409998893737793,3.425999879837036
13,3,8,black_box,reopt_pwldr,35144.458555150006,34833.53091460582,0.0409998893737793,3.425999879837036
13,3,8,local_search,obj_pwldr,36324.47626716865,36300.28322812504,0.0409998893737793,0.3619999885559082
13,3,8,local_search,dr_pwldr,36332.03834611204,36364.22827438223,0.0409998893737793,0.3619999885559082
13,3,8,local_search,reopt_pwldr,35144.458555150006,34833.53091460582,0.0409998893737793,0.3619999885559082
13,3,9,black_box,obj_pwldr,36300.28024911151,36300.28028286837,0.04399991035461426,3.9220001697540283
13,3,9,black_box,dr_pwldr,36353.85898414365,36364.2097268071,0.04399991035461426,3.9220001697540283
13,3,9,black_box,reopt_pwldr,28716.957541504387,34838.10831413123,0.04399991035461426,3.9220001697540283
13,3,9,local_search,obj_pwldr,36300.28024911151,36300.28028286837,0.04399991035461426,0.43400001525878906
13,3,9,local_search,dr_pwldr,36353.85898414365,36364.2097268071,0.04399991035461426,0.43400001525878906
13,3,9,local_search,reopt_pwldr,28716.957541504387,34838.10831413123,0.04399991035461426,0.43400001525878906
13,3,10,black_box,obj_pwldr,36316.48308656555,36300.28025252922,0.053999900817871094,4.390999794006348
13,3,10,black_box,dr_pwldr,36325.81388789114,36364.21204884663,0.053999900817871094,4.390999794006348
13,3,10,black_box,reopt_pwldr,34466.218622939945,34837.52780422674,0.053999900817871094,4.390999794006348
13,3,10,local_search,obj_pwldr,36316.48308656555,36300.28025252922,0.053999900817871094,0.5580000877380371
13,3,10,local_search,dr_pwldr,36325.81388789114,36364.21204884663,0.053999900817871094,0.5580000877380371
13,3,10,local_search,reopt_pwldr,34466.218622939945,34837.52780422674,0.053999900817871094,0.5580000877380371
13,4,1,black_box,obj_pwldr,36425.89944386558,36425.90014142124,0.024000167846679688,1.7380001544952393
13,4,1,black_box,dr_pwldr,36574.57987954513,36518.80208726426,0.024000167846679688,1.7380001544952393
13,4,1,black_box,reopt_pwldr,28716.957541504387,34842.821053833955,0.024000167846679688,1.7380001544952393
13,4,1,local_search,obj_pwldr,36425.89944386558,36425.90014142124,0.024000167846679688,0.039999961853027344
13,4,1,local_search,dr_pwldr,36574.57987954513,36518.80208726426,0.024000167846679688,0.039999961853027344
13,4,1,local_search,reopt_pwldr,28716.957541504387,34842.821053833955,0.024000167846679688,0.039999961853027344
13,4,2,black_box,obj_pwldr,36499.74832030336,36425.89949530209,0.037000179290771484,3.8299999237060547
13,4,2,black_box,dr_pwldr,36480.12174546059,36518.81334862753,0.037000179290771484,3.8299999237060547
13,4,2,black_box,reopt_pwldr,29453.884153413448,34839.06726609556,0.037000179290771484,3.8299999237060547
13,4,2,local_search,obj_pwldr,36499.74832030336,36425.89949530209,0.037000179290771484,0.18799996376037598
13,4,2,local_search,dr_pwldr,36480.12174546059,36518.81334862753,0.037000179290771484,0.18799996376037598
13,4,2,local_search,reopt_pwldr,29453.884153413448,34839.06726609556,0.037000179290771484,0.18799996376037598
13,4,3,black_box,obj_pwldr,36425.899443865594,36425.8995965678,0.08500003814697266,6.471999883651733
13,4,3,black_box,dr_pwldr,36462.92871344831,36518.81031345332,0.08500003814697266,6.471999883651733
13,4,3,black_box,reopt_pwldr,34771.42659243445,34840.07899083922,0.08500003814697266,6.471999883651733
13,4,3,local_search,obj_pwldr,36425.899443865594,36425.8995965678,0.08500003814697266,0.3659999370574951
13,4,3,local_search,dr_pwldr,36462.92871344831,36518.810313453316,0.08500003814697266,0.3659999370574951
13,4,3,local_search,reopt_pwldr,34771.42659243445,34840.078990839225,0.08500003814697266,0.3659999370574951
13,4,4,black_box,obj_pwldr,36443.031980059706,36425.905669690095,0.06699991226196289,9.72000002861023
13,4,4,black_box,dr_pwldr,36419.640725782796,36518.86372691204,0.06699991226196289,9.72000002861023
13,4,4,black_box,reopt_pwldr,28244.424037384684,34822.27450458562,0.06699991226196289,9.72000002861023
13,4,4,local_search,obj_pwldr,36443.031980059706,36425.905669690095,0.06699991226196289,0.7080001831054688
13,4,4,local_search,dr_pwldr,36419.640725782796,36518.86372691204,0.06699991226196289,0.7080001831054688
13,4,4,local_search,reopt_pwldr,28244.424037384684,34822.27450458562,0.06699991226196289,0.7080001831054688
13,4,5,black_box,obj_pwldr,36425.89944386558,36425.90035969883,0.07999992370605469,13.190000057220459
13,4,5,black_box,dr_pwldr,36518.81754663641,36518.799832953366,0.07999992370605469,13.190000057220459
13,4,5,black_box,reopt_pwldr,34837.6679298233,34843.57249081176,0.07999992370605469,13.190000057220459
13,4,5,local_search,obj_pwldr,36425.89944386558,36425.89991597683,0.07999992370605469,1.3570001125335693
13,4,5,local_search,dr_pwldr,36518.81754663641,36518.80482841447,0.07999992370605469,1.3570001125335693
13,4,5,local_search,reopt_pwldr,34837.6679298233,34841.90733711576,0.07999992370605469,1.3570001125335693
13,4,6,black_box,obj_pwldr,36433.307571785714,36425.899471678655,0.11400008201599121,17.377000093460083
13,4,6,black_box,dr_pwldr,36411.61156552885,36518.81445966699,0.11400008201599121,17.377000093460083
13,4,6,black_box,reopt_pwldr,28350.032691414275,34838.69691960521,0.11400008201599121,17.377000093460083
13,4,6,local_search,obj_pwldr,36433.307571785714,36425.899471678655,0.11400008201599121,1.6130001544952393
13,4,6,local_search,dr_pwldr,36411.61156552885,36518.81445966699,0.11400008201599121,1.6130001544952393
13,4,6,local_search,reopt_pwldr,28350.032691414275,34838.69691960521,0.11400008201599121,1.6130001544952393
13,4,7,black_box,obj_pwldr,36425.899443865594,36425.89944394083,0.13400006294250488,20.110999822616577
13,4,7,black_box,dr_pwldr,36407.166380539595,36518.81770719149,0.13400006294250488,20.110999822616577
13,4,7,black_box,reopt_pwldr,28641.18652128763,34837.61441145157,0.13400006294250488,20.110999822616577
13,4,7,local_search,obj_pwldr,36425.899443865594,36425.89944394083,0.13400006294250488,2.121999979019165
13,4,7,local_search,dr_pwldr,36407.166380539595,36518.81770719149,0.13400006294250488,2.121999979019165
13,4,7,local_search,reopt_pwldr,28641.18652128763,34837.61441145157,0.13400006294250488,2.121999979019165
13,4,8,black_box,obj_pwldr,36430.05229677071,36425.89951225267,0.1530001163482666,23.567999839782715
13,4,8,black_box,dr_pwldr,36468.23809351239,36518.82238718451,0.1530001163482666,23.567999839782715
13,4,8,black_box,reopt_pwldr,35144.458555150006,34836.05441376756,0.1530001163482666,23.567999839782715
13,4,8,local_search,obj_pwldr,36430.05229677071,36425.89951225267,0.1530001163482666,2.4769999980926514
13,4,8,local_search,dr_pwldr,36468.23809351239,36518.82238718451,0.1530001163482666,2.4769999980926514
13,4,8,local_search,reopt_pwldr,35144.458555150006,34836.05441376756,0.1530001163482666,2.4769999980926514
13,4,9,black_box,obj_pwldr,36425.89944386558,36425.89946902207,0.16499996185302734,26.388000011444092
13,4,9,black_box,dr_pwldr,36518.81754663641,36518.814610792564,0.16499996185302734,26.388000011444092
13,4,9,black_box,reopt_pwldr,34837.6679298233,34838.6465444139,0.16499996185302734,26.388000011444092
13,4,9,local_search,obj_pwldr,36425.89944386558,36425.89946902207,0.16499996185302734,2.694000005722046
13,4,9,local_search,dr_pwldr,36518.81754663641,36518.814610792564,0.16499996185302734,2.694000005722046
13,4,9,local_search,reopt_pwldr,34837.6679298233,34838.6465444139,0.16499996185302734,2.694000005722046
13,4,10,black_box,obj_pwldr,36428.56878162878,36425.8994448311,0.19099998474121094,30.30999994277954
13,4,10,black_box,dr_pwldr,36463.854344073596,36518.81812179857,0.19099998474121094,30.30999994277954
13,4,10,black_box,reopt_pwldr,34466.218622939945,34837.47620906576,0.19099998474121094,30.30999994277954
13,4,10,local_search,obj_pwldr,36428.56878162878,36425.8994448311,0.19099998474121094,4.012999773025513
13,4,10,local_search,dr_pwldr,36463.854344073596,36518.81812179857,0.19099998474121094,4.012999773025513
13,4,10,local_search,reopt_pwldr,34466.218622939945,34837.47620906577,0.19099998474121094,4.012999773025513
14,1,1,black_box,obj_pwldr,33803.34329236909,33803.41244638236,0.021999835968017578,1.1509997844696045
14,1,1,black_box,dr_pwldr,33891.79219002593,34178.76109766531,0.021999835968017578,1.1509997844696045
14,1,1,black_box,reopt_pwldr,32932.658073664046,33251.04116956217,0.021999835968017578,1.1509997844696045
14,1,1,local_search,obj_pwldr,33803.34329236909,33803.41244638236,0.021999835968017578,0.04400014877319336
14,1,1,local_search,dr_pwldr,33891.79219002593,34178.76109766531,0.021999835968017578,0.04400014877319336
14,1,1,local_search,reopt_pwldr,32932.658073664046,33251.04116956217,0.021999835968017578,0.04400014877319336
14,1,2,black_box,obj_pwldr,34162.340927076075,33803.34331001404,0.01699995994567871,1.2579998970031738
14,1,2,black_box,dr_pwldr,34231.79489344873,34178.52716426875,0.01699995994567871,1.2579998970031738
14,1,2,black_box,reopt_pwldr,34001.29807127917,33236.45538448692,0.01699995994567871,1.2579998970031738
14,1,2,local_search,obj_pwldr,34162.340927076075,33803.34331001404,0.01699995994567871,0.0559999942779541
14,1,2,local_search,dr_pwldr,34231.79489344873,34178.52716426875,0.01699995994567871,0.0559999942779541
14,1,2,local_search,reopt_pwldr,34001.29807127917,33236.45538448692,0.01699995994567871,0.0559999942779541
14,1,3,black_box,obj_pwldr,33803.34329236909,33803.350410531246,0.031000137329101562,1.5479998588562012
14,1,3,black_box,dr_pwldr,33891.79219002593,34178.59574989823,0.031000137329101562,1.5479998588562012
14,1,3,black_box,reopt_pwldr,32932.658073664046,33241.29058540873,0.031000137329101562,1.5479998588562012
14,1,3,local_search,obj_pwldr,33803.34329236909,33803.350410531246,0.031000137329101562,0.09599995613098145
14,1,3,local_search,dr_pwldr,33891.79219002593,34178.59574989823,0.031000137329101562,0.09599995613098145
14,1,3,local_search,reopt_pwldr,32932.658073664046,33241.29058540873,0.031000137329101562,0.09599995613098145
14,1,4,black_box,obj_pwldr,33937.80431256756,33803.345647947186,0.028999805450439453,1.9350001811981201
14,1,4,black_box,dr_pwldr,34310.46684316001,34178.567315004024,0.028999805450439453,1.9350001811981201
14,1,4,black_box,reopt_pwldr,33877.64941534212,33239.3342762056,0.028999805450439453,1.9350001811981201
14,1,4,local_search,obj_pwldr,33937.80431256756,33803.345647947186,0.028999805450439453,0.11800003051757812
14,1,4,local_search,dr_pwldr,34310.46684316001,34178.567315004024,0.028999805450439453,0.11800003051757812
14,1,4,local_search,reopt_pwldr,33877.64941534212,33239.3342762056,0.028999805450439453,0.11800003051757812
14,1,5,black_box,obj_pwldr,33803.34329236909,33803.3434181128,0.03600001335144043,2.306000232696533
14,1,5,black_box,dr_pwldr,33891.79219002593,34178.5387265251,0.03600001335144043,2.306000232696533
14,1,5,black_box,reopt_pwldr,32932.658073664046,33237.29686974364,0.03600001335144043,2.306000232696533
14,1,5,local_search,obj_pwldr,33803.34329236909,33803.3434181128,0.03600001335144043,0.2070000171661377
14,1,5,local_search,dr_pwldr,33891.79219002593,34178.5387265251,0.03600001335144043,0.2070000171661377
14,1,5,local_search,reopt_pwldr,32932.658073664046,33237.29686974364,0.03600001335144043,0.2070000171661377
14,1,6,black_box,obj_pwldr,33872.727113845875,33803.34429211568,0.03800010681152344,2.7869999408721924
14,1,6,black_box,dr_pwldr,34081.687029537694,34178.50942977395,0.03800010681152344,2.7869999408721924
14,1,6,black_box,reopt_pwldr,26936.767606386424,33234.95857715157,0.03800010681152344,2.7869999408721924
14,1,6,local_search,obj_pwldr,33872.727113845875,33803.34429211568,0.03800010681152344,0.23099994659423828
14,1,6,local_search,dr_pwldr,34081.687029537694,34178.50942977395,0.03800010681152344,0.23099994659423828
14,1,6,local_search,reopt_pwldr,26936.767606386424,33234.95857715157,0.03800010681152344,0.23099994659423828
14,1,7,black_box,obj_pwldr,33803.34329236909,33803.34600278605,0.042999982833862305,3.080000162124634
14,1,7,black_box,dr_pwldr,33891.79219002593,34178.57001704234,0.042999982833862305,3.080000162124634
14,1,7,black_box,reopt_pwldr,32932.658073664046,33239.526841551866,0.042999982833862305,3.080000162124634
14,1,7,local_search,obj_pwldr,33803.34329236909,33803.34600278605,0.042999982833862305,0.28600001335144043
14,1,7,local_search,dr_pwldr,33891.79219002593,34178.57001704233,0.042999982833862305,0.28600001335144043
14,1,7,local_search,reopt_pwldr,32932.658073664046,33239.52684155187,0.042999982833862305,0.28600001335144043
14,1,8,black_box,obj_pwldr,33845.51452478392,33803.34329338429,0.04400014877319336,3.5969998836517334
14,1,8,black_box,dr_pwldr,34030.204311582966,34178.52943547713,0.04400014877319336,3.5969998836517334
14,1,8,black_box,reopt_pwldr,27426.272251056565,33236.62969689838,0.04400014877319336,3.5969998836517334
14,1,8,local_search,obj_pwldr,33845.51452478392,33803.34329338429,0.04400014877319336,0.3819999694824219
14,1,8,local_search,dr_pwldr,34030.204311582966,34178.52943547713,0.04400014877319336,0.3819999694824219
14,1,8,local_search,reopt_pwldr,27426.272251056565,33236.62969689838,0.04400014877319336,0.3819999694824219
14,1,9,black_box,obj_pwldr,33803.343292369085,33803.34352707785,0.04699993133544922,4.0920000076293945
14,1,9,black_box,dr_pwldr,33994.49141717778,34178.519316985126,0.04699993133544922,4.0920000076293945
14,1,9,black_box,reopt_pwldr,27193.75110059445,33235.84834472957,0.04699993133544922,4.0920000076293945
14,1,9,local_search,obj_pwldr,33803.343292369085,33803.34352707785,0.04699993133544922,0.4779999256134033
14,1,9,local_search,dr_pwldr,33994.49141717778,34178.519316985126,0.04699993133544922,0.4779999256134033
14,1,9,local_search,reopt_pwldr,27193.75110059445,33235.84834472957,0.04699993133544922,0.4779999256134033
14,1,10,black_box,obj_pwldr,33831.64139726667,33803.34366143162,0.05900001525878906,4.608999967575073
14,1,10,black_box,dr_pwldr,33981.48460996132,34178.54485273899,0.05900001525878906,4.608999967575073
14,1,10,black_box,reopt_pwldr,27020.83811132659,33237.73346476596,0.05900001525878906,4.608999967575073
14,1,10,local_search,obj_pwldr,33831.64139726667,33803.34366143162,0.05900001525878906,0.5639998912811279
14,1,10,local_search,dr_pwldr,33981.48460996132,34178.54485273899,0.05900001525878906,0.5639998912811279
14,1,10,local_search,reopt_pwldr,27020.83811132659,33237.73346476596,0.05900001525878906,0.5639998912811279
14,2,1,black_box,obj_pwldr,34466.83413092694,34466.88949898635,0.01900005340576172,1.1490001678466797
14,2,1,black_box,dr_pwldr,34756.45105635628,34836.0525089204,0.01900005340576172,1.1490001678466797
14,2,1,black_box,reopt_pwldr,27170.068003693894,33253.20437408006,0.01900005340576172,1.1490001678466797
14,2,1,local_search,obj_pwldr,34466.83413092694,34466.88949898635,0.01900005340576172,0.04399991035461426
14,2,1,local_search,dr_pwldr,34756.45105635628,34836.0525089204,0.01900005340576172,0.04399991035461426
14,2,1,local_search,reopt_pwldr,27170.068003693894,33253.20437408006,0.01900005340576172,0.04399991035461426
14,2,2,black_box,obj_pwldr,34645.275068070914,34466.84837461513,0.021999835968017578,1.1400001049041748
14,2,2,black_box,dr_pwldr,34785.218821123206,34835.643015481044,0.021999835968017578,1.1400001049041748
14,2,2,black_box,reopt_pwldr,27918.049824916452,33243.92261983332,0.021999835968017578,1.1400001049041748
14,2,2,local_search,obj_pwldr,34645.275068070914,34466.84837461513,0.021999835968017578,0.06000018119812012
14,2,2,local_search,dr_pwldr,34785.218821123206,34835.643015481044,0.021999835968017578,0.06000018119812012
14,2,2,local_search,reopt_pwldr,27918.049824916452,33243.92261983332,0.021999835968017578,0.06000018119812012
14,2,3,black_box,obj_pwldr,34466.83413092693,34466.848897752076,0.032000064849853516,1.4040000438690186
14,2,3,black_box,dr_pwldr,34633.94418330271,34835.65067482401,0.032000064849853516,1.4040000438690186
14,2,3,black_box,reopt_pwldr,32935.15250771179,33244.09646862859,0.032000064849853516,1.4040000438690186
14,2,3,local_search,obj_pwldr,34466.83413092693,34466.848897752076,0.032000064849853516,0.08699989318847656
14,2,3,local_search,dr_pwldr,34633.94418330271,34835.65067482401,0.032000064849853516,0.08699989318847656
14,2,3,local_search,reopt_pwldr,32935.15250771179,33244.09646862859,0.032000064849853516,0.08699989318847656
14,2,4,black_box,obj_pwldr,34531.072868298776,34466.862620182306,0.029999971389770508,1.7620000839233398
14,2,4,black_box,dr_pwldr,34717.00829675735,34834.72727321747,0.029999971389770508,1.7620000839233398
14,2,4,black_box,reopt_pwldr,32297.547546777725,33220.859395285595,0.029999971389770508,1.7620000839233398
14,2,4,local_search,obj_pwldr,34531.072868298776,34466.862620182306,0.029999971389770508,0.11600017547607422
14,2,4,local_search,dr_pwldr,34717.00829675735,34834.72727321747,0.029999971389770508,0.11600017547607422
14,2,4,local_search,reopt_pwldr,32297.547546777725,33220.859395285595,0.029999971389770508,0.11600017547607422
14,2,5,black_box,obj_pwldr,34466.83413092693,34466.83413906965,0.05200004577636719,2.013000011444092
14,2,5,black_box,dr_pwldr,34756.45105635628,34835.22953734546,0.05200004577636719,2.013000011444092
14,2,5,black_box,reopt_pwldr,27170.068003693894,33234.14118917429,0.05200004577636719,2.013000011444092
14,2,5,local_search,obj_pwldr,34466.83413092693,34466.83413906965,0.05200004577636719,0.16199994087219238
14,2,5,local_search,dr_pwldr,34756.45105635628,34835.22953734546,0.05200004577636719,0.16199994087219238
14,2,5,local_search,reopt_pwldr,27170.068003693894,33234.14118917429,0.05200004577636719,0.16199994087219238
14,2,6,black_box,obj_pwldr,34499.60899693298,34466.83509053662,0.03099989891052246,2.370000123977661
14,2,6,black_box,dr_pwldr,34803.88405700381,34835.34235833721,0.03099989891052246,2.370000123977661
14,2,6,black_box,reopt_pwldr,26907.71046218456,33236.84915683691,0.03099989891052246,2.370000123977661
14,2,6,local_search,obj_pwldr,34499.60899693298,34466.83509053662,0.03099989891052246,0.20199990272521973
14,2,6,local_search,dr_pwldr,34803.88405700381,34835.34235833721,0.03099989891052246,0.20199990272521973
14,2,6,local_search,reopt_pwldr,26907.71046218456,33236.84915683691,0.03099989891052246,0.20199990272521973
14,2,7,black_box,obj_pwldr,34466.83413092693,34466.83598161602,0.034999847412109375,2.946000099182129
14,2,7,black_box,dr_pwldr,34633.94418330271,34835.38289508338,0.034999847412109375,2.946000099182129
14,2,7,black_box,reopt_pwldr,32935.15250771179,33237.81305198082,0.034999847412109375,2.946000099182129
14,2,7,local_search,obj_pwldr,34466.83413092693,34466.83598161602,0.034999847412109375,0.26800012588500977
14,2,7,local_search,dr_pwldr,34633.94418330271,34835.38289508338,0.034999847412109375,0.26800012588500977
14,2,7,local_search,reopt_pwldr,32935.15250771179,33237.81305198082,0.034999847412109375,0.26800012588500977
14,2,8,black_box,obj_pwldr,34486.6609017207,34466.83681038991,0.03899979591369629,3.3559999465942383
14,2,8,black_box,dr_pwldr,34640.278304607134,34835.07558411097,0.03899979591369629,3.3559999465942383
14,2,8,black_box,reopt_pwldr,33290.028234155834,33230.22629710072,0.03899979591369629,3.3559999465942383
14,2,8,local_search,obj_pwldr,34486.6609017207,34466.83681038992,0.03899979591369629,0.34200000762939453
14,2,8,local_search,dr_pwldr,34640.278304607134,34835.07558411097,0.03899979591369629,0.34200000762939453
14,2,8,local_search,reopt_pwldr,33290.028234155834,33230.22629710072,0.03899979591369629,0.34200000762939453
14,2,9,black_box,obj_pwldr,34466.83413092693,34466.83729574091,0.04699993133544922,3.7730000019073486
14,2,9,black_box,dr_pwldr,34633.94418330271,34835.06189948269,0.04699993133544922,3.7730000019073486
14,2,9,black_box,reopt_pwldr,32935.15250771179,33229.86665405841,0.04699993133544922,3.7730000019073486
14,2,9,local_search,obj_pwldr,34466.83413092693,34466.83729574091,0.04699993133544922,0.3900001049041748
14,2,9,local_search,dr_pwldr,34633.94418330271,34835.06189948269,0.04699993133544922,0.3900001049041748
14,2,9,local_search,reopt_pwldr,32935.15250771179,33229.86665405841,0.04699993133544922,0.3900001049041748
14,2,10,black_box,obj_pwldr,34480.10659732606,34466.83497454093,0.05900001525878906,4.018999814987183
14,2,10,black_box,dr_pwldr,34858.89485920652,34835.144777030604,0.05900001525878906,4.018999814987183
14,2,10,black_box,reopt_pwldr,33526.01796915802,33232.04474269784,0.05900001525878906,4.018999814987183
14,2,10,local_search,obj_pwldr,34480.10659732606,34466.83497454093,0.05900001525878906,0.47300004959106445
14,2,10,local_search,dr_pwldr,34858.89485920652,34835.144777030604,0.05900001525878906,0.47300004959106445
14,2,10,local_search,reopt_pwldr,33526.01796915802,33232.04474269784,0.05900001525878906,0.47300004959106445
14,3,1,black_box,obj_pwldr,34337.91414534893,34337.965961956375,0.02200007438659668,1.2009999752044678
14,3,1,black_box,dr_pwldr,34648.184498175266,34665.717919885115,0.02200007438659668,1.2009999752044678
14,3,1,black_box,reopt_pwldr,27375.19517013817,33251.22375336291,0.02200007438659668,1.2009999752044678
14,3,1,local_search,obj_pwldr,34337.91414534893,34337.965961956375,0.02200007438659668,0.03299999237060547
14,3,1,local_search,dr_pwldr,34648.184498175266,34665.717919885115,0.02200007438659668,0.03299999237060547
14,3,1,local_search,reopt_pwldr,27375.19517013817,33251.22375336291,0.02200007438659668,0.03299999237060547
14,3,2,black_box,obj_pwldr,34544.55491608766,34337.932079334765,0.026999950408935547,1.253000020980835
14,3,2,black_box,dr_pwldr,34635.045854188,34665.32135365901,0.026999950408935547,1.253000020980835
14,3,2,black_box,reopt_pwldr,34001.04926392082,33224.45439331873,0.026999950408935547,1.253000020980835
14,3,2,local_search,obj_pwldr,34544.55491608766,34337.932079334765,0.026999950408935547,0.06299996376037598
14,3,2,local_search,dr_pwldr,34635.045854188,34665.32135365901,0.026999950408935547,0.06299996376037598
14,3,2,local_search,reopt_pwldr,34001.04926392082,33224.45439331873,0.026999950408935547,0.06299996376037598
14,3,3,black_box,obj_pwldr,34337.91414534893,34337.91726271693,0.023000001907348633,1.5299999713897705
14,3,3,black_box,dr_pwldr,34422.97839796968,34665.49343585888,0.023000001907348633,1.5299999713897705
14,3,3,black_box,reopt_pwldr,32935.15250771179,33238.503530566,0.023000001907348633,1.5299999713897705
14,3,3,local_search,obj_pwldr,34337.91414534893,34337.91726271693,0.023000001907348633,0.11999988555908203
14,3,3,local_search,dr_pwldr,34422.97839796968,34665.49343585888,0.023000001907348633,0.11999988555908203
14,3,3,local_search,reopt_pwldr,32935.15250771179,33238.503530566,0.023000001907348633,0.11999988555908203
14,3,4,black_box,obj_pwldr,34412.743080008775,34337.92811006616,0.026999950408935547,1.878999948501587
14,3,4,black_box,dr_pwldr,34736.4096073547,34665.33536166266,0.026999950408935547,1.878999948501587
14,3,4,black_box,reopt_pwldr,27829.8080068429,33225.62017507018,0.026999950408935547,1.878999948501587
14,3,4,local_search,obj_pwldr,34412.743080008775,34337.92811006616,0.026999950408935547,0.12600016593933105
14,3,4,local_search,dr_pwldr,34736.4096073547,34665.33536166266,0.026999950408935547,0.12600016593933105
14,3,4,local_search,reopt_pwldr,27829.8080068429,33225.62017507018,0.026999950408935547,0.12600016593933105
14,3,5,black_box,obj_pwldr,34337.91414534892,34337.91414702671,0.03299999237060547,2.4000000953674316
14,3,5,black_box,dr_pwldr,34525.6776251216,34665.43934192768,0.03299999237060547,2.4000000953674316
14,3,5,black_box,reopt_pwldr,27293.310069309915,33234.27369289042,0.03299999237060547,2.4000000953674316
14,3,5,local_search,obj_pwldr,34337.91414534892,34337.91414702671,0.03299999237060547,0.182999849319458
14,3,5,local_search,dr_pwldr,34525.6776251216,34665.43934192768,0.03299999237060547,0.182999849319458
14,3,5,local_search,reopt_pwldr,27293.310069309915,33234.27369289042,0.03299999237060547,0.182999849319458
14,3,6,black_box,obj_pwldr,34376.154336132786,34337.91421889385,0.03399991989135742,2.680000066757202
14,3,6,black_box,dr_pwldr,34582.53592395542,34665.44812382101,0.03399991989135742,2.680000066757202
14,3,6,black_box,reopt_pwldr,27470.293631102755,33235.00455334336,0.03399991989135742,2.680000066757202
14,3,6,local_search,obj_pwldr,34376.154336132786,34337.91421889385,0.03399991989135742,0.2239999771118164
14,3,6,local_search,dr_pwldr,34582.53592395542,34665.44812382101,0.03399991989135742,0.2239999771118164
14,3,6,local_search,reopt_pwldr,27470.293631102755,33235.00455334336,0.03399991989135742,0.2239999771118164
14,3,7,black_box,obj_pwldr,34337.91414534892,34337.91551184206,0.03699994087219238,3.075000047683716
14,3,7,black_box,dr_pwldr,34422.97839796968,34665.47428328155,0.03699994087219238,3.075000047683716
14,3,7,black_box,reopt_pwldr,32935.15250771179,33237.10658399629,0.03699994087219238,3.075000047683716
14,3,7,local_search,obj_pwldr,34337.91414534892,34337.91551184206,0.03699994087219238,0.2910001277923584
14,3,7,local_search,dr_pwldr,34422.97839796968,34665.47428328155,0.03699994087219238,0.2910001277923584
14,3,7,local_search,reopt_pwldr,32935.15250771179,33237.10658399629,0.03699994087219238,0.2910001277923584
14,3,8,black_box,obj_pwldr,34361.06261823492,34337.91433622741,0.0410001277923584,3.68999981880188
14,3,8,black_box,dr_pwldr,34444.266835332965,34665.42820293643,0.0410001277923584,3.68999981880188
14,3,8,black_box,reopt_pwldr,33290.028234155834,33233.34666905476,0.0410001277923584,3.68999981880188
14,3,8,local_search,obj_pwldr,34361.06261823492,34337.91433622741,0.0410001277923584,0.37999987602233887
14,3,8,local_search,dr_pwldr,34444.266835332965,34665.42820293643,0.0410001277923584,0.37999987602233887
14,3,8,local_search,reopt_pwldr,33290.028234155834,33233.34666905476,0.0410001277923584,0.37999987602233887
14,3,9,black_box,obj_pwldr,34337.91414534892,34337.91435967297,0.042999982833862305,4.052999973297119
14,3,9,black_box,dr_pwldr,34648.184498175266,34665.42746992171,0.042999982833862305,4.052999973297119
14,3,9,black_box,reopt_pwldr,27375.19517013817,33233.28566533314,0.042999982833862305,4.052999973297119
14,3,9,local_search,obj_pwldr,34337.91414534892,34337.91435967297,0.042999982833862305,0.45600008964538574
14,3,9,local_search,dr_pwldr,34648.184498175266,34665.42746992171,0.042999982833862305,0.45600008964538574
14,3,9,local_search,reopt_pwldr,27375.19517013817,33233.28566533314,0.042999982833862305,0.45600008964538574
14,3,10,black_box,obj_pwldr,34353.41549530641,34337.91414535383,0.05200004577636719,4.564000129699707
14,3,10,black_box,dr_pwldr,34582.814240086554,34665.440556583046,0.05200004577636719,4.564000129699707
14,3,10,black_box,reopt_pwldr,27574.407480559174,33234.374780836086,0.05200004577636719,4.564000129699707
14,3,10,local_search,obj_pwldr,34353.41549530641,34337.91414535383,0.05200004577636719,0.5460000038146973
14,3,10,local_search,dr_pwldr,34582.814240086554,34665.440556583046,0.05200004577636719,0.5460000038146973
14,3,10,local_search,reopt_pwldr,27574.407480559174,33234.37478083609,0.05200004577636719,0.5460000038146973
14,4,1,black_box,obj_pwldr,34459.29613698656,34459.296139897575,0.023000001907348633,1.9040000438690186
14,4,1,black_box,dr_pwldr,34758.99553284971,34776.24469369118,0.023000001907348633,1.9040000438690186
14,4,1,black_box,reopt_pwldr,27476.282127664133,33236.359950391496,0.023000001907348633,1.9040000438690186
14,4,1,local_search,obj_pwldr,34459.29613698656,34459.296139897575,0.023000001907348633,0.04399991035461426
14,4,1,local_search,dr_pwldr,34758.99553284971,34776.24469369118,0.023000001907348633,0.04399991035461426
14,4,1,local_search,reopt_pwldr,27476.282127664133,33236.359950391496,0.023000001907348633,0.04399991035461426
14,4,2,black_box,obj_pwldr,34529.895225756394,34459.29618872294,0.03699994087219238,3.944999933242798
14,4,2,black_box,dr_pwldr,34638.789605802536,34776.28034480552,0.03699994087219238,3.944999933242798
14,4,2,black_box,reopt_pwldr,34001.29807127917,33238.05377516572,0.03699994087219238,3.944999933242798
14,4,2,local_search,obj_pwldr,34529.895225756394,34459.29618872294,0.03699994087219238,0.2069997787475586
14,4,2,local_search,dr_pwldr,34638.789605802536,34776.28034480552,0.03699994087219238,0.2069997787475586
14,4,2,local_search,reopt_pwldr,34001.29807127917,33238.05377516572,0.03699994087219238,0.2069997787475586
14,4,3,black_box,obj_pwldr,34459.29613698657,34459.296140090126,0.054000139236450195,6.709000110626221
14,4,3,black_box,dr_pwldr,34594.764443760316,34776.25858668206,0.054000139236450195,6.709000110626221
14,4,3,black_box,reopt_pwldr,32932.658073664046,33237.02002210568,0.054000139236450195,6.709000110626221
14,4,3,local_search,obj_pwldr,34459.29613698657,34459.296140090126,0.054000139236450195,0.3600001335144043
14,4,3,local_search,dr_pwldr,34594.764443760316,34776.25858668206,0.054000139236450195,0.3600001335144043
14,4,3,local_search,reopt_pwldr,32932.658073664046,33237.02002210568,0.054000139236450195,0.3600001335144043
14,4,4,black_box,obj_pwldr,34475.67474018224,34459.296153083145,0.0710000991821289,10.433000087738037
14,4,4,black_box,dr_pwldr,34596.23382725268,34776.26760209799,0.0710000991821289,10.433000087738037
14,4,4,black_box,reopt_pwldr,33573.65509175335,33237.44835471391,0.0710000991821289,10.433000087738037
14,4,4,local_search,obj_pwldr,34475.67474018224,34459.296153083145,0.0710000991821289,0.742999792098999
14,4,4,local_search,dr_pwldr,34596.23382725268,34776.26760209799,0.0710000991821289,0.742999792098999
14,4,4,local_search,reopt_pwldr,33573.65509175335,33237.44835471392,0.0710000991821289,0.742999792098999
14,4,5,black_box,obj_pwldr,34459.29613698656,34459.300554505106,0.09299993515014648,13.210000038146973
14,4,5,black_box,dr_pwldr,34776.25152896754,34776.51777661768,0.09299993515014648,13.210000038146973
14,4,5,black_box,reopt_pwldr,33236.68470210409,33249.334657595595,0.09299993515014648,13.210000038146973
14,4,5,local_search,obj_pwldr,34459.29613698656,34459.300554505106,0.09299993515014648,0.9509999752044678
14,4,5,local_search,dr_pwldr,34776.25152896754,34776.51777661768,0.09299993515014648,0.9509999752044678
14,4,5,local_search,reopt_pwldr,33236.68470210409,33249.334657595595,0.09299993515014648,0.9509999752044678
14,4,6,black_box,obj_pwldr,34466.378263430175,34459.29613849672,0.09800004959106445,16.377999782562256
14,4,6,black_box,dr_pwldr,34731.104478545996,34776.25645215027,0.09800004959106445,16.377999782562256
14,4,6,black_box,reopt_pwldr,27671.685290965386,33236.91860808384,0.09800004959106445,16.377999782562256
14,4,6,local_search,obj_pwldr,34466.378263430175,34459.29613849672,0.09800004959106445,1.379000186920166
14,4,6,local_search,dr_pwldr,34731.104478545996,34776.25645215027,0.09800004959106445,1.379000186920166
14,4,6,local_search,reopt_pwldr,27671.685290965386,33236.91860808384,0.09800004959106445,1.379000186920166
14,4,7,black_box,obj_pwldr,34459.29613698657,34459.29626160197,0.12999987602233887,19.961999893188477
14,4,7,black_box,dr_pwldr,34594.764443760316,34776.29625068613,0.12999987602233887,19.961999893188477
14,4,7,black_box,reopt_pwldr,32932.658073664046,33238.80948154416,0.12999987602233887,19.961999893188477
14,4,7,local_search,obj_pwldr,34459.29613698657,34459.29626160197,0.12999987602233887,1.8900001049041748
14,4,7,local_search,dr_pwldr,34594.764443760316,34776.29625068613,0.12999987602233887,1.8900001049041748
14,4,7,local_search,reopt_pwldr,32932.658073664046,33238.80948154416,0.12999987602233887,1.8900001049041748
14,4,8,black_box,obj_pwldr,34463.26623978351,34459.2964535043,0.15699982643127441,24.295000076293945
14,4,8,black_box,dr_pwldr,34590.700601585166,34776.18025514975,0.15699982643127441,24.295000076293945
14,4,8,black_box,reopt_pwldr,33288.73917658464,33233.2984164495,0.15699982643127441,24.295000076293945
14,4,8,local_search,obj_pwldr,34463.26623978351,34459.29645350429,0.15699982643127441,4.661999940872192
14,4,8,local_search,dr_pwldr,34590.700601585166,34776.18025514975,0.15699982643127441,4.661999940872192
14,4,8,local_search,reopt_pwldr,33288.73917658464,33233.2984164495,0.15699982643127441,4.661999940872192
14,4,9,black_box,obj_pwldr,34459.29613698656,34459.2972217831,0.17300009727478027,26.41700005531311
14,4,9,black_box,dr_pwldr,34758.99553284971,34776.383475716924,0.17300009727478027,26.41700005531311
14,4,9,black_box,reopt_pwldr,27476.282127664133,33242.953692288065,0.17300009727478027,26.41700005531311
14,4,9,local_search,obj_pwldr,34459.29613698656,34459.2972217831,0.17300009727478027,3.0420000553131104
14,4,9,local_search,dr_pwldr,34758.99553284971,34776.383475716924,0.17300009727478027,3.0420000553131104
14,4,9,local_search,reopt_pwldr,27476.282127664133,33242.953692288065,0.17300009727478027,3.0420000553131104
14,4,10,black_box,obj_pwldr,34461.84800808862,34459.29617466433,0.18799996376037598,30.72099995613098
14,4,10,black_box,dr_pwldr,34590.73792155129,34776.226937983,0.18799996376037598,30.72099995613098
14,4,10,black_box,reopt_pwldr,33223.99069517152,33235.51635660875,0.18799996376037598,30.72099995613098
14,4,10,local_search,obj_pwldr,34461.84800808862,34459.29617466433,0.18799996376037598,3.7239999771118164
14,4,10,local_search,dr_pwldr,34590.73792155129,34776.226937983,0.18799996376037598,3.7239999771118164
14,4,10,local_search,reopt_pwldr,33223.99069517152,33235.51635660875,0.18799996376037598,3.7239999771118164
15,1,1,black_box,obj_pwldr,37639.221933546534,37639.922448135345,0.018000125885009766,1.2660000324249268
15,1,1,black_box,dr_pwldr,37509.4343221782,37667.749447863425,0.018000125885009766,1.2660000324249268
15,1,1,black_box,reopt_pwldr,29995.76899864057,36658.176724541714,0.018000125885009766,1.2660000324249268
15,1,1,local_search,obj_pwldr,37639.221933546534,37639.922448135345,0.018000125885009766,0.04200005531311035
15,1,1,local_search,dr_pwldr,37509.4343221782,37667.749447863425,0.018000125885009766,0.04200005531311035
15,1,1,local_search,reopt_pwldr,29995.76899864057,36658.176724541714,0.018000125885009766,0.04200005531311035
15,1,2,black_box,obj_pwldr,38052.988534669224,37639.23126765217,0.026999950408935547,1.312999963760376
15,1,2,black_box,dr_pwldr,38044.30079777691,37667.456968074934,0.026999950408935547,1.312999963760376
15,1,2,black_box,reopt_pwldr,37801.012040028385,36616.338097700835,0.026999950408935547,1.312999963760376
15,1,2,local_search,obj_pwldr,38052.988534669224,37639.23126765216,0.026999950408935547,0.11600017547607422
15,1,2,local_search,dr_pwldr,38044.30079777691,37667.45696807494,0.026999950408935547,0.11600017547607422
15,1,2,local_search,reopt_pwldr,37801.012040028385,36616.33809770083,0.026999950408935547,0.11600017547607422
15,1,3,black_box,obj_pwldr,37639.22193354654,37639.24543907495,0.026000022888183594,1.5989999771118164
15,1,3,black_box,dr_pwldr,37509.4343221782,37667.44847024308,0.026000022888183594,1.5989999771118164
15,1,3,black_box,reopt_pwldr,29995.76899864057,36619.54107589353,0.026000022888183594,1.5989999771118164
15,1,3,local_search,obj_pwldr,37639.22193354654,37639.24543907495,0.026000022888183594,0.0989999771118164
15,1,3,local_search,dr_pwldr,37509.4343221782,37667.44847024308,0.026000022888183594,0.0989999771118164
15,1,3,local_search,reopt_pwldr,29995.76899864057,36619.54107589353,0.026000022888183594,0.0989999771118164
15,1,4,black_box,obj_pwldr,37794.1964345803,37639.22212733128,0.032000064849853516,1.9529998302459717
15,1,4,black_box,dr_pwldr,37653.694993958976,37667.51795622142,0.032000064849853516,1.9529998302459717
15,1,4,black_box,reopt_pwldr,30538.624877839484,36610.09607455375,0.032000064849853516,1.9529998302459717
15,1,4,local_search,obj_pwldr,37794.1964345803,37639.22212733128,0.032000064849853516,0.12800002098083496
15,1,4,local_search,dr_pwldr,37653.694993958976,37667.51795622142,0.032000064849853516,0.12800002098083496
15,1,4,local_search,reopt_pwldr,30538.624877839484,36610.09607455375,0.032000064849853516,0.12800002098083496
15,1,5,black_box,obj_pwldr,37639.221933546556,37639.222469314394,0.029000043869018555,2.309999942779541
15,1,5,black_box,dr_pwldr,37618.504729085376,37667.49462746125,0.029000043869018555,2.309999942779541
15,1,5,black_box,reopt_pwldr,29995.76899864057,36612.18922199115,0.029000043869018555,2.309999942779541
15,1,5,local_search,obj_pwldr,37639.221933546556,37639.222469314394,0.029000043869018555,0.1659998893737793
15,1,5,local_search,dr_pwldr,37618.504729085376,37667.49462746125,0.029000043869018555,0.1659998893737793
15,1,5,local_search,reopt_pwldr,29995.76899864057,36612.18922199115,0.029000043869018555,0.1659998893737793
15,1,6,black_box,obj_pwldr,37719.19100634776,37639.226014647524,0.029999971389770508,2.812999963760376
15,1,6,black_box,dr_pwldr,37705.4646382993,37667.47106855614,0.029999971389770508,2.812999963760376
15,1,6,black_box,reopt_pwldr,37112.558882184545,36614.48965768567,0.029999971389770508,2.812999963760376
15,1,6,local_search,obj_pwldr,37719.19100634776,37639.226014647524,0.029999971389770508,0.2369999885559082
15,1,6,local_search,dr_pwldr,37705.4646382993,37667.47106855614,0.029999971389770508,0.2369999885559082
15,1,6,local_search,reopt_pwldr,37112.558882184545,36614.48965768567,0.029999971389770508,0.2369999885559082
15,1,7,black_box,obj_pwldr,37639.22193354654,37639.223172240294,0.04500007629394531,3.1610000133514404
15,1,7,black_box,dr_pwldr,37625.27997078045,37667.48755004523,0.04500007629394531,3.1610000133514404
15,1,7,black_box,reopt_pwldr,36603.90197177069,36612.86960014657,0.04500007629394531,3.1610000133514404
15,1,7,local_search,obj_pwldr,37639.22193354654,37639.223172240294,0.04500007629394531,0.2929999828338623
15,1,7,local_search,dr_pwldr,37625.27997078045,37667.48755004523,0.04500007629394531,0.2929999828338623
15,1,7,local_search,reopt_pwldr,36603.90197177069,36612.86960014657,0.04500007629394531,0.2929999828338623
15,1,8,black_box,obj_pwldr,37687.82684292339,37639.2219540621,0.04400014877319336,3.824000120162964
15,1,8,black_box,dr_pwldr,37674.04790006386,37667.506034603415,0.04400014877319336,3.824000120162964
15,1,8,black_box,reopt_pwldr,36998.92339919945,36611.137917053515,0.04400014877319336,3.824000120162964
15,1,8,local_search,obj_pwldr,37687.82684292339,37639.2219540621,0.04400014877319336,0.3600001335144043
15,1,8,local_search,dr_pwldr,37674.04790006386,37667.506034603415,0.04400014877319336,0.3600001335144043
15,1,8,local_search,reopt_pwldr,36998.92339919945,36611.137917053515,0.04400014877319336,0.3600001335144043
15,1,9,black_box,obj_pwldr,37639.22193354654,37639.22217962357,0.04999995231628418,4.144000053405762
15,1,9,black_box,dr_pwldr,37618.504729085376,37667.49900946443,0.04999995231628418,4.144000053405762
15,1,9,black_box,reopt_pwldr,29995.76899864057,36611.76796383503,0.04999995231628418,4.144000053405762
15,1,9,local_search,obj_pwldr,37639.22193354654,37639.222179623575,0.04999995231628418,0.42999982833862305
15,1,9,local_search,dr_pwldr,37618.504729085376,37667.49900946443,0.04999995231628418,0.42999982833862305
15,1,9,local_search,reopt_pwldr,29995.76899864057,36611.76796383503,0.04999995231628418,0.42999982833862305
15,1,10,black_box,obj_pwldr,37671.83721997104,37639.22194234307,0.05200004577636719,4.73799991607666
15,1,10,black_box,dr_pwldr,37698.11093998917,37667.51087773693,0.05200004577636719,4.73799991607666
15,1,10,black_box,reopt_pwldr,36935.46389824368,36610.71467061691,0.05200004577636719,4.73799991607666
15,1,10,local_search,obj_pwldr,37671.83721997104,37639.22194234307,0.05200004577636719,0.5580000877380371
15,1,10,local_search,dr_pwldr,37698.11093998917,37667.51087773693,0.05200004577636719,0.5580000877380371
15,1,10,local_search,reopt_pwldr,36935.46389824368,36610.71467061691,0.05200004577636719,0.5580000877380371
15,2,1,black_box,obj_pwldr,38437.36175449728,38437.36723432933,0.018999814987182617,1.6970000267028809
15,2,1,black_box,dr_pwldr,38299.767416160874,38464.6172969859,0.018999814987182617,1.6970000267028809
15,2,1,black_box,reopt_pwldr,30119.791293300535,36670.682814145104,0.018999814987182617,1.6970000267028809
15,2,1,local_search,obj_pwldr,38437.36175449728,38437.36723432933,0.018999814987182617,0.0410001277923584
15,2,1,local_search,dr_pwldr,38299.767416160874,38464.6172969859,0.018999814987182617,0.0410001277923584
15,2,1,local_search,reopt_pwldr,30119.791293300535,36670.682814145104,0.018999814987182617,0.0410001277923584
15,2,2,black_box,obj_pwldr,38516.73134070204,38429.34305505054,0.04399991035461426,3.9779999256134033
15,2,2,black_box,dr_pwldr,38522.30660661455,38456.2928299009,0.04399991035461426,3.9779999256134033
15,2,2,black_box,reopt_pwldr,37845.407503442344,36698.34548907096,0.04399991035461426,3.9779999256134033
15,2,2,local_search,obj_pwldr,38516.73134070204,38429.34305505054,0.04399991035461426,0.2050001621246338
15,2,2,local_search,dr_pwldr,38522.30660661455,38456.2928299009,0.04399991035461426,0.2050001621246338
15,2,2,local_search,reopt_pwldr,37845.407503442344,36698.34548907096,0.04399991035461426,0.2050001621246338
15,2,3,black_box,obj_pwldr,38430.547863626925,38429.309107586385,0.053999900817871094,7.110000133514404
15,2,3,black_box,dr_pwldr,38437.32195616841,38456.26959504992,0.053999900817871094,7.110000133514404
15,2,3,black_box,reopt_pwldr,36633.649815835764,36676.268497199635,0.053999900817871094,7.110000133514404
15,2,3,local_search,obj_pwldr,38430.547863626925,38429.309107586385,0.053999900817871094,0.3880000114440918
15,2,3,local_search,dr_pwldr,38437.32195616841,38456.26959504992,0.053999900817871094,0.3880000114440918
15,2,3,local_search,reopt_pwldr,36633.649815835764,36676.268497199635,0.053999900817871094,0.3880000114440918
15,2,4,black_box,obj_pwldr,38447.74357685842,38429.37307800371,0.0709998607635498,9.94599986076355
15,2,4,black_box,dr_pwldr,38455.48689663102,38456.29000141087,0.0709998607635498,9.94599986076355
15,2,4,black_box,reopt_pwldr,37355.262111087446,36591.253879378804,0.0709998607635498,9.94599986076355
15,2,4,local_search,obj_pwldr,38447.74357685842,38429.27945817683,0.0709998607635498,1.7880001068115234
15,2,4,local_search,dr_pwldr,38455.48689663102,38456.26615929042,0.0709998607635498,1.7880001068115234
15,2,4,local_search,reopt_pwldr,37355.262111087446,36644.02017650527,0.0709998607635498,1.7880001068115234
15,2,5,black_box,obj_pwldr,38429.52381065866,38429.3719401983,0.07800006866455078,13.211999893188477
15,2,5,black_box,dr_pwldr,38572.4400466833,38456.407942995305,0.07800006866455078,13.211999893188477
15,2,5,black_box,reopt_pwldr,30110.74189438105,36631.94203964346,0.07800006866455078,13.211999893188477
15,2,5,local_search,obj_pwldr,38429.52381065866,38429.3719401983,0.07800006866455078,0.9909999370574951
15,2,5,local_search,dr_pwldr,38572.4400466833,38456.4079429953,0.07800006866455078,0.9909999370574951
15,2,5,local_search,reopt_pwldr,30110.74189438105,36631.94203964346,0.07800006866455078,0.9909999370574951
15,2,6,black_box,obj_pwldr,38438.08781627064,38429.3375583743,0.0970001220703125,16.342999935150146
15,2,6,black_box,dr_pwldr,38491.397981194605,38456.277517388735,0.0970001220703125,16.342999935150146
15,2,6,black_box,reopt_pwldr,30546.793184761384,36616.55531976521,0.0970001220703125,16.342999935150146
15,2,6,local_search,obj_pwldr,38438.08781627064,38429.28915844228,0.0970001220703125,1.5829999446868896
15,2,6,local_search,dr_pwldr,38491.397981194605,38456.276587417306,0.0970001220703125,1.5829999446868896
15,2,6,local_search,reopt_pwldr,30546.793184761384,36668.35486766183,0.0970001220703125,1.5829999446868896
15,2,7,black_box,obj_pwldr,38430.54786362692,38429.282862244974,0.1359999179840088,20.328999996185303
15,2,7,black_box,dr_pwldr,38321.47630756625,38456.26584665932,0.1359999179840088,20.328999996185303
15,2,7,black_box,reopt_pwldr,30059.82001183327,36635.675531620465,0.1359999179840088,20.328999996185303
15,2,7,local_search,obj_pwldr,38430.54786362692,38429.28286224499,0.1359999179840088,2.078000068664551
15,2,7,local_search,dr_pwldr,38321.47630756625,38456.26584665932,0.1359999179840088,2.078000068664551
15,2,7,local_search,reopt_pwldr,30059.82001183327,36635.675531620465,0.1359999179840088,2.078000068664551
15,2,8,black_box,obj_pwldr,38434.06864051292,38429.28120270896,0.15700006484985352,23.192999839782715
15,2,8,black_box,dr_pwldr,38440.37329664306,38456.26968000752,0.15700006484985352,23.192999839782715
15,2,8,black_box,reopt_pwldr,37034.253089904705,36659.56269720236,0.15700006484985352,23.192999839782715
15,2,8,local_search,obj_pwldr,38434.06864051292,38429.28120270896,0.15700006484985352,2.259999990463257
15,2,8,local_search,dr_pwldr,38440.37329664306,38456.26968000752,0.15700006484985352,2.259999990463257
15,2,8,local_search,reopt_pwldr,37034.253089904705,36659.56269720236,0.15700006484985352,2.259999990463257
15,2,9,black_box,obj_pwldr,38429.29374034047,38429.28538054553,0.17499995231628418,26.942000150680542
15,2,9,black_box,dr_pwldr,38407.262221028395,38456.264739049635,0.17499995231628418,26.942000150680542
15,2,9,black_box,reopt_pwldr,30169.466654811375,36633.99302798115,0.17499995231628418,26.942000150680542
15,2,9,local_search,obj_pwldr,38429.29374034047,38429.28538054553,0.17499995231628418,2.8420000076293945
15,2,9,local_search,dr_pwldr,38407.262221028395,38456.264739049635,0.17499995231628418,2.8420000076293945
15,2,9,local_search,reopt_pwldr,30169.466654811375,36633.99302798115,0.17499995231628418,2.8420000076293945
15,2,10,black_box,obj_pwldr,38432.199683087274,38429.28466462589,0.17499995231628418,28.65400004386902
15,2,10,black_box,dr_pwldr,38438.57658842142,38456.292155044066,0.17499995231628418,28.65400004386902
15,2,10,black_box,reopt_pwldr,36961.00667161034,36647.48989640621,0.17499995231628418,28.65400004386902
15,2,10,local_search,obj_pwldr,38432.199683087274,38429.28466462589,0.17499995231628418,3.674999952316284
15,2,10,local_search,dr_pwldr,38438.57658842142,38456.292155044066,0.17499995231628418,3.674999952316284
15,2,10,local_search,reopt_pwldr,36961.00667161034,36647.48989640621,0.17499995231628418,3.674999952316284
15,3,1,black_box,obj_pwldr,38302.0838493192,38302.08757445674,0.016000032424926758,0.8519999980926514
15,3,1,black_box,dr_pwldr,38326.70789838172,38175.28971672387,0.016000032424926758,0.8519999980926514
15,3,1,black_box,reopt_pwldr,36640.680607005525,36650.94902762425,0.016000032424926758,0.8519999980926514
15,3,1,local_search,obj_pwldr,38302.0838493192,38302.08757445674,0.016000032424926758,0.03500008583068848
15,3,1,local_search,dr_pwldr,38326.70789838172,38175.28971672387,0.016000032424926758,0.03500008583068848
15,3,1,local_search,reopt_pwldr,36640.680607005525,36650.94902762425,0.016000032424926758,0.03500008583068848
15,3,2,black_box,obj_pwldr,38534.68316439113,38302.11180439373,0.019999980926513672,1.188999891281128
15,3,2,black_box,dr_pwldr,38542.53449227159,38175.5352526944,0.019999980926513672,1.188999891281128
15,3,2,black_box,reopt_pwldr,37845.627781467534,36668.85205409592,0.019999980926513672,1.188999891281128
15,3,2,local_search,obj_pwldr,38534.68316439113,38302.11180439373,0.019999980926513672,0.05299997329711914
15,3,2,local_search,dr_pwldr,38542.53449227159,38175.5352526944,0.019999980926513672,0.05299997329711914
15,3,2,local_search,reopt_pwldr,37845.627781467534,36668.85205409592,0.019999980926513672,0.05299997329711914
15,3,3,black_box,obj_pwldr,38302.08384931921,38302.1156755168,0.01900005340576172,1.4530000686645508
15,3,3,black_box,dr_pwldr,38319.93265668675,38175.18882652376,0.01900005340576172,1.4530000686645508
15,3,3,black_box,reopt_pwldr,30065.694225961714,36641.742629323024,0.01900005340576172,1.4530000686645508
15,3,3,local_search,obj_pwldr,38302.08384931921,38302.1156755168,0.01900005340576172,0.08799982070922852
15,3,3,local_search,dr_pwldr,38319.93265668675,38175.18882652376,0.01900005340576172,0.08799982070922852
15,3,3,local_search,reopt_pwldr,30065.694225961714,36641.742629323024,0.01900005340576172,0.08799982070922852
15,3,4,black_box,obj_pwldr,38386.312914509086,38302.08464066531,0.028999805450439453,1.8389999866485596
15,3,4,black_box,dr_pwldr,38271.59715709183,38175.3207732932,0.028999805450439453,1.8389999866485596
15,3,4,black_box,reopt_pwldr,37377.32162917107,36653.53001816821,0.028999805450439453,1.8389999866485596
15,3,4,local_search,obj_pwldr,38386.312914509086,38302.08464066531,0.028999805450439453,0.10899996757507324
15,3,4,local_search,dr_pwldr,38271.59715709183,38175.3207732932,0.028999805450439453,0.10899996757507324
15,3,4,local_search,reopt_pwldr,37377.32162917107,36653.53001816821,0.028999805450439453,0.10899996757507324
15,3,5,black_box,obj_pwldr,38302.08384931919,38302.083880225815,0.03600001335144043,2.1530001163482666
15,3,5,black_box,dr_pwldr,38326.70789838172,38175.34207812065,0.03600001335144043,2.1530001163482666
15,3,5,black_box,reopt_pwldr,36640.680607005525,36655.30057941688,0.03600001335144043,2.1530001163482666
15,3,5,local_search,obj_pwldr,38302.08384931919,38302.083880225815,0.03600001335144043,0.14999985694885254
15,3,5,local_search,dr_pwldr,38326.70789838172,38175.34207812065,0.03600001335144043,0.14999985694885254
15,3,5,local_search,reopt_pwldr,36640.680607005525,36655.30057941688,0.03600001335144043,0.14999985694885254
15,3,6,black_box,obj_pwldr,38345.12783406987,38302.092882108715,0.03900003433227539,2.496000051498413
15,3,6,black_box,dr_pwldr,38370.40222820078,38175.25761805058,0.03900003433227539,2.496000051498413
15,3,6,black_box,reopt_pwldr,29752.979522172078,36648.28143188099,0.03900003433227539,2.496000051498413
15,3,6,local_search,obj_pwldr,38345.12783406987,38302.092882108715,0.03900003433227539,0.20000004768371582
15,3,6,local_search,dr_pwldr,38370.40222820078,38175.25761805058,0.03900003433227539,0.20000004768371582
15,3,6,local_search,reopt_pwldr,29752.979522172078,36648.28143188099,0.03900003433227539,0.20000004768371582
15,3,7,black_box,obj_pwldr,38302.083849319206,38302.08384991003,0.03699994087219238,2.8959999084472656
15,3,7,black_box,dr_pwldr,38326.70789838172,38175.34659998646,0.03699994087219238,2.8959999084472656
15,3,7,black_box,reopt_pwldr,36640.680607005525,36655.67637407355,0.03699994087219238,2.8959999084472656
15,3,7,local_search,obj_pwldr,38302.083849319206,38302.08384991003,0.03699994087219238,0.24099993705749512
15,3,7,local_search,dr_pwldr,38326.70789838172,38175.34659998646,0.03699994087219238,0.24099993705749512
15,3,7,local_search,reopt_pwldr,36640.680607005525,36655.67637407355,0.03699994087219238,0.24099993705749512
15,3,8,black_box,obj_pwldr,38328.14027041652,38302.087389932494,0.048999786376953125,3.303999900817871
15,3,8,black_box,dr_pwldr,38347.3580909975,38175.405321927,0.048999786376953125,3.303999900817871
15,3,8,black_box,reopt_pwldr,37042.294273443265,36660.40422766853,0.048999786376953125,3.303999900817871
15,3,8,local_search,obj_pwldr,38328.14027041652,38302.087389932494,0.048999786376953125,0.3190000057220459
15,3,8,local_search,dr_pwldr,38347.3580909975,38175.405321927,0.048999786376953125,0.3190000057220459
15,3,8,local_search,reopt_pwldr,37042.294273443265,36660.40422766853,0.048999786376953125,0.3190000057220459
15,3,9,black_box,obj_pwldr,38302.08384931919,38302.08527621151,0.03900003433227539,3.815999984741211
15,3,9,black_box,dr_pwldr,38210.86224977956,38175.31167110855,0.03900003433227539,3.815999984741211
15,3,9,black_box,reopt_pwldr,30065.694225961714,36652.773571047524,0.03900003433227539,3.815999984741211
15,3,9,local_search,obj_pwldr,38302.08384931919,38302.08527621151,0.03900003433227539,0.40599989891052246
15,3,9,local_search,dr_pwldr,38210.86224977956,38175.31167110855,0.03900003433227539,0.40599989891052246
15,3,9,local_search,reopt_pwldr,30065.694225961714,36652.773571047524,0.03900003433227539,0.40599989891052246
15,3,10,black_box,obj_pwldr,38319.53250366708,38302.08386283199,0.054000139236450195,4.251000165939331
15,3,10,black_box,dr_pwldr,38318.68035377225,38175.35079519583,0.054000139236450195,4.251000165939331
15,3,10,black_box,reopt_pwldr,29970.529899766487,36656.025021587,0.054000139236450195,4.251000165939331
15,3,10,local_search,obj_pwldr,38319.53250366708,38302.08386283199,0.054000139236450195,0.49900007247924805
15,3,10,local_search,dr_pwldr,38318.68035377225,38175.35079519583,0.054000139236450195,0.49900007247924805
15,3,10,local_search,reopt_pwldr,29970.529899766487,36656.025021587,0.054000139236450195,0.49900007247924805
15,4,1,black_box,obj_pwldr,38447.198969812234,38447.19915167924,0.01399993896484375,0.810999870300293
15,4,1,black_box,dr_pwldr,38393.787786735214,38523.152558989634,0.01399993896484375,0.810999870300293
15,4,1,black_box,reopt_pwldr,36640.680607005525,36654.59303867572,0.01399993896484375,0.810999870300293
15,4,1,local_search,obj_pwldr,38447.198969812234,38447.19915167924,0.01399993896484375,0.0279998779296875
15,4,1,local_search,dr_pwldr,38393.787786735214,38523.152558989634,0.01399993896484375,0.0279998779296875
15,4,1,local_search,reopt_pwldr,36640.680607005525,36654.59303867572,0.01399993896484375,0.0279998779296875
15,4,2,black_box,obj_pwldr,38648.055943061525,38447.20039856444,0.01699995994567871,1.0989999771118164
15,4,2,black_box,dr_pwldr,38731.322659294565,38523.04172511647,0.01699995994567871,1.0989999771118164
15,4,2,black_box,reopt_pwldr,31075.63594580781,36658.942107181174,0.01699995994567871,1.0989999771118164
15,4,2,local_search,obj_pwldr,38648.055943061525,38447.20039856444,0.01699995994567871,0.05200004577636719
15,4,2,local_search,dr_pwldr,38731.322659294565,38523.04172511647,0.01699995994567871,0.05200004577636719
15,4,2,local_search,reopt_pwldr,31075.63594580781,36658.942107181174,0.01699995994567871,0.05200004577636719
15,4,3,black_box,obj_pwldr,38447.19896981224,38447.214887654336,0.023999929428100586,1.3930001258850098
15,4,3,black_box,dr_pwldr,38393.787786735214,38522.86107865709,0.023999929428100586,1.3930001258850098
15,4,3,black_box,reopt_pwldr,36640.680607005525,36666.435861501515,0.023999929428100586,1.3930001258850098
15,4,3,local_search,obj_pwldr,38447.19896981224,38447.21488765434,0.023999929428100586,0.07500004768371582
15,4,3,local_search,dr_pwldr,38393.787786735214,38522.86107865709,0.023999929428100586,0.07500004768371582
15,4,3,local_search,reopt_pwldr,36640.680607005525,36666.43586150152,0.023999929428100586,0.07500004768371582
15,4,4,black_box,obj_pwldr,38519.50748018199,38447.199057589,0.026000022888183594,1.6779999732971191
15,4,4,black_box,dr_pwldr,38483.68092544954,38523.14345699781,0.026000022888183594,1.6779999732971191
15,4,4,black_box,reopt_pwldr,37363.612954821976,36654.94216072476,0.026000022888183594,1.6779999732971191
15,4,4,local_search,obj_pwldr,38519.50748018199,38447.199057589,0.026000022888183594,0.10600018501281738
15,4,4,local_search,dr_pwldr,38483.68092544954,38523.14345699781,0.026000022888183594,0.10600018501281738
15,4,4,local_search,reopt_pwldr,37363.612954821976,36654.94216072476,0.026000022888183594,0.10600018501281738
15,4,5,black_box,obj_pwldr,38447.19896981225,38447.19898455938,0.03299999237060547,1.999000072479248
15,4,5,black_box,dr_pwldr,38387.01254504023,38523.13123356494,0.03299999237060547,1.999000072479248
15,4,5,black_box,reopt_pwldr,30065.694225961714,36655.411010833,0.03299999237060547,1.999000072479248
15,4,5,local_search,obj_pwldr,38447.19896981225,38447.19898455938,0.03299999237060547,0.1419999599456787
15,4,5,local_search,dr_pwldr,38387.01254504023,38523.13123356494,0.03299999237060547,0.1419999599456787
15,4,5,local_search,reopt_pwldr,30065.694225961714,36655.411010833,0.03299999237060547,0.1419999599456787
15,4,6,black_box,obj_pwldr,38484.09106693966,38447.20539172882,0.02700018882751465,2.2799999713897705
15,4,6,black_box,dr_pwldr,38421.418000501006,38522.95501597201,0.02700018882751465,2.2799999713897705
15,4,6,black_box,reopt_pwldr,36124.409666519074,36662.53247928146,0.02700018882751465,2.2799999713897705
15,4,6,local_search,obj_pwldr,38484.09106693966,38447.20539172882,0.02700018882751465,0.19000005722045898
15,4,6,local_search,dr_pwldr,38421.418000501006,38522.95501597201,0.02700018882751465,0.19000005722045898
15,4,6,local_search,reopt_pwldr,36124.409666519074,36662.53247928146,0.02700018882751465,0.19000005722045898
15,4,7,black_box,obj_pwldr,38447.198969812234,38447.20269033265,0.026000022888183594,2.575000047683716
15,4,7,black_box,dr_pwldr,38393.787786735214,38522.99407899688,0.026000022888183594,2.575000047683716
15,4,7,black_box,reopt_pwldr,36640.680607005525,36660.90929133699,0.026000022888183594,2.575000047683716
15,4,7,local_search,obj_pwldr,38447.198969812234,38447.20269033265,0.026000022888183594,0.24399995803833008
15,4,7,local_search,dr_pwldr,38393.787786735214,38522.99407899688,0.026000022888183594,0.24399995803833008
15,4,7,local_search,reopt_pwldr,36640.680607005525,36660.90929133699,0.026000022888183594,0.24399995803833008
15,4,8,black_box,obj_pwldr,38469.51641128437,38447.20004539203,0.03699994087219238,2.934000015258789
15,4,8,black_box,dr_pwldr,38408.017701807315,38523.195251864934,0.03699994087219238,2.934000015258789
15,4,8,black_box,reopt_pwldr,36239.1211338537,36652.95548239268,0.03699994087219238,2.934000015258789
15,4,8,local_search,obj_pwldr,38469.51641128437,38447.20004539203,0.03699994087219238,0.2849998474121094
15,4,8,local_search,dr_pwldr,38408.017701807315,38523.195251864934,0.03699994087219238,0.2849998474121094
15,4,8,local_search,reopt_pwldr,36239.1211338537,36652.95548239268,0.03699994087219238,0.2849998474121094
15,4,9,black_box,obj_pwldr,38447.19896981221,38447.199155552364,0.04699993133544922,3.3970000743865967
15,4,9,black_box,dr_pwldr,38393.787786735214,38523.1528748017,0.04699993133544922,3.3970000743865967
15,4,9,black_box,reopt_pwldr,36640.680607005525,36654.58092518413,0.04699993133544922,3.3970000743865967
15,4,9,local_search,obj_pwldr,38447.19896981221,38447.199155552364,0.04699993133544922,0.34799981117248535
15,4,9,local_search,dr_pwldr,38393.787786735214,38523.1528748017,0.04699993133544922,0.34799981117248535
15,4,9,local_search,reopt_pwldr,36640.680607005525,36654.58092518413,0.04699993133544922,0.34799981117248535
15,4,10,black_box,obj_pwldr,38462.13874468204,38447.198972379774,0.042999982833862305,3.7779998779296875
15,4,10,black_box,dr_pwldr,38559.740480588225,38523.1192006514,0.042999982833862305,3.7779998779296875
15,4,10,black_box,reopt_pwldr,30415.001593125446,36655.87255326019,0.042999982833862305,3.7779998779296875
15,4,10,local_search,obj_pwldr,38462.13874468204,38447.198972379774,0.042999982833862305,0.4530000686645508
15,4,10,local_search,dr_pwldr,38559.740480588225,38523.1192006514,0.042999982833862305,0.4530000686645508
15,4,10,local_search,reopt_pwldr,30415.001593125446,36655.87255326019,0.042999982833862305,0.4530000686645508
16,1,1,black_box,obj_pwldr,33762.52363729432,33762.56936482733,0.015000104904174805,0.8960001468658447
16,1,1,black_box,dr_pwldr,33928.86957106992,34143.98040775921,0.015000104904174805,0.8960001468658447
16,1,1,black_box,reopt_pwldr,28422.53105617475,33210.96643495083,0.015000104904174805,0.8960001468658447
16,1,1,local_search,obj_pwldr,33762.52363729432,33762.56936482733,0.015000104904174805,0.03399991989135742
16,1,1,local_search,dr_pwldr,33928.86957106992,34143.98040775921,0.015000104904174805,0.03399991989135742
16,1,1,local_search,reopt_pwldr,28422.53105617475,33210.96643495083,0.015000104904174805,0.03399991989135742
16,1,2,black_box,obj_pwldr,34114.71171105668,33762.526787861134,0.01900005340576172,1.2209999561309814
16,1,2,black_box,dr_pwldr,34455.51651445674,34144.208720296876,0.01900005340576172,1.2209999561309814
16,1,2,black_box,reopt_pwldr,28081.592025813963,33219.504929359624,0.01900005340576172,1.2209999561309814
16,1,2,local_search,obj_pwldr,34114.71171105668,33762.526787861134,0.01900005340576172,0.05200004577636719
16,1,2,local_search,dr_pwldr,34455.51651445674,34144.208720296876,0.01900005340576172,0.05200004577636719
16,1,2,local_search,reopt_pwldr,28081.592025813963,33219.504929359624,0.01900005340576172,0.05200004577636719
16,1,3,black_box,obj_pwldr,33762.523637294325,33762.52672984126,0.029999971389770508,1.496000051498413
16,1,3,black_box,dr_pwldr,33900.9289295727,34144.40794566674,0.029999971389770508,1.496000051498413
16,1,3,black_box,reopt_pwldr,31185.937709439277,33225.5545846806,0.029999971389770508,1.496000051498413
16,1,3,local_search,obj_pwldr,33762.523637294325,33762.52672984126,0.029999971389770508,0.10800004005432129
16,1,3,local_search,dr_pwldr,33900.9289295727,34144.40794566674,0.029999971389770508,0.10800004005432129
16,1,3,local_search,reopt_pwldr,31185.937709439277,33225.5545846806,0.029999971389770508,0.10800004005432129
16,1,4,black_box,obj_pwldr,33894.434165725725,33762.52366566919,0.029999971389770508,1.8629999160766602
16,1,4,black_box,dr_pwldr,34032.08385821962,34144.29795628243,0.029999971389770508,1.8629999160766602
16,1,4,black_box,reopt_pwldr,32122.332826045553,33222.255418677465,0.029999971389770508,1.8629999160766602
16,1,4,local_search,obj_pwldr,33894.434165725725,33762.52366566919,0.029999971389770508,0.12399983406066895
16,1,4,local_search,dr_pwldr,34032.08385821962,34144.29795628243,0.029999971389770508,0.12399983406066895
16,1,4,local_search,reopt_pwldr,32122.332826045553,33222.255418677465,0.029999971389770508,0.12399983406066895
16,1,5,black_box,obj_pwldr,33762.52363729432,33762.52686395671,0.03600001335144043,2.2269999980926514
16,1,5,black_box,dr_pwldr,33993.52436361162,34144.410208639914,0.03600001335144043,2.2269999980926514
16,1,5,black_box,reopt_pwldr,26590.235419857654,33225.61917640218,0.03600001335144043,2.2269999980926514
16,1,5,local_search,obj_pwldr,33762.52363729432,33762.52686395671,0.03600001335144043,0.15599989891052246
16,1,5,local_search,dr_pwldr,33993.52436361162,34144.410208639914,0.03600001335144043,0.15599989891052246
16,1,5,local_search,reopt_pwldr,26590.235419857654,33225.61917640217,0.03600001335144043,0.15599989891052246
16,1,6,black_box,obj_pwldr,33830.591368314665,33762.52850270774,0.03299999237060547,2.614000082015991
16,1,6,black_box,dr_pwldr,33967.158845461345,34144.18531351513,0.03299999237060547,2.614000082015991
16,1,6,black_box,reopt_pwldr,32301.89684157471,33218.767398479955,0.03299999237060547,2.614000082015991
16,1,6,local_search,obj_pwldr,33830.591368314665,33762.52850270774,0.03299999237060547,0.23800015449523926
16,1,6,local_search,dr_pwldr,33967.158845461345,34144.18531351513,0.03299999237060547,0.23800015449523926
16,1,6,local_search,reopt_pwldr,32301.89684157471,33218.767398479955,0.03299999237060547,0.23800015449523926
16,1,7,black_box,obj_pwldr,33762.523637294325,33762.53059403039,0.04999995231628418,2.994999885559082
16,1,7,black_box,dr_pwldr,33887.9140214645,34144.16258891722,0.04999995231628418,2.994999885559082
16,1,7,black_box,reopt_pwldr,32751.119257249775,33218.02813855007,0.04999995231628418,2.994999885559082
16,1,7,local_search,obj_pwldr,33762.523637294325,33762.53059403039,0.04999995231628418,0.2779998779296875
16,1,7,local_search,dr_pwldr,33887.9140214645,34144.16258891722,0.04999995231628418,0.2779998779296875
16,1,7,local_search,reopt_pwldr,32751.119257249775,33218.02813855007,0.04999995231628418,0.2779998779296875
16,1,8,black_box,obj_pwldr,33803.89495475295,33762.53374417125,0.029999971389770508,3.4699997901916504
16,1,8,black_box,dr_pwldr,33938.730834081,34144.49420028099,0.029999971389770508,3.4699997901916504
16,1,8,black_box,reopt_pwldr,32401.65462797971,33227.986688990866,0.029999971389770508,3.4699997901916504
16,1,8,local_search,obj_pwldr,33803.89495475295,33762.53374417125,0.029999971389770508,0.3279998302459717
16,1,8,local_search,dr_pwldr,33938.730834081,34144.49420028099,0.029999971389770508,0.3279998302459717
16,1,8,local_search,reopt_pwldr,32401.65462797971,33227.986688990866,0.029999971389770508,0.3279998302459717
16,1,9,black_box,obj_pwldr,33762.52363729432,33762.52759318455,0.046000003814697266,4.459000110626221
16,1,9,black_box,dr_pwldr,33941.88447917807,34144.196986629526,0.046000003814697266,4.459000110626221
16,1,9,black_box,reopt_pwldr,27259.40475273954,33219.13861893135,0.046000003814697266,4.459000110626221
16,1,9,local_search,obj_pwldr,33762.52363729432,33762.52759318455,0.046000003814697266,0.45999979972839355
16,1,9,local_search,dr_pwldr,33941.88447917807,34144.196986629526,0.046000003814697266,0.45999979972839355
16,1,9,local_search,reopt_pwldr,27259.40475273954,33219.13861893135,0.046000003814697266,0.45999979972839355
16,1,10,black_box,obj_pwldr,33790.284976343646,33762.52436932775,0.04400014877319336,4.523999929428101
16,1,10,black_box,dr_pwldr,33907.14814722406,34144.2591406617,0.04400014877319336,4.523999929428101
16,1,10,black_box,reopt_pwldr,33037.15372858968,33221.078990123075,0.04400014877319336,4.523999929428101
16,1,10,local_search,obj_pwldr,33790.284976343646,33762.52436932775,0.04400014877319336,0.5160000324249268
16,1,10,local_search,dr_pwldr,33907.14814722406,34144.2591406617,0.04400014877319336,0.5160000324249268
16,1,10,local_search,reopt_pwldr,33037.15372858968,33221.078990123075,0.04400014877319336,0.5160000324249268
16,2,1,black_box,obj_pwldr,34406.03419694836,34406.03443754959,0.01399993896484375,1.4619998931884766
16,2,1,black_box,dr_pwldr,34571.56760804955,34747.950832759285,0.01399993896484375,1.4619998931884766
16,2,1,black_box,reopt_pwldr,31185.937709439277,33219.61583191166,0.01399993896484375,1.4619998931884766
16,2,1,local_search,obj_pwldr,34406.03419694836,34406.03443754959,0.01399993896484375,0.032000064849853516
16,2,1,local_search,dr_pwldr,34571.56760804955,34747.950832759285,0.01399993896484375,0.032000064849853516
16,2,1,local_search,reopt_pwldr,31185.937709439277,33219.61583191166,0.01399993896484375,0.032000064849853516
16,2,2,black_box,obj_pwldr,34475.29414375418,34393.149413935695,0.028999805450439453,3.73799991607666
16,2,2,black_box,dr_pwldr,34588.67388758812,34728.079976769244,0.028999805450439453,3.73799991607666
16,2,2,black_box,reopt_pwldr,33800.46708785577,32997.89190840901,0.028999805450439453,3.73799991607666
16,2,2,local_search,obj_pwldr,34475.29414375418,34391.70206911727,0.028999805450439453,0.38499999046325684
16,2,2,local_search,dr_pwldr,34588.67388758812,34734.23453079126,0.028999805450439453,0.38499999046325684
16,2,2,local_search,reopt_pwldr,33800.46708785577,33202.686368693496,0.028999805450439453,0.38499999046325684
16,2,3,black_box,obj_pwldr,34406.03419694836,34391.711793099734,0.04399991035461426,6.335999965667725
16,2,3,black_box,dr_pwldr,34642.44600343808,34731.3890789817,0.04399991035461426,6.335999965667725
16,2,3,black_box,reopt_pwldr,26319.78661527907,33124.1844166171,0.04399991035461426,6.335999965667725
16,2,3,local_search,obj_pwldr,34406.03419694836,34391.53449012267,0.04399991035461426,0.562999963760376
16,2,3,local_search,dr_pwldr,34642.44600343808,34734.14616591547,0.04399991035461426,0.562999963760376
16,2,3,local_search,reopt_pwldr,26319.78661527907,33202.300081398665,0.04399991035461426,0.562999963760376
16,2,4,black_box,obj_pwldr,34416.6955937239,34391.50658335426,0.05800008773803711,9.227999925613403
16,2,4,black_box,dr_pwldr,34780.9993623371,34732.95712958858,0.05800008773803711,9.227999925613403
16,2,4,black_box,reopt_pwldr,33800.90399107201,33169.35018839694,0.05800008773803711,9.227999925613403
16,2,4,local_search,obj_pwldr,34416.6955937239,34391.50658335426,0.05800008773803711,0.622999906539917
16,2,4,local_search,dr_pwldr,34780.9993623371,34732.95712958858,0.05800008773803711,0.622999906539917
16,2,4,local_search,reopt_pwldr,33800.90399107201,33169.35018839694,0.05800008773803711,0.622999906539917
16,2,5,black_box,obj_pwldr,34393.715143205074,34391.56245135143,0.07299995422363281,12.439000129699707
16,2,5,black_box,dr_pwldr,34617.048551527245,34735.38831478266,0.07299995422363281,12.439000129699707
16,2,5,black_box,reopt_pwldr,27081.493539904677,33236.02110500269,0.07299995422363281,12.439000129699707
16,2,5,local_search,obj_pwldr,34393.715143205074,34391.518215530756,0.07299995422363281,1.2999999523162842
16,2,5,local_search,dr_pwldr,34617.048551527245,34733.49083303109,0.07299995422363281,1.2999999523162842
16,2,5,local_search,reopt_pwldr,27081.493539904677,33184.213072107676,0.07299995422363281,1.2999999523162842
16,2,6,black_box,obj_pwldr,34398.683318989446,34391.53379803351,0.09200000762939453,15.42199993133545
16,2,6,black_box,dr_pwldr,34535.3078903937,34733.58984257907,0.09200000762939453,15.42199993133545
16,2,6,black_box,reopt_pwldr,33200.72087700378,33185.62838381428,0.09200000762939453,15.42199993133545
16,2,6,local_search,obj_pwldr,34398.683318989446,34391.53379803351,0.09200000762939453,1.4249999523162842
16,2,6,local_search,dr_pwldr,34535.3078903937,34733.58984257907,0.09200000762939453,1.4249999523162842
16,2,6,local_search,reopt_pwldr,33200.72087700378,33185.62838381428,0.09200000762939453,1.4249999523162842
16,2,7,black_box,obj_pwldr,34391.537654323125,34391.50411184145,0.13300013542175293,18.503000020980835
16,2,7,black_box,dr_pwldr,34544.51804838674,34733.7672615216,0.13300013542175293,18.503000020980835
16,2,7,black_box,reopt_pwldr,32751.119257249775,33191.928839452514,0.13300013542175293,18.503000020980835
16,2,7,local_search,obj_pwldr,34391.537654323125,34391.50411184145,0.13300013542175293,1.9549999237060547
16,2,7,local_search,dr_pwldr,34544.51804838674,34733.7672615216,0.13300013542175293,1.9549999237060547
16,2,7,local_search,reopt_pwldr,32751.119257249775,33191.928839452514,0.13300013542175293,1.9549999237060547
16,2,8,black_box,obj_pwldr,34395.895979204935,34391.50709755575,0.14499998092651367,21.868000030517578
16,2,8,black_box,dr_pwldr,34596.97595746733,34733.0415069634,0.14499998092651367,21.868000030517578
16,2,8,black_box,reopt_pwldr,28680.16016633182,33171.77034926549,0.14499998092651367,21.868000030517578
16,2,8,local_search,obj_pwldr,34395.895979204935,34391.50487107032,0.14499998092651367,2.934000015258789
16,2,8,local_search,dr_pwldr,34596.97595746733,34734.29927248469,0.14499998092651367,2.934000015258789
16,2,8,local_search,reopt_pwldr,28680.16016633182,33206.55759995496,0.14499998092651367,2.934000015258789
16,2,9,black_box,obj_pwldr,34392.69470296603,34391.54574910604,0.17300009727478027,29.26099991798401
16,2,9,black_box,dr_pwldr,34734.73927671436,34732.730276318885,0.17300009727478027,29.26099991798401
16,2,9,black_box,reopt_pwldr,33196.25764521703,33163.05624550304,0.17300009727478027,29.26099991798401
16,2,9,local_search,obj_pwldr,34392.69470296603,34391.51211507721,0.17300009727478027,5.452999830245972
16,2,9,local_search,dr_pwldr,34734.73927671436,34733.85040037759,0.17300009727478027,5.452999830245972
16,2,9,local_search,reopt_pwldr,33196.25764521703,33194.23301241275,0.17300009727478027,5.452999830245972
16,2,10,black_box,obj_pwldr,34395.89222992559,34391.50246512077,0.22600007057189941,37.5
16,2,10,black_box,dr_pwldr,34630.12994999492,34734.131836706445,0.22600007057189941,37.5
16,2,10,black_box,reopt_pwldr,26901.734680614376,33201.83039297742,0.22600007057189941,37.5
16,2,10,local_search,obj_pwldr,34395.89222992559,34391.502105272004,0.22600007057189941,4.585999965667725
16,2,10,local_search,dr_pwldr,34630.12994999492,34733.11353525479,0.22600007057189941,4.585999965667725
16,2,10,local_search,reopt_pwldr,26901.734680614376,33173.666812665346,0.22600007057189941,4.585999965667725
16,3,1,black_box,obj_pwldr,34351.021404679275,34350.9967325608,0.015999794006347656,0.8869998455047607
16,3,1,black_box,dr_pwldr,34597.66851007185,34733.339227930766,0.015999794006347656,0.8869998455047607
16,3,1,black_box,reopt_pwldr,27117.352362709735,33119.17087189897,0.015999794006347656,0.8869998455047607
16,3,1,local_search,obj_pwldr,34351.021404679275,34350.9967325608,0.015999794006347656,0.05299997329711914
16,3,1,local_search,dr_pwldr,34597.66851007185,34733.339227930766,0.015999794006347656,0.05299997329711914
16,3,1,local_search,reopt_pwldr,27117.352362709735,33119.17087189897,0.015999794006347656,0.05299997329711914
16,3,2,black_box,obj_pwldr,34521.04121258978,34344.4152789485,0.034999847412109375,1.2880001068115234
16,3,2,black_box,dr_pwldr,34917.26781374426,34726.99424801788,0.034999847412109375,1.2880001068115234
16,3,2,black_box,reopt_pwldr,33649.40720424119,33130.10218213219,0.034999847412109375,1.2880001068115234
16,3,2,local_search,obj_pwldr,34521.04121258978,34344.4152789485,0.034999847412109375,0.0710000991821289
16,3,2,local_search,dr_pwldr,34917.26781374426,34726.99424801788,0.034999847412109375,0.0710000991821289
16,3,2,local_search,reopt_pwldr,33649.40720424119,33130.10218213219,0.034999847412109375,0.0710000991821289
16,3,3,black_box,obj_pwldr,34344.287933569554,34343.32651511691,0.026000022888183594,1.442000150680542
16,3,3,black_box,dr_pwldr,34453.195428732724,34725.980387218966,0.026000022888183594,1.442000150680542
16,3,3,black_box,reopt_pwldr,32788.63348064643,33135.21362468943,0.026000022888183594,1.442000150680542
16,3,3,local_search,obj_pwldr,34344.287933569554,34343.32651511691,0.026000022888183594,0.07799983024597168
16,3,3,local_search,dr_pwldr,34453.195428732724,34725.980387218966,0.026000022888183594,0.07799983024597168
16,3,3,local_search,reopt_pwldr,32788.63348064643,33135.21362468943,0.026000022888183594,0.07799983024597168
16,3,4,black_box,obj_pwldr,34405.05886702015,34341.56827497034,0.031999826431274414,1.812999963760376
16,3,4,black_box,dr_pwldr,34600.7037370849,34724.356290728254,0.031999826431274414,1.812999963760376
16,3,4,black_box,reopt_pwldr,26779.65999606005,33131.70511404765,0.031999826431274414,1.812999963760376
16,3,4,local_search,obj_pwldr,34405.05886702015,34341.56827497034,0.031999826431274414,0.11899995803833008
16,3,4,local_search,dr_pwldr,34600.7037370849,34724.356290728254,0.031999826431274414,0.11899995803833008
16,3,4,local_search,reopt_pwldr,26779.65999606005,33131.70511404765,0.031999826431274414,0.11899995803833008
16,3,5,black_box,obj_pwldr,34342.351263908866,34341.49317322393,0.026000022888183594,2.11299991607666
16,3,5,black_box,dr_pwldr,34451.63354292871,34724.748000711086,0.026000022888183594,2.11299991607666
16,3,5,black_box,reopt_pwldr,32806.95382069792,33157.49634692179,0.026000022888183594,2.11299991607666
16,3,5,local_search,obj_pwldr,34342.351263908866,34341.4011063818,0.026000022888183594,0.48600006103515625
16,3,5,local_search,dr_pwldr,34451.63354292871,34723.66508001748,0.026000022888183594,0.48600006103515625
16,3,5,local_search,reopt_pwldr,32806.95382069792,33104.340865072685,0.026000022888183594,0.48600006103515625
16,3,6,black_box,obj_pwldr,34373.474234698304,34341.38186321427,0.03699994087219238,2.5260000228881836
16,3,6,black_box,dr_pwldr,34494.20441247151,34723.78117455971,0.03699994087219238,2.5260000228881836
16,3,6,black_box,reopt_pwldr,32354.93887381522,33110.7060107855,0.03699994087219238,2.5260000228881836
16,3,6,local_search,obj_pwldr,34373.474234698304,34341.38186321427,0.03699994087219238,0.22299981117248535
16,3,6,local_search,dr_pwldr,34494.20441247151,34723.78117455971,0.03699994087219238,0.22299981117248535
16,3,6,local_search,reopt_pwldr,32354.93887381522,33110.7060107855,0.03699994087219238,0.22299981117248535
16,3,7,black_box,obj_pwldr,34341.267496312576,34341.51849497391,0.04699993133544922,2.7760000228881836
16,3,7,black_box,dr_pwldr,34450.7988616839,34724.04865516795,0.04699993133544922,2.7760000228881836
16,3,7,black_box,reopt_pwldr,32817.121334090276,33117.569727823495,0.04699993133544922,2.7760000228881836
16,3,7,local_search,obj_pwldr,34341.267496312576,34341.51849497391,0.04699993133544922,0.24300003051757812
16,3,7,local_search,dr_pwldr,34450.7988616839,34724.04865516795,0.04699993133544922,0.24300003051757812
16,3,7,local_search,reopt_pwldr,32817.121334090276,33117.569727823495,0.04699993133544922,0.24300003051757812
16,3,8,black_box,obj_pwldr,34360.688060306595,34341.387714137374,0.04500007629394531,3.1059999465942383
16,3,8,black_box,dr_pwldr,34614.78515472605,34724.11612450538,0.04500007629394531,3.1059999465942383
16,3,8,black_box,reopt_pwldr,27584.68594769875,33127.632630351596,0.04500007629394531,3.1059999465942383
16,3,8,local_search,obj_pwldr,34360.688060306595,34341.38771413738,0.04500007629394531,0.2929999828338623
16,3,8,local_search,dr_pwldr,34614.78515472605,34724.11612450539,0.04500007629394531,0.2929999828338623
16,3,8,local_search,reopt_pwldr,27584.68594769875,33127.632630351596,0.04500007629394531,0.2929999828338623
16,3,9,black_box,obj_pwldr,34341.19406907115,34341.19128176635,0.04900002479553223,3.684999942779541
16,3,9,black_box,dr_pwldr,34521.49515288532,34723.09073596445,0.04900002479553223,3.684999942779541
16,3,9,black_box,reopt_pwldr,27138.547343009217,33086.525957793056,0.04900002479553223,3.684999942779541
16,3,9,local_search,obj_pwldr,34341.19406907115,34340.99638182865,0.04900002479553223,0.8459999561309814
16,3,9,local_search,dr_pwldr,34521.49515288532,34723.5602364681,0.04900002479553223,0.8459999561309814
16,3,9,local_search,reopt_pwldr,27138.547343009217,33119.02745518956,0.04900002479553223,0.8459999561309814
16,3,10,black_box,obj_pwldr,34354.32196553184,34341.20038311318,0.054000139236450195,4.526000022888184
16,3,10,black_box,dr_pwldr,34535.98954356894,34724.53669361714,0.054000139236450195,4.526000022888184
16,3,10,black_box,reopt_pwldr,26961.410524094495,33160.49542781216,0.054000139236450195,4.526000022888184
16,3,10,local_search,obj_pwldr,34354.32196553184,34340.998179619855,0.054000139236450195,0.6619999408721924
16,3,10,local_search,dr_pwldr,34535.98954356894,34723.769958522214,0.054000139236450195,0.6619999408721924
16,3,10,local_search,reopt_pwldr,26961.410524094495,33130.814976123394,0.054000139236450195,0.6619999408721924
16,4,1,black_box,obj_pwldr,34260.78718867379,34260.63705364073,0.020999908447265625,1.0780000686645508
16,4,1,black_box,dr_pwldr,34529.1351996283,34613.64585700028,0.020999908447265625,1.0780000686645508
16,4,1,black_box,reopt_pwldr,26466.98458089618,33151.75029126723,0.020999908447265625,1.0780000686645508
16,4,1,local_search,obj_pwldr,34260.78718867379,34260.63705364073,0.020999908447265625,0.042999982833862305
16,4,1,local_search,dr_pwldr,34529.1351996283,34613.64585700028,0.020999908447265625,0.042999982833862305
16,4,1,local_search,reopt_pwldr,26466.98458089618,33151.75029126723,0.020999908447265625,0.042999982833862305
16,4,2,black_box,obj_pwldr,34458.86390569406,34256.17225952225,0.02499985694885254,1.3549997806549072
16,4,2,black_box,dr_pwldr,34538.94163074736,34609.5148332957,0.02499985694885254,1.3549997806549072
16,4,2,black_box,reopt_pwldr,33783.642038989856,33164.593078468366,0.02499985694885254,1.3549997806549072
16,4,2,local_search,obj_pwldr,34458.86390569406,34256.17225952225,0.02499985694885254,0.06700015068054199
16,4,2,local_search,dr_pwldr,34538.94163074736,34609.5148332957,0.02499985694885254,0.06700015068054199
16,4,2,local_search,reopt_pwldr,33783.642038989856,33164.593078468366,0.02499985694885254,0.06700015068054199
16,4,3,black_box,obj_pwldr,34259.54163029471,34256.11762176694,0.02700018882751465,1.556999921798706
16,4,3,black_box,dr_pwldr,34350.439788033524,34608.53139280963,0.02700018882751465,1.556999921798706
16,4,3,black_box,reopt_pwldr,32735.504316823994,33109.163072210766,0.02700018882751465,1.556999921798706
16,4,3,local_search,obj_pwldr,34259.54163029471,34256.11762176694,0.02700018882751465,0.10700011253356934
16,4,3,local_search,dr_pwldr,34350.439788033524,34608.53139280963,0.02700018882751465,0.10700011253356934
16,4,3,local_search,reopt_pwldr,32735.504316823994,33109.16307221076,0.02700018882751465,0.10700011253356934
16,4,4,black_box,obj_pwldr,34329.64216429559,34256.120771382826,0.02700018882751465,1.8680000305175781
16,4,4,black_box,dr_pwldr,34555.09294873152,34608.52905165597,0.02700018882751465,1.8680000305175781
16,4,4,black_box,reopt_pwldr,27800.904056113108,33109.036670405214,0.02700018882751465,1.8680000305175781
16,4,4,local_search,obj_pwldr,34329.64216429559,34256.120771382826,0.02700018882751465,0.125
16,4,4,local_search,dr_pwldr,34555.09294873152,34608.52905165597,0.02700018882751465,0.125
16,4,4,local_search,reopt_pwldr,27800.904056113108,33109.036670405214,0.02700018882751465,0.125
16,4,5,black_box,obj_pwldr,34256.29357890233,34256.00609779327,0.03099989891052246,2.2150001525878906
16,4,5,black_box,dr_pwldr,34471.44028136229,34608.68558830887,0.03099989891052246,2.2150001525878906
16,4,5,black_box,reopt_pwldr,27357.643582695488,33128.025156418254,0.03099989891052246,2.2150001525878906
16,4,5,local_search,obj_pwldr,34256.29357890233,34256.00609779327,0.03099989891052246,0.1549999713897705
16,4,5,local_search,dr_pwldr,34471.44028136229,34608.68558830887,0.03099989891052246,0.1549999713897705
16,4,5,local_search,reopt_pwldr,27357.643582695488,33128.025156418254,0.03099989891052246,0.1549999713897705
16,4,6,black_box,obj_pwldr,34294.50174829038,34255.99609858984,0.0409998893737793,2.630999803543091
16,4,6,black_box,dr_pwldr,34390.99322087042,34608.823174888945,0.0409998893737793,2.630999803543091
16,4,6,black_box,reopt_pwldr,32286.07216068073,33137.151359638636,0.0409998893737793,2.630999803543091
16,4,6,local_search,obj_pwldr,34294.50174829038,34255.99609858984,0.0409998893737793,0.2330000400543213
16,4,6,local_search,dr_pwldr,34390.99322087042,34608.823174888945,0.0409998893737793,0.2330000400543213
16,4,6,local_search,reopt_pwldr,32286.07216068073,33137.151359638636,0.0409998893737793,0.2330000400543213
16,4,7,black_box,obj_pwldr,34256.01233713575,34256.0183552141,0.04900002479553223,3.0810000896453857
16,4,7,black_box,dr_pwldr,34346.15581885849,34608.67162092168,0.04900002479553223,3.0810000896453857
16,4,7,black_box,reopt_pwldr,32734.438819074192,33126.322193859334,0.04900002479553223,3.0810000896453857
16,4,7,local_search,obj_pwldr,34256.01233713575,34256.0183552141,0.04900002479553223,0.2760000228881836
16,4,7,local_search,dr_pwldr,34346.15581885849,34608.67162092168,0.04900002479553223,0.2760000228881836
16,4,7,local_search,reopt_pwldr,32734.438819074192,33126.322193859334,0.04900002479553223,0.2760000228881836
16,4,8,black_box,obj_pwldr,34278.98606935562,34255.58453458451,0.04800009727478027,3.3929998874664307
16,4,8,black_box,dr_pwldr,34445.1928721183,34609.03640746861,0.04800009727478027,3.3929998874664307
16,4,8,black_box,reopt_pwldr,26856.477770876463,33175.5082153246,0.04800009727478027,3.3929998874664307
16,4,8,local_search,obj_pwldr,34278.98606935562,34255.04856449782,0.04800009727478027,0.4219999313354492
16,4,8,local_search,dr_pwldr,34445.1928721183,34607.6200334013,0.04800009727478027,0.4219999313354492
16,4,8,local_search,reopt_pwldr,26856.477770876463,33139.13123563071,0.04800009727478027,0.4219999313354492
16,4,9,black_box,obj_pwldr,34256.287222319086,34254.87915349939,0.0559999942779541,3.9060001373291016
16,4,9,black_box,dr_pwldr,34538.04624317837,34607.45013248375,0.0559999942779541,3.9060001373291016
16,4,9,black_box,reopt_pwldr,27343.903608622455,33147.100552949276,0.0559999942779541,3.9060001373291016
16,4,9,local_search,obj_pwldr,34256.287222319086,34254.838891197796,0.0559999942779541,0.818000078201294
16,4,9,local_search,dr_pwldr,34538.04624317837,34607.45214821275,0.0559999942779541,0.818000078201294
16,4,9,local_search,reopt_pwldr,27343.903608622455,33149.42846759697,0.0559999942779541,0.818000078201294
16,4,10,black_box,obj_pwldr,34271.19396812278,34254.93026447026,0.059999942779541016,4.384999990463257
16,4,10,black_box,dr_pwldr,34365.48481372353,34607.6537027557,0.059999942779541016,4.384999990463257
16,4,10,black_box,reopt_pwldr,32448.406049622587,33150.03321900148,0.059999942779541016,4.384999990463257
16,4,10,local_search,obj_pwldr,34271.19396812278,34254.85363683073,0.059999942779541016,0.8689999580383301
16,4,10,local_search,dr_pwldr,34365.48481372353,34607.09460121805,0.059999942779541016,0.8689999580383301
16,4,10,local_search,reopt_pwldr,32448.406049622587,33122.211182560546,0.059999942779541016,0.8689999580383301
17,1,1,black_box,obj_pwldr,35184.38925186184,35183.13583384202,0.023000001907348633,0.9069998264312744
17,1,1,black_box,dr_pwldr,35134.23298964947,35186.882761715045,0.023000001907348633,0.9069998264312744
17,1,1,black_box,reopt_pwldr,28353.761009035497,34272.65930243104,0.023000001907348633,0.9069998264312744
17,1,1,local_search,obj_pwldr,35184.38925186184,35183.13583384202,0.023000001907348633,0.046000003814697266
17,1,1,local_search,dr_pwldr,35134.23298964947,35186.882761715045,0.023000001907348633,0.046000003814697266
17,1,1,local_search,reopt_pwldr,28353.761009035497,34272.65930243104,0.023000001907348633,0.046000003814697266
17,1,2,black_box,obj_pwldr,35527.25693566361,35161.62022723287,0.026999950408935547,1.2219998836517334
17,1,2,black_box,dr_pwldr,35517.94838822496,35164.20557308298,0.026999950408935547,1.2219998836517334
17,1,2,black_box,reopt_pwldr,35289.03802869252,34176.77210337003,0.026999950408935547,1.2219998836517334
17,1,2,local_search,obj_pwldr,35527.25693566361,35161.62022723287,0.026999950408935547,0.06800007820129395
17,1,2,local_search,dr_pwldr,35517.94838822496,35164.20557308298,0.026999950408935547,0.06800007820129395
17,1,2,local_search,reopt_pwldr,35289.03802869252,34176.77210337003,0.026999950408935547,0.06800007820129395
17,1,3,black_box,obj_pwldr,35161.34083997196,35160.34553168632,0.02200007438659668,1.628000020980835
17,1,3,black_box,dr_pwldr,35100.25127611543,35163.06877259575,0.02200007438659668,1.628000020980835
17,1,3,black_box,reopt_pwldr,28332.85732350569,34222.4561438544,0.02200007438659668,1.628000020980835
17,1,3,local_search,obj_pwldr,35161.34083997196,35160.26929770045,0.02200007438659668,0.13700008392333984
17,1,3,local_search,dr_pwldr,35100.25127611543,35163.11048500391,0.02200007438659668,0.13700008392333984
17,1,3,local_search,reopt_pwldr,28332.85732350569,34141.48610418503,0.02200007438659668,0.13700008392333984
17,1,4,black_box,obj_pwldr,35302.184888609205,35159.96669495855,0.039999961853027344,1.879000186920166
17,1,4,black_box,dr_pwldr,35291.76634314786,35162.9238307216,0.039999961853027344,1.879000186920166
17,1,4,black_box,reopt_pwldr,34855.55523342721,34178.55488476424,0.039999961853027344,1.879000186920166
17,1,4,local_search,obj_pwldr,35302.184888609205,35159.96669495855,0.039999961853027344,0.1400001049041748
17,1,4,local_search,dr_pwldr,35291.76634314786,35162.9238307216,0.039999961853027344,0.1400001049041748
17,1,4,local_search,reopt_pwldr,34855.55523342721,34178.55488476424,0.039999961853027344,0.1400001049041748
17,1,5,black_box,obj_pwldr,35160.08830598158,35160.00621518263,0.03900003433227539,2.299999952316284
17,1,5,black_box,dr_pwldr,35202.043483185356,35162.731125867,0.03900003433227539,2.299999952316284
17,1,5,black_box,reopt_pwldr,28324.338215690834,34160.65243203585,0.03900003433227539,2.299999952316284
17,1,5,local_search,obj_pwldr,35160.08830598158,35159.769985261715,0.03900003433227539,0.21499991416931152
17,1,5,local_search,dr_pwldr,35202.043483185356,35162.480106360876,0.03900003433227539,0.21499991416931152
17,1,5,local_search,reopt_pwldr,28324.338215690834,34183.48715536613,0.03900003433227539,0.21499991416931152
17,1,6,black_box,obj_pwldr,35230.98397248066,35159.83461158597,0.03600001335144043,2.6470000743865967
17,1,6,black_box,dr_pwldr,35234.60465056482,35162.53291836835,0.03600001335144043,2.6470000743865967
17,1,6,black_box,reopt_pwldr,34650.10020542583,34174.29482196786,0.03600001335144043,2.6470000743865967
17,1,6,local_search,obj_pwldr,35230.98397248066,35159.83461158597,0.03600001335144043,0.22900009155273438
17,1,6,local_search,dr_pwldr,35234.60465056482,35162.53291836835,0.03600001335144043,0.22900009155273438
17,1,6,local_search,reopt_pwldr,34650.10020542583,34174.29482196786,0.03600001335144043,0.22900009155273438
17,1,7,black_box,obj_pwldr,35161.34083997197,35159.8781683902,0.054000139236450195,3.128999948501587
17,1,7,black_box,dr_pwldr,35109.830380316256,35162.78855342676,0.054000139236450195,3.128999948501587
17,1,7,black_box,reopt_pwldr,28286.960444846514,34174.65188957057,0.054000139236450195,3.128999948501587
17,1,7,local_search,obj_pwldr,35161.34083997197,35159.8781683902,0.054000139236450195,0.28600001335144043
17,1,7,local_search,dr_pwldr,35109.830380316256,35162.78855342676,0.054000139236450195,0.28600001335144043
17,1,7,local_search,reopt_pwldr,28286.960444846514,34174.65188957057,0.054000139236450195,0.28600001335144043
17,1,8,black_box,obj_pwldr,35203.21938017485,35159.81189278132,0.04200005531311035,3.4639999866485596
17,1,8,black_box,dr_pwldr,35192.62278178383,35162.47887321374,0.04200005531311035,3.4639999866485596
17,1,8,black_box,reopt_pwldr,34559.586636519925,34187.7948712765,0.04200005531311035,3.4639999866485596
17,1,8,local_search,obj_pwldr,35203.21938017485,35159.81189278132,0.04200005531311035,0.35899996757507324
17,1,8,local_search,dr_pwldr,35192.62278178383,35162.47887321374,0.04200005531311035,0.35899996757507324
17,1,8,local_search,reopt_pwldr,34559.586636519925,34187.7948712765,0.04200005531311035,0.35899996757507324
17,1,9,black_box,obj_pwldr,35159.8000693308,35159.77413554703,0.04699993133544922,3.955000162124634
17,1,9,black_box,dr_pwldr,35147.37060791374,35162.5537263571,0.04699993133544922,3.955000162124634
17,1,9,black_box,reopt_pwldr,34194.25467990933,34175.00115310645,0.04699993133544922,3.955000162124634
17,1,9,local_search,obj_pwldr,35159.8000693308,35159.77413554703,0.04699993133544922,0.437000036239624
17,1,9,local_search,dr_pwldr,35147.37060791374,35162.5537263571,0.04699993133544922,0.437000036239624
17,1,9,local_search,reopt_pwldr,34194.25467990933,34175.00115310645,0.04699993133544922,0.437000036239624
17,1,10,black_box,obj_pwldr,35189.32341837851,35159.799714570756,0.04800009727478027,4.759999990463257
17,1,10,black_box,dr_pwldr,35177.91745963128,35162.616275927285,0.04800009727478027,4.759999990463257
17,1,10,black_box,reopt_pwldr,33896.301400515076,34182.77463305381,0.04800009727478027,4.759999990463257
17,1,10,local_search,obj_pwldr,35189.32341837851,35159.799714570756,0.04800009727478027,0.5340001583099365
17,1,10,local_search,dr_pwldr,35177.91745963128,35162.616275927285,0.04800009727478027,0.5340001583099365
17,1,10,local_search,reopt_pwldr,33896.301400515076,34182.77463305381,0.04800009727478027,0.5340001583099365
17,2,1,black_box,obj_pwldr,35734.308783870525,35734.30926070773,0.019999980926513672,0.9549999237060547
17,2,1,black_box,dr_pwldr,35779.885380910346,35714.109461588465,0.019999980926513672,0.9549999237060547
17,2,1,black_box,reopt_pwldr,28617.84711672784,34210.911329970695,0.019999980926513672,0.9549999237060547
17,2,1,local_search,obj_pwldr,35734.308783870525,35734.30926070773,0.019999980926513672,0.046000003814697266
17,2,1,local_search,dr_pwldr,35779.885380910346,35714.109461588465,0.019999980926513672,0.046000003814697266
17,2,1,local_search,reopt_pwldr,28617.84711672784,34210.911329970695,0.019999980926513672,0.046000003814697266
17,2,2,black_box,obj_pwldr,35945.4955753703,35734.31098583703,0.02500009536743164,1.2400000095367432
17,2,2,black_box,dr_pwldr,35980.840243790044,35714.12826516302,0.02500009536743164,1.2400000095367432
17,2,2,black_box,reopt_pwldr,35314.95620895975,34212.7908261582,0.02500009536743164,1.2400000095367432
17,2,2,local_search,obj_pwldr,35945.4955753703,35734.31098583703,0.02500009536743164,0.06600022315979004
17,2,2,local_search,dr_pwldr,35980.840243790044,35714.12826516302,0.02500009536743164,0.06600022315979004
17,2,2,local_search,reopt_pwldr,35314.95620895975,34212.7908261582,0.02500009536743164,0.06600022315979004
17,2,3,black_box,obj_pwldr,35734.30878387055,35734.30878551089,0.032000064849853516,1.61899995803833
17,2,3,black_box,dr_pwldr,35740.94156908593,35714.09405520595,0.032000064849853516,1.61899995803833
17,2,3,black_box,reopt_pwldr,28371.566420702762,34209.37139737206,0.032000064849853516,1.61899995803833
17,2,3,local_search,obj_pwldr,35734.30878387055,35734.30878551089,0.032000064849853516,0.09099984169006348
17,2,3,local_search,dr_pwldr,35740.94156908593,35714.09405520595,0.032000064849853516,0.09099984169006348
17,2,3,local_search,reopt_pwldr,28371.566420702762,34209.37139737206,0.032000064849853516,0.09099984169006348
17,2,4,black_box,obj_pwldr,35810.78392750102,35734.341949067195,0.029999971389770508,1.8029999732971191
17,2,4,black_box,dr_pwldr,35794.02612030129,35714.25198763649,0.029999971389770508,1.8029999732971191
17,2,4,black_box,reopt_pwldr,34865.59433048744,34222.91839310267,0.029999971389770508,1.8029999732971191
17,2,4,local_search,obj_pwldr,35810.78392750102,35734.341949067195,0.029999971389770508,0.127000093460083
17,2,4,local_search,dr_pwldr,35794.02612030129,35714.25198763649,0.029999971389770508,0.127000093460083
17,2,4,local_search,reopt_pwldr,34865.59433048744,34222.91839310267,0.029999971389770508,0.127000093460083
17,2,5,black_box,obj_pwldr,35734.30878387054,35734.322884252506,0.03699994087219238,2.2319998741149902
17,2,5,black_box,dr_pwldr,35789.46448511119,35714.02546845898,0.03699994087219238,2.2319998741149902
17,2,5,black_box,reopt_pwldr,34220.78731583526,34200.37971020633,0.03699994087219238,2.2319998741149902
17,2,5,local_search,obj_pwldr,35734.30878387054,35734.322884252506,0.03699994087219238,0.1640000343322754
17,2,5,local_search,dr_pwldr,35789.46448511119,35714.025468458975,0.03699994087219238,0.1640000343322754
17,2,5,local_search,reopt_pwldr,34220.78731583526,34200.37971020633,0.03699994087219238,0.1640000343322754
17,2,6,black_box,obj_pwldr,35773.39024475122,35734.30885363456,0.03600001335144043,2.559000015258789
17,2,6,black_box,dr_pwldr,35765.294096852755,35714.09935538744,0.03600001335144043,2.559000015258789
17,2,6,black_box,reopt_pwldr,28703.37266615988,34209.901172765574,0.03600001335144043,2.559000015258789
17,2,6,local_search,obj_pwldr,35773.39024475122,35734.30885363456,0.03600001335144043,0.22799992561340332
17,2,6,local_search,dr_pwldr,35765.294096852755,35714.09935538744,0.03600001335144043,0.22799992561340332
17,2,6,local_search,reopt_pwldr,28703.37266615988,34209.901172765574,0.03600001335144043,0.22799992561340332
17,2,7,black_box,obj_pwldr,35734.308783870554,35734.3089184145,0.03600001335144043,2.985999822616577
17,2,7,black_box,dr_pwldr,35750.52067328676,35714.08506612124,0.03600001335144043,2.985999822616577
17,2,7,black_box,reopt_pwldr,28293.104302263106,34208.40649200488,0.03600001335144043,2.985999822616577
17,2,7,local_search,obj_pwldr,35734.308783870554,35734.3089184145,0.03600001335144043,0.26399993896484375
17,2,7,local_search,dr_pwldr,35750.52067328676,35714.08506612124,0.03600001335144043,0.26399993896484375
17,2,7,local_search,reopt_pwldr,28293.104302263106,34208.40649200488,0.03600001335144043,0.26399993896484375
17,2,8,black_box,obj_pwldr,35757.96651462442,35734.31027477753,0.04200005531311035,3.4059998989105225
17,2,8,black_box,dr_pwldr,35810.18563863225,35714.12203476921,0.04200005531311035,3.4059998989105225
17,2,8,black_box,reopt_pwldr,34585.50481678717,34212.1680721543,0.04200005531311035,3.4059998989105225
17,2,8,local_search,obj_pwldr,35757.96651462442,35734.31027477753,0.04200005531311035,0.33899998664855957
17,2,8,local_search,dr_pwldr,35810.18563863225,35714.12203476921,0.04200005531311035,0.33899998664855957
17,2,8,local_search,reopt_pwldr,34585.50481678717,34212.1680721543,0.04200005531311035,0.33899998664855957
17,2,9,black_box,obj_pwldr,35734.30878387054,35734.30882377409,0.06699991226196289,3.934000015258789
17,2,9,black_box,dr_pwldr,35740.94156908593,35714.0978297571,0.06699991226196289,3.934000015258789
17,2,9,black_box,reopt_pwldr,28371.566420702762,34209.74867960006,0.06699991226196289,3.934000015258789
17,2,9,local_search,obj_pwldr,35734.30878387054,35734.30882377409,0.06699991226196289,0.4179999828338623
17,2,9,local_search,dr_pwldr,35740.94156908593,35714.0978297571,0.06699991226196289,0.4179999828338623
17,2,9,local_search,reopt_pwldr,28371.566420702762,34209.74867960006,0.06699991226196289,0.4179999828338623
17,2,10,black_box,obj_pwldr,35750.15115781123,35734.31678772624,0.04799985885620117,4.36899995803833
17,2,10,black_box,dr_pwldr,35806.815157369085,35714.04006858773,0.04799985885620117,4.36899995803833
17,2,10,black_box,reopt_pwldr,33922.3910814445,34202.57326816584,0.04799985885620117,4.36899995803833
17,2,10,local_search,obj_pwldr,35750.15115781123,35734.31678772624,0.04799985885620117,0.5169999599456787
17,2,10,local_search,dr_pwldr,35806.815157369085,35714.04006858773,0.04799985885620117,0.5169999599456787
17,2,10,local_search,reopt_pwldr,33922.3910814445,34202.57326816584,0.04799985885620117,0.5169999599456787
17,3,1,black_box,obj_pwldr,35809.47780892093,35809.47832854208,0.019999980926513672,0.8640000820159912
17,3,1,black_box,dr_pwldr,35786.24561584146,35810.91114925961,0.019999980926513672,0.8640000820159912
17,3,1,black_box,reopt_pwldr,28288.460872041316,34171.89228179033,0.019999980926513672,0.8640000820159912
17,3,1,local_search,obj_pwldr,35809.47780892093,35809.47832854208,0.019999980926513672,0.04200005531311035
17,3,1,local_search,dr_pwldr,35786.24561584146,35810.91114925961,0.019999980926513672,0.04200005531311035
17,3,1,local_search,reopt_pwldr,28288.460872041316,34171.89228179033,0.019999980926513672,0.04200005531311035
17,3,2,black_box,obj_pwldr,35998.131842293194,35809.477810367054,0.02500009536743164,1.1400001049041748
17,3,2,black_box,dr_pwldr,36020.88060937294,35810.94081437455,0.02500009536743164,1.1400001049041748
17,3,2,black_box,reopt_pwldr,29013.20667136198,34170.00834288639,0.02500009536743164,1.1400001049041748
17,3,2,local_search,obj_pwldr,35998.131842293194,35809.477810367054,0.02500009536743164,0.06200003623962402
17,3,2,local_search,dr_pwldr,36020.88060937294,35810.94081437455,0.02500009536743164,0.06200003623962402
17,3,2,local_search,reopt_pwldr,29013.20667136198,34170.00834288639,0.02500009536743164,0.06200003623962402
17,3,3,black_box,obj_pwldr,35809.47780892093,35809.47794799082,0.03600001335144043,1.4179999828338623
17,3,3,black_box,dr_pwldr,35813.09408963885,35810.954552357754,0.03600001335144043,1.4179999828338623
17,3,3,black_box,reopt_pwldr,34255.48080099702,34169.17698390882,0.03600001335144043,1.4179999828338623
17,3,3,local_search,obj_pwldr,35809.47780892093,35809.47794799082,0.03600001335144043,0.09599995613098145
17,3,3,local_search,dr_pwldr,35813.09408963885,35810.954552357754,0.03600001335144043,0.09599995613098145
17,3,3,local_search,reopt_pwldr,34255.48080099702,34169.17698390882,0.03600001335144043,0.09599995613098145
17,3,4,black_box,obj_pwldr,35877.39326093495,35809.49276529343,0.026000022888183594,2.3219997882843018
17,3,4,black_box,dr_pwldr,35870.532382724145,35811.120617889246,0.026000022888183594,2.3219997882843018
17,3,4,black_box,reopt_pwldr,33642.478238915,34160.50320268782,0.026000022888183594,2.3219997882843018
17,3,4,local_search,obj_pwldr,35877.39326093495,35809.49276529343,0.026000022888183594,0.10600018501281738
17,3,4,local_search,dr_pwldr,35870.532382724145,35811.120617889246,0.026000022888183594,0.10600018501281738
17,3,4,local_search,reopt_pwldr,33642.478238915,34160.50320268782,0.026000022888183594,0.10600018501281738
17,3,5,black_box,obj_pwldr,35809.47780892093,35809.47786620888,0.03600001335144043,1.9880001544952393
17,3,5,black_box,dr_pwldr,35786.24561584146,35810.94898282347,0.03600001335144043,1.9880001544952393
17,3,5,black_box,reopt_pwldr,28288.460872041316,34169.50856712601,0.03600001335144043,1.9880001544952393
17,3,5,local_search,obj_pwldr,35809.47780892093,35809.47786620889,0.03600001335144043,0.15999984741210938
17,3,5,local_search,dr_pwldr,35786.24561584146,35810.94898282347,0.03600001335144043,0.15999984741210938
17,3,5,local_search,reopt_pwldr,28288.460872041316,34169.50856712601,0.03600001335144043,0.15999984741210938
17,3,6,black_box,obj_pwldr,35844.128549744404,35809.49675419254,0.04199981689453125,2.25600004196167
17,3,6,black_box,dr_pwldr,35814.48896517191,35810.80532013515,0.04199981689453125,2.25600004196167
17,3,6,black_box,reopt_pwldr,28021.7720076611,34180.91013076874,0.04199981689453125,2.25600004196167
17,3,6,local_search,obj_pwldr,35844.128549744404,35809.49675419254,0.04199981689453125,0.16700005531311035
17,3,6,local_search,dr_pwldr,35814.48896517191,35810.80532013515,0.04199981689453125,0.16700005531311035
17,3,6,local_search,reopt_pwldr,28021.7720076611,34180.91013076874,0.04199981689453125,0.16700005531311035
17,3,7,black_box,obj_pwldr,35809.47780892093,35809.47790478341,0.037000179290771484,2.6659998893737793
17,3,7,black_box,dr_pwldr,35813.09408963885,35810.92722463968,0.037000179290771484,2.6659998893737793
17,3,7,black_box,reopt_pwldr,34255.48080099702,34170.87138455247,0.037000179290771484,2.6659998893737793
17,3,7,local_search,obj_pwldr,35809.47780892093,35809.4779047834,0.037000179290771484,0.4779999256134033
17,3,7,local_search,dr_pwldr,35813.09408963885,35810.92722463968,0.037000179290771484,0.4779999256134033
17,3,7,local_search,reopt_pwldr,34255.48080099702,34170.871384552476,0.037000179290771484,0.4779999256134033
17,3,8,black_box,obj_pwldr,35830.43936818451,35809.477832328506,0.03900003433227539,3.0360000133514404
17,3,8,black_box,dr_pwldr,35828.962702162484,35810.93334710627,0.03900003433227539,3.0360000133514404
17,3,8,black_box,reopt_pwldr,33913.28435170336,34170.48256579504,0.03900003433227539,3.0360000133514404
17,3,8,local_search,obj_pwldr,35830.43936818451,35809.4778323285,0.03900003433227539,0.5690000057220459
17,3,8,local_search,dr_pwldr,35828.962702162484,35810.93334710627,0.03900003433227539,0.5690000057220459
17,3,8,local_search,reopt_pwldr,33913.28435170336,34170.48256579504,0.03900003433227539,0.5690000057220459
17,3,9,black_box,obj_pwldr,35809.47780892093,35809.47808794358,0.03900003433227539,3.4010000228881836
17,3,9,black_box,dr_pwldr,35813.09408963885,35810.96102811059,0.03900003433227539,3.4010000228881836
17,3,9,black_box,reopt_pwldr,34255.48080099702,34168.7914488123,0.03900003433227539,3.4010000228881836
17,3,9,local_search,obj_pwldr,35809.47780892093,35809.47808794358,0.03900003433227539,0.3940000534057617
17,3,9,local_search,dr_pwldr,35813.09408963885,35810.96102811059,0.03900003433227539,0.3940000534057617
17,3,9,local_search,reopt_pwldr,34255.48080099702,34168.7914488123,0.03900003433227539,0.3940000534057617
17,3,10,black_box,obj_pwldr,35823.50992710563,35809.47781422256,0.04699993133544922,3.754999876022339
17,3,10,black_box,dr_pwldr,35859.875228133875,35810.93648153089,0.04699993133544922,3.754999876022339
17,3,10,black_box,reopt_pwldr,28431.649562302136,34170.28350826879,0.04699993133544922,3.754999876022339
17,3,10,local_search,obj_pwldr,35823.50992710563,35809.47781422256,0.04699993133544922,0.48800015449523926
17,3,10,local_search,dr_pwldr,35859.875228133875,35810.93648153089,0.04699993133544922,0.48800015449523926
17,3,10,local_search,reopt_pwldr,28431.649562302136,34170.28350826879,0.04699993133544922,0.48800015449523926
17,4,1,black_box,obj_pwldr,35857.13333624093,35857.14044561992,0.019999980926513672,1.693000078201294
17,4,1,black_box,dr_pwldr,35811.55885485427,35865.80214947716,0.019999980926513672,1.693000078201294
17,4,1,black_box,reopt_pwldr,28293.104302263106,34193.01771950107,0.019999980926513672,1.693000078201294
17,4,1,local_search,obj_pwldr,35857.13333624093,35857.14044561992,0.019999980926513672,0.04900002479553223
17,4,1,local_search,dr_pwldr,35811.55885485427,35865.80214947716,0.019999980926513672,0.04900002479553223
17,4,1,local_search,reopt_pwldr,28293.104302263106,34193.01771950107,0.019999980926513672,0.04900002479553223
17,4,2,black_box,obj_pwldr,35929.33930133475,35857.134872665185,0.03400015830993652,4.144000053405762
17,4,2,black_box,dr_pwldr,35917.39977381366,35865.55020807906,0.03400015830993652,4.144000053405762
17,4,2,black_box,reopt_pwldr,35314.95620895975,34216.83411905741,0.03400015830993652,4.144000053405762
17,4,2,local_search,obj_pwldr,35929.33930133475,35857.134872665185,0.03400015830993652,0.18199992179870605
17,4,2,local_search,dr_pwldr,35917.39977381366,35865.55020807906,0.03400015830993652,0.18199992179870605
17,4,2,local_search,reopt_pwldr,35314.95620895975,34216.83411905741,0.03400015830993652,0.18199992179870605
17,4,3,black_box,obj_pwldr,35857.13333624093,35857.133769778906,0.057000160217285156,6.555000066757202
17,4,3,black_box,dr_pwldr,35828.82822445083,35865.65744534928,0.057000160217285156,6.555000066757202
17,4,3,black_box,reopt_pwldr,28617.84711672784,34205.26020133119,0.057000160217285156,6.555000066757202
17,4,3,local_search,obj_pwldr,35857.13333624093,35857.133769778906,0.057000160217285156,0.37999987602233887
17,4,3,local_search,dr_pwldr,35828.82822445083,35865.65744534928,0.057000160217285156,0.37999987602233887
17,4,3,local_search,reopt_pwldr,28617.84711672784,34205.26020133119,0.057000160217285156,0.37999987602233887
17,4,4,black_box,obj_pwldr,35873.88472597186,35857.13333921405,0.06100010871887207,9.314000129699707
17,4,4,black_box,dr_pwldr,35811.78582750226,35865.61394780596,0.06100010871887207,9.314000129699707
17,4,4,black_box,reopt_pwldr,28794.326135432595,34209.607963347364,0.06100010871887207,9.314000129699707
17,4,4,local_search,obj_pwldr,35873.88472597186,35857.13333921405,0.06100010871887207,0.5690000057220459
17,4,4,local_search,dr_pwldr,35811.78582750226,35865.61394780596,0.06100010871887207,0.5690000057220459
17,4,4,local_search,reopt_pwldr,28794.326135432595,34209.607963347364,0.06100010871887207,0.5690000057220459
17,4,5,black_box,obj_pwldr,35857.13333624093,35857.13495320095,0.07599997520446777,12.57200002670288
17,4,5,black_box,dr_pwldr,35828.82822445083,35865.700060733,0.07599997520446777,12.57200002670288
17,4,5,black_box,reopt_pwldr,28617.84711672784,34201.521218192654,0.07599997520446777,12.57200002670288
17,4,5,local_search,obj_pwldr,35857.13333624093,35857.13495320095,0.07599997520446777,0.9320001602172852
17,4,5,local_search,dr_pwldr,35828.82822445083,35865.700060733,0.07599997520446777,0.9320001602172852
17,4,5,local_search,reopt_pwldr,28617.84711672784,34201.521218192654,0.07599997520446777,0.9320001602172852
17,4,6,black_box,obj_pwldr,35864.37665600167,35857.1353200693,0.10000014305114746,15.749000072479248
17,4,6,black_box,dr_pwldr,35814.595030250624,35865.71008149044,0.10000014305114746,15.749000072479248
17,4,6,black_box,reopt_pwldr,28011.146850946905,34200.68653755146,0.10000014305114746,15.749000072479248
17,4,6,local_search,obj_pwldr,35864.37665600167,35857.1353200693,0.10000014305114746,1.4479999542236328
17,4,6,local_search,dr_pwldr,35814.595030250624,35865.71008149044,0.10000014305114746,1.4479999542236328
17,4,6,local_search,reopt_pwldr,28011.146850946905,34200.68653755146,0.10000014305114746,1.4479999542236328
17,4,7,black_box,obj_pwldr,35857.13333624094,35857.13339764224,0.12599992752075195,19.228999853134155
17,4,7,black_box,dr_pwldr,35838.4073286517,35865.60299481123,0.12599992752075195,19.228999853134155
17,4,7,black_box,reopt_pwldr,34220.78731583526,34210.78654097061,0.12599992752075195,19.228999853134155
17,4,7,local_search,obj_pwldr,35857.13333624094,35857.13339764224,0.12599992752075195,1.8949999809265137
17,4,7,local_search,dr_pwldr,35838.4073286517,35865.60299481123,0.12599992752075195,1.8949999809265137
17,4,7,local_search,reopt_pwldr,34220.78731583526,34210.78654097061,0.12599992752075195,1.8949999809265137
17,4,8,black_box,obj_pwldr,35861.19380088671,35857.1334655281,0.16100001335144043,21.933000087738037
17,4,8,black_box,dr_pwldr,35846.65449699648,35865.59685753055,0.16100001335144043,21.933000087738037
17,4,8,black_box,reopt_pwldr,34585.50481678717,34211.468148697975,0.16100001335144043,21.933000087738037
17,4,8,local_search,obj_pwldr,35861.19380088671,35857.1334655281,0.16100001335144043,2.571000099182129
17,4,8,local_search,dr_pwldr,35846.65449699648,35865.59685753055,0.16100001335144043,2.571000099182129
17,4,8,local_search,reopt_pwldr,34585.50481678717,34211.468148697975,0.16100001335144043,2.571000099182129
17,4,9,black_box,obj_pwldr,35857.133336240935,35857.1333858609,0.17199993133544922,25.079999923706055
17,4,9,black_box,dr_pwldr,35811.55885485427,35865.63086477271,0.17199993133544922,25.079999923706055
17,4,9,black_box,reopt_pwldr,28293.104302263106,34207.91704151951,0.17199993133544922,25.079999923706055
17,4,9,local_search,obj_pwldr,35857.133336240935,35857.1333858609,0.17199993133544922,3.1740000247955322
17,4,9,local_search,dr_pwldr,35811.55885485427,35865.63086477271,0.17199993133544922,3.1740000247955322
17,4,9,local_search,reopt_pwldr,28293.104302263106,34207.91704151951,0.17199993133544922,3.1740000247955322
17,4,10,black_box,obj_pwldr,35859.74328941355,35857.13466345683,0.1789999008178711,29.014000177383423
17,4,10,black_box,dr_pwldr,35875.30486550156,35865.55447732533,0.1789999008178711,29.014000177383423
17,4,10,black_box,reopt_pwldr,28584.519820965466,34216.30070769361,0.1789999008178711,29.014000177383423
17,4,10,local_search,obj_pwldr,35859.74328941355,35857.13466345683,0.1789999008178711,3.385999917984009
17,4,10,local_search,dr_pwldr,35875.30486550156,35865.55447732533,0.1789999008178711,3.385999917984009
17,4,10,local_search,reopt_pwldr,28584.519820965466,34216.30070769361,0.1789999008178711,3.385999917984009
18,1,1,black_box,obj_pwldr,34546.03324054602,34546.04068184642,0.019999980926513672,0.8689999580383301
18,1,1,black_box,dr_pwldr,34616.19200961267,34506.37424057249,0.019999980926513672,0.8689999580383301
18,1,1,black_box,reopt_pwldr,33522.6014438159,33482.46767829475,0.019999980926513672,0.8689999580383301
18,1,1,local_search,obj_pwldr,34546.03324054602,34546.04068184642,0.019999980926513672,0.039999961853027344
18,1,1,local_search,dr_pwldr,34616.19200961267,34506.37424057249,0.019999980926513672,0.039999961853027344
18,1,1,local_search,reopt_pwldr,33522.6014438159,33482.46767829475,0.019999980926513672,0.039999961853027344
18,1,2,black_box,obj_pwldr,34922.41848333504,34544.70111711238,0.019999980926513672,1.3499999046325684
18,1,2,black_box,dr_pwldr,34943.05306527471,34505.00420219424,0.019999980926513672,1.3499999046325684
18,1,2,black_box,reopt_pwldr,34602.47161830301,33481.69055074753,0.019999980926513672,1.3499999046325684
18,1,2,local_search,obj_pwldr,34922.41848333504,34544.70111711238,0.019999980926513672,0.06200003623962402
18,1,2,local_search,dr_pwldr,34943.05306527471,34505.00420219424,0.019999980926513672,0.06200003623962402
18,1,2,local_search,reopt_pwldr,34602.47161830301,33481.69055074753,0.019999980926513672,0.06200003623962402
18,1,3,black_box,obj_pwldr,34546.03324054603,34545.20368011976,0.03399991989135742,1.4909999370574951
18,1,3,black_box,dr_pwldr,34603.925192289746,34507.500423934944,0.03399991989135742,1.4909999370574951
18,1,3,black_box,reopt_pwldr,32695.91499367434,33535.859854775015,0.03399991989135742,1.4909999370574951
18,1,3,local_search,obj_pwldr,34546.03324054603,34544.93531901226,0.03399991989135742,0.12100005149841309
18,1,3,local_search,dr_pwldr,34603.925192289746,34504.06047056966,0.03399991989135742,0.12100005149841309
18,1,3,local_search,reopt_pwldr,32695.91499367434,33451.94671859498,0.03399991989135742,0.12100005149841309
18,1,4,black_box,obj_pwldr,34685.92881742102,34544.56171878042,0.043000221252441406,1.8589999675750732
18,1,4,black_box,dr_pwldr,34725.20194828082,34505.36456748658,0.043000221252441406,1.8589999675750732
18,1,4,black_box,reopt_pwldr,34169.42453183089,33494.36900520515,0.043000221252441406,1.8589999675750732
18,1,4,local_search,obj_pwldr,34685.92881742102,34544.56171878042,0.043000221252441406,0.1380000114440918
18,1,4,local_search,dr_pwldr,34725.20194828082,34505.36456748658,0.043000221252441406,0.1380000114440918
18,1,4,local_search,reopt_pwldr,34169.42453183089,33494.36900520515,0.043000221252441406,0.1380000114440918
18,1,5,black_box,obj_pwldr,34546.033240546036,34544.62108441456,0.03600001335144043,2.2290000915527344
18,1,5,black_box,dr_pwldr,34527.410621420066,34504.89845263211,0.03600001335144043,2.2290000915527344
18,1,5,black_box,reopt_pwldr,28120.0939645635,33479.11046852528,0.03600001335144043,2.2290000915527344
18,1,5,local_search,obj_pwldr,34546.033240546036,34544.62108441456,0.03600001335144043,0.15400004386901855
18,1,5,local_search,dr_pwldr,34527.410621420066,34504.89845263211,0.03600001335144043,0.15400004386901855
18,1,5,local_search,reopt_pwldr,28120.0939645635,33479.11046852528,0.03600001335144043,0.15400004386901855
18,1,6,black_box,obj_pwldr,34616.93555998666,34544.47696408544,0.03299999237060547,2.628999948501587
18,1,6,black_box,dr_pwldr,34622.457919039036,34504.81361517242,0.03299999237060547,2.628999948501587
18,1,6,black_box,reopt_pwldr,28529.407544109938,33482.60087352577,0.03299999237060547,2.628999948501587
18,1,6,local_search,obj_pwldr,34616.93555998666,34544.47696408544,0.03299999237060547,0.21399998664855957
18,1,6,local_search,dr_pwldr,34622.457919039036,34504.81361517242,0.03299999237060547,0.21399998664855957
18,1,6,local_search,reopt_pwldr,28529.407544109938,33482.60087352577,0.03299999237060547,0.21399998664855957
18,1,7,black_box,obj_pwldr,34544.80555239794,34544.45603581138,0.04900002479553223,2.9539999961853027
18,1,7,black_box,dr_pwldr,34614.74889706324,34505.13057247036,0.04900002479553223,2.9539999961853027
18,1,7,black_box,reopt_pwldr,33504.15819817147,33490.94805943751,0.04900002479553223,2.9539999961853027
18,1,7,local_search,obj_pwldr,34544.80555239794,34544.45603581138,0.04900002479553223,0.2760000228881836
18,1,7,local_search,dr_pwldr,34614.74889706324,34505.13057247036,0.04900002479553223,0.2760000228881836
18,1,7,local_search,reopt_pwldr,33504.15819817147,33490.94805943751,0.04900002479553223,0.2760000228881836
18,1,8,black_box,obj_pwldr,34587.76065621687,34544.565749778354,0.04200005531311035,3.4860000610351562
18,1,8,black_box,dr_pwldr,34648.77368271233,34503.95288961145,0.04200005531311035,3.4860000610351562
18,1,8,black_box,reopt_pwldr,26532.922379901,33462.33099690793,0.04200005531311035,3.4860000610351562
18,1,8,local_search,obj_pwldr,34587.76065621687,34544.466820719645,0.04200005531311035,0.43900012969970703
18,1,8,local_search,dr_pwldr,34648.77368271233,34505.33479313765,0.04200005531311035,0.43900012969970703
18,1,8,local_search,reopt_pwldr,26532.922379901,33500.24405596702,0.04200005531311035,0.43900012969970703
18,1,9,black_box,obj_pwldr,34544.48968226636,34544.31962124381,0.042999982833862305,3.949000120162964
18,1,9,black_box,dr_pwldr,34599.6855012962,34506.065257839364,0.042999982833862305,3.949000120162964
18,1,9,black_box,reopt_pwldr,27482.204673568667,33521.61423176088,0.042999982833862305,3.949000120162964
18,1,9,local_search,obj_pwldr,34544.48968226636,34543.984635916844,0.042999982833862305,0.5260000228881836
18,1,9,local_search,dr_pwldr,34599.6855012962,34504.454669374834,0.042999982833862305,0.5260000228881836
18,1,9,local_search,reopt_pwldr,27482.204673568667,33487.64283659884,0.042999982833862305,0.5260000228881836
18,1,10,black_box,obj_pwldr,34573.211821878846,34544.143627539335,0.05200004577636719,4.391999959945679
18,1,10,black_box,dr_pwldr,34630.81488854791,34504.816534112615,0.05200004577636719,4.391999959945679
18,1,10,black_box,reopt_pwldr,33803.6192138205,33489.766930963706,0.05200004577636719,4.391999959945679
18,1,10,local_search,obj_pwldr,34573.211821878846,34544.143627539335,0.05200004577636719,0.559999942779541
18,1,10,local_search,dr_pwldr,34630.81488854791,34504.816534112615,0.05200004577636719,0.559999942779541
18,1,10,local_search,reopt_pwldr,33803.6192138205,33489.7669309637,0.05200004577636719,0.559999942779541
18,2,1,black_box,obj_pwldr,35222.74119858761,35222.73853780826,0.018000125885009766,1.496000051498413
18,2,1,black_box,dr_pwldr,35148.80350781601,35224.42574620036,0.018000125885009766,1.496000051498413
18,2,1,black_box,reopt_pwldr,27528.38339581751,33494.925758277124,0.018000125885009766,1.496000051498413
18,2,1,local_search,obj_pwldr,35222.74119858761,35222.73853780826,0.018000125885009766,0.03800010681152344
18,2,1,local_search,dr_pwldr,35148.80350781601,35224.42574620036,0.018000125885009766,0.03800010681152344
18,2,1,local_search,reopt_pwldr,27528.38339581751,33494.925758277124,0.018000125885009766,0.03800010681152344
18,2,2,black_box,obj_pwldr,35296.21274576089,35221.39750912425,0.03399991989135742,4.085999965667725
18,2,2,black_box,dr_pwldr,35270.23697028473,35220.08322469401,0.03399991989135742,4.085999965667725
18,2,2,black_box,reopt_pwldr,34650.37164829186,33591.113413536696,0.03399991989135742,4.085999965667725
18,2,2,local_search,obj_pwldr,35296.21274576089,35221.142110979425,0.03399991989135742,0.26800012588500977
18,2,2,local_search,dr_pwldr,35270.23697028473,35223.40676469407,0.03399991989135742,0.26800012588500977
18,2,2,local_search,reopt_pwldr,34650.37164829186,33478.32559613474,0.03399991989135742,0.26800012588500977
18,2,3,black_box,obj_pwldr,35221.50856034177,35221.10797300787,0.05500006675720215,6.7790000438690186
18,2,3,black_box,dr_pwldr,35232.28668934425,35223.231416473245,0.05500006675720215,6.7790000438690186
18,2,3,black_box,reopt_pwldr,27528.38339581751,33482.9724950131,0.05500006675720215,6.7790000438690186
18,2,3,local_search,obj_pwldr,35221.50856034177,35221.08025639206,0.05500006675720215,0.5090000629425049
18,2,3,local_search,dr_pwldr,35232.28668934425,35222.923640274836,0.05500006675720215,0.5090000629425049
18,2,3,local_search,reopt_pwldr,27528.38339581751,33491.19168535873,0.05500006675720215,0.5090000629425049
18,2,4,black_box,obj_pwldr,35238.40176545713,35221.14873054904,0.06500005722045898,9.330000162124634
18,2,4,black_box,dr_pwldr,35149.19633782512,35221.31573182251,0.06500005722045898,9.330000162124634
18,2,4,black_box,reopt_pwldr,27979.357398484015,33543.71848441941,0.06500005722045898,9.330000162124634
18,2,4,local_search,obj_pwldr,35238.40176545713,35221.08402826192,0.06500005722045898,0.8190000057220459
18,2,4,local_search,dr_pwldr,35149.19633782512,35223.423121956526,0.06500005722045898,0.8190000057220459
18,2,4,local_search,reopt_pwldr,27979.357398484015,33476.0992192004,0.06500005722045898,0.8190000057220459
18,2,5,black_box,obj_pwldr,35221.175189713074,35221.118334462626,0.07900023460388184,12.407999992370605
18,2,5,black_box,dr_pwldr,35161.923253783265,35222.834225975115,0.07900023460388184,12.407999992370605
18,2,5,black_box,reopt_pwldr,33566.88198672697,33495.816877618825,0.07900023460388184,12.407999992370605
18,2,5,local_search,obj_pwldr,35221.175189713074,35221.118334462626,0.07900023460388184,0.9460000991821289
18,2,5,local_search,dr_pwldr,35161.923253783265,35222.834225975115,0.07900023460388184,0.9460000991821289
18,2,5,local_search,reopt_pwldr,33566.88198672697,33495.816877618825,0.07900023460388184,0.9460000991821289
18,2,6,black_box,obj_pwldr,35228.489673584176,35221.083457049,0.10400009155273438,15.889999866485596
18,2,6,black_box,dr_pwldr,35159.69165478043,35223.01363144868,0.10400009155273438,15.889999866485596
18,2,6,black_box,reopt_pwldr,27262.695567761726,33489.19011575315,0.10400009155273438,15.889999866485596
18,2,6,local_search,obj_pwldr,35228.489673584176,35221.083457049,0.10400009155273438,1.305999994277954
18,2,6,local_search,dr_pwldr,35159.69165478043,35223.01363144868,0.10400009155273438,1.305999994277954
18,2,6,local_search,reopt_pwldr,27262.695567761726,33489.19011575315,0.10400009155273438,1.305999994277954
18,2,7,black_box,obj_pwldr,35221.073077845664,35221.0641443127,0.13100004196166992,19.348000049591064
18,2,7,black_box,dr_pwldr,35161.831688340135,35222.6526427311,0.13100004196166992,19.348000049591064
18,2,7,black_box,reopt_pwldr,33566.88198672697,33499.63017932312,0.13100004196166992,19.348000049591064
18,2,7,local_search,obj_pwldr,35221.073077845664,35221.0641443127,0.13100004196166992,1.8050000667572021
18,2,7,local_search,dr_pwldr,35161.831688340135,35222.6526427311,0.13100004196166992,1.8050000667572021
18,2,7,local_search,reopt_pwldr,33566.88198672697,33499.63017932312,0.13100004196166992,1.8050000667572021
18,2,8,black_box,obj_pwldr,35225.20879033067,35221.08950459902,0.15699982643127441,21.842999935150146
18,2,8,black_box,dr_pwldr,35153.85971920862,35223.278867120156,0.15699982643127441,21.842999935150146
18,2,8,black_box,reopt_pwldr,33227.68521528166,33480.91318959224,0.15699982643127441,21.842999935150146
18,2,8,local_search,obj_pwldr,35225.20879033067,35221.06174435347,0.15699982643127441,4.5920000076293945
18,2,8,local_search,dr_pwldr,35153.85971920862,35222.839125574326,0.15699982643127441,4.5920000076293945
18,2,8,local_search,reopt_pwldr,33227.68521528166,33493.826172819514,0.15699982643127441,4.5920000076293945
18,2,9,black_box,obj_pwldr,35221.13330625154,35221.07340367997,0.17100000381469727,25.126999855041504
18,2,9,black_box,dr_pwldr,35161.88707108888,35223.16877038904,0.17100000381469727,25.126999855041504
18,2,9,black_box,reopt_pwldr,33566.88198672697,33483.96677973901,0.17100000381469727,25.126999855041504
18,2,9,local_search,obj_pwldr,35221.13330625154,35221.07340367996,0.17100000381469727,5.816999912261963
18,2,9,local_search,dr_pwldr,35161.88707108888,35223.16877038904,0.17100000381469727,5.816999912261963
18,2,9,local_search,reopt_pwldr,33566.88198672697,33483.96677973901,0.17100000381469727,5.816999912261963
18,2,10,black_box,obj_pwldr,35223.71991311798,35221.05496900495,0.18799996376037598,28.861999988555908
18,2,10,black_box,dr_pwldr,35160.41529745894,35223.30486345332,0.18799996376037598,28.861999988555908
18,2,10,black_box,reopt_pwldr,27355.04201301687,33478.068713252236,0.18799996376037598,28.861999988555908
18,2,10,local_search,obj_pwldr,35223.71991311798,35221.05496900495,0.18799996376037598,3.5220000743865967
18,2,10,local_search,dr_pwldr,35160.41529745894,35223.30486345332,0.18799996376037598,3.5220000743865967
18,2,10,local_search,reopt_pwldr,27355.04201301687,33478.068713252236,0.18799996376037598,3.5220000743865967
18,3,1,black_box,obj_pwldr,35286.40345701973,35286.45120979408,0.024000167846679688,0.8090000152587891
18,3,1,black_box,dr_pwldr,35268.65657351072,35255.72181535301,0.024000167846679688,0.8090000152587891
18,3,1,black_box,reopt_pwldr,32656.881969460228,33600.49939890282,0.024000167846679688,0.8090000152587891
18,3,1,local_search,obj_pwldr,35286.40345701973,35286.45120979408,0.024000167846679688,0.03400015830993652
18,3,1,local_search,dr_pwldr,35268.65657351072,35255.72181535301,0.024000167846679688,0.03400015830993652
18,3,1,local_search,reopt_pwldr,32656.881969460228,33600.49939890282,0.024000167846679688,0.03400015830993652
18,3,2,black_box,obj_pwldr,35470.27994097411,35286.406218388445,0.023000001907348633,1.0960001945495605
18,3,2,black_box,dr_pwldr,35358.84867743113,35255.895125095645,0.023000001907348633,1.0960001945495605
18,3,2,black_box,reopt_pwldr,27659.582505010436,33578.47404709708,0.023000001907348633,1.0960001945495605
18,3,2,local_search,obj_pwldr,35470.27994097411,35286.406218388445,0.023000001907348633,0.054000139236450195
18,3,2,local_search,dr_pwldr,35358.84867743113,35255.895125095645,0.023000001907348633,0.054000139236450195
18,3,2,local_search,reopt_pwldr,27659.582505010436,33578.47404709708,0.023000001907348633,0.054000139236450195
18,3,3,black_box,obj_pwldr,35286.403457019725,35286.41066173197,0.029000043869018555,1.3380000591278076
18,3,3,black_box,dr_pwldr,35280.92339083367,35255.92965133577,0.029000043869018555,1.3380000591278076
18,3,3,black_box,reopt_pwldr,33483.5684196019,33575.84703917092,0.029000043869018555,1.3380000591278076
18,3,3,local_search,obj_pwldr,35286.403457019725,35286.41066173197,0.029000043869018555,0.08600020408630371
18,3,3,local_search,dr_pwldr,35280.92339083367,35255.92965133577,0.029000043869018555,0.08600020408630371
18,3,3,local_search,reopt_pwldr,33483.5684196019,33575.84703917092,0.029000043869018555,0.08600020408630371
18,3,4,black_box,obj_pwldr,35352.59899124329,35286.41426667759,0.04200005531311035,1.6190001964569092
18,3,4,black_box,dr_pwldr,35329.75660603582,35255.76606427756,0.04200005531311035,1.6190001964569092
18,3,4,black_box,reopt_pwldr,26668.190325100062,33591.19137208396,0.04200005531311035,1.6190001964569092
18,3,4,local_search,obj_pwldr,35352.59899124329,35286.41426667759,0.04200005531311035,0.10399985313415527
18,3,4,local_search,dr_pwldr,35329.75660603582,35255.76606427756,0.04200005531311035,0.10399985313415527
18,3,4,local_search,reopt_pwldr,26668.190325100062,33591.19137208396,0.04200005531311035,0.10399985313415527
18,3,5,black_box,obj_pwldr,35286.40345701972,35286.40356619476,0.03500008583068848,2.005000114440918
18,3,5,black_box,dr_pwldr,35280.92339083367,35255.83361897997,0.03500008583068848,2.005000114440918
18,3,5,black_box,reopt_pwldr,33483.5684196019,33583.59267484433,0.03500008583068848,2.005000114440918
18,3,5,local_search,obj_pwldr,35286.40345701972,35286.40356619476,0.03500008583068848,0.1399998664855957
18,3,5,local_search,dr_pwldr,35280.92339083367,35255.83361897997,0.03500008583068848,0.1399998664855957
18,3,5,local_search,reopt_pwldr,33483.5684196019,33583.59267484433,0.03500008583068848,0.1399998664855957
18,3,6,black_box,obj_pwldr,35320.176688766434,35286.40376690027,0.031999826431274414,2.258000135421753
18,3,6,black_box,dr_pwldr,35300.298649578115,35255.86100703018,0.031999826431274414,2.258000135421753
18,3,6,black_box,reopt_pwldr,26744.979782754428,33581.31340176713,0.031999826431274414,2.258000135421753
18,3,6,local_search,obj_pwldr,35320.176688766434,35286.40376690028,0.031999826431274414,0.20600008964538574
18,3,6,local_search,dr_pwldr,35300.298649578115,35255.86100703018,0.031999826431274414,0.20600008964538574
18,3,6,local_search,reopt_pwldr,26744.979782754428,33581.31340176713,0.031999826431274414,0.20600008964538574
18,3,7,black_box,obj_pwldr,35286.40345701973,35286.403598742974,0.0409998893737793,2.609999895095825
18,3,7,black_box,dr_pwldr,35280.92339083367,35255.855443264,0.0409998893737793,2.609999895095825
18,3,7,black_box,reopt_pwldr,33483.5684196019,33581.77642642311,0.0409998893737793,2.609999895095825
18,3,7,local_search,obj_pwldr,35286.40345701973,35286.403598742974,0.0409998893737793,0.2369999885559082
18,3,7,local_search,dr_pwldr,35280.92339083367,35255.855443264,0.0409998893737793,0.2369999885559082
18,3,7,local_search,reopt_pwldr,33483.5684196019,33581.77642642311,0.0409998893737793,0.2369999885559082
18,3,8,black_box,obj_pwldr,35306.83417745911,35286.40467579188,0.04999995231628418,2.924999952316284
18,3,8,black_box,dr_pwldr,35294.0573197277,35255.81190278878,0.04999995231628418,2.924999952316284
18,3,8,black_box,reopt_pwldr,33023.935584635045,33585.58026537658,0.04999995231628418,2.924999952316284
18,3,8,local_search,obj_pwldr,35306.83417745911,35286.40467579187,0.04999995231628418,0.6100001335144043
18,3,8,local_search,dr_pwldr,35294.0573197277,35255.81190278878,0.04999995231628418,0.6100001335144043
18,3,8,local_search,reopt_pwldr,33023.935584635045,33585.58026537658,0.04999995231628418,0.6100001335144043
18,3,9,black_box,obj_pwldr,35286.40345701974,35286.404445378445,0.0410001277923584,3.3489999771118164
18,3,9,black_box,dr_pwldr,35286.84514522771,35255.87451427769,0.0410001277923584,3.3489999771118164
18,3,9,black_box,reopt_pwldr,27457.885461114656,33580.18930912295,0.0410001277923584,3.3489999771118164
18,3,9,local_search,obj_pwldr,35286.40345701974,35286.404445378445,0.0410001277923584,0.37199997901916504
18,3,9,local_search,dr_pwldr,35286.84514522771,35255.87451427769,0.0410001277923584,0.37199997901916504
18,3,9,local_search,reopt_pwldr,27457.885461114656,33580.18930912295,0.0410001277923584,0.37199997901916504
18,3,10,black_box,obj_pwldr,35300.08022028908,35286.40351461358,0.06200003623962402,3.7920000553131104
18,3,10,black_box,dr_pwldr,35188.29974102387,35255.85122973095,0.06200003623962402,3.7920000553131104
18,3,10,black_box,reopt_pwldr,27643.735728488904,33582.12708272324,0.06200003623962402,3.7920000553131104
18,3,10,local_search,obj_pwldr,35300.08022028908,35286.40351461358,0.06200003623962402,0.4570000171661377
18,3,10,local_search,dr_pwldr,35188.29974102387,35255.85122973095,0.06200003623962402,0.4570000171661377
18,3,10,local_search,reopt_pwldr,27643.735728488904,33582.12708272324,0.06200003623962402,0.4570000171661377
18,4,1,black_box,obj_pwldr,35153.55639827332,35153.55640651942,0.0279998779296875,0.9250001907348633
18,4,1,black_box,dr_pwldr,35147.11388522701,35113.74635773704,0.0279998779296875,0.9250001907348633
18,4,1,black_box,reopt_pwldr,32656.881969460228,33582.95952691217,0.0279998779296875,0.9250001907348633
18,4,1,local_search,obj_pwldr,35153.55639827332,35153.55640651942,0.0279998779296875,0.03900003433227539
18,4,1,local_search,dr_pwldr,35147.11388522701,35113.74635773704,0.0279998779296875,0.03900003433227539
18,4,1,local_search,reopt_pwldr,32656.881969460228,33582.95952691217,0.0279998779296875,0.03900003433227539
18,4,2,black_box,obj_pwldr,35366.49172002855,35153.55657945389,0.021999835968017578,1.2450001239776611
18,4,2,black_box,dr_pwldr,35367.62889375049,35113.741045489725,0.021999835968017578,1.2450001239776611
18,4,2,black_box,reopt_pwldr,34586.82732332806,33581.73205938842,0.021999835968017578,1.2450001239776611
18,4,2,local_search,obj_pwldr,35366.49172002855,35153.55657945389,0.021999835968017578,0.05900001525878906
18,4,2,local_search,dr_pwldr,35367.62889375049,35113.741045489725,0.021999835968017578,0.05900001525878906
18,4,2,local_search,reopt_pwldr,34586.82732332806,33581.73205938842,0.021999835968017578,0.05900001525878906
18,4,3,black_box,obj_pwldr,35153.556398273315,35153.55672569606,0.03400015830993652,1.4819998741149902
18,4,3,black_box,dr_pwldr,35159.38070255009,35113.75208612769,0.03400015830993652,1.4819998741149902
18,4,3,black_box,reopt_pwldr,33483.5684196019,33584.10366676086,0.03400015830993652,1.4819998741149902
18,4,3,local_search,obj_pwldr,35153.556398273315,35153.55672569606,0.03400015830993652,0.07899999618530273
18,4,3,local_search,dr_pwldr,35159.38070255009,35113.75208612769,0.03400015830993652,0.07899999618530273
18,4,3,local_search,reopt_pwldr,33483.5684196019,33584.10366676086,0.03400015830993652,0.07899999618530273
18,4,4,black_box,obj_pwldr,35230.664721192516,35153.563216258284,0.026999950408935547,1.9650001525878906
18,4,4,black_box,dr_pwldr,35220.290944644614,35113.782863914996,0.026999950408935547,1.9650001525878906
18,4,4,black_box,reopt_pwldr,27057.5523537067,33588.94954351388,0.026999950408935547,1.9650001525878906
18,4,4,local_search,obj_pwldr,35230.664721192516,35153.563216258284,0.026999950408935547,0.11100006103515625
18,4,4,local_search,dr_pwldr,35220.290944644614,35113.782863914996,0.026999950408935547,0.11100006103515625
18,4,4,local_search,reopt_pwldr,27057.5523537067,33588.94954351388,0.026999950408935547,0.11100006103515625
18,4,5,black_box,obj_pwldr,35153.55639827332,35153.55639906155,0.03399991989135742,2.4559998512268066
18,4,5,black_box,dr_pwldr,35159.38070255009,35113.7456112546,0.03399991989135742,2.4559998512268066
18,4,5,black_box,reopt_pwldr,33483.5684196019,33582.81043087997,0.03399991989135742,2.4559998512268066
18,4,5,local_search,obj_pwldr,35153.55639827332,35153.55639906155,0.03399991989135742,0.16699981689453125
18,4,5,local_search,dr_pwldr,35159.38070255009,35113.7456112546,0.03399991989135742,0.16699981689453125
18,4,5,local_search,reopt_pwldr,33483.5684196019,33582.81043087997,0.03399991989135742,0.16699981689453125
18,4,6,black_box,obj_pwldr,35192.961435814716,35153.557592445555,0.03500008583068848,2.7990000247955322
18,4,6,black_box,dr_pwldr,35186.55170415715,35113.758695989505,0.03500008583068848,2.7990000247955322
18,4,6,black_box,reopt_pwldr,32186.688632201076,33585.340907677666,0.03500008583068848,2.7990000247955322
18,4,6,local_search,obj_pwldr,35192.961435814716,35153.557592445555,0.03500008583068848,0.247999906539917
18,4,6,local_search,dr_pwldr,35186.55170415715,35113.758695989505,0.03500008583068848,0.247999906539917
18,4,6,local_search,reopt_pwldr,32186.688632201076,33585.340907677666,0.03500008583068848,0.247999906539917
18,4,7,black_box,obj_pwldr,35153.55639827333,35153.55928769205,0.053999900817871094,2.984999895095825
18,4,7,black_box,dr_pwldr,35229.42758315823,35113.73025762,0.053999900817871094,2.984999895095825
18,4,7,black_box,reopt_pwldr,27457.885461114656,33578.703738832584,0.053999900817871094,2.984999895095825
18,4,7,local_search,obj_pwldr,35153.55639827333,35153.55928769205,0.053999900817871094,0.28299999237060547
18,4,7,local_search,dr_pwldr,35229.42758315823,35113.73025762,0.053999900817871094,0.28299999237060547
18,4,7,local_search,reopt_pwldr,27457.885461114656,33578.703738832584,0.053999900817871094,0.28299999237060547
18,4,8,black_box,obj_pwldr,35177.410004241305,35153.55676712763,0.04900002479553223,3.9709999561309814
18,4,8,black_box,dr_pwldr,35253.369064488164,35113.752504096425,0.04900002479553223,3.9709999561309814
18,4,8,black_box,reopt_pwldr,27225.68652290751,33584.187148287085,0.04900002479553223,3.9709999561309814
18,4,8,local_search,obj_pwldr,35177.410004241305,35153.55676712763,0.04900002479553223,0.36299991607666016
18,4,8,local_search,dr_pwldr,35253.369064488164,35113.752504096425,0.04900002479553223,0.36299991607666016
18,4,8,local_search,reopt_pwldr,27225.68652290751,33584.187148287085,0.04900002479553223,0.36299991607666016
18,4,9,black_box,obj_pwldr,35153.556398273315,35153.55688157899,0.05200004577636719,3.8309998512268066
18,4,9,black_box,dr_pwldr,35147.11388522701,35113.7384795096,0.05200004577636719,3.8309998512268066
18,4,9,black_box,reopt_pwldr,32656.881969460228,33581.09142567394,0.05200004577636719,3.8309998512268066
18,4,9,local_search,obj_pwldr,35153.556398273315,35153.55688157899,0.05200004577636719,0.5150001049041748
18,4,9,local_search,dr_pwldr,35147.11388522701,35113.7384795096,0.05200004577636719,0.5150001049041748
18,4,9,local_search,reopt_pwldr,32656.881969460228,33581.09142567394,0.05200004577636719,0.5150001049041748
18,4,10,black_box,obj_pwldr,35169.529939840366,35153.55699518724,0.06200003623962402,4.29200005531311
18,4,10,black_box,dr_pwldr,35059.736041326876,35113.75447069373,0.06200003623962402,4.29200005531311
18,4,10,black_box,reopt_pwldr,27839.75290299038,33584.579939632386,0.06200003623962402,4.29200005531311
18,4,10,local_search,obj_pwldr,35169.529939840366,35153.55699518724,0.06200003623962402,0.5309998989105225
18,4,10,local_search,dr_pwldr,35059.736041326876,35113.75447069373,0.06200003623962402,0.5309998989105225
18,4,10,local_search,reopt_pwldr,27839.75290299038,33584.579939632386,0.06200003623962402,0.5309998989105225
19,1,1,black_box,obj_pwldr,32707.538422150148,32707.568463803913,0.017999887466430664,0.9110000133514404
19,1,1,black_box,dr_pwldr,32627.807455468763,32505.071930769955,0.017999887466430664,0.9110000133514404
19,1,1,black_box,reopt_pwldr,25623.931572628768,31025.169955607624,0.017999887466430664,0.9110000133514404
19,1,1,local_search,obj_pwldr,32707.538422150148,32707.568463803913,0.017999887466430664,0.037000179290771484
19,1,1,local_search,dr_pwldr,32627.807455468763,32505.071930769955,0.017999887466430664,0.037000179290771484
19,1,1,local_search,reopt_pwldr,25623.931572628768,31025.169955607624,0.017999887466430664,0.037000179290771484
19,1,2,black_box,obj_pwldr,32901.455474695635,32707.555225391723,0.026000022888183594,1.2120001316070557
19,1,2,black_box,dr_pwldr,32891.98307035671,32504.426377324806,0.026000022888183594,1.2120001316070557
19,1,2,black_box,reopt_pwldr,27152.761625319887,31046.92399652732,0.026000022888183594,1.2120001316070557
19,1,2,local_search,obj_pwldr,32901.455474695635,32707.555225391723,0.026000022888183594,0.05900001525878906
19,1,2,local_search,dr_pwldr,32891.98307035671,32504.426377324806,0.026000022888183594,0.05900001525878906
19,1,2,local_search,reopt_pwldr,27152.761625319887,31046.92399652732,0.026000022888183594,0.05900001525878906
19,1,3,black_box,obj_pwldr,32707.53842215014,32707.539149421085,0.023999929428100586,1.4830000400543213
19,1,3,black_box,dr_pwldr,32654.668726570995,32504.733987716154,0.023999929428100586,1.4830000400543213
19,1,3,black_box,reopt_pwldr,31269.462370325557,31035.679401607482,0.023999929428100586,1.4830000400543213
19,1,3,local_search,obj_pwldr,32707.53842215014,32707.539149421085,0.023999929428100586,0.0970001220703125
19,1,3,local_search,dr_pwldr,32654.668726570995,32504.733987716154,0.023999929428100586,0.0970001220703125
19,1,3,local_search,reopt_pwldr,31269.462370325557,31035.679401607482,0.023999929428100586,0.0970001220703125
19,1,4,black_box,obj_pwldr,32777.759832970856,32707.538590470616,0.029999971389770508,1.812000036239624
19,1,4,black_box,dr_pwldr,32585.820513511855,32504.702831301736,0.029999971389770508,1.812000036239624
19,1,4,black_box,reopt_pwldr,25355.321304576617,31036.684273530478,0.029999971389770508,1.812000036239624
19,1,4,local_search,obj_pwldr,32777.759832970856,32707.538590470616,0.029999971389770508,0.13199996948242188
19,1,4,local_search,dr_pwldr,32585.820513511855,32504.702831301736,0.029999971389770508,0.13199996948242188
19,1,4,local_search,reopt_pwldr,25355.321304576617,31036.684273530478,0.029999971389770508,0.13199996948242188
19,1,5,black_box,obj_pwldr,32707.538422150155,32707.539655997363,0.028999805450439453,2.1629998683929443
19,1,5,black_box,dr_pwldr,32602.520031494332,32504.602839153187,0.028999805450439453,2.1629998683929443
19,1,5,black_box,reopt_pwldr,25271.09213844258,31040.138176128497,0.028999805450439453,2.1629998683929443
19,1,5,local_search,obj_pwldr,32707.538422150155,32707.539655997363,0.028999805450439453,0.16699981689453125
19,1,5,local_search,dr_pwldr,32602.520031494332,32504.602839153187,0.028999805450439453,0.16699981689453125
19,1,5,local_search,reopt_pwldr,25271.09213844258,31040.138176128497,0.028999805450439453,0.16699981689453125
19,1,6,black_box,obj_pwldr,32743.424007841055,32707.539245366188,0.03399991989135742,2.5169999599456787
19,1,6,black_box,dr_pwldr,32677.76431333124,32504.73782552843,0.03399991989135742,2.5169999599456787
19,1,6,black_box,reopt_pwldr,30838.86740365761,31035.55562260725,0.03399991989135742,2.5169999599456787
19,1,6,local_search,obj_pwldr,32743.424007841055,32707.539245366188,0.03399991989135742,0.2349998950958252
19,1,6,local_search,dr_pwldr,32677.76431333124,32504.73782552843,0.03399991989135742,0.2349998950958252
19,1,6,local_search,reopt_pwldr,30838.86740365761,31035.55562260725,0.03399991989135742,0.2349998950958252
19,1,7,black_box,obj_pwldr,32707.538422150137,32707.538507743775,0.03500008583068848,3.0329999923706055
19,1,7,black_box,dr_pwldr,32531.53565208278,32504.654798428615,0.03500008583068848,3.0329999923706055
19,1,7,black_box,reopt_pwldr,25731.006672024225,31038.280214980645,0.03500008583068848,3.0329999923706055
19,1,7,local_search,obj_pwldr,32707.538422150137,32707.53850774378,0.03500008583068848,0.27300000190734863
19,1,7,local_search,dr_pwldr,32531.53565208278,32504.654798428615,0.03500008583068848,0.27300000190734863
19,1,7,local_search,reopt_pwldr,25731.006672024225,31038.280214980645,0.03500008583068848,0.27300000190734863
19,1,8,black_box,obj_pwldr,32729.261548796127,32707.53843847714,0.04900002479553223,3.314000129699707
19,1,8,black_box,dr_pwldr,32683.154711970437,32504.66567506402,0.04900002479553223,3.314000129699707
19,1,8,black_box,reopt_pwldr,31604.369566622878,31037.906029169848,0.04900002479553223,3.314000129699707
19,1,8,local_search,obj_pwldr,32729.261548796127,32707.53843847714,0.04900002479553223,0.3529999256134033
19,1,8,local_search,dr_pwldr,32683.154711970437,32504.66567506402,0.04900002479553223,0.3529999256134033
19,1,8,local_search,reopt_pwldr,31604.369566622878,31037.906029169848,0.04900002479553223,0.3529999256134033
19,1,9,black_box,obj_pwldr,32707.538422150144,32707.53842321108,0.042999982833862305,3.796999931335449
19,1,9,black_box,dr_pwldr,32504.67438098052,32504.6721617361,0.042999982833862305,3.796999931335449
19,1,9,black_box,reopt_pwldr,31037.61588210624,31037.6898441365,0.042999982833862305,3.796999931335449
19,1,9,local_search,obj_pwldr,32707.538422150144,32707.53842321108,0.042999982833862305,0.4199998378753662
19,1,9,local_search,dr_pwldr,32504.67438098052,32504.6721617361,0.042999982833862305,0.4199998378753662
19,1,9,local_search,reopt_pwldr,31037.61588210624,31037.6898441365,0.042999982833862305,0.4199998378753662
19,1,10,black_box,obj_pwldr,32722.08529053186,32707.539358837723,0.0559999942779541,4.28600001335144
19,1,10,black_box,dr_pwldr,32660.27141765193,32504.611280848145,0.0559999942779541,4.28600001335144
19,1,10,black_box,reopt_pwldr,30995.44739153682,31039.813551667867,0.0559999942779541,4.28600001335144
19,1,10,local_search,obj_pwldr,32722.08529053186,32707.539358837723,0.0559999942779541,0.5350000858306885
19,1,10,local_search,dr_pwldr,32660.27141765193,32504.611280848145,0.0559999942779541,0.5350000858306885
19,1,10,local_search,reopt_pwldr,30995.44739153682,31039.813551667867,0.0559999942779541,0.5350000858306885
19,2,1,black_box,obj_pwldr,32828.52027644792,32828.5570688632,0.018999814987182617,0.8359999656677246
19,2,1,black_box,dr_pwldr,32735.031562020893,32654.960015581935,0.018999814987182617,0.8359999656677246
19,2,1,black_box,reopt_pwldr,31269.462370325557,31052.506152213813,0.018999814987182617,0.8359999656677246
19,2,1,local_search,obj_pwldr,32828.52027644792,32828.5570688632,0.018999814987182617,0.032000064849853516
19,2,1,local_search,dr_pwldr,32735.031562020893,32654.960015581935,0.018999814987182617,0.032000064849853516
19,2,1,local_search,reopt_pwldr,31269.462370325557,31052.506152213813,0.018999814987182617,0.032000064849853516
19,2,2,black_box,obj_pwldr,32995.97387459659,32828.52176074104,0.023000001907348633,1.1200001239776611
19,2,2,black_box,dr_pwldr,32922.36227335336,32655.630063861525,0.023000001907348633,1.1200001239776611
19,2,2,black_box,reopt_pwldr,32274.183959217593,31034.625110404868,0.023000001907348633,1.1200001239776611
19,2,2,local_search,obj_pwldr,32995.97387459659,32828.52176074104,0.023000001907348633,0.06200003623962402
19,2,2,local_search,dr_pwldr,32922.36227335336,32655.630063861525,0.023000001907348633,0.06200003623962402
19,2,2,local_search,reopt_pwldr,32274.183959217593,31034.625110404868,0.023000001907348633,0.06200003623962402
19,2,3,black_box,obj_pwldr,32828.52027644792,32828.520288977255,0.03600001335144043,1.3619999885559082
19,2,3,black_box,dr_pwldr,32735.031562020893,32655.524121933846,0.03600001335144043,1.3619999885559082
19,2,3,black_box,reopt_pwldr,31269.462370325557,31037.341100602123,0.03600001335144043,1.3619999885559082
19,2,3,local_search,obj_pwldr,32828.52027644792,32828.520288977255,0.03600001335144043,0.07599997520446777
19,2,3,local_search,dr_pwldr,32735.031562020893,32655.524121933846,0.03600001335144043,0.07599997520446777
19,2,3,local_search,reopt_pwldr,31269.462370325557,31037.341100602123,0.03600001335144043,0.07599997520446777
19,2,4,black_box,obj_pwldr,32888.80357178145,32828.520346744066,0.02499985694885254,1.6730000972747803
19,2,4,black_box,dr_pwldr,32718.157759295704,32655.538791625248,0.02499985694885254,1.6730000972747803
19,2,4,black_box,reopt_pwldr,24984.660056792687,31036.965019677547,0.02499985694885254,1.6730000972747803
19,2,4,local_search,obj_pwldr,32888.80357178145,32828.520346744066,0.02499985694885254,0.10500001907348633
19,2,4,local_search,dr_pwldr,32718.157759295704,32655.538791625248,0.02499985694885254,0.10500001907348633
19,2,4,local_search,reopt_pwldr,24984.660056792687,31036.965019677547,0.02499985694885254,0.10500001907348633
19,2,5,black_box,obj_pwldr,32828.52027644792,32828.52124901293,0.03600001335144043,2.1470000743865967
19,2,5,black_box,dr_pwldr,32735.031562020893,32655.607836305095,0.03600001335144043,2.1470000743865967
19,2,5,black_box,reopt_pwldr,31269.462370325557,31035.19494924623,0.03600001335144043,2.1470000743865967
19,2,5,local_search,obj_pwldr,32828.52027644792,32828.52124901292,0.03600001335144043,0.27300000190734863
19,2,5,local_search,dr_pwldr,32735.031562020893,32655.607836305095,0.03600001335144043,0.27300000190734863
19,2,5,local_search,reopt_pwldr,31269.462370325557,31035.194949246223,0.03600001335144043,0.27300000190734863
19,2,6,black_box,obj_pwldr,32859.27705978135,32828.52061571481,0.03900003433227539,2.513000011444092
19,2,6,black_box,dr_pwldr,32803.193167689125,32655.5691778658,0.03900003433227539,2.513000011444092
19,2,6,black_box,reopt_pwldr,26656.17177313111,31036.18601996386,0.03900003433227539,2.513000011444092
19,2,6,local_search,obj_pwldr,32859.27705978135,32828.52061571481,0.03900003433227539,0.24199986457824707
19,2,6,local_search,dr_pwldr,32803.193167689125,32655.5691778658,0.03900003433227539,0.24199986457824707
19,2,6,local_search,reopt_pwldr,26656.17177313111,31036.186019963854,0.03900003433227539,0.24199986457824707
19,2,7,black_box,obj_pwldr,32828.52027644793,32828.5204490944,0.034999847412109375,2.8279998302459717
19,2,7,black_box,dr_pwldr,32735.031562020893,32655.553190673847,0.034999847412109375,2.8279998302459717
19,2,7,black_box,reopt_pwldr,31269.462370325557,31036.59587711438,0.034999847412109375,2.8279998302459717
19,2,7,local_search,obj_pwldr,32828.52027644793,32828.5204490944,0.034999847412109375,0.32400012016296387
19,2,7,local_search,dr_pwldr,32735.031562020893,32655.553190673847,0.034999847412109375,0.32400012016296387
19,2,7,local_search,reopt_pwldr,31269.462370325557,31036.59587711438,0.034999847412109375,0.32400012016296387
19,2,8,black_box,obj_pwldr,32847.126231797774,32828.52030880421,0.04699993133544922,3.0829999446868896
19,2,8,black_box,dr_pwldr,32707.69554875629,32655.530627937125,0.04699993133544922,3.0829999446868896
19,2,8,black_box,reopt_pwldr,25963.74453251261,31037.174308836646,0.04699993133544922,3.0829999446868896
19,2,8,local_search,obj_pwldr,32847.126231797774,32828.5203088042,0.04699993133544922,0.5789999961853027
19,2,8,local_search,dr_pwldr,32707.69554875629,32655.530627937125,0.04699993133544922,0.5789999961853027
19,2,8,local_search,reopt_pwldr,25963.74453251261,31037.174308836646,0.04699993133544922,0.5789999961853027
19,2,9,black_box,obj_pwldr,32828.520276447925,32828.52032734527,0.03400015830993652,3.513000011444092
19,2,9,black_box,dr_pwldr,32679.446035014163,32655.535006436367,0.03400015830993652,3.513000011444092
19,2,9,black_box,reopt_pwldr,25731.006672024225,31037.062059028838,0.03400015830993652,3.513000011444092
19,2,9,local_search,obj_pwldr,32828.520276447925,32828.52027684449,0.03400015830993652,0.6570000648498535
19,2,9,local_search,dr_pwldr,32679.446035014163,32655.51149674535,0.03400015830993652,0.6570000648498535
19,2,9,local_search,reopt_pwldr,25731.006672024225,31037.664767434595,0.03400015830993652,0.6570000648498535
19,2,10,black_box,obj_pwldr,32840.9755027565,32828.520276497315,0.04500007629394531,3.8489999771118164
19,2,10,black_box,dr_pwldr,32686.812802505818,32655.512730612205,0.04500007629394531,3.8489999771118164
19,2,10,black_box,reopt_pwldr,25130.56065784454,31037.63313529264,0.04500007629394531,3.8489999771118164
19,2,10,local_search,obj_pwldr,32840.9755027565,32828.520276497315,0.04500007629394531,0.4530000686645508
19,2,10,local_search,dr_pwldr,32686.812802505818,32655.512730612205,0.04500007629394531,0.4530000686645508
19,2,10,local_search,reopt_pwldr,25130.56065784454,31037.63313529264,0.04500007629394531,0.4530000686645508
19,3,1,black_box,obj_pwldr,32820.319032181396,32820.31904257275,0.01900005340576172,1.36899995803833
19,3,1,black_box,dr_pwldr,32748.388146468766,32601.333763683077,0.01900005340576172,1.36899995803833
19,3,1,black_box,reopt_pwldr,31269.462370325557,31037.020031740485,0.01900005340576172,1.36899995803833
19,3,1,local_search,obj_pwldr,32820.319032181396,32820.31904257275,0.01900005340576172,0.03399991989135742
19,3,1,local_search,dr_pwldr,32748.388146468766,32601.333763683077,0.01900005340576172,0.03399991989135742
19,3,1,local_search,reopt_pwldr,31269.462370325557,31037.020031740485,0.01900005340576172,0.03399991989135742
19,3,2,black_box,obj_pwldr,32886.620375308776,32820.31980390239,0.03800010681152344,3.7720000743865967
19,3,2,black_box,dr_pwldr,32828.57506470637,32601.42001877745,0.03800010681152344,3.7720000743865967
19,3,2,black_box,reopt_pwldr,32274.183959217593,31032.48107453412,0.03800010681152344,3.7720000743865967
19,3,2,local_search,obj_pwldr,32886.620375308776,32820.31980390239,0.03800010681152344,0.17799997329711914
19,3,2,local_search,dr_pwldr,32828.57506470637,32601.42001877745,0.03800010681152344,0.17799997329711914
19,3,2,local_search,reopt_pwldr,32274.183959217593,31032.48107453412,0.03800010681152344,0.17799997329711914
19,3,3,black_box,obj_pwldr,32820.319032181396,32820.31948267514,0.05499982833862305,6.496000051498413
19,3,3,black_box,dr_pwldr,32748.388146468766,32601.39699439531,0.05499982833862305,6.496000051498413
19,3,3,black_box,reopt_pwldr,31269.462370325557,31033.692674685302,0.05499982833862305,6.496000051498413
19,3,3,local_search,obj_pwldr,32820.319032181396,32820.31948267514,0.05499982833862305,0.3920001983642578
19,3,3,local_search,dr_pwldr,32748.388146468766,32601.39699439531,0.05499982833862305,0.3920001983642578
19,3,3,local_search,reopt_pwldr,31269.462370325557,31033.692674685302,0.05499982833862305,0.3920001983642578
19,3,4,black_box,obj_pwldr,32835.70058184933,32820.183998889865,0.0690000057220459,9.223999977111816
19,3,4,black_box,dr_pwldr,32748.683140760717,32601.788752111705,0.0690000057220459,9.223999977111816
19,3,4,black_box,reopt_pwldr,30666.629416990345,31006.1397107462,0.0690000057220459,9.223999977111816
19,3,4,local_search,obj_pwldr,32835.70058184933,32820.183998889865,0.0690000057220459,0.6310000419616699
19,3,4,local_search,dr_pwldr,32748.683140760717,32601.788752111705,0.0690000057220459,0.6310000419616699
19,3,4,local_search,reopt_pwldr,30666.629416990345,31006.1397107462,0.0690000057220459,0.6310000419616699
19,3,5,black_box,obj_pwldr,32820.3190321814,32820.28501257766,0.07299995422363281,12.316999912261963
19,3,5,black_box,dr_pwldr,32748.388146468766,32601.390599635448,0.07299995422363281,12.316999912261963
19,3,5,black_box,reopt_pwldr,31269.462370325557,31031.42355451729,0.07299995422363281,12.316999912261963
19,3,5,local_search,obj_pwldr,32820.3190321814,32820.17649114585,0.07299995422363281,1.5089998245239258
19,3,5,local_search,dr_pwldr,32748.388146468766,32601.386146777768,0.07299995422363281,1.5089998245239258
19,3,5,local_search,reopt_pwldr,31269.462370325557,31027.288828211433,0.07299995422363281,1.5089998245239258
19,3,6,black_box,obj_pwldr,32826.970031558165,32820.2921825315,0.09999990463256836,15.889999866485596
19,3,6,black_box,dr_pwldr,32716.771063795582,32602.191995070192,0.09999990463256836,15.889999866485596
19,3,6,black_box,reopt_pwldr,25425.353897407706,30994.015275185746,0.09999990463256836,15.889999866485596
19,3,6,local_search,obj_pwldr,32826.970031558165,32820.17512243293,0.09999990463256836,1.5849997997283936
19,3,6,local_search,dr_pwldr,32716.771063795582,32601.15816207185,0.09999990463256836,1.5849997997283936
19,3,6,local_search,reopt_pwldr,25425.353897407706,31041.29895977734,0.09999990463256836,1.5849997997283936
19,3,7,black_box,obj_pwldr,32820.319032181396,32820.235679183985,0.1380000114440918,18.572999954223633
19,3,7,black_box,dr_pwldr,32695.731259152904,32602.059196046946,0.1380000114440918,18.572999954223633
19,3,7,black_box,reopt_pwldr,25731.006672024225,30997.436551739345,0.1380000114440918,18.572999954223633
19,3,7,local_search,obj_pwldr,32820.319032181396,32820.16619235789,0.1380000114440918,2.3919999599456787
19,3,7,local_search,dr_pwldr,32695.731259152904,32601.18148576931,0.1380000114440918,2.3919999599456787
19,3,7,local_search,reopt_pwldr,25731.006672024225,31038.79909577648,0.1380000114440918,2.3919999599456787
19,3,8,black_box,obj_pwldr,32824.047453502084,32820.16399768458,0.15599989891052246,22.068000078201294
19,3,8,black_box,dr_pwldr,32757.68023435159,32601.329506161026,0.15599989891052246,22.068000078201294
19,3,8,black_box,reopt_pwldr,31604.369566622878,31031.197905211186,0.15599989891052246,22.068000078201294
19,3,8,local_search,obj_pwldr,32824.047453502084,32820.16399768458,0.15599989891052246,2.2840001583099365
19,3,8,local_search,dr_pwldr,32757.68023435159,32601.329506161026,0.15599989891052246,2.2840001583099365
19,3,8,local_search,reopt_pwldr,31604.369566622878,31031.197905211186,0.15599989891052246,2.2840001583099365
19,3,9,black_box,obj_pwldr,32820.31903218139,32820.17670833602,0.17100000381469727,25.80400013923645
19,3,9,black_box,dr_pwldr,32597.885608638986,32601.68423230872,0.17100000381469727,25.80400013923645
19,3,9,black_box,reopt_pwldr,30285.489300992474,31013.75223219471,0.17100000381469727,25.80400013923645
19,3,9,local_search,obj_pwldr,32820.31903218139,32820.17306727402,0.17100000381469727,4.456000089645386
19,3,9,local_search,dr_pwldr,32597.885608638986,32601.581953123074,0.17100000381469727,4.456000089645386
19,3,9,local_search,reopt_pwldr,30285.489300992474,31017.011005269625,0.17100000381469727,4.456000089645386
19,3,10,black_box,obj_pwldr,32822.71555718621,32820.17706131694,0.18700003623962402,28.341000080108643
19,3,10,black_box,dr_pwldr,32695.034521648406,32601.762403233122,0.18700003623962402,28.341000080108643
19,3,10,black_box,reopt_pwldr,25130.56065784454,31008.95225190884,0.18700003623962402,28.341000080108643
19,3,10,local_search,obj_pwldr,32822.71555718621,32820.171735707816,0.18700003623962402,3.867000102996826
19,3,10,local_search,dr_pwldr,32695.034521648406,32601.162640540027,0.18700003623962402,3.867000102996826
19,3,10,local_search,reopt_pwldr,25130.56065784454,31039.05611930533,0.18700003623962402,3.867000102996826
19,4,1,black_box,obj_pwldr,32096.265147846767,32096.30604287892,0.026999950408935547,0.8829998970031738
19,4,1,black_box,dr_pwldr,32017.4084826954,31841.85152314988,0.026999950408935547,0.8829998970031738
19,4,1,black_box,reopt_pwldr,25640.358663066847,30974.87177421481,0.026999950408935547,0.8829998970031738
19,4,1,local_search,obj_pwldr,32096.265147846767,32096.30604287892,0.026999950408935547,0.04200005531311035
19,4,1,local_search,dr_pwldr,32017.4084826954,31841.85152314988,0.026999950408935547,0.04200005531311035
19,4,1,local_search,reopt_pwldr,25640.358663066847,30974.87177421481,0.026999950408935547,0.04200005531311035
19,4,2,black_box,obj_pwldr,32449.74110155422,32096.131942299435,0.020999908447265625,1.2709999084472656
19,4,2,black_box,dr_pwldr,32420.82743216947,31841.837321891897,0.020999908447265625,1.2709999084472656
19,4,2,black_box,reopt_pwldr,30936.175417641836,30983.44026640568,0.020999908447265625,1.2709999084472656
19,4,2,local_search,obj_pwldr,32449.74110155422,32096.131942299435,0.020999908447265625,0.07299995422363281
19,4,2,local_search,dr_pwldr,32420.82743216947,31841.837321891897,0.020999908447265625,0.07299995422363281
19,4,2,local_search,reopt_pwldr,30936.175417641836,30983.44026640568,0.020999908447265625,0.07299995422363281
19,4,3,black_box,obj_pwldr,32095.962126084625,32096.028386988823,0.026000022888183594,1.5199999809265137
19,4,3,black_box,dr_pwldr,32072.68886387546,31841.4507988147,0.026000022888183594,1.5199999809265137
19,4,3,black_box,reopt_pwldr,31181.644298439805,30968.356575822116,0.026000022888183594,1.5199999809265137
19,4,3,local_search,obj_pwldr,32095.962126084625,32096.02838698883,0.026000022888183594,0.10299992561340332
19,4,3,local_search,dr_pwldr,32072.68886387546,31841.4507988147,0.026000022888183594,0.10299992561340332
19,4,3,local_search,reopt_pwldr,31181.644298439805,30968.356575822116,0.026000022888183594,0.10299992561340332
19,4,4,black_box,obj_pwldr,32228.095735187253,32095.798758984274,0.029999971389770508,1.8580000400543213
19,4,4,black_box,dr_pwldr,32153.43914749427,31841.022339402596,0.029999971389770508,1.8580000400543213
19,4,4,black_box,reopt_pwldr,25262.185163830516,30957.6037334266,0.029999971389770508,1.8580000400543213
19,4,4,local_search,obj_pwldr,32228.095735187253,32095.798758984274,0.029999971389770508,0.12000012397766113
19,4,4,local_search,dr_pwldr,32153.43914749427,31841.022339402596,0.029999971389770508,0.12000012397766113
19,4,4,local_search,reopt_pwldr,25262.185163830516,30957.6037334266,0.029999971389770508,0.12000012397766113
19,4,5,black_box,obj_pwldr,32095.792753456844,32095.904410397292,0.034999847412109375,2.26200008392334
19,4,5,black_box,dr_pwldr,31841.14264922865,31841.4014305226,0.034999847412109375,2.26200008392334
19,4,5,black_box,reopt_pwldr,30964.776623223588,30972.441412572327,0.034999847412109375,2.26200008392334
19,4,5,local_search,obj_pwldr,32095.792753456844,32095.904410397292,0.034999847412109375,0.17400002479553223
19,4,5,local_search,dr_pwldr,31841.14264922865,31841.4014305226,0.034999847412109375,0.17400002479553223
19,4,5,local_search,reopt_pwldr,30964.776623223588,30972.441412572323,0.034999847412109375,0.17400002479553223
19,4,6,black_box,obj_pwldr,32163.85650371765,32095.859766276884,0.0409998893737793,2.748999834060669
19,4,6,black_box,dr_pwldr,32084.34399551913,31841.437126590416,0.0409998893737793,2.748999834060669
19,4,6,black_box,reopt_pwldr,25862.509514464295,30976.94243010318,0.0409998893737793,2.748999834060669
19,4,6,local_search,obj_pwldr,32163.85650371765,32095.859766276884,0.0409998893737793,0.24199986457824707
19,4,6,local_search,dr_pwldr,32084.34399551913,31841.437126590416,0.0409998893737793,0.24199986457824707
19,4,6,local_search,reopt_pwldr,25862.509514464295,30976.94243010318,0.0409998893737793,0.24199986457824707
19,4,7,black_box,obj_pwldr,32095.694791807997,32095.697878487623,0.048999786376953125,3.294999837875366
19,4,7,black_box,dr_pwldr,32072.42442909134,31840.973761791163,0.048999786376953125,3.294999837875366
19,4,7,black_box,reopt_pwldr,31181.644298439805,30960.4383971319,0.048999786376953125,3.294999837875366
19,4,7,local_search,obj_pwldr,32095.694791807997,32095.697878487623,0.048999786376953125,0.28600001335144043
19,4,7,local_search,dr_pwldr,32072.42442909134,31840.97376179116,0.048999786376953125,0.28600001335144043
19,4,7,local_search,reopt_pwldr,31181.644298439805,30960.438397131893,0.048999786376953125,0.28600001335144043
19,4,8,black_box,obj_pwldr,32137.057073087894,32095.701924140056,0.05200004577636719,3.7209999561309814
19,4,8,black_box,dr_pwldr,32110.413192390817,31841.11321363121,0.05200004577636719,3.7209999561309814
19,4,8,black_box,reopt_pwldr,31513.507636082635,30967.68693757716,0.05200004577636719,3.7209999561309814
19,4,8,local_search,obj_pwldr,32137.057073087894,32095.701924140056,0.05200004577636719,0.375
19,4,8,local_search,dr_pwldr,32110.413192390817,31841.113213631204,0.05200004577636719,0.375
19,4,8,local_search,reopt_pwldr,31513.507636082635,30967.686937577164,0.05200004577636719,0.375
19,4,9,black_box,obj_pwldr,32095.72545113189,32095.695842809713,0.053999900817871094,4.0290000438690186
19,4,9,black_box,dr_pwldr,31893.738049936142,31841.00909842922,0.053999900817871094,4.0290000438690186
19,4,9,black_box,reopt_pwldr,25535.675331555136,30962.41721229323,0.053999900817871094,4.0290000438690186
19,4,9,local_search,obj_pwldr,32095.72545113189,32095.695842809713,0.053999900817871094,0.43899989128112793
19,4,9,local_search,dr_pwldr,31893.738049936142,31841.00909842922,0.053999900817871094,0.43899989128112793
19,4,9,local_search,reopt_pwldr,25535.675331555136,30962.41721229323,0.053999900817871094,0.43899989128112793
19,4,10,black_box,obj_pwldr,32123.428726720656,32095.71700404784,0.0559999942779541,4.509999990463257
19,4,10,black_box,dr_pwldr,32051.70343078159,31841.013865994773,0.0559999942779541,4.509999990463257
19,4,10,black_box,reopt_pwldr,25460.3614420565,30961.35960818171,0.0559999942779541,4.509999990463257
19,4,10,local_search,obj_pwldr,32123.428726720656,32095.71700404784,0.0559999942779541,0.562999963760376
19,4,10,local_search,dr_pwldr,32051.70343078159,31841.013865994773,0.0559999942779541,0.562999963760376
19,4,10,local_search,reopt_pwldr,25460.3614420565,30961.35960818171,0.0559999942779541,0.562999963760376
20,1,1,black_box,obj_pwldr,34571.89418112446,34571.89515397034,0.01900005340576172,1.6080000400543213
20,1,1,black_box,dr_pwldr,34469.17905521358,34314.627894164056,0.01900005340576172,1.6080000400543213
20,1,1,black_box,reopt_pwldr,27769.72012656603,32751.645969906607,0.01900005340576172,1.6080000400543213
20,1,1,local_search,obj_pwldr,34571.89418112446,34571.89515397034,0.01900005340576172,0.03500008583068848
20,1,1,local_search,dr_pwldr,34469.17905521358,34314.627894164056,0.01900005340576172,0.03500008583068848
20,1,1,local_search,reopt_pwldr,27769.72012656603,32751.645969906607,0.01900005340576172,0.03500008583068848
20,1,2,black_box,obj_pwldr,34641.25367694285,34571.89604730866,0.04500007629394531,3.700000047683716
20,1,2,black_box,dr_pwldr,34483.276523412016,34314.41690513712,0.04500007629394531,3.700000047683716
20,1,2,black_box,reopt_pwldr,27758.658972686408,32737.58018121904,0.04500007629394531,3.700000047683716
20,1,2,local_search,obj_pwldr,34641.25367694285,34571.89604730866,0.04500007629394531,0.17100000381469727
20,1,2,local_search,dr_pwldr,34483.276523412016,34314.41690513712,0.04500007629394531,0.17100000381469727
20,1,2,local_search,reopt_pwldr,27758.658972686408,32737.58018121904,0.04500007629394531,0.17100000381469727
20,1,3,black_box,obj_pwldr,34571.894181124466,34571.89597053485,0.05799984931945801,6.380000114440918
20,1,3,black_box,dr_pwldr,34535.37300868774,34314.41945170496,0.05799984931945801,6.380000114440918
20,1,3,black_box,reopt_pwldr,32057.054943544197,32737.749950644393,0.05799984931945801,6.380000114440918
20,1,3,local_search,obj_pwldr,34571.894181124466,34571.89597053485,0.05799984931945801,0.3059999942779541
20,1,3,local_search,dr_pwldr,34535.37300868774,34314.41945170496,0.05799984931945801,0.3059999942779541
20,1,3,local_search,reopt_pwldr,32057.054943544197,32737.749950644393,0.05799984931945801,0.3059999942779541
20,1,4,black_box,obj_pwldr,34587.98520552232,34571.894263519884,0.06099987030029297,9.479000091552734
20,1,4,black_box,dr_pwldr,34571.18357836591,34314.513682900004,0.06099987030029297,9.479000091552734
20,1,4,black_box,reopt_pwldr,32213.974261581225,32744.03196490823,0.06099987030029297,9.479000091552734
20,1,4,local_search,obj_pwldr,34587.98520552232,34571.894263519884,0.06099987030029297,0.5960001945495605
20,1,4,local_search,dr_pwldr,34571.18357836591,34314.513682900004,0.06099987030029297,0.5960001945495605
20,1,4,local_search,reopt_pwldr,32213.974261581225,32744.03196490823,0.06099987030029297,0.5960001945495605
20,1,5,black_box,obj_pwldr,34571.89418112446,34571.8942036425,0.07500004768371582,12.567000150680542
20,1,5,black_box,dr_pwldr,34469.179055213586,34314.52596955594,0.07500004768371582,12.567000150680542
20,1,5,black_box,reopt_pwldr,27769.72012656603,32744.85106677776,0.07500004768371582,12.567000150680542
20,1,5,local_search,obj_pwldr,34571.89418112446,34571.8942036425,0.07500004768371582,1.0390000343322754
20,1,5,local_search,dr_pwldr,34469.179055213586,34314.52596955594,0.07500004768371582,1.0390000343322754
20,1,5,local_search,reopt_pwldr,27769.72012656603,32744.85106677776,0.07500004768371582,1.0390000343322754
20,1,6,black_box,obj_pwldr,34578.85195817243,34571.894751767875,0.10199999809265137,16.062999963760376
20,1,6,black_box,dr_pwldr,34421.32707863492,34314.60718315978,0.10199999809265137,16.062999963760376
20,1,6,black_box,reopt_pwldr,27345.046696465397,32750.26525066325,0.10199999809265137,16.062999963760376
20,1,6,local_search,obj_pwldr,34578.85195817243,34571.894751767875,0.10199999809265137,1.4250001907348633
20,1,6,local_search,dr_pwldr,34421.32707863492,34314.60718315978,0.10199999809265137,1.4250001907348633
20,1,6,local_search,reopt_pwldr,27345.046696465397,32750.26525066325,0.10199999809265137,1.4250001907348633
20,1,7,black_box,obj_pwldr,34571.894181124466,34571.89444608983,0.1420001983642578,19.030999898910522
20,1,7,black_box,dr_pwldr,34545.551107642415,34314.58559799736,0.1420001983642578,19.030999898910522
20,1,7,black_box,reopt_pwldr,32843.043251613715,32748.826254816875,0.1420001983642578,19.030999898910522
20,1,7,local_search,obj_pwldr,34571.894181124466,34571.89444608983,0.1420001983642578,2.120000123977661
20,1,7,local_search,dr_pwldr,34545.551107642415,34314.58559799736,0.1420001983642578,2.120000123977661
20,1,7,local_search,reopt_pwldr,32843.043251613715,32748.826254816882,0.1420001983642578,2.120000123977661
20,1,8,black_box,obj_pwldr,34575.79457606073,34571.89422319336,0.15199995040893555,22.11899995803833
20,1,8,black_box,dr_pwldr,34554.837307438305,34314.55782557748,0.15199995040893555,22.11899995803833
20,1,8,black_box,reopt_pwldr,32493.417255715438,32746.974779434844,0.15199995040893555,22.11899995803833
20,1,8,local_search,obj_pwldr,34575.79457606073,34571.89422319336,0.15199995040893555,2.5859999656677246
20,1,8,local_search,dr_pwldr,34554.837307438305,34314.55782557749,0.15199995040893555,2.5859999656677246
20,1,8,local_search,reopt_pwldr,32493.417255715438,32746.974779434844,0.15199995040893555,2.5859999656677246
20,1,9,black_box,obj_pwldr,34571.894181124466,34571.8942696969,0.15900015830993652,25.79699993133545
20,1,9,black_box,dr_pwldr,34459.00095625894,34314.512735278295,0.15900015830993652,25.79699993133545
20,1,9,black_box,reopt_pwldr,27198.485660074803,32743.968790784565,0.15900015830993652,25.79699993133545
20,1,9,local_search,obj_pwldr,34571.894181124466,34571.8942696969,0.15900015830993652,3.2139999866485596
20,1,9,local_search,dr_pwldr,34459.00095625894,34314.512735278295,0.15900015830993652,3.2139999866485596
20,1,9,local_search,reopt_pwldr,27198.485660074803,32743.968790784565,0.15900015830993652,3.2139999866485596
20,1,10,black_box,obj_pwldr,34574.40124596222,34571.89418247311,0.17599987983703613,28.68499994277954
20,1,10,black_box,dr_pwldr,34543.490845013665,34314.5361350212,0.17599987983703613,28.68499994277954
20,1,10,black_box,reopt_pwldr,33129.67052372238,32745.528757404656,0.17599987983703613,28.68499994277954
20,1,10,local_search,obj_pwldr,34574.40124596222,34571.89418247311,0.17599987983703613,3.6689999103546143
20,1,10,local_search,dr_pwldr,34543.490845013665,34314.5361350212,0.17599987983703613,3.6689999103546143
20,1,10,local_search,reopt_pwldr,33129.67052372238,32745.528757404656,0.17599987983703613,3.6689999103546143
20,2,1,black_box,obj_pwldr,33927.45868803133,33927.49139642951,0.01900005340576172,1.13100004196167
20,2,1,black_box,dr_pwldr,33855.00214390807,33730.1455083847,0.01900005340576172,1.13100004196167
20,2,1,black_box,reopt_pwldr,32057.054943544197,32755.556615828886,0.01900005340576172,1.13100004196167
20,2,1,local_search,obj_pwldr,33927.45868803133,33927.49139642951,0.01900005340576172,0.037000179290771484
20,2,1,local_search,dr_pwldr,33855.00214390807,33730.1455083847,0.01900005340576172,0.037000179290771484
20,2,1,local_search,reopt_pwldr,32057.054943544197,32755.556615828886,0.01900005340576172,0.037000179290771484
20,2,2,black_box,obj_pwldr,34280.152970310985,33927.461672145444,0.03299999237060547,1.2229998111724854
20,2,2,black_box,dr_pwldr,34227.14631711277,33730.27538009525,0.03299999237060547,1.2229998111724854
20,2,2,black_box,reopt_pwldr,33894.081011916656,32742.7857729475,0.03299999237060547,1.2229998111724854
20,2,2,local_search,obj_pwldr,34280.152970310985,33927.461672145444,0.03299999237060547,0.05499982833862305
20,2,2,local_search,dr_pwldr,34227.14631711277,33730.27538009525,0.03299999237060547,0.05499982833862305
20,2,2,local_search,reopt_pwldr,33894.081011916656,32742.7857729475,0.03299999237060547,0.05499982833862305
20,2,3,black_box,obj_pwldr,33927.458688031336,33927.50373230765,0.0280001163482666,1.5199999809265137
20,2,3,black_box,dr_pwldr,33899.76609319425,33730.427435482234,0.0280001163482666,1.5199999809265137
20,2,3,black_box,reopt_pwldr,26623.34468591113,32734.23814459389,0.0280001163482666,1.5199999809265137
20,2,3,local_search,obj_pwldr,33927.458688031336,33927.50373230765,0.0280001163482666,0.09799981117248535
20,2,3,local_search,dr_pwldr,33899.76609319425,33730.427435482234,0.0280001163482666,0.09799981117248535
20,2,3,local_search,reopt_pwldr,26623.34468591113,32734.23814459389,0.0280001163482666,0.09799981117248535
20,2,4,black_box,obj_pwldr,34059.558814685915,33927.476013506915,0.03900003433227539,1.871000051498413
20,2,4,black_box,dr_pwldr,33850.000317458886,33730.16686705184,0.03900003433227539,1.871000051498413
20,2,4,black_box,reopt_pwldr,33376.38626142885,32752.886810236356,0.03900003433227539,1.871000051498413
20,2,4,local_search,obj_pwldr,34059.558814685915,33927.476013506915,0.03900003433227539,0.1549999713897705
20,2,4,local_search,dr_pwldr,33850.000317458886,33730.16686705184,0.03900003433227539,0.1549999713897705
20,2,4,local_search,reopt_pwldr,33376.38626142885,32752.886810236356,0.03900003433227539,0.1549999713897705
20,2,5,black_box,obj_pwldr,33927.458688031336,33927.45873342576,0.03900003433227539,2.2350001335144043
20,2,5,black_box,dr_pwldr,33833.57213972013,33730.24022906555,0.03900003433227539,2.2350001335144043
20,2,5,black_box,reopt_pwldr,26587.532725901405,32745.38295232578,0.03900003433227539,2.2350001335144043
20,2,5,local_search,obj_pwldr,33927.458688031336,33927.45873342576,0.03900003433227539,0.16900014877319336
20,2,5,local_search,dr_pwldr,33833.57213972013,33730.24022906555,0.03900003433227539,0.16900014877319336
20,2,5,local_search,reopt_pwldr,26587.532725901405,32745.38295232578,0.03900003433227539,0.16900014877319336
20,2,6,black_box,obj_pwldr,33995.624254463386,33927.46020365362,0.032000064849853516,2.815000057220459
20,2,6,black_box,dr_pwldr,33937.153597812256,33730.2118102198,0.032000064849853516,2.815000057220459
20,2,6,black_box,reopt_pwldr,33293.47277119258,32747.859681793332,0.032000064849853516,2.815000057220459
20,2,6,local_search,obj_pwldr,33995.624254463386,33927.46020365362,0.032000064849853516,0.247999906539917
20,2,6,local_search,dr_pwldr,33937.153597812256,33730.2118102198,0.032000064849853516,0.247999906539917
20,2,6,local_search,reopt_pwldr,33293.47277119258,32747.859681793332,0.032000064849853516,0.247999906539917
20,2,7,black_box,obj_pwldr,33927.45868803133,33927.47727849299,0.04500007629394531,3.3329999446868896
20,2,7,black_box,dr_pwldr,33865.18024286272,33730.348255712175,0.04500007629394531,3.3329999446868896
20,2,7,black_box,reopt_pwldr,32843.043251613715,32738.353874055207,0.04500007629394531,3.3329999446868896
20,2,7,local_search,obj_pwldr,33927.45868803133,33927.47727849299,0.04500007629394531,0.2929999828338623
20,2,7,local_search,dr_pwldr,33865.18024286272,33730.348255712175,0.04500007629394531,0.2929999828338623
20,2,7,local_search,reopt_pwldr,32843.043251613715,32738.353874055207,0.04500007629394531,0.2929999828338623
20,2,8,black_box,obj_pwldr,33968.88946949465,33927.46364276861,0.04900002479553223,3.5139999389648438
20,2,8,black_box,dr_pwldr,33823.77707252507,33730.19645512932,0.04900002479553223,3.5139999389648438
20,2,8,black_box,reopt_pwldr,27504.488227539998,32749.56578519548,0.04900002479553223,3.5139999389648438
20,2,8,local_search,obj_pwldr,33968.88946949465,33927.46364276861,0.04900002479553223,0.36700010299682617
20,2,8,local_search,dr_pwldr,33823.77707252507,33730.19645512932,0.04900002479553223,0.36700010299682617
20,2,8,local_search,reopt_pwldr,27504.488227539998,32749.56578519548,0.04900002479553223,0.36700010299682617
20,2,9,black_box,obj_pwldr,33927.45868803133,33927.46066477646,0.04900002479553223,4.0309998989105225
20,2,9,black_box,dr_pwldr,33730.2358442783,33730.209111218945,0.04900002479553223,4.0309998989105225
20,2,9,black_box,reopt_pwldr,32745.748347468238,32748.1595676596,0.04900002479553223,4.0309998989105225
20,2,9,local_search,obj_pwldr,33927.45868803133,33927.46066477646,0.04900002479553223,0.44499993324279785
20,2,9,local_search,dr_pwldr,33730.2358442783,33730.209111218945,0.04900002479553223,0.44499993324279785
20,2,9,local_search,reopt_pwldr,32745.748347468238,32748.1595676596,0.04900002479553223,0.44499993324279785
20,2,10,black_box,obj_pwldr,33955.25992913108,33927.45921584449,0.05200004577636719,4.503999948501587
20,2,10,black_box,dr_pwldr,33932.35352247052,33730.22089268924,0.05200004577636719,4.503999948501587
20,2,10,black_box,reopt_pwldr,26910.541260218793,32746.994300243812,0.05200004577636719,4.503999948501587
20,2,10,local_search,obj_pwldr,33955.25992913108,33927.45921584448,0.05200004577636719,1.1099998950958252
20,2,10,local_search,dr_pwldr,33932.35352247052,33730.22089268924,0.05200004577636719,1.1099998950958252
20,2,10,local_search,reopt_pwldr,26910.541260218793,32746.994300243812,0.05200004577636719,1.1099998950958252
20,3,1,black_box,obj_pwldr,34478.32587680966,34478.30710997315,0.03699994087219238,0.9449999332427979
20,3,1,black_box,dr_pwldr,34359.63290662192,34311.50829193247,0.03699994087219238,0.9449999332427979
20,3,1,black_box,reopt_pwldr,27081.81418464663,32639.309690061815,0.03699994087219238,0.9449999332427979
20,3,1,local_search,obj_pwldr,34478.32587680966,34478.30710997315,0.03699994087219238,0.03699994087219238
20,3,1,local_search,dr_pwldr,34359.63290662192,34311.50829193247,0.03699994087219238,0.03699994087219238
20,3,1,local_search,reopt_pwldr,27081.81418464663,32639.309690061815,0.03699994087219238,0.03699994087219238
20,3,2,black_box,obj_pwldr,34654.83551692879,34470.63114645644,0.026000022888183594,1.190000057220459
20,3,2,black_box,dr_pwldr,34496.987405554915,34302.755719387176,0.026000022888183594,1.190000057220459
20,3,2,black_box,reopt_pwldr,32382.396800486647,32675.98742506228,0.026000022888183594,1.190000057220459
20,3,2,local_search,obj_pwldr,34654.83551692879,34470.63114645644,0.026000022888183594,0.0710000991821289
20,3,2,local_search,dr_pwldr,34496.987405554915,34302.755719387176,0.026000022888183594,0.0710000991821289
20,3,2,local_search,reopt_pwldr,32382.396800486647,32675.98742506228,0.026000022888183594,0.0710000991821289
20,3,3,black_box,obj_pwldr,34472.69102042203,34470.614059620864,0.02200007438659668,1.4679999351501465
20,3,3,black_box,dr_pwldr,34405.222838897396,34304.05884169125,0.02200007438659668,1.4679999351501465
20,3,3,black_box,reopt_pwldr,32834.06269439157,32658.448723874353,0.02200007438659668,1.4679999351501465
20,3,3,local_search,obj_pwldr,34472.69102042203,34469.43855294323,0.02200007438659668,0.1529998779296875
20,3,3,local_search,dr_pwldr,34405.222838897396,34302.66477748764,0.02200007438659668,0.1529998779296875
20,3,3,local_search,reopt_pwldr,32834.06269439157,32660.759361034783,0.02200007438659668,0.1529998779296875
20,3,4,black_box,obj_pwldr,34534.6567310764,34469.90143178731,0.03099989891052246,1.7709999084472656
20,3,4,black_box,dr_pwldr,34497.860077923455,34303.77051019146,0.03099989891052246,1.7709999084472656
20,3,4,black_box,reopt_pwldr,26693.28596051296,32614.70940293694,0.03099989891052246,1.7709999084472656
20,3,4,local_search,obj_pwldr,34534.6567310764,34469.90143178731,0.03099989891052246,0.11500000953674316
20,3,4,local_search,dr_pwldr,34497.860077923455,34303.77051019146,0.03099989891052246,0.11500000953674316
20,3,4,local_search,reopt_pwldr,26693.28596051296,32614.70940293694,0.03099989891052246,0.11500000953674316
20,3,5,black_box,obj_pwldr,34470.81273495947,34469.61280854602,0.039999961853027344,1.9830000400543213
20,3,5,black_box,dr_pwldr,34403.39189031451,34303.94839439987,0.039999961853027344,1.9830000400543213
20,3,5,black_box,reopt_pwldr,32834.06269439157,32621.685214932488,0.039999961853027344,1.9830000400543213
20,3,5,local_search,obj_pwldr,34470.81273495947,34469.36475138456,0.039999961853027344,0.4790000915527344
20,3,5,local_search,dr_pwldr,34403.39189031451,34303.32379611928,0.039999961853027344,0.4790000915527344
20,3,5,local_search,reopt_pwldr,32834.06269439157,32623.687378520328,0.039999961853027344,0.4790000915527344
20,3,6,black_box,obj_pwldr,34501.546249259896,34468.954872641996,0.029000043869018555,2.3889999389648438
20,3,6,black_box,dr_pwldr,34423.56574551446,34303.07158720564,0.029000043869018555,2.3889999389648438
20,3,6,black_box,reopt_pwldr,32376.071538579203,32615.039247511675,0.029000043869018555,2.3889999389648438
20,3,6,local_search,obj_pwldr,34501.546249259896,34468.929750727315,0.029000043869018555,0.23600006103515625
20,3,6,local_search,dr_pwldr,34423.56574551446,34301.7650267782,0.029000043869018555,0.23600006103515625
20,3,6,local_search,reopt_pwldr,32376.071538579203,32660.751935488384,0.029000043869018555,0.23600006103515625
20,3,7,black_box,obj_pwldr,34469.87359222821,34469.5899362579,0.015000104904174805,2.742000102996826
20,3,7,black_box,dr_pwldr,34402.42439751614,34302.50797990772,0.015000104904174805,2.742000102996826
20,3,7,black_box,reopt_pwldr,32834.06269439157,32651.506715810297,0.015000104904174805,2.742000102996826
20,3,7,local_search,obj_pwldr,34469.87359222821,34469.58355309723,0.015000104904174805,0.434999942779541
20,3,7,local_search,dr_pwldr,34402.42439751614,34302.48829731469,0.015000104904174805,0.434999942779541
20,3,7,local_search,reopt_pwldr,32834.06269439157,32651.341298703468,0.015000104904174805,0.434999942779541
20,3,8,black_box,obj_pwldr,34488.47706560416,34469.36913729698,0.04199981689453125,3.1060001850128174
20,3,8,black_box,dr_pwldr,34364.52544352174,34302.40777347288,0.04199981689453125,3.1060001850128174
20,3,8,black_box,reopt_pwldr,27165.939517122668,32646.21746007579,0.04199981689453125,3.1060001850128174
20,3,8,local_search,obj_pwldr,34488.47706560416,34469.36913729698,0.04199981689453125,0.312000036239624
20,3,8,local_search,dr_pwldr,34364.52544352174,34302.40777347288,0.04199981689453125,0.312000036239624
20,3,8,local_search,reopt_pwldr,27165.939517122668,32646.21746007579,0.04199981689453125,0.312000036239624
20,3,9,black_box,obj_pwldr,34469.542705008935,34469.28686876454,0.0410001277923584,3.5190000534057617
20,3,9,black_box,dr_pwldr,34447.09579299448,34303.476642947455,0.0410001277923584,3.5190000534057617
20,3,9,black_box,reopt_pwldr,27077.637453085954,32615.39567140409,0.0410001277923584,3.5190000534057617
20,3,9,local_search,obj_pwldr,34469.542705008935,34469.15832646137,0.0410001277923584,0.4330000877380371
20,3,9,local_search,dr_pwldr,34447.09579299448,34302.43464070658,0.0410001277923584,0.4330000877380371
20,3,9,local_search,reopt_pwldr,27077.637453085954,32647.291270517468,0.0410001277923584,0.4330000877380371
20,3,10,black_box,obj_pwldr,34482.1408808059,34469.059921277454,0.04399991035461426,3.934999942779541
20,3,10,black_box,dr_pwldr,34359.74146651562,34302.73356418519,0.04399991035461426,3.934999942779541
20,3,10,black_box,reopt_pwldr,27122.687930221367,32629.10702552595,0.04399991035461426,3.934999942779541
20,3,10,local_search,obj_pwldr,34482.1408808059,34468.82423275454,0.04399991035461426,1.6019999980926514
20,3,10,local_search,dr_pwldr,34359.74146651562,34302.57968688041,0.04399991035461426,1.6019999980926514
20,3,10,local_search,reopt_pwldr,27122.687930221367,32628.68430635065,0.04399991035461426,1.6019999980926514
20,4,1,black_box,obj_pwldr,34453.91155994542,34453.92197115742,0.01699995994567871,0.9229998588562012
20,4,1,black_box,dr_pwldr,34251.142668081215,34285.94793985098,0.01699995994567871,0.9229998588562012
20,4,1,black_box,reopt_pwldr,26587.532725901405,32738.253235991666,0.01699995994567871,0.9229998588562012
20,4,1,local_search,obj_pwldr,34453.91155994542,34453.92197115742,0.01699995994567871,0.03800010681152344
20,4,1,local_search,dr_pwldr,34251.142668081215,34285.94793985098,0.01699995994567871,0.03800010681152344
20,4,1,local_search,reopt_pwldr,26587.532725901405,32738.253235991666,0.01699995994567871,0.03800010681152344
20,4,2,black_box,obj_pwldr,34656.77304601374,34448.74776082247,0.026000022888183594,1.25
20,4,2,black_box,dr_pwldr,34590.28401239252,34282.96757329264,0.026000022888183594,1.25
20,4,2,black_box,reopt_pwldr,33894.081011916656,32673.72747550675,0.026000022888183594,1.25
20,4,2,local_search,obj_pwldr,34656.77304601374,34447.86494503081,0.026000022888183594,0.2709999084472656
20,4,2,local_search,dr_pwldr,34590.28401239252,34279.77721980484,0.026000022888183594,0.2709999084472656
20,4,2,local_search,reopt_pwldr,33894.081011916656,32771.9435074509,0.026000022888183594,0.2709999084472656
20,4,3,black_box,obj_pwldr,34453.91155994543,34447.79699019355,0.029999971389770508,1.5299999713897705
20,4,3,black_box,dr_pwldr,34378.81805137516,34279.88587911177,0.029999971389770508,1.5299999713897705
20,4,3,black_box,reopt_pwldr,32843.043251613715,32767.148913314275,0.029999971389770508,1.5299999713897705
20,4,3,local_search,obj_pwldr,34453.91155994543,34447.53701169264,0.029999971389770508,0.15399980545043945
20,4,3,local_search,dr_pwldr,34378.81805137516,34281.80447515686,0.029999971389770508,0.15399980545043945
20,4,3,local_search,reopt_pwldr,32843.043251613715,32689.677377596567,0.029999971389770508,0.15399980545043945
20,4,4,black_box,obj_pwldr,34527.37193677105,34448.007657037306,0.031000137329101562,1.871999979019165
20,4,4,black_box,dr_pwldr,34394.87066799185,34281.99690025931,0.031000137329101562,1.871999979019165
20,4,4,black_box,reopt_pwldr,27474.782349247504,32719.373884947414,0.031000137329101562,1.871999979019165
20,4,4,local_search,obj_pwldr,34527.37193677105,34448.007657037306,0.031000137329101562,0.127000093460083
20,4,4,local_search,dr_pwldr,34394.87066799185,34281.99690025931,0.031000137329101562,0.127000093460083
20,4,4,local_search,reopt_pwldr,27474.782349247504,32719.373884947414,0.031000137329101562,0.127000093460083
20,4,5,black_box,obj_pwldr,34453.91155994544,34447.65174380559,0.026000022888183594,2.184000015258789
20,4,5,black_box,dr_pwldr,34347.20994823262,34282.2356703631,0.026000022888183594,2.184000015258789
20,4,5,black_box,reopt_pwldr,26587.532725901405,32680.64987254199,0.026000022888183594,2.184000015258789
20,4,5,local_search,obj_pwldr,34453.91155994544,34447.4239195184,0.026000022888183594,0.317000150680542
20,4,5,local_search,dr_pwldr,34347.20994823262,34280.45619576895,0.026000022888183594,0.317000150680542
20,4,5,local_search,reopt_pwldr,26587.532725901405,32733.988168267348,0.026000022888183594,0.317000150680542
20,4,6,black_box,obj_pwldr,34491.45237002959,34447.47119680006,0.03399991989135742,2.6559998989105225
20,4,6,black_box,dr_pwldr,34405.07097264295,34281.411073895295,0.03399991989135742,2.6559998989105225
20,4,6,black_box,reopt_pwldr,32393.616186381805,32706.43758175893,0.03399991989135742,2.6559998989105225
20,4,6,local_search,obj_pwldr,34491.45237002959,34447.47119680006,0.03399991989135742,0.27699995040893555
20,4,6,local_search,dr_pwldr,34405.07097264295,34281.411073895295,0.03399991989135742,0.27699995040893555
20,4,6,local_search,reopt_pwldr,32393.616186381805,32706.43758175893,0.03399991989135742,0.27699995040893555
20,4,7,black_box,obj_pwldr,34451.426309400704,34447.36998394795,0.039999961853027344,3.1570000648498535
20,4,7,black_box,dr_pwldr,34379.36043341689,34280.58122429766,0.039999961853027344,3.1570000648498535
20,4,7,black_box,reopt_pwldr,32843.043251613715,32724.389116592138,0.039999961853027344,3.1570000648498535
20,4,7,local_search,obj_pwldr,34451.426309400704,34447.36998394795,0.039999961853027344,0.2869999408721924
20,4,7,local_search,dr_pwldr,34379.36043341689,34280.58122429766,0.039999961853027344,0.2869999408721924
20,4,7,local_search,reopt_pwldr,32843.043251613715,32724.389116592138,0.039999961853027344,0.2869999408721924
20,4,8,black_box,obj_pwldr,34472.31377031809,34447.382951330495,0.03800010681152344,3.6689999103546143
20,4,8,black_box,dr_pwldr,34435.13120645306,34280.90673757929,0.03800010681152344,3.6689999103546143
20,4,8,black_box,reopt_pwldr,26871.748510651556,32716.70958619044,0.03800010681152344,3.6689999103546143
20,4,8,local_search,obj_pwldr,34472.31377031809,34447.382951330495,0.03800010681152344,0.38900017738342285
20,4,8,local_search,dr_pwldr,34435.13120645306,34280.90673757929,0.03800010681152344,0.38900017738342285
20,4,8,local_search,reopt_pwldr,26871.748510651556,32716.70958619044,0.03800010681152344,0.38900017738342285
20,4,9,black_box,obj_pwldr,34448.52028097179,34447.7743411205,0.053999900817871094,3.9729998111724854
20,4,9,black_box,dr_pwldr,34238.20857995471,34282.27140423899,0.053999900817871094,3.9729998111724854
20,4,9,black_box,reopt_pwldr,27003.846990108443,32677.248179023856,0.053999900817871094,3.9729998111724854
20,4,9,local_search,obj_pwldr,34448.52028097179,34447.41378918662,0.053999900817871094,1.193000078201294
20,4,9,local_search,dr_pwldr,34238.20857995471,34281.005642789096,0.053999900817871094,1.193000078201294
20,4,9,local_search,reopt_pwldr,27003.846990108443,32708.33446978681,0.053999900817871094,1.193000078201294
20,4,10,black_box,obj_pwldr,34463.1248947448,34447.44084050195,0.04999995231628418,4.414999961853027
20,4,10,black_box,dr_pwldr,34426.814156459004,34280.530039615674,0.04999995231628418,4.414999961853027
20,4,10,black_box,reopt_pwldr,26910.541260218793,32733.538029446794,0.04999995231628418,4.414999961853027
20,4,10,local_search,obj_pwldr,34463.1248947448,34447.42428263761,0.04999995231628418,0.6990001201629639
20,4,10,local_search,dr_pwldr,34426.814156459004,34281.30285343836,0.04999995231628418,0.6990001201629639
20,4,10,local_search,reopt_pwldr,26910.541260218793,32705.22499667889,0.04999995231628418,0.6990001201629639
21,1,1,black_box,obj_pwldr,32759.124282345918,32759.13354895637,0.017999887466430664,0.8259999752044678
21,1,1,black_box,dr_pwldr,32731.854452218045,32833.134065850565,0.017999887466430664,0.8259999752044678
21,1,1,black_box,reopt_pwldr,26334.425014560955,31949.835280814397,0.017999887466430664,0.8259999752044678
21,1,1,local_search,obj_pwldr,32759.124282345918,32759.13354895637,0.017999887466430664,0.03500008583068848
21,1,1,local_search,dr_pwldr,32731.854452218045,32833.134065850565,0.017999887466430664,0.03500008583068848
21,1,1,local_search,reopt_pwldr,26334.425014560955,31949.835280814397,0.017999887466430664,0.03500008583068848
21,1,2,black_box,obj_pwldr,33100.34490455911,32759.182837671382,0.029999971389770508,1.1659998893737793
21,1,2,black_box,dr_pwldr,33138.33834310827,32832.987943496635,0.029999971389770508,1.1659998893737793
21,1,2,black_box,reopt_pwldr,32901.52060975245,31931.791898890126,0.029999971389770508,1.1659998893737793
21,1,2,local_search,obj_pwldr,33100.34490455911,32759.182837671382,0.029999971389770508,0.06800007820129395
21,1,2,local_search,dr_pwldr,33138.33834310827,32832.987943496635,0.029999971389770508,0.06800007820129395
21,1,2,local_search,reopt_pwldr,32901.52060975245,31931.791898890126,0.029999971389770508,0.06800007820129395
21,1,3,black_box,obj_pwldr,32759.124282345925,32759.12429451604,0.037999868392944336,1.4860000610351562
21,1,3,black_box,dr_pwldr,32823.22981819093,32833.07431147001,0.037999868392944336,1.4860000610351562
21,1,3,black_box,reopt_pwldr,31884.64884905133,31944.88631812051,0.037999868392944336,1.4860000610351562
21,1,3,local_search,obj_pwldr,32759.124282345925,32759.12429451605,0.037999868392944336,0.08099985122680664
21,1,3,local_search,dr_pwldr,32823.22981819093,32833.07431147001,0.037999868392944336,0.08099985122680664
21,1,3,local_search,reopt_pwldr,31884.64884905133,31944.88631812051,0.037999868392944336,0.08099985122680664
21,1,4,black_box,obj_pwldr,32886.92699896547,32759.142155797905,0.03399991989135742,2.1480000019073486
21,1,4,black_box,dr_pwldr,33045.87496849696,32833.1651370741,0.03399991989135742,2.1480000019073486
21,1,4,black_box,reopt_pwldr,26791.524638668823,31951.831862957188,0.03399991989135742,2.1480000019073486
21,1,4,local_search,obj_pwldr,32886.92699896547,32759.142155797905,0.03399991989135742,0.11899995803833008
21,1,4,local_search,dr_pwldr,33045.87496849696,32833.1651370741,0.03399991989135742,0.11899995803833008
21,1,4,local_search,reopt_pwldr,26791.524638668823,31951.831862957188,0.03399991989135742,0.11899995803833008
21,1,5,black_box,obj_pwldr,32759.124282345932,32759.130446107592,0.04200005531311035,2.68500018119812
21,1,5,black_box,dr_pwldr,32924.44781650559,32833.03389911071,0.04200005531311035,2.68500018119812
21,1,5,black_box,reopt_pwldr,26358.338852184577,31940.51221576821,0.04200005531311035,2.68500018119812
21,1,5,local_search,obj_pwldr,32759.124282345932,32759.130446107592,0.04200005531311035,0.2259998321533203
21,1,5,local_search,dr_pwldr,32924.44781650559,32833.03389911071,0.04200005531311035,0.2259998321533203
21,1,5,local_search,reopt_pwldr,26358.338852184577,31940.51221576821,0.04200005531311035,0.2259998321533203
21,1,6,black_box,obj_pwldr,32825.072323355045,32759.12516231108,0.04700016975402832,2.9079999923706055
21,1,6,black_box,dr_pwldr,32886.027183468126,32833.08831580035,0.04700016975402832,2.9079999923706055
21,1,6,black_box,reopt_pwldr,31448.8466658938,31946.282627657787,0.04700016975402832,2.9079999923706055
21,1,6,local_search,obj_pwldr,32825.072323355045,32759.12516231108,0.04700016975402832,0.22600007057189941
21,1,6,local_search,dr_pwldr,32886.027183468126,32833.08831580035,0.04700016975402832,0.22600007057189941
21,1,6,local_search,reopt_pwldr,31448.8466658938,31946.282627657787,0.04700016975402832,0.22600007057189941
21,1,7,black_box,obj_pwldr,32759.124282345925,32759.124290227046,0.04900002479553223,2.9159998893737793
21,1,7,black_box,dr_pwldr,32823.22981819093,32833.070952993294,0.04900002479553223,2.9159998893737793
21,1,7,black_box,reopt_pwldr,31884.64884905133,31944.550470446382,0.04900002479553223,2.9159998893737793
21,1,7,local_search,obj_pwldr,32759.124282345925,32759.124290227046,0.04900002479553223,0.27900004386901855
21,1,7,local_search,dr_pwldr,32823.22981819093,32833.070952993294,0.04900002479553223,0.27900004386901855
21,1,7,local_search,reopt_pwldr,31884.64884905133,31944.550470446382,0.04900002479553223,0.27900004386901855
21,1,8,black_box,obj_pwldr,32799.207259984,32759.124375079657,0.046000003814697266,3.3380000591278076
21,1,8,black_box,dr_pwldr,33004.694346111246,32833.07758745832,0.046000003814697266,3.3380000591278076
21,1,8,black_box,reopt_pwldr,26124.311013121925,31945.21391694105,0.046000003814697266,3.3380000591278076
21,1,8,local_search,obj_pwldr,32799.207259984,32759.124375079664,0.046000003814697266,0.3510000705718994
21,1,8,local_search,dr_pwldr,33004.694346111246,32833.07758745832,0.046000003814697266,0.3510000705718994
21,1,8,local_search,reopt_pwldr,26124.311013121925,31945.21391694105,0.046000003814697266,0.3510000705718994
21,1,9,black_box,obj_pwldr,32759.124282345925,32759.125323453598,0.059999942779541016,3.880000114440918
21,1,9,black_box,dr_pwldr,32731.854452218045,32833.08984260476,0.059999942779541016,3.880000114440918
21,1,9,black_box,reopt_pwldr,26334.425014560955,31946.42142806552,0.059999942779541016,3.880000114440918
21,1,9,local_search,obj_pwldr,32759.124282345925,32759.125323453598,0.059999942779541016,0.4530000686645508
21,1,9,local_search,dr_pwldr,32731.854452218045,32833.08984260476,0.059999942779541016,0.4530000686645508
21,1,9,local_search,reopt_pwldr,26334.425014560955,31946.42142806552,0.059999942779541016,0.4530000686645508
21,1,10,black_box,obj_pwldr,32786.021108472625,32759.124905147866,0.053999900817871094,4.353000164031982
21,1,10,black_box,dr_pwldr,32991.89796480289,32833.085763025956,0.053999900817871094,4.353000164031982
21,1,10,black_box,reopt_pwldr,26161.064253194927,31946.031473713745,0.053999900817871094,4.353000164031982
21,1,10,local_search,obj_pwldr,32786.021108472625,32759.124905147866,0.053999900817871094,0.5419998168945312
21,1,10,local_search,dr_pwldr,32991.89796480289,32833.085763025956,0.053999900817871094,0.5419998168945312
21,1,10,local_search,reopt_pwldr,26161.064253194927,31946.031473713745,0.053999900817871094,0.5419998168945312
21,2,1,black_box,obj_pwldr,33382.59534773489,33382.59545681079,0.018000125885009766,1.5
21,2,1,black_box,dr_pwldr,33449.92372923526,33449.85768596652,0.018000125885009766,1.5
21,2,1,black_box,reopt_pwldr,31884.64884905133,31886.59129813346,0.018000125885009766,1.5
21,2,1,local_search,obj_pwldr,33382.59534773489,33382.59545681079,0.018000125885009766,0.03900003433227539
21,2,1,local_search,dr_pwldr,33449.92372923526,33449.85768596652,0.018000125885009766,0.03900003433227539
21,2,1,local_search,reopt_pwldr,31884.64884905133,31886.59129813346,0.018000125885009766,0.03900003433227539
21,2,2,black_box,obj_pwldr,33449.69847786383,33382.596198245155,0.03500008583068848,3.6059999465942383
21,2,2,black_box,dr_pwldr,33522.53826506597,33367.07801081611,0.03500008583068848,3.6059999465942383
21,2,2,black_box,reopt_pwldr,27110.49102681926,31939.276239471215,0.03500008583068848,3.6059999465942383
21,2,2,local_search,obj_pwldr,33449.69847786383,33382.596198245155,0.03500008583068848,0.17499995231628418
21,2,2,local_search,dr_pwldr,33522.53826506597,33367.07801081611,0.03500008583068848,0.17499995231628418
21,2,2,local_search,reopt_pwldr,27110.49102681926,31939.276239471215,0.03500008583068848,0.17499995231628418
21,2,3,black_box,obj_pwldr,33382.59534773489,33382.59545161396,0.04799985885620117,6.378000020980835
21,2,3,black_box,dr_pwldr,33458.63779227572,33367.1979755141,0.04799985885620117,6.378000020980835
21,2,3,black_box,reopt_pwldr,26358.338852184577,31942.804612939814,0.04799985885620117,6.378000020980835
21,2,3,local_search,obj_pwldr,33382.59534773489,33382.59545161396,0.04799985885620117,0.7669999599456787
21,2,3,local_search,dr_pwldr,33458.63779227572,33367.1979755141,0.04799985885620117,0.7669999599456787
21,2,3,local_search,reopt_pwldr,26358.338852184577,31942.804612939814,0.04799985885620117,0.7669999599456787
21,2,4,black_box,obj_pwldr,33398.16290761024,33382.595347867034,0.06399989128112793,9.654000043869019
21,2,4,black_box,dr_pwldr,33490.457351991485,33367.26472509142,0.06399989128112793,9.654000043869019
21,2,4,black_box,reopt_pwldr,31274.525792630844,31944.767835800998,0.06399989128112793,9.654000043869019
21,2,4,local_search,obj_pwldr,33398.16290761024,33382.595347867034,0.06399989128112793,0.6809999942779541
21,2,4,local_search,dr_pwldr,33490.457351991485,33367.26472509142,0.06399989128112793,0.6809999942779541
21,2,4,local_search,reopt_pwldr,31274.525792630844,31944.767835800998,0.06399989128112793,0.6809999942779541
21,2,5,black_box,obj_pwldr,33382.59534773489,33382.595589224555,0.08299994468688965,12.34000015258789
21,2,5,black_box,dr_pwldr,33500.1324722127,33367.16415826985,0.08299994468688965,12.34000015258789
21,2,5,black_box,reopt_pwldr,26334.425014560955,31941.809988109402,0.08299994468688965,12.34000015258789
21,2,5,local_search,obj_pwldr,33382.59534773489,33382.595589224555,0.08299994468688965,1.069000005722046
21,2,5,local_search,dr_pwldr,33500.1324722127,33367.16415826985,0.08299994468688965,1.069000005722046
21,2,5,local_search,reopt_pwldr,26334.425014560955,31941.80998810941,0.08299994468688965,1.069000005722046
21,2,6,black_box,obj_pwldr,33389.32677813457,33382.596317617375,0.10099983215332031,15.733000040054321
21,2,6,black_box,dr_pwldr,33473.17967033631,33367.45935822147,0.10099983215332031,15.733000040054321
21,2,6,black_box,reopt_pwldr,31448.846665893805,31950.492339628247,0.10099983215332031,15.733000040054321
21,2,6,local_search,obj_pwldr,33389.32677813457,33382.596317617375,0.10099983215332031,1.4539999961853027
21,2,6,local_search,dr_pwldr,33473.17967033631,33367.45935822147,0.10099983215332031,1.4539999961853027
21,2,6,local_search,reopt_pwldr,31448.846665893805,31950.492339628247,0.10099983215332031,1.4539999961853027
21,2,7,black_box,obj_pwldr,33382.59534773489,33382.59560525858,0.14100003242492676,18.704999923706055
21,2,7,black_box,dr_pwldr,33449.92372923526,33367.36390419672,0.14100003242492676,18.704999923706055
21,2,7,black_box,reopt_pwldr,31884.64884905133,31947.68486831374,0.14100003242492676,18.704999923706055
21,2,7,local_search,obj_pwldr,33382.59534773489,33382.59560525858,0.14100003242492676,1.811999797821045
21,2,7,local_search,dr_pwldr,33449.92372923526,33367.36390419672,0.14100003242492676,1.811999797821045
21,2,7,local_search,reopt_pwldr,31884.64884905133,31947.68486831374,0.14100003242492676,1.811999797821045
21,2,8,black_box,obj_pwldr,33386.368857127854,33382.59537597877,0.14599990844726562,22.396000146865845
21,2,8,black_box,dr_pwldr,33466.15485607963,33367.22881950667,0.14599990844726562,22.396000146865845
21,2,8,black_box,reopt_pwldr,31545.69159548439,31943.71178919303,0.14599990844726562,22.396000146865845
21,2,8,local_search,obj_pwldr,33386.368857127854,33382.59537597877,0.14599990844726562,2.4820001125335693
21,2,8,local_search,dr_pwldr,33466.15485607963,33367.22881950667,0.14599990844726562,2.4820001125335693
21,2,8,local_search,reopt_pwldr,31545.69159548439,31943.71178919303,0.14599990844726562,2.4820001125335693
21,2,9,black_box,obj_pwldr,33382.59534773488,33382.5953604602,0.17100000381469727,25.25600004196167
21,2,9,black_box,dr_pwldr,33408.42904929827,33367.23986837303,0.17100000381469727,25.25600004196167
21,2,9,black_box,reopt_pwldr,26334.425014560955,31944.036755850746,0.17100000381469727,25.25600004196167
21,2,9,local_search,obj_pwldr,33382.59534773488,33382.5953604602,0.17100000381469727,3.0369999408721924
21,2,9,local_search,dr_pwldr,33408.42904929827,33367.23986837303,0.17100000381469727,3.0369999408721924
21,2,9,local_search,reopt_pwldr,26334.425014560955,31944.036755850746,0.17100000381469727,3.0369999408721924
21,2,10,black_box,obj_pwldr,33385.020854092225,33382.5953628498,0.1809999942779541,28.884999990463257
21,2,10,black_box,dr_pwldr,33444.30103162043,33367.23784142479,0.1809999942779541,28.884999990463257
21,2,10,black_box,reopt_pwldr,32161.977511060668,31943.977139727063,0.1809999942779541,28.884999990463257
21,2,10,local_search,obj_pwldr,33385.020854092225,33382.5953628498,0.1809999942779541,3.1440000534057617
21,2,10,local_search,dr_pwldr,33444.30103162043,33367.23784142479,0.1809999942779541,3.1440000534057617
21,2,10,local_search,reopt_pwldr,32161.977511060668,31943.977139727063,0.1809999942779541,3.1440000534057617
21,3,1,black_box,obj_pwldr,33268.45087352101,33268.4509266854,0.016000032424926758,0.8329999446868896
21,3,1,black_box,dr_pwldr,33200.318633733776,33200.328116459954,0.016000032424926758,0.8329999446868896
21,3,1,black_box,reopt_pwldr,26334.425014560955,26334.76533906534,0.016000032424926758,0.8329999446868896
21,3,1,local_search,obj_pwldr,33268.45087352101,33268.4509266854,0.016000032424926758,0.032000064849853516
21,3,1,local_search,dr_pwldr,33200.318633733776,33200.328116459954,0.016000032424926758,0.032000064849853516
21,3,1,local_search,reopt_pwldr,26334.425014560955,26334.76533906534,0.016000032424926758,0.032000064849853516
21,3,2,black_box,obj_pwldr,33464.71297919482,33268.505967788864,0.02500009536743164,1.1810002326965332
21,3,2,black_box,dr_pwldr,33469.998380227,33393.62043603717,0.02500009536743164,1.1810002326965332
21,3,2,black_box,reopt_pwldr,32901.52060975245,31927.741075040416,0.02500009536743164,1.1810002326965332
21,3,2,local_search,obj_pwldr,33464.71297919482,33268.505967788864,0.02500009536743164,0.06299996376037598
21,3,2,local_search,dr_pwldr,33469.998380227,33393.62043603717,0.02500009536743164,0.06299996376037598
21,3,2,local_search,reopt_pwldr,32901.52060975245,31927.741075040416,0.02500009536743164,0.06299996376037598
21,3,3,black_box,obj_pwldr,33268.45087352102,33268.45212760948,0.026000022888183594,1.4549999237060547
21,3,3,black_box,dr_pwldr,33393.240054962895,33393.2861110355,0.026000022888183594,1.4549999237060547
21,3,3,black_box,reopt_pwldr,31944.700224370423,31942.141553671558,0.026000022888183594,1.4549999237060547
21,3,3,local_search,obj_pwldr,33268.45087352102,33268.45212760948,0.026000022888183594,0.09299993515014648
21,3,3,local_search,dr_pwldr,33393.240054962895,33393.2861110355,0.026000022888183594,0.09299993515014648
21,3,3,local_search,reopt_pwldr,31944.700224370423,31942.141553671558,0.026000022888183594,0.09299993515014648
21,3,4,black_box,obj_pwldr,33339.52147700922,33268.45087354539,0.037999868392944336,1.7189998626708984
21,3,4,black_box,dr_pwldr,33449.024875033894,33393.23985192344,0.037999868392944336,1.7189998626708984
21,3,4,black_box,reopt_pwldr,32554.82328079098,31944.711504340314,0.037999868392944336,1.7189998626708984
21,3,4,local_search,obj_pwldr,33339.52147700922,33268.45087354539,0.037999868392944336,0.11700010299682617
21,3,4,local_search,dr_pwldr,33449.024875033894,33393.23985192344,0.037999868392944336,0.11700010299682617
21,3,4,local_search,reopt_pwldr,32554.82328079098,31944.711504340317,0.037999868392944336,0.11700010299682617
21,3,5,black_box,obj_pwldr,33268.450873521026,33268.451234956075,0.03900003433227539,2.1520001888275146
21,3,5,black_box,dr_pwldr,33384.52599192259,33393.21588527789,0.03900003433227539,2.1520001888275146
21,3,5,black_box,reopt_pwldr,26334.425014560955,31946.073840679495,0.03900003433227539,2.1520001888275146
21,3,5,local_search,obj_pwldr,33268.450873521026,33268.451234956075,0.03900003433227539,0.16000008583068848
21,3,5,local_search,dr_pwldr,33384.52599192259,33393.21588527789,0.03900003433227539,0.16000008583068848
21,3,5,local_search,reopt_pwldr,26334.425014560955,31946.073840679495,0.03900003433227539,0.16000008583068848
21,3,6,black_box,obj_pwldr,33304.77042622969,33268.4562294614,0.03299999237060547,2.4690001010894775
21,3,6,black_box,dr_pwldr,33291.44107311485,33393.1493455631,0.03299999237060547,2.4690001010894775
21,3,6,black_box,reopt_pwldr,32320.45103220897,31949.987941548814,0.03299999237060547,2.4690001010894775
21,3,6,local_search,obj_pwldr,33304.77042622969,33268.4562294614,0.03299999237060547,0.2109999656677246
21,3,6,local_search,dr_pwldr,33291.44107311485,33393.1493455631,0.03299999237060547,0.2109999656677246
21,3,6,local_search,reopt_pwldr,32320.45103220897,31949.987941548814,0.03299999237060547,0.2109999656677246
21,3,7,black_box,obj_pwldr,33268.45087352101,33268.450893024565,0.0410001277923584,3.4850001335144043
21,3,7,black_box,dr_pwldr,33241.81331367081,33393.24579850206,0.0410001277923584,3.4850001335144043
21,3,7,black_box,reopt_pwldr,31884.64884905133,31944.381138862696,0.0410001277923584,3.4850001335144043
21,3,7,local_search,obj_pwldr,33268.45087352101,33268.450893024565,0.0410001277923584,0.2559998035430908
21,3,7,local_search,dr_pwldr,33241.81331367081,33393.24579850206,0.0410001277923584,0.2559998035430908
21,3,7,local_search,reopt_pwldr,31884.64884905133,31944.381138862696,0.0410001277923584,0.2559998035430908
21,3,8,black_box,obj_pwldr,33290.43669952958,33268.45112751978,0.05299997329711914,3.2849998474121094
21,3,8,black_box,dr_pwldr,33255.97822712702,33393.21966115796,0.05299997329711914,3.2849998474121094
21,3,8,black_box,reopt_pwldr,31545.69159548439,31945.851730086437,0.05299997329711914,3.2849998474121094
21,3,8,local_search,obj_pwldr,33290.43669952958,33268.45112751978,0.05299997329711914,0.3510000705718994
21,3,8,local_search,dr_pwldr,33255.97822712702,33393.219661157964,0.05299997329711914,0.3510000705718994
21,3,8,local_search,reopt_pwldr,31545.69159548439,31945.851730086444,0.05299997329711914,0.3510000705718994
21,3,9,black_box,obj_pwldr,33268.45087352102,33268.45274361838,0.07699990272521973,3.9019999504089355
21,3,9,black_box,dr_pwldr,33393.240054962895,33393.18612002333,0.07699990272521973,3.9019999504089355
21,3,9,black_box,reopt_pwldr,31944.700224370423,31947.824738008258,0.07699990272521973,3.9019999504089355
21,3,9,local_search,obj_pwldr,33268.45087352102,33268.45274361838,0.07699990272521973,0.4289999008178711
21,3,9,local_search,dr_pwldr,33393.240054962895,33393.18612002333,0.07699990272521973,0.4289999008178711
21,3,9,local_search,reopt_pwldr,31944.700224370423,31947.824738008258,0.07699990272521973,0.4289999008178711
21,3,10,black_box,obj_pwldr,33283.17365824819,33268.45199136639,0.05800008773803711,4.213000059127808
21,3,10,black_box,dr_pwldr,33392.53770271509,33393.283537380245,0.05800008773803711,4.213000059127808
21,3,10,black_box,reopt_pwldr,26161.064253194927,31942.284534518636,0.05800008773803711,4.213000059127808
21,3,10,local_search,obj_pwldr,33283.17365824819,33268.45199136639,0.05800008773803711,0.5
21,3,10,local_search,dr_pwldr,33392.53770271509,33393.283537380245,0.05800008773803711,0.5
21,3,10,local_search,reopt_pwldr,26161.064253194927,31942.284534518636,0.05800008773803711,0.5
21,4,1,black_box,obj_pwldr,33390.89577024937,33390.89925805506,0.017999887466430664,0.8059999942779541
21,4,1,black_box,dr_pwldr,33305.19099190871,33305.165289372664,0.017999887466430664,0.8059999942779541
21,4,1,black_box,reopt_pwldr,26334.425014560955,26331.450017750354,0.017999887466430664,0.8059999942779541
21,4,1,local_search,obj_pwldr,33390.89577024937,33390.89925805506,0.017999887466430664,0.032000064849853516
21,4,1,local_search,dr_pwldr,33305.19099190871,33305.165289372664,0.017999887466430664,0.032000064849853516
21,4,1,local_search,reopt_pwldr,26334.425014560955,26331.450017750354,0.017999887466430664,0.032000064849853516
21,4,2,black_box,obj_pwldr,33560.37439703289,33390.927611065024,0.03399991989135742,1.0529999732971191
21,4,2,black_box,dr_pwldr,33606.986635444475,33498.05163070757,0.03399991989135742,1.0529999732971191
21,4,2,black_box,reopt_pwldr,27110.49102681926,31958.63823561948,0.03399991989135742,1.0529999732971191
21,4,2,local_search,obj_pwldr,33560.37439703289,33390.927611065024,0.03399991989135742,0.056999921798706055
21,4,2,local_search,dr_pwldr,33606.986635444475,33498.05163070757,0.03399991989135742,0.056999921798706055
21,4,2,local_search,reopt_pwldr,27110.49102681926,31958.63823561948,0.03399991989135742,0.056999921798706055
21,4,3,black_box,obj_pwldr,33390.895770249386,33390.89620637779,0.02500009536743164,1.251000165939331
21,4,3,black_box,dr_pwldr,33396.56635788177,33498.12383176629,0.02500009536743164,1.251000165939331
21,4,3,black_box,reopt_pwldr,31884.64884905133,31943.068991731958,0.02500009536743164,1.251000165939331
21,4,3,local_search,obj_pwldr,33390.895770249386,33390.89620637779,0.02500009536743164,0.10199999809265137
21,4,3,local_search,dr_pwldr,33396.56635788177,33498.12383176629,0.02500009536743164,0.10199999809265137
21,4,3,local_search,reopt_pwldr,31884.64884905133,31943.068991731958,0.02500009536743164,0.10199999809265137
21,4,4,black_box,obj_pwldr,33451.908075891464,33390.89578474548,0.03099989891052246,1.5550000667572021
21,4,4,black_box,dr_pwldr,33591.51625196176,33498.11449490514,0.03099989891052246,1.5550000667572021
21,4,4,black_box,reopt_pwldr,25971.33898730064,31944.402829036444,0.03099989891052246,1.5550000667572021
21,4,4,local_search,obj_pwldr,33451.908075891464,33390.89578474548,0.03099989891052246,0.1119999885559082
21,4,4,local_search,dr_pwldr,33591.51625196176,33498.11449490514,0.03099989891052246,0.1119999885559082
21,4,4,local_search,reopt_pwldr,25971.33898730064,31944.402829036444,0.03099989891052246,0.1119999885559082
21,4,5,black_box,obj_pwldr,33390.895770249386,33390.895963360024,0.046000003814697266,1.8409998416900635
21,4,5,black_box,dr_pwldr,33396.56635788177,33498.12001132267,0.046000003814697266,1.8409998416900635
21,4,5,black_box,reopt_pwldr,31884.648849051326,31943.614769390824,0.046000003814697266,1.8409998416900635
21,4,5,local_search,obj_pwldr,33390.895770249386,33390.895963360024,0.046000003814697266,0.127000093460083
21,4,5,local_search,dr_pwldr,33396.56635788177,33498.12001132267,0.046000003814697266,0.127000093460083
21,4,5,local_search,reopt_pwldr,31884.648849051326,31943.614769390824,0.046000003814697266,0.127000093460083
21,4,6,black_box,obj_pwldr,33422.024497617786,33390.89677645418,0.034999847412109375,2.200000047683716
21,4,6,black_box,dr_pwldr,33421.14557477583,33498.09738708536,0.034999847412109375,2.200000047683716
21,4,6,black_box,reopt_pwldr,31448.84666589381,31947.17794256592,0.034999847412109375,2.200000047683716
21,4,6,local_search,obj_pwldr,33422.024497617786,33390.89677645418,0.034999847412109375,0.19000005722045898
21,4,6,local_search,dr_pwldr,33421.14557477583,33498.09738708536,0.034999847412109375,0.19000005722045898
21,4,6,local_search,reopt_pwldr,31448.84666589381,31947.17794256592,0.034999847412109375,0.19000005722045898
21,4,7,black_box,obj_pwldr,33390.89577024938,33390.895810266025,0.04500007629394531,2.4679999351501465
21,4,7,black_box,dr_pwldr,33396.56635788177,33498.11587195033,0.04500007629394531,2.4679999351501465
21,4,7,black_box,reopt_pwldr,31884.64884905133,31944.20610829725,0.04500007629394531,2.4679999351501465
21,4,7,local_search,obj_pwldr,33390.89577024938,33390.895810266025,0.04500007629394531,0.2569999694824219
21,4,7,local_search,dr_pwldr,33396.56635788177,33498.11587195033,0.04500007629394531,0.2569999694824219
21,4,7,local_search,reopt_pwldr,31884.64884905133,31944.20610829725,0.04500007629394531,0.2569999694824219
21,4,8,black_box,obj_pwldr,33409.726728780886,33390.89611322983,0.04200005531311035,2.888000011444092
21,4,8,black_box,dr_pwldr,33603.75290987379,33498.10310723951,0.04200005531311035,2.888000011444092
21,4,8,black_box,reopt_pwldr,26593.05187767154,31946.14680748505,0.04200005531311035,2.888000011444092
21,4,8,local_search,obj_pwldr,33409.726728780886,33390.89611322983,0.04200005531311035,0.3080000877380371
21,4,8,local_search,dr_pwldr,33603.75290987379,33498.10310723951,0.04200005531311035,0.3080000877380371
21,4,8,local_search,reopt_pwldr,26593.05187767154,31946.146807485056,0.04200005531311035,0.3080000877380371
21,4,9,black_box,obj_pwldr,33390.89577024938,33390.89880101192,0.04900002479553223,3.559000015258789
21,4,9,black_box,dr_pwldr,33396.56635788177,33498.08827487345,0.04900002479553223,3.559000015258789
21,4,9,black_box,reopt_pwldr,31884.64884905133,31949.000384948456,0.04900002479553223,3.559000015258789
21,4,9,local_search,obj_pwldr,33390.89577024938,33390.89880101192,0.04900002479553223,0.377000093460083
21,4,9,local_search,dr_pwldr,33396.56635788177,33498.08827487345,0.04900002479553223,0.377000093460083
21,4,9,local_search,reopt_pwldr,31884.64884905133,31949.000384948456,0.04900002479553223,0.377000093460083
21,4,10,black_box,obj_pwldr,33403.501618522554,33390.89579267077,0.042999982833862305,3.939000129699707
21,4,10,black_box,dr_pwldr,33598.82674301226,33498.10982410219,0.042999982833862305,3.939000129699707
21,4,10,black_box,reopt_pwldr,26549.504944008353,31945.07008660082,0.042999982833862305,3.939000129699707
21,4,10,local_search,obj_pwldr,33403.501618522554,33390.895792670766,0.042999982833862305,0.47299981117248535
21,4,10,local_search,dr_pwldr,33598.82674301226,33498.10982410219,0.042999982833862305,0.47299981117248535
21,4,10,local_search,reopt_pwldr,26549.504944008353,31945.07008660082,0.042999982833862305,0.47299981117248535
22,1,1,black_box,obj_pwldr,37298.37620388145,37298.53448242136,0.016000032424926758,1.005000114440918
22,1,1,black_box,dr_pwldr,37243.13403641517,37274.30206847433,0.016000032424926758,1.005000114440918
22,1,1,black_box,reopt_pwldr,29310.49541300194,35614.10345633366,0.016000032424926758,1.005000114440918
22,1,1,local_search,obj_pwldr,37298.37620388145,37298.53448242136,0.016000032424926758,0.04399991035461426
22,1,1,local_search,dr_pwldr,37243.13403641517,37274.30206847434,0.016000032424926758,0.04399991035461426
22,1,1,local_search,reopt_pwldr,29310.49541300194,35614.10345633366,0.016000032424926758,0.04399991035461426
22,1,2,black_box,obj_pwldr,37467.04690146431,37280.76921656946,0.0279998779296875,1.2609999179840088
22,1,2,black_box,dr_pwldr,37448.5480302193,37256.15589522363,0.0279998779296875,1.2609999179840088
22,1,2,black_box,reopt_pwldr,36682.53257281974,35601.05345648446,0.0279998779296875,1.2609999179840088
22,1,2,local_search,obj_pwldr,37467.04690146431,37280.68952218964,0.0279998779296875,0.11500000953674316
22,1,2,local_search,dr_pwldr,37448.5480302193,37255.205866008575,0.0279998779296875,0.11500000953674316
22,1,2,local_search,reopt_pwldr,36682.53257281974,35488.2512753442,0.0279998779296875,0.11500000953674316
22,1,3,black_box,obj_pwldr,37274.73900812503,37272.44396478919,0.020999908447265625,1.5160000324249268
22,1,3,black_box,dr_pwldr,37260.6786945761,37247.138061977785,0.020999908447265625,1.5160000324249268
22,1,3,black_box,reopt_pwldr,29289.695720105236,35552.354299573744,0.020999908447265625,1.5160000324249268
22,1,3,local_search,obj_pwldr,37274.73900812503,37272.44396478919,0.020999908447265625,0.08999991416931152
22,1,3,local_search,dr_pwldr,37260.6786945761,37247.138061977785,0.020999908447265625,0.08999991416931152
22,1,3,local_search,reopt_pwldr,29289.695720105236,35552.354299573744,0.020999908447265625,0.08999991416931152
22,1,4,black_box,obj_pwldr,37340.43279005023,37272.29194019281,0.031000137329101562,1.7819998264312744
22,1,4,black_box,dr_pwldr,37366.20436374617,37246.640431058775,0.031000137329101562,1.7819998264312744
22,1,4,black_box,reopt_pwldr,29796.873517347303,35527.18671856844,0.031000137329101562,1.7819998264312744
22,1,4,local_search,obj_pwldr,37340.43279005023,37271.7374162067,0.031000137329101562,0.3529999256134033
22,1,4,local_search,dr_pwldr,37366.20436374617,37246.670068061474,0.031000137329101562,0.3529999256134033
22,1,4,local_search,reopt_pwldr,29796.873517347303,35596.602650063425,0.031000137329101562,0.3529999256134033
22,1,5,black_box,obj_pwldr,37272.44858870375,37270.82596709677,0.039999961853027344,2.1530001163482666
22,1,5,black_box,dr_pwldr,37288.90672962589,37246.096192951074,0.039999961853027344,2.1530001163482666
22,1,5,black_box,reopt_pwldr,29299.98643357682,35628.01515943979,0.039999961853027344,2.1530001163482666
22,1,5,local_search,obj_pwldr,37272.44858870375,37270.316585883964,0.039999961853027344,0.2110002040863037
22,1,5,local_search,dr_pwldr,37288.90672962589,37245.12317726667,0.039999961853027344,0.2110002040863037
22,1,5,local_search,reopt_pwldr,29299.98643357682,35569.46791336228,0.039999961853027344,0.2110002040863037
22,1,6,black_box,obj_pwldr,37306.36884383422,37270.051724754034,0.03299999237060547,2.5230000019073486
22,1,6,black_box,dr_pwldr,37296.92593224852,37244.60381946088,0.03299999237060547,2.5230000019073486
22,1,6,black_box,reopt_pwldr,35048.49602065435,35533.9955100014,0.03299999237060547,2.5230000019073486
22,1,6,local_search,obj_pwldr,37306.36884383422,37269.45830960765,0.03299999237060547,0.8059999942779541
22,1,6,local_search,dr_pwldr,37296.92593224852,37244.32672298825,0.03299999237060547,0.8059999942779541
22,1,6,local_search,reopt_pwldr,35048.49602065435,35584.064352560905,0.03299999237060547,0.8059999942779541
22,1,7,black_box,obj_pwldr,37269.209994593184,37269.908152701624,0.032000064849853516,2.8269999027252197
22,1,7,black_box,dr_pwldr,37255.107476884215,37244.44642461937,0.032000064849853516,2.8269999027252197
22,1,7,black_box,reopt_pwldr,35542.03505467261,35530.06480979171,0.032000064849853516,2.8269999027252197
22,1,7,local_search,obj_pwldr,37269.209994593184,37269.76380206596,0.032000064849853516,0.2980000972747803
22,1,7,local_search,dr_pwldr,37255.107476884215,37244.66983663914,0.032000064849853516,0.2980000972747803
22,1,7,local_search,reopt_pwldr,35542.03505467261,35573.628573050344,0.032000064849853516,0.2980000972747803
22,1,8,black_box,obj_pwldr,37291.690667570394,37269.707820927,0.042999982833862305,3.2200000286102295
22,1,8,black_box,dr_pwldr,37312.62397509906,37244.4057852216,0.042999982833862305,3.2200000286102295
22,1,8,black_box,reopt_pwldr,29053.81899960186,35567.1154434465,0.042999982833862305,3.2200000286102295
22,1,8,local_search,obj_pwldr,37291.690667570394,37269.512034409934,0.042999982833862305,0.5130000114440918
22,1,8,local_search,dr_pwldr,37312.62397509906,37244.26159398374,0.042999982833862305,0.5130000114440918
22,1,8,local_search,reopt_pwldr,29053.81899960186,35567.9221050082,0.042999982833862305,0.5130000114440918
22,1,9,black_box,obj_pwldr,37270.37739745642,37270.215593997615,0.039999961853027344,3.6610000133514404
22,1,9,black_box,dr_pwldr,37214.4351437336,37245.1310206395,0.039999961853027344,3.6610000133514404
22,1,9,black_box,reopt_pwldr,29292.863790624757,35581.37029663881,0.039999961853027344,3.6610000133514404
22,1,9,local_search,obj_pwldr,37270.37739745642,37269.57283606577,0.039999961853027344,1.0390000343322754
22,1,9,local_search,dr_pwldr,37214.4351437336,37244.33301681054,0.039999961853027344,1.0390000343322754
22,1,9,local_search,reopt_pwldr,29292.863790624757,35580.52118503258,0.039999961853027344,1.0390000343322754
22,1,10,black_box,obj_pwldr,37283.924824653135,37269.70189670978,0.04400014877319336,4.158999919891357
22,1,10,black_box,dr_pwldr,37272.516520362136,37244.496195911626,0.04400014877319336,4.158999919891357
22,1,10,black_box,reopt_pwldr,35228.88069404078,35559.96840637226,0.04400014877319336,4.158999919891357
22,1,10,local_search,obj_pwldr,37283.924824653135,37269.70189670978,0.04400014877319336,0.4419999122619629
22,1,10,local_search,dr_pwldr,37272.516520362136,37244.496195911626,0.04400014877319336,0.4419999122619629
22,1,10,local_search,reopt_pwldr,35228.88069404078,35559.96840637226,0.04400014877319336,0.4419999122619629
22,2,1,black_box,obj_pwldr,37234.68354609531,37234.77116803431,0.01900005340576172,0.9809999465942383
22,2,1,black_box,dr_pwldr,37221.98905392295,37261.21253318328,0.01900005340576172,0.9809999465942383
22,2,1,black_box,reopt_pwldr,29343.055700274617,35646.66199138844,0.01900005340576172,0.9809999465942383
22,2,1,local_search,obj_pwldr,37234.68354609531,37234.77116803431,0.01900005340576172,0.05499982833862305
22,2,1,local_search,dr_pwldr,37221.98905392295,37261.21253318328,0.01900005340576172,0.05499982833862305
22,2,1,local_search,reopt_pwldr,29343.055700274617,35646.66199138844,0.01900005340576172,0.05499982833862305
22,2,2,black_box,obj_pwldr,37455.67660104413,37234.69044494732,0.03400015830993652,1.2679998874664307
22,2,2,black_box,dr_pwldr,37488.996338490746,37260.80957229302,0.03400015830993652,1.2679998874664307
22,2,2,black_box,reopt_pwldr,30205.52505126844,35630.35150078714,0.03400015830993652,1.2679998874664307
22,2,2,local_search,obj_pwldr,37455.67660104413,37234.69044494732,0.03400015830993652,0.06100010871887207
22,2,2,local_search,dr_pwldr,37488.996338490746,37260.80957229302,0.03400015830993652,0.06100010871887207
22,2,2,local_search,reopt_pwldr,30205.52505126844,35630.35150078714,0.03400015830993652,0.06100010871887207
22,2,3,black_box,obj_pwldr,37234.68354609533,37232.8547562627,0.023999929428100586,1.5
22,2,3,black_box,dr_pwldr,37263.74176842812,37259.48927193411,0.023999929428100586,1.5
22,2,3,black_box,reopt_pwldr,29343.055700274617,35656.18950159127,0.023999929428100586,1.5
22,2,3,local_search,obj_pwldr,37234.68354609533,37230.79201749114,0.023999929428100586,0.4459998607635498
22,2,3,local_search,dr_pwldr,37263.74176842812,37257.087830813325,0.023999929428100586,0.4459998607635498
22,2,3,local_search,reopt_pwldr,29343.055700274617,35647.59064610637,0.023999929428100586,0.4459998607635498
22,2,4,black_box,obj_pwldr,37314.709742329134,37231.05829128518,0.029000043869018555,1.8929998874664307
22,2,4,black_box,dr_pwldr,37351.868493180016,37256.37400883461,0.029000043869018555,1.8929998874664307
22,2,4,black_box,reopt_pwldr,34909.788925821405,35588.31446190756,0.029000043869018555,1.8929998874664307
22,2,4,local_search,obj_pwldr,37314.709742329134,37231.05829128518,0.029000043869018555,0.12400007247924805
22,2,4,local_search,dr_pwldr,37351.868493180016,37256.37400883461,0.029000043869018555,0.12400007247924805
22,2,4,local_search,reopt_pwldr,34909.788925821405,35588.31446190756,0.029000043869018555,0.12400007247924805
22,2,5,black_box,obj_pwldr,37234.68354609533,37230.825425077936,0.029000043869018555,2.236999988555908
22,2,5,black_box,dr_pwldr,37302.7385057115,37255.968704216444,0.029000043869018555,2.236999988555908
22,2,5,black_box,reopt_pwldr,29357.48890590568,35597.38646233186,0.029000043869018555,2.236999988555908
22,2,5,local_search,obj_pwldr,37234.68354609533,37230.825425077936,0.029000043869018555,0.16499996185302734
22,2,5,local_search,dr_pwldr,37302.7385057115,37255.968704216444,0.029000043869018555,0.16499996185302734
22,2,5,local_search,reopt_pwldr,29357.48890590568,35597.38646233186,0.029000043869018555,0.16499996185302734
22,2,6,black_box,obj_pwldr,37275.57971848636,37230.630941263655,0.03500008583068848,2.5889999866485596
22,2,6,black_box,dr_pwldr,37269.32190095279,37255.53246204483,0.03500008583068848,2.5889999866485596
22,2,6,black_box,reopt_pwldr,29701.031252467594,35577.10258261019,0.03500008583068848,2.5889999866485596
22,2,6,local_search,obj_pwldr,37275.57971848636,37230.568679536744,0.03500008583068848,0.29200005531311035
22,2,6,local_search,dr_pwldr,37269.32190095279,37256.51132591439,0.03500008583068848,0.29200005531311035
22,2,6,local_search,reopt_pwldr,29701.031252467594,35626.17907248121,0.03500008583068848,0.29200005531311035
22,2,7,black_box,obj_pwldr,37234.68354609532,37230.62561592361,0.04999995231628418,3.062000036239624
22,2,7,black_box,dr_pwldr,37264.061563684634,37256.74546973501,0.04999995231628418,3.062000036239624
22,2,7,black_box,reopt_pwldr,35595.395034841924,35626.56742444117,0.04999995231628418,3.062000036239624
22,2,7,local_search,obj_pwldr,37234.68354609532,37230.489726699256,0.04999995231628418,0.559999942779541
22,2,7,local_search,dr_pwldr,37264.061563684634,37256.1716128856,0.04999995231628418,0.559999942779541
22,2,7,local_search,reopt_pwldr,35595.395034841924,35612.10032827818,0.04999995231628418,0.559999942779541
22,2,8,black_box,obj_pwldr,37258.74342647892,37230.48661221863,0.03800010681152344,3.3410000801086426
22,2,8,black_box,dr_pwldr,37292.965382048096,37256.11543315124,0.03800010681152344,3.3410000801086426
22,2,8,black_box,reopt_pwldr,35184.753352152235,35605.14004202292,0.03800010681152344,3.3410000801086426
22,2,8,local_search,obj_pwldr,37258.74342647892,37230.48661221863,0.03800010681152344,0.3680000305175781
22,2,8,local_search,dr_pwldr,37292.965382048096,37256.11543315124,0.03800010681152344,0.3680000305175781
22,2,8,local_search,reopt_pwldr,35184.753352152235,35605.14004202292,0.03800010681152344,0.3680000305175781
22,2,9,black_box,obj_pwldr,37232.63255003972,37230.58070742008,0.051000118255615234,4.1600000858306885
22,2,9,black_box,dr_pwldr,37261.04652051424,37256.61233069998,0.051000118255615234,4.1600000858306885
22,2,9,black_box,reopt_pwldr,35568.439805570066,35622.40364336599,0.051000118255615234,4.1600000858306885
22,2,9,local_search,obj_pwldr,37232.63255003972,37230.49918888805,0.051000118255615234,0.7010002136230469
22,2,9,local_search,dr_pwldr,37261.04652051424,37256.378318140894,0.051000118255615234,0.7010002136230469
22,2,9,local_search,reopt_pwldr,35568.439805570066,35620.09670076056,0.051000118255615234,0.7010002136230469
22,2,10,black_box,obj_pwldr,37248.34984027307,37230.4657800876,0.046000003814697266,4.8399999141693115
22,2,10,black_box,dr_pwldr,37268.9834349302,37256.1060966211,0.046000003814697266,4.8399999141693115
22,2,10,black_box,reopt_pwldr,35882.551371839596,35607.54747165045,0.046000003814697266,4.8399999141693115
22,2,10,local_search,obj_pwldr,37248.34984027307,37230.465780087616,0.046000003814697266,0.5490000247955322
22,2,10,local_search,dr_pwldr,37268.9834349302,37256.10609662109,0.046000003814697266,0.5490000247955322
22,2,10,local_search,reopt_pwldr,35882.551371839596,35607.54747165045,0.046000003814697266,0.5490000247955322
22,3,1,black_box,obj_pwldr,36661.17681149662,36661.177692642355,0.018000125885009766,1.1099998950958252
22,3,1,black_box,dr_pwldr,36625.14584937213,36695.4021383771,0.018000125885009766,1.1099998950958252
22,3,1,black_box,reopt_pwldr,29343.055700274617,35622.311178145785,0.018000125885009766,1.1099998950958252
22,3,1,local_search,obj_pwldr,36661.17681149662,36661.177692642355,0.018000125885009766,0.05200004577636719
22,3,1,local_search,dr_pwldr,36625.14584937213,36695.4021383771,0.018000125885009766,0.05200004577636719
22,3,1,local_search,reopt_pwldr,29343.055700274617,35622.311178145785,0.018000125885009766,0.05200004577636719
22,3,2,black_box,obj_pwldr,37045.39457709908,36647.60727328189,0.017999887466430664,1.440000057220459
22,3,2,black_box,dr_pwldr,37050.216523934716,36679.58485315251,0.017999887466430664,1.440000057220459
22,3,2,black_box,reopt_pwldr,36740.035045148645,35608.067341693975,0.017999887466430664,1.440000057220459
22,3,2,local_search,obj_pwldr,37045.39457709908,36647.60727328189,0.017999887466430664,0.06800007820129395
22,3,2,local_search,dr_pwldr,37050.216523934716,36679.58485315251,0.017999887466430664,0.06800007820129395
22,3,2,local_search,reopt_pwldr,36740.035045148645,35608.067341693975,0.017999887466430664,0.06800007820129395
22,3,3,black_box,obj_pwldr,36651.92375176361,36647.24920149084,0.03699994087219238,1.7430000305175781
22,3,3,black_box,dr_pwldr,36645.45910826787,36681.70278642884,0.03699994087219238,1.7430000305175781
22,3,3,black_box,reopt_pwldr,29326.359483805154,35568.3555347991,0.03699994087219238,1.7430000305175781
22,3,3,local_search,obj_pwldr,36651.92375176361,36647.24920149084,0.03699994087219238,0.11299991607666016
22,3,3,local_search,dr_pwldr,36645.45910826787,36681.70278642884,0.03699994087219238,0.11299991607666016
22,3,3,local_search,reopt_pwldr,29326.359483805154,35568.3555347991,0.03699994087219238,0.11299991607666016
22,3,4,black_box,obj_pwldr,36791.19061007498,36647.69578310042,0.03399991989135742,2.447000026702881
22,3,4,black_box,dr_pwldr,36806.41666618115,36678.67882371926,0.03399991989135742,2.447000026702881
22,3,4,black_box,reopt_pwldr,36283.200482175955,35644.23592087552,0.03399991989135742,2.447000026702881
22,3,4,local_search,obj_pwldr,36791.19061007498,36647.05610819655,0.03399991989135742,0.17400002479553223
22,3,4,local_search,dr_pwldr,36806.41666618115,36681.45280613804,0.03399991989135742,0.17400002479553223
22,3,4,local_search,reopt_pwldr,36283.200482175955,35574.333459654255,0.03399991989135742,0.17400002479553223
22,3,5,black_box,obj_pwldr,36646.93888434972,36647.03587712113,0.04499983787536621,2.3320000171661377
22,3,5,black_box,dr_pwldr,36641.39514504828,36679.35770267944,0.04499983787536621,2.3320000171661377
22,3,5,black_box,reopt_pwldr,29319.26172070686,35615.439019210884,0.04499983787536621,2.3320000171661377
22,3,5,local_search,obj_pwldr,36646.93888434972,36647.03587712113,0.04499983787536621,0.16700005531311035
22,3,5,local_search,dr_pwldr,36641.39514504828,36679.35770267944,0.04499983787536621,0.16700005531311035
22,3,5,local_search,reopt_pwldr,29319.26172070686,35615.43901921088,0.04499983787536621,0.16700005531311035
22,3,6,black_box,obj_pwldr,36721.92932974622,36647.39047487069,0.0409998893737793,2.7180001735687256
22,3,6,black_box,dr_pwldr,36706.363383400545,36681.12587537889,0.0409998893737793,2.7180001735687256
22,3,6,black_box,reopt_pwldr,36064.63787429959,35595.21700799979,0.0409998893737793,2.7180001735687256
22,3,6,local_search,obj_pwldr,36721.92932974622,36647.39047487069,0.0409998893737793,0.23000001907348633
22,3,6,local_search,dr_pwldr,36706.363383400545,36681.12587537889,0.0409998893737793,0.23000001907348633
22,3,6,local_search,reopt_pwldr,36064.63787429959,35595.21700799979,0.0409998893737793,0.23000001907348633
22,3,7,black_box,obj_pwldr,36648.63920573902,36646.95449436382,0.05299997329711914,3.0959999561309814
22,3,7,black_box,dr_pwldr,36612.46936052248,36680.92045796233,0.05299997329711914,3.0959999561309814
22,3,7,black_box,reopt_pwldr,35576.444692579804,35583.12807417909,0.05299997329711914,3.0959999561309814
22,3,7,local_search,obj_pwldr,36648.63920573902,36646.95449436382,0.05299997329711914,0.2760000228881836
22,3,7,local_search,dr_pwldr,36612.46936052248,36680.92045796233,0.05299997329711914,0.2760000228881836
22,3,7,local_search,reopt_pwldr,35576.444692579804,35583.12807417909,0.05299997329711914,0.2760000228881836
22,3,8,black_box,obj_pwldr,36693.772832889015,36646.862075561396,0.04800009727478027,3.546999931335449
22,3,8,black_box,dr_pwldr,36641.79912117895,36679.611965901546,0.04800009727478027,3.546999931335449
22,3,8,black_box,reopt_pwldr,35185.21915254834,35603.10946149694,0.04800009727478027,3.546999931335449
22,3,8,local_search,obj_pwldr,36693.772832889015,36646.862075561396,0.04800009727478027,0.33500003814697266
22,3,8,local_search,dr_pwldr,36641.79912117895,36679.611965901546,0.04800009727478027,0.33500003814697266
22,3,8,local_search,reopt_pwldr,35185.21915254834,35603.10946149694,0.04800009727478027,0.33500003814697266
22,3,9,black_box,obj_pwldr,36647.28349830959,36647.03416025985,0.05099987983703613,4.140000104904175
22,3,9,black_box,dr_pwldr,36679.974945362825,36681.03958196544,0.05099987983703613,4.140000104904175
22,3,9,black_box,reopt_pwldr,35596.88294414429,35578.33663077144,0.05099987983703613,4.140000104904175
22,3,9,local_search,obj_pwldr,36647.28349830959,36646.92238412406,0.05099987983703613,0.4720001220703125
22,3,9,local_search,dr_pwldr,36679.974945362825,36679.07641603768,0.05099987983703613,0.4720001220703125
22,3,9,local_search,reopt_pwldr,35596.88294414429,35613.62228131431,0.05099987983703613,0.4720001220703125
22,3,10,black_box,obj_pwldr,36677.15897478048,36646.93306125554,0.04800009727478027,4.531999826431274
22,3,10,black_box,dr_pwldr,36658.29509631576,36679.13941973282,0.04800009727478027,4.531999826431274
22,3,10,black_box,reopt_pwldr,29120.3700497577,35610.76318917961,0.04800009727478027,4.531999826431274
22,3,10,local_search,obj_pwldr,36677.15897478048,36646.93306125554,0.04800009727478027,0.5329999923706055
22,3,10,local_search,dr_pwldr,36658.29509631576,36679.13941973282,0.04800009727478027,0.5329999923706055
22,3,10,local_search,reopt_pwldr,29120.3700497577,35610.76318917961,0.04800009727478027,0.5329999923706055
22,4,1,black_box,obj_pwldr,37363.21134301998,37363.21669788311,0.019999980926513672,1.7969999313354492
22,4,1,black_box,dr_pwldr,37387.65322528661,37418.62927190525,0.019999980926513672,1.7969999313354492
22,4,1,black_box,reopt_pwldr,29357.48890590568,35609.56346816628,0.019999980926513672,1.7969999313354492
22,4,1,local_search,obj_pwldr,37363.21134301998,37363.21669788311,0.019999980926513672,0.04499983787536621
22,4,1,local_search,dr_pwldr,37387.65322528661,37418.62927190525,0.019999980926513672,0.04499983787536621
22,4,1,local_search,reopt_pwldr,29357.48890590568,35609.56346816628,0.019999980926513672,0.04499983787536621
22,4,2,black_box,obj_pwldr,37438.770125358074,37358.36836180157,0.039999961853027344,3.763000011444092
22,4,2,black_box,dr_pwldr,37499.97427156596,37414.85053832107,0.039999961853027344,3.763000011444092
22,4,2,black_box,reopt_pwldr,36767.85233250291,35692.256272225786,0.039999961853027344,3.763000011444092
22,4,2,local_search,obj_pwldr,37438.770125358074,37356.57903918683,0.039999961853027344,0.31400012969970703
22,4,2,local_search,dr_pwldr,37499.97427156596,37411.48676595203,0.039999961853027344,0.31400012969970703
22,4,2,local_search,reopt_pwldr,36767.85233250291,35574.56810232116,0.039999961853027344,0.31400012969970703
22,4,3,black_box,obj_pwldr,37363.21134301999,37356.247064307005,0.05299997329711914,6.397000074386597
22,4,3,black_box,dr_pwldr,37390.72899776481,37410.77325780869,0.05299997329711914,6.397000074386597
22,4,3,black_box,reopt_pwldr,35595.395034841924,35563.59853688357,0.05299997329711914,6.397000074386597
22,4,3,local_search,obj_pwldr,37363.21134301999,37356.240555048294,0.05299997329711914,0.6489999294281006
22,4,3,local_search,dr_pwldr,37390.72899776481,37411.92067510654,0.05299997329711914,0.6489999294281006
22,4,3,local_search,reopt_pwldr,35595.395034841924,35648.70853939057,0.05299997329711914,0.6489999294281006
22,4,4,black_box,obj_pwldr,37380.74056804863,37356.49591372083,0.06500005722045898,9.466000080108643
22,4,4,black_box,dr_pwldr,37444.24758604963,37410.063668948234,0.06500005722045898,9.466000080108643
22,4,4,black_box,reopt_pwldr,28930.150094816632,35500.04362080331,0.06500005722045898,9.466000080108643
22,4,4,local_search,obj_pwldr,37380.74056804863,37356.21853514466,0.06500005722045898,1.8559999465942383
22,4,4,local_search,dr_pwldr,37444.24758604963,37411.74171714101,0.06500005722045898,1.8559999465942383
22,4,4,local_search,reopt_pwldr,28930.150094816632,35637.265364737534,0.06500005722045898,1.8559999465942383
22,4,5,black_box,obj_pwldr,37361.28377222973,37356.38320272365,0.08299994468688965,12.788000106811523
22,4,5,black_box,dr_pwldr,37388.73840046775,37410.44789623403,0.08299994468688965,12.788000106811523
22,4,5,black_box,reopt_pwldr,35571.6010552743,35527.82191375227,0.08299994468688965,12.788000106811523
22,4,5,local_search,obj_pwldr,37361.28377222973,37356.21788856838,0.08299994468688965,1.305999994277954
22,4,5,local_search,dr_pwldr,37388.73840046775,37411.09534090064,0.08299994468688965,1.305999994277954
22,4,5,local_search,reopt_pwldr,35571.6010552743,35584.393805769934,0.08299994468688965,1.305999994277954
22,4,6,black_box,obj_pwldr,37365.47646055246,37356.202887066975,0.09400010108947754,15.710999965667725
22,4,6,black_box,dr_pwldr,37397.38611727111,37411.54139273758,0.09400010108947754,15.710999965667725
22,4,6,black_box,reopt_pwldr,35084.37994664695,35622.877157372335,0.09400010108947754,15.710999965667725
22,4,6,local_search,obj_pwldr,37365.47646055246,37356.202887066975,0.09400010108947754,1.3050000667572021
22,4,6,local_search,dr_pwldr,37397.38611727111,37411.54139273758,0.09400010108947754,1.3050000667572021
22,4,6,local_search,reopt_pwldr,35084.37994664695,35622.877157372335,0.09400010108947754,1.3050000667572021
22,4,7,black_box,obj_pwldr,37356.616868085504,37356.20882991764,0.12800002098083496,19.038000106811523
22,4,7,black_box,dr_pwldr,37341.45230400602,37411.090634373235,0.12800002098083496,19.038000106811523
22,4,7,black_box,reopt_pwldr,29324.10535801238,35589.21670929479,0.12800002098083496,19.038000106811523
22,4,7,local_search,obj_pwldr,37356.616868085504,37356.20882991764,0.12800002098083496,1.6130001544952393
22,4,7,local_search,dr_pwldr,37341.45230400602,37411.090634373235,0.12800002098083496,1.6130001544952393
22,4,7,local_search,reopt_pwldr,29324.10535801238,35589.21670929479,0.12800002098083496,1.6130001544952393
22,4,8,black_box,obj_pwldr,37360.47506352083,37356.374116879764,0.14499998092651367,22.42899990081787
22,4,8,black_box,dr_pwldr,37461.64894330608,37410.321759240884,0.14499998092651367,22.42899990081787
22,4,8,black_box,reopt_pwldr,29604.472814542565,35524.56958940465,0.14499998092651367,22.42899990081787
22,4,8,local_search,obj_pwldr,37360.47506352083,37356.20689973813,0.14499998092651367,4.1590001583099365
22,4,8,local_search,dr_pwldr,37461.64894330608,37411.22540591432,0.14499998092651367,4.1590001583099365
22,4,8,local_search,reopt_pwldr,29604.472814542565,35600.381613190686,0.14499998092651367,4.1590001583099365
22,4,9,black_box,obj_pwldr,37356.22944546836,37356.24294516852,0.16300010681152344,25.38100004196167
22,4,9,black_box,dr_pwldr,37383.38276436296,37411.92863092006,0.16300010681152344,25.38100004196167
22,4,9,black_box,reopt_pwldr,35579.684066146394,35647.917085570225,0.16300010681152344,25.38100004196167
22,4,9,local_search,obj_pwldr,37356.22944546836,37356.241763429156,0.16300010681152344,3.5470001697540283
22,4,9,local_search,dr_pwldr,37383.38276436296,37411.36825429063,0.16300010681152344,3.5470001697540283
22,4,9,local_search,reopt_pwldr,35579.684066146394,35612.37472286637,0.16300010681152344,3.5470001697540283
22,4,10,black_box,obj_pwldr,37359.14082388712,37356.21136251735,0.1770000457763672,28.9760000705719
22,4,10,black_box,dr_pwldr,37428.896989064604,37411.66177209037,0.1770000457763672,28.9760000705719
22,4,10,black_box,reopt_pwldr,29131.268224098152,35628.948041555544,0.1770000457763672,28.9760000705719
22,4,10,local_search,obj_pwldr,37359.14082388712,37356.20708386798,0.1770000457763672,4.88100004196167
22,4,10,local_search,dr_pwldr,37428.896989064604,37411.274442775226,0.1770000457763672,4.88100004196167
22,4,10,local_search,reopt_pwldr,29131.268224098152,35597.9669922419,0.1770000457763672,4.88100004196167
23,1,1,black_box,obj_pwldr,34206.167958321814,34206.17812661393,0.023999929428100586,0.8650000095367432
23,1,1,black_box,dr_pwldr,34378.862144132654,34378.83264237381,0.023999929428100586,0.8650000095367432
23,1,1,black_box,reopt_pwldr,27045.207406143636,27040.43247460765,0.023999929428100586,0.8650000095367432
23,1,1,local_search,obj_pwldr,34206.167958321814,34206.17812661393,0.023999929428100586,0.03299999237060547
23,1,1,local_search,dr_pwldr,34378.862144132654,34378.83264237381,0.023999929428100586,0.03299999237060547
23,1,1,local_search,reopt_pwldr,27045.207406143636,27040.43247460765,0.023999929428100586,0.03299999237060547
23,1,2,black_box,obj_pwldr,34410.49173465981,34206.16807239502,0.024000167846679688,1.1640000343322754
23,1,2,black_box,dr_pwldr,34446.80704038074,34395.73735914701,0.024000167846679688,1.1640000343322754
23,1,2,black_box,reopt_pwldr,33840.65986005673,32944.6983961878,0.024000167846679688,1.1640000343322754
23,1,2,local_search,obj_pwldr,34410.49173465981,34206.16807239502,0.024000167846679688,0.05299997329711914
23,1,2,local_search,dr_pwldr,34446.80704038074,34395.73735914701,0.024000167846679688,0.05299997329711914
23,1,2,local_search,reopt_pwldr,33840.65986005673,32944.6983961878,0.024000167846679688,0.05299997329711914
23,1,3,black_box,obj_pwldr,34206.167958321836,34206.168306399115,0.026000022888183594,2.006999969482422
23,1,3,black_box,dr_pwldr,34236.47216192216,34395.75190220398,0.026000022888183594,2.006999969482422
23,1,3,black_box,reopt_pwldr,27045.207406143636,32942.53777974053,0.026000022888183594,2.006999969482422
23,1,3,local_search,obj_pwldr,34206.167958321836,34206.168306399115,0.026000022888183594,0.0820000171661377
23,1,3,local_search,dr_pwldr,34236.47216192216,34395.75190220398,0.026000022888183594,0.0820000171661377
23,1,3,local_search,reopt_pwldr,27045.207406143636,32942.53777974053,0.026000022888183594,0.0820000171661377
23,1,4,black_box,obj_pwldr,34280.157860964886,34206.16932946352,0.031000137329101562,1.7860000133514404
23,1,4,black_box,dr_pwldr,34330.48794451599,34395.76138307872,0.031000137329101562,1.7860000133514404
23,1,4,black_box,reopt_pwldr,26672.00779740005,32941.1847234732,0.031000137329101562,1.7860000133514404
23,1,4,local_search,obj_pwldr,34280.157860964886,34206.16932946352,0.031000137329101562,0.11800003051757812
23,1,4,local_search,dr_pwldr,34330.48794451599,34395.76138307872,0.031000137329101562,0.11800003051757812
23,1,4,local_search,reopt_pwldr,26672.00779740005,32941.1847234732,0.031000137329101562,0.11800003051757812
23,1,5,black_box,obj_pwldr,34206.16795832182,34206.16954757044,0.04399991035461426,2.063999891281128
23,1,5,black_box,dr_pwldr,34378.862144132654,34395.72642685867,0.04399991035461426,2.063999891281128
23,1,5,black_box,reopt_pwldr,27045.207406143636,32946.847784467594,0.04399991035461426,2.063999891281128
23,1,5,local_search,obj_pwldr,34206.16795832182,34206.16954757044,0.04399991035461426,0.1549999713897705
23,1,5,local_search,dr_pwldr,34378.862144132654,34395.72642685867,0.04399991035461426,0.1549999713897705
23,1,5,local_search,reopt_pwldr,27045.207406143636,32946.847784467594,0.04399991035461426,0.1549999713897705
23,1,6,black_box,obj_pwldr,34243.97937453416,34206.16830696476,0.039999961853027344,2.486999988555908
23,1,6,black_box,dr_pwldr,34414.99341575501,34395.751910023806,0.039999961853027344,2.486999988555908
23,1,6,black_box,reopt_pwldr,26771.47529813086,32942.536663743456,0.039999961853027344,2.486999988555908
23,1,6,local_search,obj_pwldr,34243.97937453416,34206.16830696476,0.039999961853027344,0.2259998321533203
23,1,6,local_search,dr_pwldr,34414.99341575501,34395.751910023806,0.039999961853027344,0.2259998321533203
23,1,6,local_search,reopt_pwldr,26771.47529813086,32942.536663743456,0.039999961853027344,0.2259998321533203
23,1,7,black_box,obj_pwldr,34206.167958321836,34206.16804784072,0.037999868392944336,2.7840001583099365
23,1,7,black_box,dr_pwldr,34236.47216192216,34395.737898370506,0.037999868392944336,2.7840001583099365
23,1,7,black_box,reopt_pwldr,27045.207406143636,32944.60861547724,0.037999868392944336,2.7840001583099365
23,1,7,local_search,obj_pwldr,34206.167958321836,34206.16804784073,0.037999868392944336,0.25
23,1,7,local_search,dr_pwldr,34236.47216192216,34395.737898370506,0.037999868392944336,0.25
23,1,7,local_search,reopt_pwldr,27045.207406143636,32944.60861547724,0.037999868392944336,0.25
23,1,8,black_box,obj_pwldr,34229.05687506182,34206.16815186676,0.042999982833862305,3.2739999294281006
23,1,8,black_box,dr_pwldr,34257.99955447372,34395.73592975315,0.042999982833862305,3.2739999294281006
23,1,8,black_box,reopt_pwldr,26829.3363088406,32944.93639026497,0.042999982833862305,3.2739999294281006
23,1,8,local_search,obj_pwldr,34229.05687506182,34206.16815186676,0.042999982833862305,0.3409998416900635
23,1,8,local_search,dr_pwldr,34257.99955447372,34395.73592975315,0.042999982833862305,0.3409998416900635
23,1,8,local_search,reopt_pwldr,26829.3363088406,32944.93639026497,0.042999982833862305,0.3409998416900635
23,1,9,black_box,obj_pwldr,34206.167958321814,34206.16798230457,0.0559999942779541,3.757000207901001
23,1,9,black_box,dr_pwldr,34378.862144132654,34395.74480159225,0.0559999942779541,3.757000207901001
23,1,9,black_box,reopt_pwldr,27045.207406143636,32943.55113847134,0.0559999942779541,3.757000207901001
23,1,9,local_search,obj_pwldr,34206.167958321814,34206.16798230457,0.0559999942779541,0.7909998893737793
23,1,9,local_search,dr_pwldr,34378.862144132654,34395.74480159226,0.0559999942779541,0.7909998893737793
23,1,9,local_search,reopt_pwldr,27045.207406143636,32943.55113847133,0.0559999942779541,0.7909998893737793
23,1,10,black_box,obj_pwldr,34221.495496785436,34206.168394802546,0.042999982833862305,4.2179999351501465
23,1,10,black_box,dr_pwldr,34412.20586982803,34395.75305572034,0.042999982833862305,4.2179999351501465
23,1,10,black_box,reopt_pwldr,27324.214502541206,32942.37315647943,0.042999982833862305,4.2179999351501465
23,1,10,local_search,obj_pwldr,34221.495496785436,34206.168394802546,0.042999982833862305,0.5460000038146973
23,1,10,local_search,dr_pwldr,34412.20586982803,34395.75305572034,0.042999982833862305,0.5460000038146973
23,1,10,local_search,reopt_pwldr,27324.214502541206,32942.37315647943,0.042999982833862305,0.5460000038146973
23,2,1,black_box,obj_pwldr,34325.00103585058,34325.00104033888,0.017000198364257812,1.5209999084472656
23,2,1,black_box,dr_pwldr,34355.89906026952,34519.80013458783,0.017000198364257812,1.5209999084472656
23,2,1,black_box,reopt_pwldr,32783.018760572595,32944.31344289337,0.017000198364257812,1.5209999084472656
23,2,1,local_search,obj_pwldr,34325.00103585058,34325.00104033888,0.017000198364257812,0.03900003433227539
23,2,1,local_search,dr_pwldr,34355.89906026952,34519.80013458783,0.017000198364257812,0.03900003433227539
23,2,1,local_search,reopt_pwldr,32783.018760572595,32944.31344289337,0.017000198364257812,0.03900003433227539
23,2,2,black_box,obj_pwldr,34394.860497028654,34325.00109635626,0.03900003433227539,3.6510000228881836
23,2,2,black_box,dr_pwldr,34432.760285794524,34519.79864588724,0.03900003433227539,3.6510000228881836
23,2,2,black_box,reopt_pwldr,33840.65986005673,32945.386460705675,0.03900003433227539,3.6510000228881836
23,2,2,local_search,obj_pwldr,34394.860497028654,34325.00109635626,0.03900003433227539,0.17300009727478027
23,2,2,local_search,dr_pwldr,34432.760285794524,34519.79864588724,0.03900003433227539,0.17300009727478027
23,2,2,local_search,reopt_pwldr,33840.65986005673,32945.386460705675,0.03900003433227539,0.17300009727478027
23,2,3,black_box,obj_pwldr,34325.00103585058,34325.00151468882,0.05499982833862305,6.174999952316284
23,2,3,black_box,dr_pwldr,34496.07259877505,34519.795969440784,0.05499982833862305,6.174999952316284
23,2,3,black_box,reopt_pwldr,27045.207406143636,32948.06023069351,0.05499982833862305,6.174999952316284
23,2,3,local_search,obj_pwldr,34325.00103585058,34325.00151468882,0.05499982833862305,0.3529999256134033
23,2,3,local_search,dr_pwldr,34496.07259877505,34519.795969440784,0.05499982833862305,0.3529999256134033
23,2,3,local_search,reopt_pwldr,27045.207406143636,32948.06023069351,0.05499982833862305,0.3529999256134033
23,2,4,black_box,obj_pwldr,34341.20804948258,34325.001040402814,0.06500005722045898,9.581000089645386
23,2,4,black_box,dr_pwldr,34373.363817449186,34519.80174845283,0.06500005722045898,9.581000089645386
23,2,4,black_box,reopt_pwldr,33417.33971054198,32943.50731732306,0.06500005722045898,9.581000089645386
23,2,4,local_search,obj_pwldr,34341.20804948258,34325.001040402814,0.06500005722045898,0.5970001220703125
23,2,4,local_search,dr_pwldr,34373.363817449186,34519.80174845283,0.06500005722045898,0.5970001220703125
23,2,4,local_search,reopt_pwldr,33417.33971054198,32943.50731732306,0.06500005722045898,0.5970001220703125
23,2,5,black_box,obj_pwldr,34325.00103585058,34325.00103617558,0.09299993515014648,12.747999906539917
23,2,5,black_box,dr_pwldr,34355.89906026952,34519.801155040754,0.09299993515014648,12.747999906539917
23,2,5,black_box,reopt_pwldr,32783.018760572595,32943.80372666175,0.09299993515014648,12.747999906539917
23,2,5,local_search,obj_pwldr,34325.00103585058,34325.00103617558,0.09299993515014648,0.8889999389648438
23,2,5,local_search,dr_pwldr,34355.89906026952,34519.801155040754,0.09299993515014648,0.8889999389648438
23,2,5,local_search,reopt_pwldr,32783.018760572595,32943.80372666175,0.09299993515014648,0.8889999389648438
23,2,6,black_box,obj_pwldr,34332.00896677386,34325.0013306095,0.10199999809265137,15.553999900817871
23,2,6,black_box,dr_pwldr,34363.554339361195,34519.79686396356,0.10199999809265137,15.553999900817871
23,2,6,black_box,reopt_pwldr,32330.773204235662,32947.16660237991,0.10199999809265137,15.553999900817871
23,2,6,local_search,obj_pwldr,34332.00896677386,34325.0013306095,0.10199999809265137,1.4449999332427979
23,2,6,local_search,dr_pwldr,34363.554339361195,34519.79686396356,0.10199999809265137,1.4449999332427979
23,2,6,local_search,reopt_pwldr,32330.773204235662,32947.16660237991,0.10199999809265137,1.4449999332427979
23,2,7,black_box,obj_pwldr,34325.00103585058,34325.001057130736,0.15599989891052246,18.70299983024597
23,2,7,black_box,dr_pwldr,34355.89906026952,34519.799246602095,0.15599989891052246,18.70299983024597
23,2,7,black_box,reopt_pwldr,32783.018760572595,32944.786346532936,0.15599989891052246,18.70299983024597
23,2,7,local_search,obj_pwldr,34325.00103585058,34325.001057130736,0.15599989891052246,2.2179999351501465
23,2,7,local_search,dr_pwldr,34355.89906026952,34519.7992466021,0.15599989891052246,2.2179999351501465
23,2,7,local_search,reopt_pwldr,32783.018760572595,32944.786346532936,0.15599989891052246,2.2179999351501465
23,2,8,black_box,obj_pwldr,34328.929546077095,34325.00135737477,0.1679999828338623,26.32100009918213
23,2,8,black_box,dr_pwldr,34505.34031810784,34519.796719256854,0.1679999828338623,26.32100009918213
23,2,8,black_box,reopt_pwldr,27369.4822177535,32947.311164383726,0.1679999828338623,26.32100009918213
23,2,8,local_search,obj_pwldr,34328.929546077095,34325.00135737477,0.1679999828338623,2.614000082015991
23,2,8,local_search,dr_pwldr,34505.34031810784,34519.796719256854,0.1679999828338623,2.614000082015991
23,2,8,local_search,reopt_pwldr,27369.4822177535,32947.311164383726,0.1679999828338623,2.614000082015991
23,2,9,black_box,obj_pwldr,34325.00103585058,34325.001035879824,0.1789999008178711,25.153000116348267
23,2,9,black_box,dr_pwldr,34374.99563423797,34519.80100358071,0.1789999008178711,25.153000116348267
23,2,9,black_box,reopt_pwldr,27045.207406143636,32943.8793809424,0.1789999008178711,25.153000116348267
23,2,9,local_search,obj_pwldr,34325.00103585058,34325.001035879824,0.1789999008178711,2.9609999656677246
23,2,9,local_search,dr_pwldr,34374.99563423797,34519.80100358071,0.1789999008178711,2.9609999656677246
23,2,9,local_search,reopt_pwldr,27045.207406143636,32943.8793809424,0.1789999008178711,2.9609999656677246
23,2,10,black_box,obj_pwldr,34327.526172411,34325.00115509594,0.17400002479553223,29.248000144958496
23,2,10,black_box,dr_pwldr,34358.88786382861,34519.80508321483,0.17400002479553223,29.248000144958496
23,2,10,black_box,reopt_pwldr,33071.22190359404,32941.841603734196,0.17400002479553223,29.248000144958496
23,2,10,local_search,obj_pwldr,34327.526172411,34325.00115509594,0.17400002479553223,3.6570000648498535
23,2,10,local_search,dr_pwldr,34358.88786382861,34519.80508321483,0.17400002479553223,3.6570000648498535
23,2,10,local_search,reopt_pwldr,33071.22190359404,32941.841603734196,0.17400002479553223,3.6570000648498535
23,3,1,black_box,obj_pwldr,34333.642406876024,34333.7426644242,0.017999887466430664,0.750999927520752
23,3,1,black_box,dr_pwldr,34465.57851837353,34466.55630785089,0.017999887466430664,0.750999927520752
23,3,1,black_box,reopt_pwldr,27045.207406143636,27029.035063132604,0.017999887466430664,0.750999927520752
23,3,1,local_search,obj_pwldr,34333.642406876024,34333.7426644242,0.017999887466430664,0.031000137329101562
23,3,1,local_search,dr_pwldr,34465.57851837353,34466.55630785089,0.017999887466430664,0.031000137329101562
23,3,1,local_search,reopt_pwldr,27045.207406143636,27029.035063132604,0.017999887466430664,0.031000137329101562
23,3,2,black_box,obj_pwldr,34510.082544996905,34333.649958683294,0.029000043869018555,1.062999963760376
23,3,2,black_box,dr_pwldr,34590.712755502514,34468.2500984065,0.029000043869018555,1.062999963760376
23,3,2,black_box,reopt_pwldr,33840.65986005673,32950.83076643804,0.029000043869018555,1.062999963760376
23,3,2,local_search,obj_pwldr,34510.082544996905,34333.649958683294,0.029000043869018555,0.05099987983703613
23,3,2,local_search,dr_pwldr,34590.712755502514,34468.2500984065,0.029000043869018555,0.05099987983703613
23,3,2,local_search,reopt_pwldr,33840.65986005673,32950.83076643804,0.029000043869018555,0.05099987983703613
23,3,3,black_box,obj_pwldr,34333.64240687603,34333.654749993766,0.03600001335144043,1.311000108718872
23,3,3,black_box,dr_pwldr,34444.26550070024,34468.3223368717,0.03600001335144043,1.311000108718872
23,3,3,black_box,reopt_pwldr,27045.207406143636,32952.757417104935,0.03600001335144043,1.311000108718872
23,3,3,local_search,obj_pwldr,34333.64240687603,34333.654749993766,0.03600001335144043,0.07499980926513672
23,3,3,local_search,dr_pwldr,34444.26550070024,34468.3223368717,0.03600001335144043,0.07499980926513672
23,3,3,local_search,reopt_pwldr,27045.207406143636,32952.757417104935,0.03600001335144043,0.07499980926513672
23,3,4,black_box,obj_pwldr,34397.16085659954,34333.648375744546,0.02500009536743164,1.5880000591278076
23,3,4,black_box,dr_pwldr,34552.10351858711,34467.77669132355,0.02500009536743164,1.5880000591278076
23,3,4,black_box,reopt_pwldr,27577.322299052375,32937.7605829088,0.02500009536743164,1.5880000591278076
23,3,4,local_search,obj_pwldr,34397.16085659954,34333.648375744546,0.02500009536743164,0.10699987411499023
23,3,4,local_search,dr_pwldr,34552.10351858711,34467.77669132355,0.02500009536743164,0.10699987411499023
23,3,4,local_search,reopt_pwldr,27577.322299052375,32937.7605829088,0.02500009536743164,0.10699987411499023
23,3,5,black_box,obj_pwldr,34333.64240687603,34333.64465850424,0.029000043869018555,1.9050002098083496
23,3,5,black_box,dr_pwldr,34446.48194440517,34468.133767104286,0.029000043869018555,1.9050002098083496
23,3,5,black_box,reopt_pwldr,32783.018760572595,32947.68982128075,0.029000043869018555,1.9050002098083496
23,3,5,local_search,obj_pwldr,34333.64240687603,34333.64465850424,0.029000043869018555,0.14600014686584473
23,3,5,local_search,dr_pwldr,34446.48194440517,34468.133767104286,0.029000043869018555,0.14600014686584473
23,3,5,local_search,reopt_pwldr,32783.018760572595,32947.68982128075,0.029000043869018555,0.14600014686584473
23,3,6,black_box,obj_pwldr,34366.04977918394,34333.64249660619,0.03600001335144043,2.1560001373291016
23,3,6,black_box,dr_pwldr,34497.41460147257,34468.02177380563,0.03600001335144043,2.1560001373291016
23,3,6,black_box,reopt_pwldr,26771.47529813086,32944.66600221645,0.03600001335144043,2.1560001373291016
23,3,6,local_search,obj_pwldr,34366.04977918394,34333.64249660619,0.03600001335144043,0.18800020217895508
23,3,6,local_search,dr_pwldr,34497.41460147257,34468.02177380563,0.03600001335144043,0.18800020217895508
23,3,6,local_search,reopt_pwldr,26771.47529813086,32944.66600221645,0.03600001335144043,0.18800020217895508
23,3,7,black_box,obj_pwldr,34333.642406876024,34333.64278231666,0.0409998893737793,2.61299991607666
23,3,7,black_box,dr_pwldr,34446.48194440517,34468.0509782324,0.0409998893737793,2.61299991607666
23,3,7,black_box,reopt_pwldr,32783.018760572595,32945.45452173881,0.0409998893737793,2.61299991607666
23,3,7,local_search,obj_pwldr,34333.642406876024,34333.64278231666,0.0409998893737793,0.29200005531311035
23,3,7,local_search,dr_pwldr,34446.48194440517,34468.0509782324,0.0409998893737793,0.29200005531311035
23,3,7,local_search,reopt_pwldr,32783.018760572595,32945.45452173881,0.0409998893737793,0.29200005531311035
23,3,8,black_box,obj_pwldr,34353.24686666723,34333.647168075564,0.05200004577636719,2.8400001525878906
23,3,8,black_box,dr_pwldr,34477.511909318484,34468.19731503148,0.05200004577636719,2.8400001525878906
23,3,8,black_box,reopt_pwldr,32431.103519724104,32949.40561531275,0.05200004577636719,2.8400001525878906
23,3,8,local_search,obj_pwldr,34353.24686666723,34333.647168075564,0.05200004577636719,0.2739999294281006
23,3,8,local_search,dr_pwldr,34477.511909318484,34468.19731503148,0.05200004577636719,0.2739999294281006
23,3,8,local_search,reopt_pwldr,32431.103519724104,32949.40561531275,0.05200004577636719,0.2739999294281006
23,3,9,black_box,obj_pwldr,34333.64240687603,34333.64245486227,0.04999995231628418,3.3310000896453857
23,3,9,black_box,dr_pwldr,34446.48194440517,34468.01426784816,0.04999995231628418,3.3310000896453857
23,3,9,black_box,reopt_pwldr,32783.018760572595,32944.46334136527,0.04999995231628418,3.3310000896453857
23,3,9,local_search,obj_pwldr,34333.64240687603,34333.64245486227,0.04999995231628418,0.44699978828430176
23,3,9,local_search,dr_pwldr,34446.48194440517,34468.01426784816,0.04999995231628418,0.44699978828430176
23,3,9,local_search,reopt_pwldr,32783.018760572595,32944.46334136527,0.04999995231628418,0.44699978828430176
23,3,10,black_box,obj_pwldr,34346.766053513114,34333.642874686935,0.05200004577636719,3.944999933242798
23,3,10,black_box,dr_pwldr,34473.65504354159,34468.057620932836,0.05200004577636719,3.944999933242798
23,3,10,black_box,reopt_pwldr,26866.96698257089,32945.63387465171,0.05200004577636719,3.944999933242798
23,3,10,local_search,obj_pwldr,34346.766053513114,34333.642874686935,0.05200004577636719,0.49199986457824707
23,3,10,local_search,dr_pwldr,34473.65504354159,34468.057620932836,0.05200004577636719,0.49199986457824707
23,3,10,local_search,reopt_pwldr,26866.96698257089,32945.63387465171,0.05200004577636719,0.49199986457824707
23,4,1,black_box,obj_pwldr,33675.92024625855,33675.93261071898,0.018000125885009766,0.8589999675750732
23,4,1,black_box,dr_pwldr,33852.36799753892,33854.75175280151,0.018000125885009766,0.8589999675750732
23,4,1,black_box,reopt_pwldr,27045.207406143636,32937.86565193187,0.018000125885009766,0.8589999675750732
23,4,1,local_search,obj_pwldr,33675.92024625855,33675.93261071898,0.018000125885009766,0.03800010681152344
23,4,1,local_search,dr_pwldr,33852.36799753892,33854.75175280151,0.018000125885009766,0.03800010681152344
23,4,1,local_search,reopt_pwldr,27045.207406143636,32937.86565193187,0.018000125885009766,0.03800010681152344
23,4,2,black_box,obj_pwldr,34031.15686137404,33675.92242562244,0.012000083923339844,1.2179999351501465
23,4,2,black_box,dr_pwldr,34085.72290197691,33854.798565263154,0.012000083923339844,1.2179999351501465
23,4,2,black_box,reopt_pwldr,27908.90632453519,32946.4501821673,0.012000083923339844,1.2179999351501465
23,4,2,local_search,obj_pwldr,34031.15686137404,33675.92242562244,0.012000083923339844,0.07700014114379883
23,4,2,local_search,dr_pwldr,34085.72290197691,33854.798565263154,0.012000083923339844,0.07700014114379883
23,4,2,local_search,reopt_pwldr,27908.90632453519,32946.4501821673,0.012000083923339844,0.07700014114379883
23,4,3,black_box,obj_pwldr,33675.92024625856,33675.92029321978,0.03299999237060547,1.4449999332427979
23,4,3,black_box,dr_pwldr,33712.19445903332,33854.781081826855,0.03299999237060547,1.4449999332427979
23,4,3,black_box,reopt_pwldr,32783.018760572595,32943.53919003754,0.03299999237060547,1.4449999332427979
23,4,3,local_search,obj_pwldr,33675.92024625856,33675.92029321978,0.03299999237060547,0.09500002861022949
23,4,3,local_search,dr_pwldr,33712.19445903332,33854.781081826855,0.03299999237060547,0.09500002861022949
23,4,3,local_search,reopt_pwldr,32783.018760572595,32943.53919003754,0.03299999237060547,0.09500002861022949
23,4,4,black_box,obj_pwldr,33808.97259274342,33675.92041522107,0.029999971389770508,1.7720000743865967
23,4,4,black_box,dr_pwldr,33996.91281814283,33854.77907481229,0.029999971389770508,1.7720000743865967
23,4,4,black_box,reopt_pwldr,27577.322299052375,32943.20502210642,0.029999971389770508,1.7720000743865967
23,4,4,local_search,obj_pwldr,33808.97259274342,33675.92041522107,0.029999971389770508,0.14800000190734863
23,4,4,local_search,dr_pwldr,33996.91281814283,33854.77907481229,0.029999971389770508,0.14800000190734863
23,4,4,local_search,reopt_pwldr,27577.322299052375,32943.20502210642,0.029999971389770508,0.14800000190734863
23,4,5,black_box,obj_pwldr,33675.92024625855,33675.920254287965,0.03900003433227539,2.1449999809265137
23,4,5,black_box,dr_pwldr,33712.19445903332,33854.7842451338,0.03900003433227539,2.1449999809265137
23,4,5,black_box,reopt_pwldr,32783.018760572595,32944.06588064035,0.03900003433227539,2.1449999809265137
23,4,5,local_search,obj_pwldr,33675.92024625855,33675.920254287965,0.03900003433227539,0.1640000343322754
23,4,5,local_search,dr_pwldr,33712.19445903332,33854.7842451338,0.03900003433227539,0.1640000343322754
23,4,5,local_search,reopt_pwldr,32783.018760572595,32944.06588064035,0.03900003433227539,0.1640000343322754
23,4,6,black_box,obj_pwldr,33744.57717182662,33675.92040466351,0.039999961853027344,2.5339999198913574
23,4,6,black_box,dr_pwldr,33929.30525530429,33854.78742994124,0.039999961853027344,2.5339999198913574
23,4,6,black_box,reopt_pwldr,27442.211482271545,32944.596151078455,0.039999961853027344,2.5339999198913574
23,4,6,local_search,obj_pwldr,33744.57717182662,33675.92040466351,0.039999961853027344,0.22300004959106445
23,4,6,local_search,dr_pwldr,33929.30525530429,33854.78742994124,0.039999961853027344,0.22300004959106445
23,4,6,local_search,reopt_pwldr,27442.211482271545,32944.596151078455,0.039999961853027344,0.22300004959106445
23,4,7,black_box,obj_pwldr,33675.92024625857,33675.923076644256,0.03800010681152344,2.9079999923706055
23,4,7,black_box,dr_pwldr,33712.19445903332,33854.766748340655,0.03800010681152344,2.9079999923706055
23,4,7,black_box,reopt_pwldr,32783.018760572595,32941.01903457714,0.03800010681152344,2.9079999923706055
23,4,7,local_search,obj_pwldr,33675.92024625857,33675.923076644256,0.03800010681152344,0.28099989891052246
23,4,7,local_search,dr_pwldr,33712.19445903332,33854.766748340655,0.03800010681152344,0.28099989891052246
23,4,7,local_search,reopt_pwldr,32783.018760572595,32941.01903457714,0.03800010681152344,0.28099989891052246
23,4,8,black_box,obj_pwldr,33717.649674003995,33675.92749654811,0.053999900817871094,3.430999994277954
23,4,8,black_box,dr_pwldr,33889.42047890202,33854.81172383482,0.053999900817871094,3.430999994277954
23,4,8,black_box,reopt_pwldr,27283.009223820623,32948.54167834147,0.053999900817871094,3.430999994277954
23,4,8,local_search,obj_pwldr,33717.649674003995,33675.92749654811,0.053999900817871094,0.34400010108947754
23,4,8,local_search,dr_pwldr,33889.42047890202,33854.81172383482,0.053999900817871094,0.34400010108947754
23,4,8,local_search,reopt_pwldr,27283.009223820623,32948.54167834147,0.053999900817871094,0.34400010108947754
23,4,9,black_box,obj_pwldr,33675.92024625857,33675.92124708976,0.04700016975402832,3.8269999027252197
23,4,9,black_box,dr_pwldr,33716.82622495659,33854.77298840098,0.04700016975402832,3.8269999027252197
23,4,9,black_box,reopt_pwldr,27045.207406143636,32942.191634629744,0.04700016975402832,3.8269999027252197
23,4,9,local_search,obj_pwldr,33675.92024625857,33675.92124708976,0.04700016975402832,0.4380002021789551
23,4,9,local_search,dr_pwldr,33716.82622495659,33854.77298840098,0.04700016975402832,0.4380002021789551
23,4,9,local_search,reopt_pwldr,27045.207406143636,32942.191634629744,0.04700016975402832,0.4380002021789551
23,4,10,black_box,obj_pwldr,33703.921887567994,33675.92051195674,0.048999786376953125,4.708000183105469
23,4,10,black_box,dr_pwldr,33881.615572773924,33854.77799657687,0.048999786376953125,4.708000183105469
23,4,10,black_box,reopt_pwldr,26866.96698257089,32943.02549592048,0.048999786376953125,4.708000183105469
23,4,10,local_search,obj_pwldr,33703.921887567994,33675.92051195674,0.048999786376953125,0.5469999313354492
23,4,10,local_search,dr_pwldr,33881.615572773924,33854.77799657687,0.048999786376953125,0.5469999313354492
23,4,10,local_search,reopt_pwldr,26866.96698257089,32943.02549592048,0.048999786376953125,0.5469999313354492
24,1,1,black_box,obj_pwldr,34521.012793320035,34521.03856113676,0.021000146865844727,0.9119999408721924
24,1,1,black_box,dr_pwldr,34756.60715225362,34838.53546337497,0.021000146865844727,0.9119999408721924
24,1,1,black_box,reopt_pwldr,27779.520557869168,33859.14097376246,0.021000146865844727,0.9119999408721924
24,1,1,local_search,obj_pwldr,34521.012793320035,34521.03856113676,0.021000146865844727,0.042999982833862305
24,1,1,local_search,dr_pwldr,34756.60715225362,34838.53546337497,0.021000146865844727,0.042999982833862305
24,1,1,local_search,reopt_pwldr,27779.520557869168,33859.14097376246,0.021000146865844727,0.042999982833862305
24,1,2,black_box,obj_pwldr,34882.74726442334,34514.090330215826,0.021999835968017578,1.3580000400543213
24,1,2,black_box,dr_pwldr,34990.941672783156,34831.039092798754,0.021999835968017578,1.3580000400543213
24,1,2,black_box,reopt_pwldr,26965.33295313589,33786.08284043708,0.021999835968017578,1.3580000400543213
24,1,2,local_search,obj_pwldr,34882.74726442334,34514.090330215826,0.021999835968017578,0.06999993324279785
24,1,2,local_search,dr_pwldr,34990.941672783156,34831.039092798754,0.021999835968017578,0.06999993324279785
24,1,2,local_search,reopt_pwldr,26965.33295313589,33786.08284043708,0.021999835968017578,0.06999993324279785
24,1,3,black_box,obj_pwldr,34521.012793320035,34513.586433160264,0.0280001163482666,1.6710000038146973
24,1,3,black_box,dr_pwldr,34620.223174580016,34831.35450389967,0.0280001163482666,1.6710000038146973
24,1,3,black_box,reopt_pwldr,32866.27369433674,33840.688174236886,0.0280001163482666,1.6710000038146973
24,1,3,local_search,obj_pwldr,34521.012793320035,34513.586433160264,0.0280001163482666,0.09299993515014648
24,1,3,local_search,dr_pwldr,34620.223174580016,34831.35450389967,0.0280001163482666,0.09299993515014648
24,1,3,local_search,reopt_pwldr,32866.27369433674,33840.688174236886,0.0280001163482666,0.09299993515014648
24,1,4,black_box,obj_pwldr,34650.73150585339,34513.255065076155,0.028999805450439453,1.930999994277954
24,1,4,black_box,dr_pwldr,34894.226036031745,34830.60822668918,0.028999805450439453,1.930999994277954
24,1,4,black_box,reopt_pwldr,28119.473007863675,33821.20211658355,0.028999805450439453,1.930999994277954
24,1,4,local_search,obj_pwldr,34650.73150585339,34513.25506507615,0.028999805450439453,0.2239999771118164
24,1,4,local_search,dr_pwldr,34894.226036031745,34830.60822668918,0.028999805450439453,0.2239999771118164
24,1,4,local_search,reopt_pwldr,28119.473007863675,33821.20211658355,0.028999805450439453,0.2239999771118164
24,1,5,black_box,obj_pwldr,34513.48837905133,34514.02709131607,0.04500007629394531,2.25600004196167
24,1,5,black_box,dr_pwldr,34593.08219822017,34831.80585139659,0.04500007629394531,2.25600004196167
24,1,5,black_box,reopt_pwldr,33589.23646012226,33867.50752290034,0.04500007629394531,2.25600004196167
24,1,5,local_search,obj_pwldr,34513.48837905133,34513.24763486828,0.04500007629394531,0.3680000305175781
24,1,5,local_search,dr_pwldr,34593.08219822017,34830.2719556304,0.04500007629394531,0.3680000305175781
24,1,5,local_search,reopt_pwldr,33589.23646012226,33810.09782468906,0.04500007629394531,0.3680000305175781
24,1,6,black_box,obj_pwldr,34583.14595335211,34513.446023705816,0.04500007629394531,2.6590001583099365
24,1,6,black_box,dr_pwldr,34713.2155951938,34830.97541166251,0.04500007629394531,2.6590001583099365
24,1,6,black_box,reopt_pwldr,31527.395804497814,33844.06178302228,0.04500007629394531,2.6590001583099365
24,1,6,local_search,obj_pwldr,34583.14595335211,34513.40077662613,0.04500007629394531,0.2709999084472656
24,1,6,local_search,dr_pwldr,34713.2155951938,34830.215488839916,0.04500007629394531,0.2709999084472656
24,1,6,local_search,reopt_pwldr,31527.395804497814,33795.124748984555,0.04500007629394531,0.2709999084472656
24,1,7,black_box,obj_pwldr,34513.469716916865,34513.26035199136,0.04200005531311035,3.0889999866485596
24,1,7,black_box,dr_pwldr,34804.53244240104,34830.46336260513,0.04200005531311035,3.0889999866485596
24,1,7,black_box,reopt_pwldr,26973.90022358372,33824.06495413127,0.04200005531311035,3.0889999866485596
24,1,7,local_search,obj_pwldr,34513.469716916865,34513.26035199136,0.04200005531311035,0.2560000419616699
24,1,7,local_search,dr_pwldr,34804.53244240104,34830.46336260513,0.04200005531311035,0.2560000419616699
24,1,7,local_search,reopt_pwldr,26973.90022358372,33824.06495413127,0.04200005531311035,0.2560000419616699
24,1,8,black_box,obj_pwldr,34556.35552877627,34513.31218242143,0.04700016975402832,3.4810001850128174
24,1,8,black_box,dr_pwldr,34712.54841376209,34830.52311575338,0.04700016975402832,3.4810001850128174
24,1,8,black_box,reopt_pwldr,27677.179193765503,33826.7054247072,0.04700016975402832,3.4810001850128174
24,1,8,local_search,obj_pwldr,34556.35552877627,34513.31218242143,0.04700016975402832,0.3529999256134033
24,1,8,local_search,dr_pwldr,34712.54841376209,34830.52311575338,0.04700016975402832,0.3529999256134033
24,1,8,local_search,reopt_pwldr,27677.179193765503,33826.70542470721,0.04700016975402832,0.3529999256134033
24,1,9,black_box,obj_pwldr,34514.290059818435,34513.22879290324,0.04800009727478027,3.9609999656677246
24,1,9,black_box,dr_pwldr,34887.38946151123,34830.45752768441,0.04800009727478027,3.9609999656677246
24,1,9,black_box,reopt_pwldr,27082.340764593886,33820.55900258428,0.04800009727478027,3.9609999656677246
24,1,9,local_search,obj_pwldr,34514.290059818435,34513.22879290324,0.04800009727478027,0.4569997787475586
24,1,9,local_search,dr_pwldr,34887.38946151123,34830.45752768441,0.04800009727478027,0.4569997787475586
24,1,9,local_search,reopt_pwldr,27082.340764593886,33820.55900258428,0.04800009727478027,0.4569997787475586
24,1,10,black_box,obj_pwldr,34542.57336400854,34513.251528839515,0.046000003814697266,4.422999858856201
24,1,10,black_box,dr_pwldr,34645.27793089047,34830.60817321274,0.046000003814697266,4.422999858856201
24,1,10,black_box,reopt_pwldr,26962.522833473737,33822.053080383026,0.046000003814697266,4.422999858856201
24,1,10,local_search,obj_pwldr,34542.57336400854,34513.25152883951,0.046000003814697266,1.0920000076293945
24,1,10,local_search,dr_pwldr,34645.27793089047,34830.60817321274,0.046000003814697266,1.0920000076293945
24,1,10,local_search,reopt_pwldr,26962.522833473737,33822.053080383026,0.046000003814697266,1.0920000076293945
24,2,1,black_box,obj_pwldr,35184.90708693642,35184.92989779572,0.014999866485595703,0.8769998550415039
24,2,1,black_box,dr_pwldr,35343.81718350113,35424.216855413135,0.014999866485595703,0.8769998550415039
24,2,1,black_box,reopt_pwldr,33597.43205201406,33860.53104201591,0.014999866485595703,0.8769998550415039
24,2,1,local_search,obj_pwldr,35184.90708693642,35184.92989779572,0.014999866485595703,0.042999982833862305
24,2,1,local_search,dr_pwldr,35343.81718350113,35424.216855413135,0.014999866485595703,0.042999982833862305
24,2,1,local_search,reopt_pwldr,33597.43205201406,33860.53104201591,0.014999866485595703,0.042999982833862305
24,2,2,black_box,obj_pwldr,35365.22556641857,35184.92457422155,0.021999835968017578,1.1380000114440918
24,2,2,black_box,dr_pwldr,35566.33861535352,35424.17597318349,0.021999835968017578,1.1380000114440918
24,2,2,black_box,reopt_pwldr,32520.521190958545,33859.02161732814,0.021999835968017578,1.1380000114440918
24,2,2,local_search,obj_pwldr,35365.22556641857,35184.92457422155,0.021999835968017578,0.04999995231628418
24,2,2,local_search,dr_pwldr,35566.33861535352,35424.17597318349,0.021999835968017578,0.04999995231628418
24,2,2,local_search,reopt_pwldr,32520.521190958545,33859.02161732814,0.021999835968017578,0.04999995231628418
24,2,3,black_box,obj_pwldr,35184.90708693642,35184.93725863772,0.029999971389770508,1.3900001049041748
24,2,3,black_box,dr_pwldr,35363.23027217307,35423.592898319956,0.029999971389770508,1.3900001049041748
24,2,3,black_box,reopt_pwldr,32791.35050822345,33834.44921574643,0.029999971389770508,1.3900001049041748
24,2,3,local_search,obj_pwldr,35184.90708693642,35184.93725863772,0.029999971389770508,0.07999992370605469
24,2,3,local_search,dr_pwldr,35363.23027217307,35423.592898319956,0.029999971389770508,0.07999992370605469
24,2,3,local_search,reopt_pwldr,32791.35050822345,33834.44921574643,0.029999971389770508,0.07999992370605469
24,2,4,black_box,obj_pwldr,35249.82173954999,35184.91985354327,0.0280001163482666,1.6600000858306885
24,2,4,black_box,dr_pwldr,35464.802956014915,35423.68583553481,0.0280001163482666,1.6600000858306885
24,2,4,black_box,reopt_pwldr,27226.262284581848,33839.32536163164,0.0280001163482666,1.6600000858306885
24,2,4,local_search,obj_pwldr,35249.82173954999,35184.91985354327,0.0280001163482666,0.10599994659423828
24,2,4,local_search,dr_pwldr,35464.802956014915,35423.68583553481,0.0280001163482666,0.10599994659423828
24,2,4,local_search,reopt_pwldr,27226.262284581848,33839.32536163164,0.0280001163482666,0.10599994659423828
24,2,5,black_box,obj_pwldr,35184.90708693643,35184.907324302236,0.029000043869018555,1.9710001945495605
24,2,5,black_box,dr_pwldr,35252.92020331493,35423.92366509412,0.029000043869018555,1.9710001945495605
24,2,5,black_box,reopt_pwldr,27770.682074929755,33849.63785801304,0.029000043869018555,1.9710001945495605
24,2,5,local_search,obj_pwldr,35184.90708693643,35184.907324302236,0.029000043869018555,0.13900017738342285
24,2,5,local_search,dr_pwldr,35252.92020331493,35423.92366509412,0.029000043869018555,0.13900017738342285
24,2,5,local_search,reopt_pwldr,27770.682074929755,33849.63785801304,0.029000043869018555,0.13900017738342285
24,2,6,black_box,obj_pwldr,35218.026807657625,35184.90908990473,0.05099987983703613,2.328000068664551
24,2,6,black_box,dr_pwldr,35542.00161580544,35423.80557811659,0.05099987983703613,2.328000068664551
24,2,6,black_box,reopt_pwldr,27749.445079875306,33844.805839343084,0.05099987983703613,2.328000068664551
24,2,6,local_search,obj_pwldr,35218.026807657625,35184.90908990473,0.05099987983703613,0.18799996376037598
24,2,6,local_search,dr_pwldr,35542.00161580544,35423.80557811659,0.05099987983703613,0.18799996376037598
24,2,6,local_search,reopt_pwldr,27749.445079875306,33844.805839343084,0.05099987983703613,0.18799996376037598
24,2,7,black_box,obj_pwldr,35184.90708693644,35184.90864342648,0.03900003433227539,2.690999984741211
24,2,7,black_box,dr_pwldr,35272.33329198684,35423.9741259332,0.03900003433227539,2.690999984741211
24,2,7,black_box,reopt_pwldr,27309.35813084572,33851.56915634019,0.03900003433227539,2.690999984741211
24,2,7,local_search,obj_pwldr,35184.90708693644,35184.90864342648,0.03900003433227539,0.24400019645690918
24,2,7,local_search,dr_pwldr,35272.33329198684,35423.9741259332,0.03900003433227539,0.24400019645690918
24,2,7,local_search,reopt_pwldr,27309.35813084572,33851.56915634019,0.03900003433227539,0.24400019645690918
24,2,8,black_box,obj_pwldr,35204.94247354555,35184.913716562885,0.03299999237060547,3.0
24,2,8,black_box,dr_pwldr,35263.8491336946,35424.06542693905,0.03299999237060547,3.0
24,2,8,black_box,reopt_pwldr,27998.113953037366,33854.94010730908,0.03299999237060547,3.0
24,2,8,local_search,obj_pwldr,35204.94247354555,35184.913716562885,0.03299999237060547,0.2909998893737793
24,2,8,local_search,dr_pwldr,35263.8491336946,35424.06542693905,0.03299999237060547,0.2909998893737793
24,2,8,local_search,reopt_pwldr,27998.113953037366,33854.94010730908,0.03299999237060547,0.2909998893737793
24,2,9,black_box,obj_pwldr,35184.90708693642,35184.907877532896,0.04800009727478027,3.486999988555908
24,2,9,black_box,dr_pwldr,35363.23027217307,35423.836648045086,0.04800009727478027,3.486999988555908
24,2,9,black_box,reopt_pwldr,32791.35050822345,33846.14208613427,0.04800009727478027,3.486999988555908
24,2,9,local_search,obj_pwldr,35184.90708693642,35184.907877532896,0.04800009727478027,0.372999906539917
24,2,9,local_search,dr_pwldr,35363.23027217307,35423.836648045086,0.04800009727478027,0.372999906539917
24,2,9,local_search,reopt_pwldr,32791.35050822345,33846.14208613427,0.04800009727478027,0.372999906539917
24,2,10,black_box,obj_pwldr,35198.31920524501,35184.90726509213,0.05099987983703613,4.5960001945495605
24,2,10,black_box,dr_pwldr,35365.43083150493,35423.919351496705,0.05099987983703613,4.5960001945495605
24,2,10,black_box,reopt_pwldr,33303.32530077728,33849.47246890454,0.05099987983703613,4.5960001945495605
24,2,10,local_search,obj_pwldr,35198.31920524501,35184.90726509213,0.05099987983703613,0.5069999694824219
24,2,10,local_search,dr_pwldr,35365.43083150493,35423.919351496705,0.05099987983703613,0.5069999694824219
24,2,10,local_search,reopt_pwldr,33303.32530077728,33849.47246890454,0.05099987983703613,0.5069999694824219
24,3,1,black_box,obj_pwldr,35176.07576941114,35176.07931237977,0.018000125885009766,1.5260000228881836
24,3,1,black_box,dr_pwldr,35248.82881252117,35577.9901151406,0.018000125885009766,1.5260000228881836
24,3,1,black_box,reopt_pwldr,27927.089018445367,33837.01776713463,0.018000125885009766,1.5260000228881836
24,3,1,local_search,obj_pwldr,35176.07576941114,35176.07931237977,0.018000125885009766,0.04399991035461426
24,3,1,local_search,dr_pwldr,35248.82881252117,35577.9901151406,0.018000125885009766,0.04399991035461426
24,3,1,local_search,reopt_pwldr,27927.089018445367,33837.01776713463,0.018000125885009766,0.04399991035461426
24,3,2,black_box,obj_pwldr,35247.470815636065,35176.07632699477,0.03699994087219238,3.9549999237060547
24,3,2,black_box,dr_pwldr,35265.94802598586,35577.4638194444,0.03699994087219238,3.9549999237060547
24,3,2,black_box,reopt_pwldr,32520.521190958545,33852.916280519,0.03699994087219238,3.9549999237060547
24,3,2,local_search,obj_pwldr,35247.470815636065,35176.07632699477,0.03699994087219238,0.20399999618530273
24,3,2,local_search,dr_pwldr,35265.94802598586,35577.4638194444,0.03699994087219238,0.20399999618530273
24,3,2,local_search,reopt_pwldr,32520.521190958545,33852.916280519,0.03699994087219238,0.20399999618530273
24,3,3,black_box,obj_pwldr,35176.075769411145,35176.076099849284,0.06299996376037598,6.6579999923706055
24,3,3,black_box,dr_pwldr,35406.64138016875,35577.49822839821,0.06299996376037598,6.6579999923706055
24,3,3,black_box,reopt_pwldr,27770.682074929755,33851.87684353202,0.06299996376037598,6.6579999923706055
24,3,3,local_search,obj_pwldr,35176.075769411145,35176.076099849284,0.06299996376037598,0.3680000305175781
24,3,3,local_search,dr_pwldr,35406.64138016875,35577.49822839821,0.06299996376037598,0.3680000305175781
24,3,3,local_search,reopt_pwldr,27770.682074929755,33851.87684353202,0.06299996376037598,0.3680000305175781
24,3,4,black_box,obj_pwldr,35192.63903039128,35176.076384782114,0.07799983024597168,9.282999992370605
24,3,4,black_box,dr_pwldr,35267.96240204476,35577.77035555029,0.07799983024597168,9.282999992370605
24,3,4,black_box,reopt_pwldr,34245.10962968016,33843.65633707538,0.07799983024597168,9.282999992370605
24,3,4,local_search,obj_pwldr,35192.63903039128,35176.076384782114,0.07799983024597168,0.6170001029968262
24,3,4,local_search,dr_pwldr,35267.96240204476,35577.77035555029,0.07799983024597168,0.6170001029968262
24,3,4,local_search,reopt_pwldr,34245.10962968016,33843.65633707538,0.07799983024597168,0.6170001029968262
24,3,5,black_box,obj_pwldr,35176.07576941114,35176.08625584471,0.07599997520446777,12.450999975204468
24,3,5,black_box,dr_pwldr,35248.82881252117,35576.965138596424,0.07599997520446777,12.450999975204468
24,3,5,black_box,reopt_pwldr,27927.089018445367,33867.980749270224,0.07599997520446777,12.450999975204468
24,3,5,local_search,obj_pwldr,35176.07576941114,35176.08625584471,0.07599997520446777,1.0
24,3,5,local_search,dr_pwldr,35248.82881252117,35576.965138596424,0.07599997520446777,1.0
24,3,5,local_search,reopt_pwldr,27927.089018445367,33867.980749270224,0.07599997520446777,1.0
24,3,6,black_box,obj_pwldr,35183.23774208843,35176.079202585606,0.10400009155273438,15.621000051498413
24,3,6,black_box,dr_pwldr,35550.057681168444,35577.242388097475,0.10400009155273438,15.621000051498413
24,3,6,black_box,reopt_pwldr,33503.17041129686,33859.60535143099,0.10400009155273438,15.621000051498413
24,3,6,local_search,obj_pwldr,35183.23774208843,35176.079202585606,0.10400009155273438,1.303999900817871
24,3,6,local_search,dr_pwldr,35550.057681168444,35577.242388097475,0.10400009155273438,1.303999900817871
24,3,6,local_search,reopt_pwldr,33503.17041129686,33859.60535143099,0.10400009155273438,1.303999900817871
24,3,7,black_box,obj_pwldr,35176.07576941115,35176.076079345556,0.13700008392333984,19.128999948501587
24,3,7,black_box,dr_pwldr,35233.65394923573,35577.72476366348,0.13700008392333984,19.128999948501587
24,3,7,black_box,reopt_pwldr,33597.43205201406,33845.03359177996,0.13700008392333984,19.128999948501587
24,3,7,local_search,obj_pwldr,35176.07576941115,35176.076079345556,0.13700008392333984,1.7420001029968262
24,3,7,local_search,dr_pwldr,35233.65394923573,35577.72476366348,0.13700008392333984,1.7420001029968262
24,3,7,local_search,reopt_pwldr,33597.43205201406,33845.03359177996,0.13700008392333984,1.7420001029968262
24,3,8,black_box,obj_pwldr,35180.09063245886,35176.076071987314,0.14400005340576172,21.629000186920166
24,3,8,black_box,dr_pwldr,35226.16559579435,35577.50318689585,0.14400005340576172,21.629000186920166
24,3,8,black_box,reopt_pwldr,33237.97959079723,33851.727055605596,0.14400005340576172,21.629000186920166
24,3,8,local_search,obj_pwldr,35180.09063245886,35176.076071987314,0.14400005340576172,2.309000015258789
24,3,8,local_search,dr_pwldr,35226.16559579435,35577.50318689585,0.14400005340576172,2.309000015258789
24,3,8,local_search,reopt_pwldr,33237.97959079723,33851.727055605596,0.14400005340576172,2.309000015258789
24,3,9,black_box,obj_pwldr,35176.07576941113,35176.07579160002,0.16700005531311035,25.131999969482422
24,3,9,black_box,dr_pwldr,35543.02535784233,35577.64313136738,0.16700005531311035,25.131999969482422
24,3,9,black_box,reopt_pwldr,27575.84908821308,33847.499567007944,0.16700005531311035,25.131999969482422
24,3,9,local_search,obj_pwldr,35176.07576941113,35176.07579160002,0.16700005531311035,2.7690000534057617
24,3,9,local_search,dr_pwldr,35543.02535784233,35577.64313136738,0.16700005531311035,2.7690000534057617
24,3,9,local_search,reopt_pwldr,27575.84908821308,33847.499567007944,0.16700005531311035,2.7690000534057617
24,3,10,black_box,obj_pwldr,35178.656411151234,35176.07576971463,0.182999849319458,29.081000089645386
24,3,10,black_box,dr_pwldr,35242.139243304606,35577.609822136495,0.182999849319458,29.081000089645386
24,3,10,black_box,reopt_pwldr,27744.59283271378,33848.50578320727,0.182999849319458,29.081000089645386
24,3,10,local_search,obj_pwldr,35178.656411151234,35176.075769714625,0.182999849319458,6.575000047683716
24,3,10,local_search,dr_pwldr,35242.139243304606,35577.60982213649,0.182999849319458,6.575000047683716
24,3,10,local_search,reopt_pwldr,27744.59283271378,33848.50578320727,0.182999849319458,6.575000047683716
24,4,1,black_box,obj_pwldr,34966.629209655686,34966.62899082931,0.020999908447265625,0.8989999294281006
24,4,1,black_box,dr_pwldr,35107.657438344046,35190.37664228462,0.020999908447265625,0.8989999294281006
24,4,1,black_box,reopt_pwldr,27805.96405220161,33796.71750392117,0.020999908447265625,0.8989999294281006
24,4,1,local_search,obj_pwldr,34966.629209655686,34966.62899082931,0.020999908447265625,0.042999982833862305
24,4,1,local_search,dr_pwldr,35107.657438344046,35190.37664228462,0.020999908447265625,0.042999982833862305
24,4,1,local_search,reopt_pwldr,27805.96405220161,33796.71750392117,0.020999908447265625,0.042999982833862305
24,4,2,black_box,obj_pwldr,35178.554825747335,34960.71452725753,0.026000022888183594,1.247999906539917
24,4,2,black_box,dr_pwldr,35496.703123006766,35183.70291968265,0.026000022888183594,1.247999906539917
24,4,2,black_box,reopt_pwldr,27546.94342146371,33766.059079864164,0.026000022888183594,1.247999906539917
24,4,2,local_search,obj_pwldr,35178.554825747335,34960.71452725753,0.026000022888183594,0.07499980926513672
24,4,2,local_search,dr_pwldr,35496.703123006766,35183.70291968265,0.026000022888183594,0.07499980926513672
24,4,2,local_search,reopt_pwldr,27546.94342146371,33766.059079864164,0.026000022888183594,0.07499980926513672
24,4,3,black_box,obj_pwldr,34962.627699273806,34960.64107409677,0.0280001163482666,1.5169999599456787
24,4,3,black_box,dr_pwldr,35088.676061615835,35184.86252790274,0.0280001163482666,1.5169999599456787
24,4,3,black_box,reopt_pwldr,33517.283603218755,33805.786777810776,0.0280001163482666,1.5169999599456787
24,4,3,local_search,obj_pwldr,34962.627699273806,34960.64107409677,0.0280001163482666,0.0989999771118164
24,4,3,local_search,dr_pwldr,35088.676061615835,35184.86252790274,0.0280001163482666,0.0989999771118164
24,4,3,local_search,reopt_pwldr,33517.283603218755,33805.786777810776,0.0280001163482666,0.0989999771118164
24,4,4,black_box,obj_pwldr,35039.64997299342,34960.54790815623,0.029999971389770508,1.8989999294281006
24,4,4,black_box,dr_pwldr,35204.244510270335,35184.17351330249,0.029999971389770508,1.8989999294281006
24,4,4,black_box,reopt_pwldr,27469.6737001542,33787.51665973343,0.029999971389770508,1.8989999294281006
24,4,4,local_search,obj_pwldr,35039.64997299342,34960.54790815623,0.029999971389770508,0.12400007247924805
24,4,4,local_search,dr_pwldr,35204.244510270335,35184.17351330249,0.029999971389770508,0.12400007247924805
24,4,4,local_search,reopt_pwldr,27469.6737001542,33787.51665973343,0.029999971389770508,0.12400007247924805
24,4,5,black_box,obj_pwldr,34961.15816930364,34960.53921126314,0.029000043869018555,2.24399995803833
24,4,5,black_box,dr_pwldr,35169.30394768426,35184.05597094093,0.029000043869018555,2.24399995803833
24,4,5,black_box,reopt_pwldr,28051.32320820443,33789.22160665398,0.029000043869018555,2.24399995803833
24,4,5,local_search,obj_pwldr,34961.15816930364,34960.41800281206,0.029000043869018555,0.20399999618530273
24,4,5,local_search,dr_pwldr,35169.30394768426,35183.48464643223,0.029000043869018555,0.20399999618530273
24,4,5,local_search,reopt_pwldr,28051.32320820443,33768.28243753774,0.029000043869018555,0.20399999618530273
24,4,6,black_box,obj_pwldr,35001.369600375954,34960.68597256897,0.040000200271606445,2.692000150680542
24,4,6,black_box,dr_pwldr,35242.629782720855,35183.23657567792,0.040000200271606445,2.692000150680542
24,4,6,black_box,reopt_pwldr,34245.118877381465,33752.17788250608,0.040000200271606445,2.692000150680542
24,4,6,local_search,obj_pwldr,35001.369600375954,34960.66935867818,0.040000200271606445,0.27900004386901855
24,4,6,local_search,dr_pwldr,35242.629782720855,35184.687425977434,0.040000200271606445,0.27900004386901855
24,4,6,local_search,reopt_pwldr,34245.118877381465,33799.174130199885,0.040000200271606445,0.27900004386901855
24,4,7,black_box,obj_pwldr,34960.40686056734,34960.50845957036,0.04900002479553223,3.0230000019073486
24,4,7,black_box,dr_pwldr,35086.41207156676,35183.7251327685,0.04900002479553223,3.0230000019073486
24,4,7,black_box,reopt_pwldr,33517.283603218755,33766.20545540185,0.04900002479553223,3.0230000019073486
24,4,7,local_search,obj_pwldr,34960.40686056734,34960.50845957036,0.04900002479553223,0.28999996185302734
24,4,7,local_search,dr_pwldr,35086.41207156676,35183.7251327685,0.04900002479553223,0.28999996185302734
24,4,7,local_search,reopt_pwldr,33517.283603218755,33766.20545540184,0.04900002479553223,0.28999996185302734
24,4,8,black_box,obj_pwldr,34984.83526799279,34960.484599597,0.04999995231628418,3.4100000858306885
24,4,8,black_box,dr_pwldr,35204.408757255485,35183.80680146585,0.04999995231628418,3.4100000858306885
24,4,8,black_box,reopt_pwldr,28237.345553773677,33777.46938874322,0.04999995231628418,3.4100000858306885
24,4,8,local_search,obj_pwldr,34984.83526799279,34960.484599597,0.04999995231628418,0.36100006103515625
24,4,8,local_search,dr_pwldr,35204.408757255485,35183.80680146585,0.04999995231628418,0.36100006103515625
24,4,8,local_search,reopt_pwldr,28237.345553773677,33777.46938874322,0.04999995231628418,0.36100006103515625
24,4,9,black_box,obj_pwldr,34960.67207234395,34960.5022954766,0.05200004577636719,3.9760000705718994
24,4,9,black_box,dr_pwldr,35101.85839347381,35183.267469710445,0.05200004577636719,3.9760000705718994
24,4,9,black_box,reopt_pwldr,27805.96405220161,33759.653411702726,0.05200004577636719,3.9760000705718994
24,4,9,local_search,obj_pwldr,34960.67207234395,34960.494603521314,0.05200004577636719,0.48199987411499023
24,4,9,local_search,dr_pwldr,35101.85839347381,35184.263279005325,0.05200004577636719,0.48199987411499023
24,4,9,local_search,reopt_pwldr,27805.96405220161,33792.48319092489,0.05200004577636719,0.48199987411499023
24,4,10,black_box,obj_pwldr,34976.72068715237,34960.39623859776,0.04500007629394531,4.5920000076293945
24,4,10,black_box,dr_pwldr,35038.578717614364,35183.57547628347,0.04500007629394531,4.5920000076293945
24,4,10,black_box,reopt_pwldr,28068.692136753543,33769.925568708975,0.04500007629394531,4.5920000076293945
24,4,10,local_search,obj_pwldr,34976.72068715237,34960.39623859776,0.04500007629394531,0.554999828338623
24,4,10,local_search,dr_pwldr,35038.578717614364,35183.57547628347,0.04500007629394531,0.554999828338623
24,4,10,local_search,reopt_pwldr,28068.692136753543,33769.925568708975,0.04500007629394531,0.554999828338623
25,1,1,black_box,obj_pwldr,33582.36990920725,33580.81903512916,0.020999908447265625,1.7960000038146973
25,1,1,black_box,dr_pwldr,33665.624423418485,33682.024408659025,0.020999908447265625,1.7960000038146973
25,1,1,black_box,reopt_pwldr,26485.664187362847,32387.891692538884,0.020999908447265625,1.7960000038146973
25,1,1,local_search,obj_pwldr,33582.36990920725,33580.81903512917,0.020999908447265625,0.03500008583068848
25,1,1,local_search,dr_pwldr,33665.624423418485,33682.024408659025,0.020999908447265625,0.03500008583068848
25,1,1,local_search,reopt_pwldr,26485.664187362847,32387.891692538884,0.020999908447265625,0.03500008583068848
25,1,2,black_box,obj_pwldr,33637.45275454525,33562.63975781822,0.03800010681152344,4.121999979019165
25,1,2,black_box,dr_pwldr,33692.22653726964,33662.414575749746,0.03800010681152344,4.121999979019165
25,1,2,black_box,reopt_pwldr,33082.90410731388,32332.179468211696,0.03800010681152344,4.121999979019165
25,1,2,local_search,obj_pwldr,33637.45275454525,33562.19949476317,0.03800010681152344,0.25799989700317383
25,1,2,local_search,dr_pwldr,33692.22653726964,33657.86123703331,0.03800010681152344,0.25799989700317383
25,1,2,local_search,reopt_pwldr,33082.90410731388,32225.48929741294,0.03800010681152344,0.25799989700317383
25,1,3,black_box,obj_pwldr,33562.634882946986,33561.46233287373,0.051000118255615234,6.452999830245972
25,1,3,black_box,dr_pwldr,33624.680654290525,33658.3053168011,0.051000118255615234,6.452999830245972
25,1,3,black_box,reopt_pwldr,26480.54319518047,32256.199779351806,0.051000118255615234,6.452999830245972
25,1,3,local_search,obj_pwldr,33562.634882946986,33561.345036916246,0.051000118255615234,0.6130001544952393
25,1,3,local_search,dr_pwldr,33624.680654290525,33655.55809908676,0.051000118255615234,0.6130001544952393
25,1,3,local_search,reopt_pwldr,26480.54319518047,32179.964374555257,0.051000118255615234,0.6130001544952393
25,1,4,black_box,obj_pwldr,33576.98247638057,33561.063473350914,0.06700015068054199,9.303999900817871
25,1,4,black_box,dr_pwldr,33697.98280011367,33658.271224678356,0.06700015068054199,9.303999900817871
25,1,4,black_box,reopt_pwldr,27005.226422290412,32259.641874886078,0.06700015068054199,9.303999900817871
25,1,4,local_search,obj_pwldr,33576.98247638057,33560.64913567535,0.06700015068054199,1.0450000762939453
25,1,4,local_search,dr_pwldr,33697.98280011367,33655.555086378045,0.06700015068054199,1.0450000762939453
25,1,4,local_search,reopt_pwldr,27005.226422290412,32196.163957557495,0.06700015068054199,1.0450000762939453
25,1,5,black_box,obj_pwldr,33561.670133473446,33561.01809412168,0.08800005912780762,12.316999912261963
25,1,5,black_box,dr_pwldr,33660.61337889286,33653.046224853984,0.08800005912780762,12.316999912261963
25,1,5,black_box,reopt_pwldr,26580.442427817296,32106.622735349476,0.08800005912780762,12.316999912261963
25,1,5,local_search,obj_pwldr,33561.670133473446,33560.44245960136,0.08800005912780762,6.91700005531311
25,1,5,local_search,dr_pwldr,33660.61337889286,33654.27528065052,0.08800005912780762,6.91700005531311
25,1,5,local_search,reopt_pwldr,26580.442427817296,32163.08470894086,0.08800005912780762,6.91700005531311
25,1,6,black_box,obj_pwldr,33568.79401686988,33560.70914026614,0.10100007057189941,15.64299988746643
25,1,6,black_box,dr_pwldr,33644.63425888898,33655.832210645814,0.10100007057189941,15.64299988746643
25,1,6,black_box,reopt_pwldr,32502.220042204535,32205.166082640946,0.10100007057189941,15.64299988746643
25,1,6,local_search,obj_pwldr,33568.79401686988,33560.53456842876,0.10100007057189941,5.559999942779541
25,1,6,local_search,dr_pwldr,33644.63425888898,33655.75532660872,0.10100007057189941,5.559999942779541
25,1,6,local_search,reopt_pwldr,32502.220042204535,32207.74342366943,0.10100007057189941,5.559999942779541
25,1,7,black_box,obj_pwldr,33561.560942189055,33560.66460225655,0.13499999046325684,19.03500008583069
25,1,7,black_box,dr_pwldr,33649.5949012743,33655.75521486564,0.13499999046325684,19.03500008583069
25,1,7,black_box,reopt_pwldr,32053.768930458977,32204.144022168937,0.13499999046325684,19.03500008583069
25,1,7,local_search,obj_pwldr,33561.560942189055,33560.35696857584,0.13499999046325684,16.949999809265137
25,1,7,local_search,dr_pwldr,33649.5949012743,33654.47968439529,0.13499999046325684,16.949999809265137
25,1,7,local_search,reopt_pwldr,32053.768930458977,32171.82028752193,0.13499999046325684,16.949999809265137
25,1,8,black_box,obj_pwldr,33564.40584075216,33560.59440258694,0.15400004386901855,21.932999849319458
25,1,8,black_box,dr_pwldr,33701.66456528173,33655.84105064985,0.15400004386901855,21.932999849319458
25,1,8,black_box,reopt_pwldr,26278.140995827154,32208.310899452677,0.15400004386901855,21.932999849319458
25,1,8,local_search,obj_pwldr,33564.40584075216,33560.49478022101,0.15400004386901855,4.519999980926514
25,1,8,local_search,dr_pwldr,33701.66456528173,33655.756269629936,0.15400004386901855,4.519999980926514
25,1,8,local_search,reopt_pwldr,26278.140995827154,32208.690889935948,0.15400004386901855,4.519999980926514
25,1,9,black_box,obj_pwldr,33560.43235505353,33560.31640937463,0.19099998474121094,25.746000051498413
25,1,9,black_box,dr_pwldr,33649.04244709837,33655.58070915505,0.19099998474121094,25.746000051498413
25,1,9,black_box,reopt_pwldr,32059.018855762184,32207.387188967823,0.19099998474121094,25.746000051498413
25,1,9,local_search,obj_pwldr,33560.43235505353,33560.290390052585,0.19099998474121094,4.802000045776367
25,1,9,local_search,dr_pwldr,33649.04244709837,33654.54487602804,0.19099998474121094,4.802000045776367
25,1,9,local_search,reopt_pwldr,32059.018855762184,32176.927048642727,0.19099998474121094,4.802000045776367
25,1,10,black_box,obj_pwldr,33563.078727525135,33560.424920241174,0.18500018119812012,28.395999908447266
25,1,10,black_box,dr_pwldr,33662.320770331666,33653.842909816965,0.18500018119812012,28.395999908447266
25,1,10,black_box,reopt_pwldr,31782.145444994385,32151.115760252833,0.18500018119812012,28.395999908447266
25,1,10,local_search,obj_pwldr,33563.078727525135,33560.363031885616,0.18500018119812012,4.103000164031982
25,1,10,local_search,dr_pwldr,33662.320770331666,33654.70915961966,0.18500018119812012,4.103000164031982
25,1,10,local_search,reopt_pwldr,31782.145444994385,32179.80926763078,0.18500018119812012,4.103000164031982
25,2,1,black_box,obj_pwldr,33486.35310841265,33486.364255590204,0.020999908447265625,0.8819999694824219
25,2,1,black_box,dr_pwldr,33544.27054531992,33637.420334040806,0.020999908447265625,0.8819999694824219
25,2,1,black_box,reopt_pwldr,26511.110581841072,32215.893064716656,0.020999908447265625,0.8819999694824219
25,2,1,local_search,obj_pwldr,33486.35310841265,33486.364255590204,0.020999908447265625,0.039999961853027344
25,2,1,local_search,dr_pwldr,33544.27054531992,33637.420334040806,0.020999908447265625,0.039999961853027344
25,2,1,local_search,reopt_pwldr,26511.110581841072,32215.893064716656,0.020999908447265625,0.039999961853027344
25,2,2,black_box,obj_pwldr,33684.087584605295,33486.3531230579,0.026999950408935547,1.3569998741149902
25,2,2,black_box,dr_pwldr,33869.66023930187,33637.269582758636,0.026999950408935547,1.3569998741149902
25,2,2,black_box,reopt_pwldr,27345.534125638416,32207.958576699624,0.026999950408935547,1.3569998741149902
25,2,2,local_search,obj_pwldr,33684.087584605295,33486.3531230579,0.026999950408935547,0.09099984169006348
25,2,2,local_search,dr_pwldr,33869.66023930187,33637.269582758636,0.026999950408935547,0.09099984169006348
25,2,2,local_search,reopt_pwldr,27345.534125638416,32207.958576699624,0.026999950408935547,0.09099984169006348
25,2,3,black_box,obj_pwldr,33486.35310841265,33483.96078927583,0.025999784469604492,1.5889999866485596
25,2,3,black_box,dr_pwldr,33522.58825292329,33635.31254190778,0.025999784469604492,1.5889999866485596
25,2,3,black_box,reopt_pwldr,26511.110581841072,32195.343734686863,0.025999784469604492,1.5889999866485596
25,2,3,local_search,obj_pwldr,33486.35310841265,33483.96078927583,0.025999784469604492,0.1100001335144043
25,2,3,local_search,dr_pwldr,33522.58825292329,33635.31254190778,0.025999784469604492,0.1100001335144043
25,2,3,local_search,reopt_pwldr,26511.110581841072,32195.343734686863,0.025999784469604492,0.1100001335144043
25,2,4,black_box,obj_pwldr,33557.95688798684,33484.26663008622,0.04200005531311035,1.941999912261963
25,2,4,black_box,dr_pwldr,33626.3660890532,33636.08428178915,0.04200005531311035,1.941999912261963
25,2,4,black_box,reopt_pwldr,31471.15985839348,32249.503291682155,0.04200005531311035,1.941999912261963
25,2,4,local_search,obj_pwldr,33557.95688798684,33483.95299907174,0.04200005531311035,0.16700005531311035
25,2,4,local_search,dr_pwldr,33626.3660890532,33635.12569457917,0.04200005531311035,0.16700005531311035
25,2,4,local_search,reopt_pwldr,31471.15985839348,32185.72775749253,0.04200005531311035,0.16700005531311035
25,2,5,black_box,obj_pwldr,33486.353108412666,33484.11364133294,0.03099989891052246,2.4059998989105225
25,2,5,black_box,dr_pwldr,33667.49648733245,33636.08034169767,0.03099989891052246,2.4059998989105225
25,2,5,black_box,reopt_pwldr,26511.110581841072,32240.227470171194,0.03099989891052246,2.4059998989105225
25,2,5,local_search,obj_pwldr,33486.353108412666,33483.827440318535,0.03099989891052246,0.21600008010864258
25,2,5,local_search,dr_pwldr,33667.49648733245,33634.97079347037,0.03099989891052246,0.21600008010864258
25,2,5,local_search,reopt_pwldr,26511.110581841072,32189.309979154743,0.03099989891052246,0.21600008010864258
25,2,6,black_box,obj_pwldr,33522.94513266381,33484.01554977634,0.03399991989135742,2.672999858856201
25,2,6,black_box,dr_pwldr,33585.83681764495,33634.58220438406,0.03399991989135742,2.672999858856201
25,2,6,black_box,reopt_pwldr,26250.63792929695,32165.388529993095,0.03399991989135742,2.672999858856201
25,2,6,local_search,obj_pwldr,33522.94513266381,33483.992871860224,0.03399991989135742,0.26600003242492676
25,2,6,local_search,dr_pwldr,33585.83681764495,33635.19897592111,0.03399991989135742,0.26600003242492676
25,2,6,local_search,reopt_pwldr,26250.63792929695,32211.342186601574,0.03399991989135742,0.26600003242492676
25,2,7,black_box,obj_pwldr,33486.35310841266,33484.12553473124,0.0410001277923584,2.9100000858306885
25,2,7,black_box,dr_pwldr,33548.54035357099,33634.958997633454,0.0410001277923584,2.9100000858306885
25,2,7,black_box,reopt_pwldr,32084.336317119596,32191.235606958984,0.0410001277923584,2.9100000858306885
25,2,7,local_search,obj_pwldr,33486.35310841266,33484.12553473124,0.0410001277923584,0.3020000457763672
25,2,7,local_search,dr_pwldr,33548.54035357099,33634.958997633454,0.0410001277923584,0.3020000457763672
25,2,7,local_search,reopt_pwldr,32084.336317119596,32191.235606958984,0.0410001277923584,0.3020000457763672
25,2,8,black_box,obj_pwldr,33508.50387345485,33483.96137104425,0.051000118255615234,3.3919999599456787
25,2,8,black_box,dr_pwldr,33574.60418414779,33635.74149734936,0.051000118255615234,3.3919999599456787
25,2,8,black_box,reopt_pwldr,31743.540363642347,32230.504996597603,0.051000118255615234,3.3919999599456787
25,2,8,local_search,obj_pwldr,33508.50387345485,33483.7915909212,0.051000118255615234,0.44900012016296387
25,2,8,local_search,dr_pwldr,33574.60418414779,33635.02406735035,0.051000118255615234,0.44900012016296387
25,2,8,local_search,reopt_pwldr,31743.540363642347,32196.480637419278,0.051000118255615234,0.44900012016296387
25,2,9,black_box,obj_pwldr,33486.1540965043,33484.04912634084,0.04500007629394531,3.872999906539917
25,2,9,black_box,dr_pwldr,33548.5309173336,33635.02992515536,0.04500007629394531,3.872999906539917
25,2,9,black_box,reopt_pwldr,32070.535531052294,32199.31924507001,0.04500007629394531,3.872999906539917
25,2,9,local_search,obj_pwldr,33486.1540965043,33483.8041719203,0.04500007629394531,0.6289999485015869
25,2,9,local_search,dr_pwldr,33548.5309173336,33634.867871724506,0.04500007629394531,0.6289999485015869
25,2,9,local_search,reopt_pwldr,32070.535531052294,32198.212289371637,0.04500007629394531,0.6289999485015869
25,2,10,black_box,obj_pwldr,33500.81935301553,33483.903407607824,0.0410001277923584,4.365000009536743
25,2,10,black_box,dr_pwldr,33557.11693408315,33635.35795432058,0.0410001277923584,4.365000009536743
25,2,10,black_box,reopt_pwldr,32350.79121127993,32219.65113772248,0.0410001277923584,4.365000009536743
25,2,10,local_search,obj_pwldr,33500.81935301553,33483.781701206666,0.0410001277923584,0.6169998645782471
25,2,10,local_search,dr_pwldr,33557.11693408315,33634.885842852826,0.0410001277923584,0.6169998645782471
25,2,10,local_search,reopt_pwldr,32350.79121127993,32190.645296012142,0.0410001277923584,0.6169998645782471
25,3,1,black_box,obj_pwldr,33609.716594368954,33609.71922265223,0.018999814987182617,0.8669998645782471
25,3,1,black_box,dr_pwldr,33644.38638357363,33763.37287071495,0.018999814987182617,0.8669998645782471
25,3,1,black_box,reopt_pwldr,26602.10169741516,32212.255574798633,0.018999814987182617,0.8669998645782471
25,3,1,local_search,obj_pwldr,33609.716594368954,33609.71922265223,0.018999814987182617,0.04699993133544922
25,3,1,local_search,dr_pwldr,33644.38638357363,33763.37287071495,0.018999814987182617,0.04699993133544922
25,3,1,local_search,reopt_pwldr,26602.10169741516,32212.255574798633,0.018999814987182617,0.04699993133544922
25,3,2,black_box,obj_pwldr,33780.46666034747,33609.72599940841,0.020999908447265625,1.121999979019165
25,3,2,black_box,dr_pwldr,33799.86533519322,33763.31214689552,0.020999908447265625,1.121999979019165
25,3,2,black_box,reopt_pwldr,33107.93419950964,32200.63264132609,0.020999908447265625,1.121999979019165
25,3,2,local_search,obj_pwldr,33780.46666034747,33609.72599940841,0.020999908447265625,0.05500006675720215
25,3,2,local_search,dr_pwldr,33799.86533519322,33763.31214689552,0.020999908447265625,0.05500006675720215
25,3,2,local_search,reopt_pwldr,33107.93419950964,32200.63264132609,0.020999908447265625,0.05500006675720215
25,3,3,black_box,obj_pwldr,33609.716594368954,33609.71942299772,0.025999784469604492,1.3849999904632568
25,3,3,black_box,dr_pwldr,33644.38638357363,33763.3742241534,0.025999784469604492,1.3849999904632568
25,3,3,black_box,reopt_pwldr,26602.10169741516,32212.40595684173,0.025999784469604492,1.3849999904632568
25,3,3,local_search,obj_pwldr,33609.716594368954,33609.71942299772,0.025999784469604492,0.08099985122680664
25,3,3,local_search,dr_pwldr,33644.38638357363,33763.3742241534,0.025999784469604492,0.08099985122680664
25,3,3,local_search,reopt_pwldr,26602.10169741516,32212.40595684173,0.025999784469604492,0.08099985122680664
25,3,4,black_box,obj_pwldr,33671.186618121224,33609.7171311929,0.029000043869018555,1.6979999542236328
25,3,4,black_box,dr_pwldr,33829.56384388019,33763.35523319295,0.029000043869018555,1.6979999542236328
25,3,4,black_box,reopt_pwldr,32822.93635172588,32210.05266531919,0.029000043869018555,1.6979999542236328
25,3,4,local_search,obj_pwldr,33671.186618121224,33609.7171311929,0.029000043869018555,0.0970001220703125
25,3,4,local_search,dr_pwldr,33829.56384388019,33763.35523319295,0.029000043869018555,0.0970001220703125
25,3,4,local_search,reopt_pwldr,32822.93635172588,32210.05266531918,0.029000043869018555,0.0970001220703125
25,3,5,black_box,obj_pwldr,33609.716594368954,33609.720015184124,0.0410001277923584,1.9509999752044678
25,3,5,black_box,dr_pwldr,33670.338484221305,33763.319990368924,0.0410001277923584,1.9509999752044678
25,3,5,black_box,reopt_pwldr,26511.110581841072,32203.650510766183,0.0410001277923584,1.9509999752044678
25,3,5,local_search,obj_pwldr,33609.716594368954,33609.720015184124,0.0410001277923584,0.14300012588500977
25,3,5,local_search,dr_pwldr,33670.338484221305,33763.31999036893,0.0410001277923584,0.14300012588500977
25,3,5,local_search,reopt_pwldr,26511.110581841072,32203.650510766183,0.0410001277923584,0.14300012588500977
25,3,6,black_box,obj_pwldr,33641.07885138543,33609.72000216816,0.03900003433227539,2.3239998817443848
25,3,6,black_box,dr_pwldr,33663.40522995279,33763.377887410104,0.03900003433227539,2.3239998817443848
25,3,6,black_box,reopt_pwldr,32522.95460533637,32212.812985373137,0.03900003433227539,2.3239998817443848
25,3,6,local_search,obj_pwldr,33641.07885138543,33609.72000216816,0.03900003433227539,0.18799996376037598
25,3,6,local_search,dr_pwldr,33663.40522995279,33763.377887410104,0.03900003433227539,0.18799996376037598
25,3,6,local_search,reopt_pwldr,32522.95460533637,32212.812985373137,0.03900003433227539,0.18799996376037598
25,3,7,black_box,obj_pwldr,33609.71659436896,33609.71665015346,0.04199981689453125,2.623000144958496
25,3,7,black_box,dr_pwldr,33634.270398519366,33763.33866506236,0.04199981689453125,2.623000144958496
25,3,7,black_box,reopt_pwldr,32084.336317119596,32207.65053125766,0.04199981689453125,2.623000144958496
25,3,7,local_search,obj_pwldr,33609.71659436896,33609.716595686485,0.04199981689453125,0.2969999313354492
25,3,7,local_search,dr_pwldr,33634.270398519366,33763.34188738255,0.04199981689453125,0.2969999313354492
25,3,7,local_search,reopt_pwldr,32084.336317119596,32208.14612098036,0.04199981689453125,0.2969999313354492
25,3,8,black_box,obj_pwldr,33628.68882392213,33609.716594583544,0.037999868392944336,3.0369999408721924
25,3,8,black_box,dr_pwldr,33656.11362866871,33763.342771565025,0.037999868392944336,3.0369999408721924
25,3,8,black_box,reopt_pwldr,31743.540363642347,32208.272432763577,0.037999868392944336,3.0369999408721924
25,3,8,local_search,obj_pwldr,33628.68882392213,33609.716594583544,0.037999868392944336,0.3020000457763672
25,3,8,local_search,dr_pwldr,33656.11362866871,33763.342771565025,0.037999868392944336,0.3020000457763672
25,3,8,local_search,reopt_pwldr,31743.540363642347,32208.272432763577,0.037999868392944336,0.3020000457763672
25,3,9,black_box,obj_pwldr,33609.71659436897,33609.72369630054,0.04200005531311035,3.494999885559082
25,3,9,black_box,dr_pwldr,33727.2744316332,33763.31413936583,0.04200005531311035,3.494999885559082
25,3,9,black_box,reopt_pwldr,26602.10169741516,32201.628876486808,0.04200005531311035,3.494999885559082
25,3,9,local_search,obj_pwldr,33609.71659436897,33609.72369630054,0.04200005531311035,0.3619999885559082
25,3,9,local_search,dr_pwldr,33727.2744316332,33763.31413936583,0.04200005531311035,0.3619999885559082
25,3,9,local_search,reopt_pwldr,26602.10169741516,32201.628876486808,0.04200005531311035,0.3619999885559082
25,3,10,black_box,obj_pwldr,33622.417012499594,33609.7178867268,0.04699993133544922,3.82099986076355
25,3,10,black_box,dr_pwldr,33685.47053599677,33763.32593297679,0.04699993133544922,3.82099986076355
25,3,10,black_box,reopt_pwldr,26341.53751835564,32205.417581485934,0.04699993133544922,3.82099986076355
25,3,10,local_search,obj_pwldr,33622.417012499594,33609.7178867268,0.04699993133544922,0.44500017166137695
25,3,10,local_search,dr_pwldr,33685.47053599677,33763.32593297679,0.04699993133544922,0.44500017166137695
25,3,10,local_search,reopt_pwldr,26341.53751835564,32205.417581485934,0.04699993133544922,0.44500017166137695
25,4,1,black_box,obj_pwldr,32973.20551748455,32973.23819681626,0.016000032424926758,0.9149999618530273
25,4,1,black_box,dr_pwldr,33092.596475808954,33128.46252479203,0.016000032424926758,0.9149999618530273
25,4,1,black_box,reopt_pwldr,26602.10169741516,32217.915442839596,0.016000032424926758,0.9149999618530273
25,4,1,local_search,obj_pwldr,32973.20551748455,32973.23819681626,0.016000032424926758,0.037999868392944336
25,4,1,local_search,dr_pwldr,33092.596475808954,33128.46252479203,0.016000032424926758,0.037999868392944336
25,4,1,local_search,reopt_pwldr,26602.10169741516,32217.915442839596,0.016000032424926758,0.037999868392944336
25,4,2,black_box,obj_pwldr,33316.98599802005,32970.625145971135,0.029000043869018555,1.2430000305175781
25,4,2,black_box,dr_pwldr,33473.047933799084,33126.082347733056,0.029000043869018555,1.2430000305175781
25,4,2,black_box,reopt_pwldr,33232.73651007436,32197.07838143086,0.029000043869018555,1.2430000305175781
25,4,2,local_search,obj_pwldr,33316.98599802005,32970.625145971135,0.029000043869018555,0.07800006866455078
25,4,2,local_search,dr_pwldr,33473.047933799084,33126.082347733056,0.029000043869018555,0.07800006866455078
25,4,2,local_search,reopt_pwldr,33232.73651007436,32197.07838143086,0.029000043869018555,0.07800006866455078
25,4,3,black_box,obj_pwldr,32973.205517484545,32971.24487234862,0.03399991989135742,1.6530001163482666
25,4,3,black_box,dr_pwldr,32977.91015029851,33126.00303234774,0.03399991989135742,1.6530001163482666
25,4,3,black_box,reopt_pwldr,32084.336317119596,32233.568548434236,0.03399991989135742,1.6530001163482666
25,4,3,local_search,obj_pwldr,32973.205517484545,32971.05644226247,0.03399991989135742,0.1700000762939453
25,4,3,local_search,dr_pwldr,32977.91015029851,33125.805326482034,0.03399991989135742,0.1700000762939453
25,4,3,local_search,reopt_pwldr,32084.336317119596,32232.767884970763,0.03399991989135742,0.1700000762939453
25,4,4,black_box,obj_pwldr,33101.96701802995,32970.7633446883,0.03800010681152344,1.8889999389648438
25,4,4,black_box,dr_pwldr,33137.31969291035,33125.80871735554,0.03800010681152344,1.8889999389648438
25,4,4,black_box,reopt_pwldr,26154.949589696964,32216.753386682292,0.03800010681152344,1.8889999389648438
25,4,4,local_search,obj_pwldr,33101.96701802995,32970.7633446883,0.03800010681152344,0.1119999885559082
25,4,4,local_search,dr_pwldr,33137.31969291035,33125.80871735554,0.03800010681152344,0.1119999885559082
25,4,4,local_search,reopt_pwldr,26154.949589696964,32216.753386682292,0.03800010681152344,0.1119999885559082
25,4,5,black_box,obj_pwldr,32972.18420338887,32970.60641242186,0.0409998893737793,3.052000045776367
25,4,5,black_box,dr_pwldr,32976.77004517842,33126.071836635914,0.0409998893737793,3.052000045776367
25,4,5,black_box,reopt_pwldr,32065.605139356492,32197.240503142268,0.0409998893737793,3.052000045776367
25,4,5,local_search,obj_pwldr,32972.18420338887,32970.60641242186,0.0409998893737793,0.21300005912780762
25,4,5,local_search,dr_pwldr,32976.77004517842,33126.071836635914,0.0409998893737793,0.21300005912780762
25,4,5,local_search,reopt_pwldr,32065.605139356492,32197.240503142268,0.0409998893737793,0.21300005912780762
25,4,6,black_box,obj_pwldr,33037.56423539846,32970.6318222224,0.03400015830993652,2.82099986076355
25,4,6,black_box,dr_pwldr,33037.00584929813,33126.41441511142,0.03400015830993652,2.82099986076355
25,4,6,black_box,reopt_pwldr,31629.731074450072,32185.2062955349,0.03400015830993652,2.82099986076355
25,4,6,local_search,obj_pwldr,33037.56423539846,32970.6318222224,0.03400015830993652,0.2780001163482666
25,4,6,local_search,dr_pwldr,33037.00584929813,33126.41441511142,0.03400015830993652,0.2780001163482666
25,4,6,local_search,reopt_pwldr,31629.731074450072,32185.2062955349,0.03400015830993652,0.2780001163482666
25,4,7,black_box,obj_pwldr,32970.71324017823,32970.58017282553,0.04500007629394531,3.1519999504089355
25,4,7,black_box,dr_pwldr,32971.19287240138,33126.19128905562,0.04500007629394531,3.1519999504089355
25,4,7,black_box,reopt_pwldr,26496.32515934722,32192.52600581371,0.04500007629394531,3.1519999504089355
25,4,7,local_search,obj_pwldr,32970.71324017823,32970.58017282553,0.04500007629394531,0.28099989891052246
25,4,7,local_search,dr_pwldr,32971.19287240138,33126.19128905562,0.04500007629394531,0.28099989891052246
25,4,7,local_search,reopt_pwldr,26496.32515934722,32192.52600581371,0.04500007629394531,0.28099989891052246
25,4,8,black_box,obj_pwldr,33010.96944545936,32970.74439991978,0.0559999942779541,3.4719998836517334
25,4,8,black_box,dr_pwldr,33166.39739794723,33126.698227671055,0.0559999942779541,3.4719998836517334
25,4,8,black_box,reopt_pwldr,26819.77751685673,32177.457739988782,0.0559999942779541,3.4719998836517334
25,4,8,local_search,obj_pwldr,33010.96944545936,32970.66965330306,0.0559999942779541,0.5269999504089355
25,4,8,local_search,dr_pwldr,33166.39739794723,33126.63431216583,0.0559999942779541,0.5269999504089355
25,4,8,local_search,reopt_pwldr,26819.77751685673,32178.980015059275,0.0559999942779541,0.5269999504089355
25,4,9,black_box,obj_pwldr,32970.58627171587,32970.5791629246,0.0559999942779541,4.138999938964844
25,4,9,black_box,dr_pwldr,32975.37207125652,33126.06537593104,0.0559999942779541,4.138999938964844
25,4,9,black_box,reopt_pwldr,32072.141934905514,32197.95262619053,0.0559999942779541,4.138999938964844
25,4,9,local_search,obj_pwldr,32970.58627171587,32970.5791629246,0.0559999942779541,0.43400001525878906
25,4,9,local_search,dr_pwldr,32975.37207125652,33126.06537593104,0.0559999942779541,0.43400001525878906
25,4,9,local_search,reopt_pwldr,32072.141934905514,32197.95262619053,0.0559999942779541,0.43400001525878906
25,4,10,black_box,obj_pwldr,32997.74494071757,32970.57836119039,0.06099987030029297,4.490000009536743
25,4,10,black_box,dr_pwldr,33117.66770200562,33126.059797562666,0.06099987030029297,4.490000009536743
25,4,10,black_box,reopt_pwldr,26330.324829459983,32197.72437527008,0.06099987030029297,4.490000009536743
25,4,10,local_search,obj_pwldr,32997.74494071757,32970.57836119039,0.06099987030029297,0.5240001678466797
25,4,10,local_search,dr_pwldr,33117.66770200562,33126.05979756267,0.06099987030029297,0.5240001678466797
25,4,10,local_search,reopt_pwldr,26330.324829459983,32197.72437527008,0.06099987030029297,0.5240001678466797
26,1,1,black_box,obj_pwldr,33535.32042913237,33535.320526858144,0.026000022888183594,0.8279998302459717
26,1,1,black_box,dr_pwldr,33597.92766047891,33695.798950370605,0.026000022888183594,0.8279998302459717
26,1,1,black_box,reopt_pwldr,31974.156402842338,32087.388494395953,0.026000022888183594,0.8279998302459717
26,1,1,local_search,obj_pwldr,33535.32042913237,33535.320526858144,0.026000022888183594,0.03600001335144043
26,1,1,local_search,dr_pwldr,33597.92766047891,33695.798950370605,0.026000022888183594,0.03600001335144043
26,1,1,local_search,reopt_pwldr,31974.156402842338,32087.388494395953,0.026000022888183594,0.03600001335144043
26,1,2,black_box,obj_pwldr,33711.33951741102,33535.357204569846,0.02500009536743164,1.1039998531341553
26,1,2,black_box,dr_pwldr,33754.44253549642,33695.67338760191,0.02500009536743164,1.1039998531341553
26,1,2,black_box,reopt_pwldr,33030.18486158998,32071.356339328395,0.02500009536743164,1.1039998531341553
26,1,2,local_search,obj_pwldr,33711.33951741102,33535.357204569846,0.02500009536743164,0.051000118255615234
26,1,2,local_search,dr_pwldr,33754.44253549642,33695.67338760191,0.02500009536743164,0.051000118255615234
26,1,2,local_search,reopt_pwldr,33030.18486158998,32071.356339328395,0.02500009536743164,0.051000118255615234
26,1,3,black_box,obj_pwldr,33535.32042913237,33535.43397515604,0.023000001907348633,1.3499999046325684
26,1,3,black_box,dr_pwldr,33597.92766047891,33695.63183955203,0.023000001907348633,1.3499999046325684
26,1,3,black_box,reopt_pwldr,31974.156402842338,32059.812776120878,0.023000001907348633,1.3499999046325684
26,1,3,local_search,obj_pwldr,33535.32042913237,33535.43397515604,0.023000001907348633,0.0840001106262207
26,1,3,local_search,dr_pwldr,33597.92766047891,33695.63183955203,0.023000001907348633,0.0840001106262207
26,1,3,local_search,reopt_pwldr,31974.156402842338,32059.812776120878,0.023000001907348633,0.0840001106262207
26,1,4,black_box,obj_pwldr,33598.687300912694,33535.3291100549,0.023000001907348633,1.6389999389648438
26,1,4,black_box,dr_pwldr,33755.090920508046,33695.727383591104,0.023000001907348633,1.6389999389648438
26,1,4,black_box,reopt_pwldr,26947.25343667097,32079.195151463246,0.023000001907348633,1.6389999389648438
26,1,4,local_search,obj_pwldr,33598.687300912694,33535.3291100549,0.023000001907348633,0.11299991607666016
26,1,4,local_search,dr_pwldr,33755.090920508046,33695.727383591104,0.023000001907348633,0.11299991607666016
26,1,4,local_search,reopt_pwldr,26947.25343667097,32079.195151463246,0.023000001907348633,0.11299991607666016
26,1,5,black_box,obj_pwldr,33535.32042913237,33535.32113305379,0.046000003814697266,1.9639999866485596
26,1,5,black_box,dr_pwldr,33695.79186800733,33695.81148931387,0.046000003814697266,1.9639999866485596
26,1,5,black_box,reopt_pwldr,32086.60255735147,32088.711891050592,0.046000003814697266,1.9639999866485596
26,1,5,local_search,obj_pwldr,33535.32042913237,33535.32113305378,0.046000003814697266,0.27300000190734863
26,1,5,local_search,dr_pwldr,33695.79186800733,33695.81148931387,0.046000003814697266,0.27300000190734863
26,1,5,local_search,reopt_pwldr,32086.60255735147,32088.711891050592,0.046000003814697266,0.27300000190734863
26,1,6,black_box,obj_pwldr,33567.650465754974,33535.32079131443,0.03600001335144043,2.249000072479248
26,1,6,black_box,dr_pwldr,33650.00825626803,33695.80551871834,0.03600001335144043,2.249000072479248
26,1,6,black_box,reopt_pwldr,25959.15563332132,32088.115584308074,0.03600001335144043,2.249000072479248
26,1,6,local_search,obj_pwldr,33567.650465754974,33535.32079131443,0.03600001335144043,0.1770000457763672
26,1,6,local_search,dr_pwldr,33650.00825626803,33695.80551871834,0.03600001335144043,0.1770000457763672
26,1,6,local_search,reopt_pwldr,25959.15563332132,32088.115584308074,0.03600001335144043,0.1770000457763672
26,1,7,black_box,obj_pwldr,33535.32042913237,33535.33777271624,0.04500007629394531,2.61299991607666
26,1,7,black_box,dr_pwldr,33597.92766047891,33695.70288607885,0.04500007629394531,2.61299991607666
26,1,7,black_box,reopt_pwldr,31974.156402842338,32076.132414080635,0.04500007629394531,2.61299991607666
26,1,7,local_search,obj_pwldr,33535.32042913237,33535.33777271624,0.04500007629394531,0.23600006103515625
26,1,7,local_search,dr_pwldr,33597.92766047891,33695.70288607885,0.04500007629394531,0.23600006103515625
26,1,7,local_search,reopt_pwldr,31974.156402842338,32076.132414080635,0.04500007629394531,0.23600006103515625
26,1,8,black_box,obj_pwldr,33554.878105607786,33535.3225450432,0.04699993133544922,3.0460000038146973
26,1,8,black_box,dr_pwldr,33637.04134391153,33695.82927087858,0.04699993133544922,3.0460000038146973
26,1,8,black_box,reopt_pwldr,26016.53518082828,32090.259615643256,0.04699993133544922,3.0460000038146973
26,1,8,local_search,obj_pwldr,33554.878105607786,33535.3225450432,0.04699993133544922,0.2950000762939453
26,1,8,local_search,dr_pwldr,33637.04134391153,33695.82927087858,0.04699993133544922,0.2950000762939453
26,1,8,local_search,reopt_pwldr,26016.53518082828,32090.259615643256,0.04699993133544922,0.2950000762939453
26,1,9,black_box,obj_pwldr,33535.32042913238,33535.32249591642,0.03900003433227539,3.3980000019073486
26,1,9,black_box,dr_pwldr,33603.849105627414,33695.82875778674,0.03900003433227539,3.3980000019073486
26,1,9,black_box,reopt_pwldr,26301.617413862907,32090.21691190436,0.03900003433227539,3.3980000019073486
26,1,9,local_search,obj_pwldr,33535.32042913238,33535.32249591642,0.03900003433227539,0.37400007247924805
26,1,9,local_search,dr_pwldr,33603.849105627414,33695.82875778674,0.03900003433227539,0.37400007247924805
26,1,9,local_search,reopt_pwldr,26301.617413862907,32090.21691190436,0.03900003433227539,0.37400007247924805
26,1,10,black_box,obj_pwldr,33548.4127580126,33535.320542961395,0.05099987983703613,3.8320000171661377
26,1,10,black_box,dr_pwldr,33630.30498405297,33695.79951164584,0.05099987983703613,3.8320000171661377
26,1,10,black_box,reopt_pwldr,26053.597222688033,32087.450779673156,0.05099987983703613,3.8320000171661377
26,1,10,local_search,obj_pwldr,33548.4127580126,33535.32054296139,0.05099987983703613,0.9200000762939453
26,1,10,local_search,dr_pwldr,33630.30498405297,33695.79951164584,0.05099987983703613,0.9200000762939453
26,1,10,local_search,reopt_pwldr,26053.597222688033,32087.450779673156,0.05099987983703613,0.9200000762939453
26,2,1,black_box,obj_pwldr,32879.16783094502,32879.19426050058,0.019999980926513672,0.9060001373291016
26,2,1,black_box,dr_pwldr,32907.63370115962,33003.538984108156,0.019999980926513672,0.9060001373291016
26,2,1,black_box,reopt_pwldr,31974.156402842338,32077.77572620659,0.019999980926513672,0.9060001373291016
26,2,1,local_search,obj_pwldr,32879.16783094502,32879.19426050058,0.019999980926513672,0.03699994087219238
26,2,1,local_search,dr_pwldr,32907.63370115962,33003.538984108156,0.019999980926513672,0.03699994087219238
26,2,1,local_search,reopt_pwldr,31974.156402842338,32077.77572620659,0.019999980926513672,0.03699994087219238
26,2,2,black_box,obj_pwldr,33233.55672330114,32879.16989620984,0.03299999237060547,1.1949999332427979
26,2,2,black_box,dr_pwldr,33268.40723933135,33003.37701955228,0.03299999237060547,1.1949999332427979
26,2,2,black_box,reopt_pwldr,25657.372691094675,32084.135116005033,0.03299999237060547,1.1949999332427979
26,2,2,local_search,obj_pwldr,33233.55672330114,32879.16989620984,0.03299999237060547,0.06700015068054199
26,2,2,local_search,dr_pwldr,33268.40723933135,33003.37701955228,0.03299999237060547,0.06700015068054199
26,2,2,local_search,reopt_pwldr,25657.372691094675,32084.135116005033,0.03299999237060547,0.06700015068054199
26,2,3,black_box,obj_pwldr,32879.167830945036,32879.168814041645,0.03399991989135742,1.496000051498413
26,2,3,black_box,dr_pwldr,32982.943195620355,33003.272642362535,0.03399991989135742,1.496000051498413
26,2,3,black_box,reopt_pwldr,26226.972920313565,32088.304939376703,0.03399991989135742,1.496000051498413
26,2,3,local_search,obj_pwldr,32879.167830945036,32879.168814041645,0.03399991989135742,0.09400010108947754
26,2,3,local_search,dr_pwldr,32982.943195620355,33003.272642362535,0.03399991989135742,0.09400010108947754
26,2,3,local_search,reopt_pwldr,26226.972920313565,32088.304939376696,0.03399991989135742,0.09400010108947754
26,2,4,black_box,obj_pwldr,33011.90266651603,32879.17927015441,0.03400015830993652,1.871999979019165
26,2,4,black_box,dr_pwldr,33106.08598905524,33003.460615760494,0.03400015830993652,1.871999979019165
26,2,4,black_box,reopt_pwldr,25860.789136497002,32080.79548381612,0.03400015830993652,1.871999979019165
26,2,4,local_search,obj_pwldr,33011.90266651603,32879.17927015441,0.03400015830993652,0.12800002098083496
26,2,4,local_search,dr_pwldr,33106.08598905524,33003.460615760494,0.03400015830993652,0.12800002098083496
26,2,4,local_search,reopt_pwldr,25860.789136497002,32080.79548381612,0.03400015830993652,0.12800002098083496
26,2,5,black_box,obj_pwldr,32879.16783094502,32879.17382457281,0.031000137329101562,2.194999933242798
26,2,5,black_box,dr_pwldr,32922.08431603358,33003.214285577225,0.031000137329101562,2.194999933242798
26,2,5,black_box,reopt_pwldr,26226.972920313565,32090.805989088083,0.031000137329101562,2.194999933242798
26,2,5,local_search,obj_pwldr,32879.16783094502,32879.17382457281,0.031000137329101562,0.1529998779296875
26,2,5,local_search,dr_pwldr,32922.08431603358,33003.214285577225,0.031000137329101562,0.1529998779296875
26,2,5,local_search,reopt_pwldr,26226.972920313565,32090.805989088083,0.031000137329101562,0.1529998779296875
26,2,6,black_box,obj_pwldr,32947.66091631217,32879.16793644303,0.03699994087219238,2.7920000553131104
26,2,6,black_box,dr_pwldr,32975.45378880739,33003.32921511321,0.03699994087219238,2.7920000553131104
26,2,6,black_box,reopt_pwldr,26018.767329862818,32086.0448825737,0.03699994087219238,2.7920000553131104
26,2,6,local_search,obj_pwldr,32947.66091631217,32879.16793644303,0.03699994087219238,0.22300004959106445
26,2,6,local_search,dr_pwldr,32975.45378880739,33003.32921511321,0.03699994087219238,0.22300004959106445
26,2,6,local_search,reopt_pwldr,26018.767329862818,32086.0448825737,0.03699994087219238,0.22300004959106445
26,2,7,black_box,obj_pwldr,32879.16783094503,32879.17051753964,0.05200004577636719,3.2210001945495605
26,2,7,black_box,dr_pwldr,32913.55514630812,33003.24490884716,0.05200004577636719,3.2210001945495605
26,2,7,black_box,reopt_pwldr,26301.617413862907,32089.41679040378,0.05200004577636719,3.2210001945495605
26,2,7,local_search,obj_pwldr,32879.16783094503,32879.17051753964,0.05200004577636719,0.2669999599456787
26,2,7,local_search,dr_pwldr,32913.55514630812,33003.244908847155,0.05200004577636719,0.2669999599456787
26,2,7,local_search,reopt_pwldr,26301.617413862907,32089.41679040378,0.05200004577636719,0.2669999599456787
26,2,8,black_box,obj_pwldr,32920.7976772168,32879.16783361302,0.04400014877319336,3.7649998664855957
26,2,8,black_box,dr_pwldr,32944.0832695944,33003.3174755723,0.04400014877319336,3.7649998664855957
26,2,8,black_box,reopt_pwldr,31622.254470538443,32086.5138721299,0.04400014877319336,3.7649998664855957
26,2,8,local_search,obj_pwldr,32920.7976772168,32879.16783361302,0.04400014877319336,0.4119999408721924
26,2,8,local_search,dr_pwldr,32944.0832695944,33003.3174755723,0.04400014877319336,0.4119999408721924
26,2,8,local_search,reopt_pwldr,31622.254470538443,32086.5138721299,0.04400014877319336,0.4119999408721924
26,2,9,black_box,obj_pwldr,32879.16783094502,32879.17041020169,0.05300021171569824,3.9100000858306885
26,2,9,black_box,dr_pwldr,32913.55514630812,33003.38427870225,0.05300021171569824,3.9100000858306885
26,2,9,black_box,reopt_pwldr,26301.617413862907,32083.84511611928,0.05300021171569824,3.9100000858306885
26,2,9,local_search,obj_pwldr,32879.16783094502,32879.17041020169,0.05300021171569824,0.44499993324279785
26,2,9,local_search,dr_pwldr,32913.55514630812,33003.38427870225,0.05300021171569824,0.44499993324279785
26,2,9,local_search,reopt_pwldr,26301.617413862907,32083.84511611928,0.05300021171569824,0.44499993324279785
26,2,10,black_box,obj_pwldr,32907.10265023324,32879.17223441393,0.06200003623962402,4.368000030517578
26,2,10,black_box,dr_pwldr,32938.85506320166,33003.22717339025,0.06200003623962402,4.368000030517578
26,2,10,black_box,reopt_pwldr,32262.138612245075,32090.205493126246,0.06200003623962402,4.368000030517578
26,2,10,local_search,obj_pwldr,32907.10265023324,32879.17223441393,0.06200003623962402,0.5069999694824219
26,2,10,local_search,dr_pwldr,32938.85506320166,33003.22717339025,0.06200003623962402,0.5069999694824219
26,2,10,local_search,reopt_pwldr,32262.138612245075,32090.205493126246,0.06200003623962402,0.5069999694824219
26,3,1,black_box,obj_pwldr,33402.7362067785,33402.73660968413,0.03600001335144043,0.8600001335144043
26,3,1,black_box,dr_pwldr,33516.602426777485,33531.05600232314,0.03600001335144043,0.8600001335144043
26,3,1,black_box,reopt_pwldr,26317.20644300706,32133.924714048382,0.03600001335144043,0.8600001335144043
26,3,1,local_search,obj_pwldr,33402.7362067785,33402.73660968413,0.03600001335144043,0.040000200271606445
26,3,1,local_search,dr_pwldr,33516.602426777485,33531.05600232314,0.03600001335144043,0.040000200271606445
26,3,1,local_search,reopt_pwldr,26317.20644300706,32133.924714048382,0.03600001335144043,0.040000200271606445
26,3,2,black_box,obj_pwldr,33607.217245691914,33402.75706807642,0.029000043869018555,1.2150001525878906
26,3,2,black_box,dr_pwldr,33632.64402282627,33531.065506794475,0.029000043869018555,1.2150001525878906
26,3,2,black_box,reopt_pwldr,33039.81965098476,32122.275702388175,0.029000043869018555,1.2150001525878906
26,3,2,local_search,obj_pwldr,33607.217245691914,33402.75706807642,0.029000043869018555,0.05900001525878906
26,3,2,local_search,dr_pwldr,33632.64402282627,33531.065506794475,0.029000043869018555,0.05900001525878906
26,3,2,local_search,reopt_pwldr,33039.81965098476,32122.275702388175,0.029000043869018555,0.05900001525878906
26,3,3,black_box,obj_pwldr,33402.7362067785,33402.73621149999,0.03299999237060547,1.4779999256134033
26,3,3,black_box,dr_pwldr,33516.602426777485,33531.05272115116,0.03299999237060547,1.4779999256134033
26,3,3,black_box,reopt_pwldr,26317.20644300706,32132.349300693313,0.03299999237060547,1.4779999256134033
26,3,3,local_search,obj_pwldr,33402.7362067785,33402.73621149999,0.03299999237060547,0.0989999771118164
26,3,3,local_search,dr_pwldr,33516.602426777485,33531.05272115116,0.03299999237060547,0.0989999771118164
26,3,3,local_search,reopt_pwldr,26317.20644300706,32132.349300693313,0.03299999237060547,0.0989999771118164
26,3,4,black_box,obj_pwldr,33476.78305748143,33402.73640449832,0.0280001163482666,1.821000099182129
26,3,4,black_box,dr_pwldr,33612.04594012013,33531.05180846894,0.0280001163482666,1.821000099182129
26,3,4,black_box,reopt_pwldr,32746.619388215262,32131.50740081164,0.0280001163482666,1.821000099182129
26,3,4,local_search,obj_pwldr,33476.78305748143,33402.73640449832,0.0280001163482666,0.12299990653991699
26,3,4,local_search,dr_pwldr,33612.04594012013,33531.05180846894,0.0280001163482666,0.12299990653991699
26,3,4,local_search,reopt_pwldr,32746.619388215262,32131.50740081164,0.0280001163482666,0.12299990653991699
26,3,5,black_box,obj_pwldr,33402.736206778485,33402.739011167905,0.03299999237060547,2.190000057220459
26,3,5,black_box,dr_pwldr,33441.292932316836,33531.06195260612,0.03299999237060547,2.190000057220459
26,3,5,black_box,reopt_pwldr,26189.84331859851,32136.253590015604,0.03299999237060547,2.190000057220459
26,3,5,local_search,obj_pwldr,33402.736206778485,33402.739011167905,0.03299999237060547,0.18599987030029297
26,3,5,local_search,dr_pwldr,33441.292932316836,33531.06195260612,0.03299999237060547,0.18599987030029297
26,3,5,local_search,reopt_pwldr,26189.84331859851,32136.253590015604,0.03299999237060547,0.18599987030029297
26,3,6,black_box,obj_pwldr,33440.576725432074,33402.73974428924,0.03699994087219238,2.6089999675750732
26,3,6,black_box,dr_pwldr,33467.10039057918,33531.063395253674,0.03699994087219238,2.6089999675750732
26,3,6,black_box,reopt_pwldr,31562.42861164606,32136.715387777196,0.03699994087219238,2.6089999675750732
26,3,6,local_search,obj_pwldr,33440.576725432074,33402.73974428924,0.03699994087219238,0.20399999618530273
26,3,6,local_search,dr_pwldr,33467.10039057918,33531.063395253674,0.03699994087219238,0.20399999618530273
26,3,6,local_search,reopt_pwldr,31562.42861164606,32136.715387777196,0.03699994087219238,0.20399999618530273
26,3,7,black_box,obj_pwldr,33402.7362067785,33402.74180034644,0.04399991035461426,3.0490000247955322
26,3,7,black_box,dr_pwldr,33424.65966439751,33531.05429679732,0.04399991035461426,3.0490000247955322
26,3,7,black_box,reopt_pwldr,32003.178117446278,32127.20705147972,0.04399991035461426,3.0490000247955322
26,3,7,local_search,obj_pwldr,33402.7362067785,33402.74180034644,0.04399991035461426,0.2930002212524414
26,3,7,local_search,dr_pwldr,33424.65966439751,33531.05429679732,0.04399991035461426,0.2930002212524414
26,3,7,local_search,reopt_pwldr,32003.178117446278,32127.20705147972,0.04399991035461426,0.2930002212524414
26,3,8,black_box,obj_pwldr,33425.642740508825,33402.73652160834,0.051000118255615234,3.4529998302459717
26,3,8,black_box,dr_pwldr,33447.60240045595,33531.05153691192,0.051000118255615234,3.4529998302459717
26,3,8,black_box,reopt_pwldr,32347.482457235074,32131.246641933765,0.051000118255615234,3.4529998302459717
26,3,8,local_search,obj_pwldr,33425.642740508825,33402.73652160834,0.051000118255615234,0.3559999465942383
26,3,8,local_search,dr_pwldr,33447.60240045595,33531.05153691192,0.051000118255615234,0.3559999465942383
26,3,8,local_search,reopt_pwldr,32347.482457235074,32131.246641933758,0.051000118255615234,0.3559999465942383
26,3,9,black_box,obj_pwldr,33402.73620677851,33402.73645730411,0.05200004577636719,3.934000015258789
26,3,9,black_box,dr_pwldr,33531.053041651416,33531.05537626308,0.05200004577636719,3.934000015258789
26,3,9,black_box,reopt_pwldr,32132.503184835823,32133.62411920807,0.05200004577636719,3.934000015258789
26,3,9,local_search,obj_pwldr,33402.73620677851,33402.73645730411,0.05200004577636719,0.4870002269744873
26,3,9,local_search,dr_pwldr,33531.053041651416,33531.05537626308,0.05200004577636719,0.4870002269744873
26,3,9,local_search,reopt_pwldr,32132.503184835823,32133.62411920807,0.05200004577636719,0.4870002269744873
26,3,10,black_box,obj_pwldr,33418.07554244074,33402.737921700886,0.04900002479553223,4.4049999713897705
26,3,10,black_box,dr_pwldr,33459.15512458727,33531.051449438455,0.04900002479553223,4.4049999713897705
26,3,10,black_box,reopt_pwldr,26014.072564151265,32129.570604462653,0.04900002479553223,4.4049999713897705
26,3,10,local_search,obj_pwldr,33418.07554244074,33402.737921700886,0.04900002479553223,0.5420000553131104
26,3,10,local_search,dr_pwldr,33459.15512458727,33531.05144943845,0.04900002479553223,0.5420000553131104
26,3,10,local_search,reopt_pwldr,26014.072564151265,32129.570604462653,0.04900002479553223,0.5420000553131104
26,4,1,black_box,obj_pwldr,33526.699679536636,33526.69972453035,0.018999814987182617,1.5959999561309814
26,4,1,black_box,dr_pwldr,33606.715935617176,33629.22742089043,0.018999814987182617,1.5959999561309814
26,4,1,black_box,reopt_pwldr,26226.972920313565,32085.33275469934,0.018999814987182617,1.5959999561309814
26,4,1,local_search,obj_pwldr,33526.699679536636,33526.69972453035,0.018999814987182617,0.037999868392944336
26,4,1,local_search,dr_pwldr,33606.715935617176,33629.22742089043,0.018999814987182617,0.037999868392944336
26,4,1,local_search,reopt_pwldr,26226.972920313565,32085.33275469934,0.018999814987182617,0.037999868392944336
26,4,2,black_box,obj_pwldr,33596.39243082987,33526.699748862346,0.0409998893737793,3.756999969482422
26,4,2,black_box,dr_pwldr,33710.54139180143,33629.32430664311,0.0409998893737793,3.756999969482422
26,4,2,black_box,reopt_pwldr,25657.372691094675,32088.178742727443,0.0409998893737793,3.756999969482422
26,4,2,local_search,obj_pwldr,33596.39243082987,33526.699748862346,0.0409998893737793,0.18400001525878906
26,4,2,local_search,dr_pwldr,33710.54139180143,33629.32430664311,0.0409998893737793,0.18400001525878906
26,4,2,local_search,reopt_pwldr,25657.372691094675,32088.178742727443,0.0409998893737793,0.18400001525878906
26,4,3,black_box,obj_pwldr,33526.699679536636,33526.69994771053,0.05499982833862305,6.411999940872192
26,4,3,black_box,dr_pwldr,33592.265320743296,33629.16511441635,0.05499982833862305,6.411999940872192
26,4,3,black_box,reopt_pwldr,31974.156402842338,32083.502521932685,0.05499982833862305,6.411999940872192
26,4,3,local_search,obj_pwldr,33526.699679536636,33526.69994771053,0.05499982833862305,0.33500003814697266
26,4,3,local_search,dr_pwldr,33592.265320743296,33629.16511441635,0.05499982833862305,0.33500003814697266
26,4,3,local_search,reopt_pwldr,31974.156402842338,32083.502521932685,0.05499982833862305,0.33500003814697266
26,4,4,black_box,obj_pwldr,33542.86801738543,33526.69977065819,0.07299995422363281,9.787999868392944
26,4,4,black_box,dr_pwldr,33645.76879891779,33629.20913137655,0.07299995422363281,9.787999868392944
26,4,4,black_box,reopt_pwldr,25860.789136497002,32084.79550607317,0.07299995422363281,9.787999868392944
26,4,4,local_search,obj_pwldr,33542.86801738543,33526.69977065819,0.07299995422363281,0.6589999198913574
26,4,4,local_search,dr_pwldr,33645.76879891779,33629.20913137655,0.07299995422363281,0.6589999198913574
26,4,4,local_search,reopt_pwldr,25860.789136497002,32084.79550607317,0.07299995422363281,0.6589999198913574
26,4,5,black_box,obj_pwldr,33526.69967953665,33526.699868870724,0.07899999618530273,12.641000032424927
26,4,5,black_box,dr_pwldr,33592.2653207433,33629.18197386048,0.07899999618530273,12.641000032424927
26,4,5,black_box,reopt_pwldr,31974.156402842345,32083.99776271646,0.07899999618530273,12.641000032424927
26,4,5,local_search,obj_pwldr,33526.69967953665,33526.699868870724,0.07899999618530273,0.7880001068115234
26,4,5,local_search,dr_pwldr,33592.2653207433,33629.18197386048,0.07899999618530273,0.7880001068115234
26,4,5,local_search,reopt_pwldr,31974.156402842345,32083.99776271646,0.07899999618530273,0.7880001068115234
26,4,6,black_box,obj_pwldr,33533.69088700777,33526.701688134635,0.0970001220703125,15.513000011444092
26,4,6,black_box,dr_pwldr,33630.98086251301,33629.57000944892,0.0970001220703125,15.513000011444092
26,4,6,black_box,reopt_pwldr,25959.15563332132,32095.086351499693,0.0970001220703125,15.513000011444092
26,4,6,local_search,obj_pwldr,33533.69088700777,33526.70168813464,0.0970001220703125,1.4689998626708984
26,4,6,local_search,dr_pwldr,33630.98086251301,33629.57000944892,0.0970001220703125,1.4689998626708984
26,4,6,local_search,reopt_pwldr,25959.15563332132,32095.086351499693,0.0970001220703125,1.4689998626708984
26,4,7,black_box,obj_pwldr,33526.69967953665,33526.69993858355,0.14600014686584473,18.502000093460083
26,4,7,black_box,dr_pwldr,33592.265320743296,33629.37553631752,0.14600014686584473,18.502000093460083
26,4,7,black_box,reopt_pwldr,31974.156402842338,32089.649383672244,0.14600014686584473,18.502000093460083
26,4,7,local_search,obj_pwldr,33526.69967953665,33526.69993858355,0.14600014686584473,1.7060000896453857
26,4,7,local_search,dr_pwldr,33592.265320743296,33629.37553631752,0.14600014686584473,1.7060000896453857
26,4,7,local_search,reopt_pwldr,31974.156402842338,32089.649383672244,0.14600014686584473,1.7060000896453857
26,4,8,black_box,obj_pwldr,33530.61881492007,33526.699810565595,0.15799999237060547,22.51799988746643
26,4,8,black_box,dr_pwldr,33639.14079420609,33629.196880334996,0.15799999237060547,22.51799988746643
26,4,8,black_box,reopt_pwldr,26736.59986534529,32084.43563564218,0.15799999237060547,22.51799988746643
26,4,8,local_search,obj_pwldr,33530.61881492007,33526.699810565595,0.15799999237060547,2.4800000190734863
26,4,8,local_search,dr_pwldr,33639.14079420609,33629.196880334996,0.15799999237060547,2.4800000190734863
26,4,8,local_search,reopt_pwldr,26736.59986534529,32084.43563564218,0.15799999237060547,2.4800000190734863
26,4,9,black_box,obj_pwldr,33526.69967953664,33526.699698120974,0.17400002479553223,25.40000009536743
26,4,9,black_box,dr_pwldr,33614.82003381102,33629.29843052623,0.17400002479553223,25.40000009536743
26,4,9,black_box,reopt_pwldr,26319.886212872607,32087.418640061114,0.17400002479553223,25.40000009536743
26,4,9,local_search,obj_pwldr,33526.69967953664,33526.699698120974,0.17400002479553223,3.0920000076293945
26,4,9,local_search,dr_pwldr,33614.82003381102,33629.29843052623,0.17400002479553223,3.0920000076293945
26,4,9,local_search,reopt_pwldr,26319.886212872607,32087.418640061114,0.17400002479553223,3.0920000076293945
26,4,10,black_box,obj_pwldr,33529.21879020997,33526.699696586875,0.1940000057220459,28.79699993133545
26,4,10,black_box,dr_pwldr,33635.63260574589,33629.29725917135,0.1940000057220459,28.79699993133545
26,4,10,black_box,reopt_pwldr,26690.120151564086,32087.384231885564,0.1940000057220459,28.79699993133545
26,4,10,local_search,obj_pwldr,33529.21879020997,33526.699696586875,0.1940000057220459,3.693000078201294
26,4,10,local_search,dr_pwldr,33635.63260574589,33629.29725917135,0.1940000057220459,3.693000078201294
26,4,10,local_search,reopt_pwldr,26690.120151564086,32087.384231885564,0.1940000057220459,3.693000078201294
27,1,1,black_box,obj_pwldr,35916.68056159508,35916.9468382561,0.018000125885009766,0.9529998302459717
27,1,1,black_box,dr_pwldr,35984.264385269365,36067.591987147,0.018000125885009766,0.9529998302459717
27,1,1,black_box,reopt_pwldr,29474.646164886995,35107.23478396986,0.018000125885009766,0.9529998302459717
27,1,1,local_search,obj_pwldr,35916.68056159508,35916.9468382561,0.018000125885009766,0.0410001277923584
27,1,1,local_search,dr_pwldr,35984.264385269365,36067.591987147,0.018000125885009766,0.0410001277923584
27,1,1,local_search,reopt_pwldr,29474.646164886995,35107.23478396986,0.018000125885009766,0.0410001277923584
27,1,2,black_box,obj_pwldr,36295.55402583159,35916.69700848235,0.023000001907348633,1.2779998779296875
27,1,2,black_box,dr_pwldr,36353.31869214558,36066.97722019227,0.023000001907348633,1.2779998779296875
27,1,2,black_box,reopt_pwldr,33689.12757513865,35085.487502588076,0.023000001907348633,1.2779998779296875
27,1,2,local_search,obj_pwldr,36295.55402583159,35916.69700848235,0.023000001907348633,0.05900001525878906
27,1,2,local_search,dr_pwldr,36353.31869214558,36066.97722019227,0.023000001907348633,0.05900001525878906
27,1,2,local_search,reopt_pwldr,33689.12757513865,35085.487502588076,0.023000001907348633,0.05900001525878906
27,1,3,black_box,obj_pwldr,35916.68056159509,35916.84365736913,0.03800010681152344,1.5220000743865967
27,1,3,black_box,dr_pwldr,35964.73415893223,36066.583073740876,0.03800010681152344,1.5220000743865967
27,1,3,black_box,reopt_pwldr,34810.45557037429,35055.647768760784,0.03800010681152344,1.5220000743865967
27,1,3,local_search,obj_pwldr,35916.68056159509,35916.84365736913,0.03800010681152344,0.10000014305114746
27,1,3,local_search,dr_pwldr,35964.73415893223,36066.583073740876,0.03800010681152344,0.10000014305114746
27,1,3,local_search,reopt_pwldr,34810.45557037429,35055.647768760784,0.03800010681152344,0.10000014305114746
27,1,4,black_box,obj_pwldr,36058.5859882672,35916.6808467217,0.042999982833862305,1.940000057220459
27,1,4,black_box,dr_pwldr,36145.29330505544,36066.8035401799,0.042999982833862305,1.940000057220459
27,1,4,black_box,reopt_pwldr,28918.323184348577,35077.3486798669,0.042999982833862305,1.940000057220459
27,1,4,local_search,obj_pwldr,36058.5859882672,35916.6808467217,0.042999982833862305,0.1380000114440918
27,1,4,local_search,dr_pwldr,36145.29330505544,36066.8035401799,0.042999982833862305,0.1380000114440918
27,1,4,local_search,reopt_pwldr,28918.323184348577,35077.3486798669,0.042999982833862305,0.1380000114440918
27,1,5,black_box,obj_pwldr,35916.68056159509,35916.68669566652,0.03099989891052246,2.2699999809265137
27,1,5,black_box,dr_pwldr,36047.29104423813,36066.743896808235,0.03099989891052246,2.2699999809265137
27,1,5,black_box,reopt_pwldr,29354.550387606174,35073.90348327955,0.03099989891052246,2.2699999809265137
27,1,5,local_search,obj_pwldr,35916.68056159509,35916.68669566652,0.03099989891052246,0.15799999237060547
27,1,5,local_search,dr_pwldr,36047.29104423813,36066.743896808235,0.03099989891052246,0.15799999237060547
27,1,5,local_search,reopt_pwldr,29354.550387606174,35073.90348327955,0.03099989891052246,0.15799999237060547
27,1,6,black_box,obj_pwldr,35989.90580394614,35916.68929940297,0.03400015830993652,2.6730000972747803
27,1,6,black_box,dr_pwldr,36041.63982872845,36066.7309964628,0.03400015830993652,2.6730000972747803
27,1,6,black_box,reopt_pwldr,34449.43364763434,35073.053551804245,0.03400015830993652,2.6730000972747803
27,1,6,local_search,obj_pwldr,35989.90580394614,35916.68929940297,0.03400015830993652,0.20200014114379883
27,1,6,local_search,dr_pwldr,36041.63982872845,36066.7309964628,0.03400015830993652,0.20200014114379883
27,1,6,local_search,reopt_pwldr,34449.43364763434,35073.053551804245,0.03400015830993652,0.20200014114379883
27,1,7,black_box,obj_pwldr,35916.68056159507,35916.68091053158,0.037000179290771484,3.6710000038146973
27,1,7,black_box,dr_pwldr,35964.73415893223,36066.80172489434,0.037000179290771484,3.6710000038146973
27,1,7,black_box,reopt_pwldr,34810.45557037429,35077.24806570197,0.037000179290771484,3.6710000038146973
27,1,7,local_search,obj_pwldr,35916.68056159507,35916.68091053158,0.037000179290771484,0.32899999618530273
27,1,7,local_search,dr_pwldr,35964.73415893223,36066.80172489434,0.037000179290771484,0.32899999618530273
27,1,7,local_search,reopt_pwldr,34810.45557037429,35077.24806570197,0.037000179290771484,0.32899999618530273
27,1,8,black_box,obj_pwldr,35961.1865955392,35916.680763987766,0.04800009727478027,3.4210000038146973
27,1,8,black_box,dr_pwldr,36009.340185326284,36066.80623072197,0.04800009727478027,3.4210000038146973
27,1,8,black_box,reopt_pwldr,35185.92109245854,35077.497806077175,0.04800009727478027,3.4210000038146973
27,1,8,local_search,obj_pwldr,35961.1865955392,35916.680763987766,0.04800009727478027,0.3380000591278076
27,1,8,local_search,dr_pwldr,36009.340185326284,36066.80623072197,0.04800009727478027,0.3380000591278076
27,1,8,local_search,reopt_pwldr,35185.92109245854,35077.497806077175,0.04800009727478027,0.3380000591278076
27,1,9,black_box,obj_pwldr,35916.68056159509,35916.68059238293,0.04699993133544922,4.007999897003174
27,1,9,black_box,dr_pwldr,36051.983689509376,36066.82719651373,0.04699993133544922,4.007999897003174
27,1,9,black_box,reopt_pwldr,28418.512216490486,35078.606777916044,0.04699993133544922,4.007999897003174
27,1,9,local_search,obj_pwldr,35916.68056159509,35916.68059238293,0.04699993133544922,0.44700002670288086
27,1,9,local_search,dr_pwldr,36051.983689509376,36066.82719651373,0.04699993133544922,0.44700002670288086
27,1,9,local_search,reopt_pwldr,28418.512216490486,35078.606777916044,0.04699993133544922,0.44700002670288086
27,1,10,black_box,obj_pwldr,35946.54538519658,35916.685314670816,0.054000139236450195,4.4659998416900635
27,1,10,black_box,dr_pwldr,36019.48324988929,36066.752408672946,0.054000139236450195,4.4659998416900635
27,1,10,black_box,reopt_pwldr,29236.48753849746,35074.4293796892,0.054000139236450195,4.4659998416900635
27,1,10,local_search,obj_pwldr,35946.54538519658,35916.685314670816,0.054000139236450195,0.5460000038146973
27,1,10,local_search,dr_pwldr,36019.48324988929,36066.752408672946,0.054000139236450195,0.5460000038146973
27,1,10,local_search,reopt_pwldr,29236.48753849746,35074.42937968921,0.054000139236450195,0.5460000038146973
27,2,1,black_box,obj_pwldr,36407.86806758156,36407.86455576141,0.01399993896484375,0.9839999675750732
27,2,1,black_box,dr_pwldr,36491.00133969129,36570.97562109846,0.01399993896484375,0.9839999675750732
27,2,1,black_box,reopt_pwldr,28685.185617664876,34969.51837820536,0.01399993896484375,0.9839999675750732
27,2,1,local_search,obj_pwldr,36407.86806758156,36407.86455576141,0.01399993896484375,0.04900002479553223
27,2,1,local_search,dr_pwldr,36491.00133969129,36570.97562109847,0.01399993896484375,0.04900002479553223
27,2,1,local_search,reopt_pwldr,28685.185617664876,34969.51837820536,0.01399993896484375,0.04900002479553223
27,2,2,black_box,obj_pwldr,36629.84921467222,36404.25551784885,0.021000146865844727,1.246000051498413
27,2,2,black_box,dr_pwldr,36743.64129884838,36567.01383737961,0.021000146865844727,1.246000051498413
27,2,2,black_box,reopt_pwldr,28872.56598429276,34954.30705720541,0.021000146865844727,1.246000051498413
27,2,2,local_search,obj_pwldr,36629.84921467222,36404.255517848855,0.021000146865844727,0.06599998474121094
27,2,2,local_search,dr_pwldr,36743.64129884838,36567.01383737961,0.021000146865844727,0.06599998474121094
27,2,2,local_search,reopt_pwldr,28872.56598429276,34954.30705720541,0.021000146865844727,0.06599998474121094
27,2,3,black_box,obj_pwldr,36405.310598713004,36404.44868422982,0.03299999237060547,1.5830001831054688
27,2,3,black_box,dr_pwldr,36471.38514819862,36567.7063349972,0.03299999237060547,1.5830001831054688
27,2,3,black_box,reopt_pwldr,28826.922817602586,34981.838645503216,0.03299999237060547,1.5830001831054688
27,2,3,local_search,obj_pwldr,36405.310598713004,36404.44868422982,0.03299999237060547,0.10100007057189941
27,2,3,local_search,dr_pwldr,36471.38514819862,36567.7063349972,0.03299999237060547,0.10100007057189941
27,2,3,local_search,reopt_pwldr,28826.922817602586,34981.838645503216,0.03299999237060547,0.10100007057189941
27,2,4,black_box,obj_pwldr,36484.78147226036,36404.02104013276,0.03600001335144043,1.944000005722046
27,2,4,black_box,dr_pwldr,36539.515310681476,36567.04780684447,0.03600001335144043,1.944000005722046
27,2,4,black_box,reopt_pwldr,34680.17432119367,34969.36340950595,0.03600001335144043,1.944000005722046
27,2,4,local_search,obj_pwldr,36484.78147226036,36404.02104013276,0.03600001335144043,0.13699984550476074
27,2,4,local_search,dr_pwldr,36539.515310681476,36567.04780684447,0.03600001335144043,0.13699984550476074
27,2,4,local_search,reopt_pwldr,34680.17432119367,34969.36340950595,0.03600001335144043,0.13699984550476074
27,2,5,black_box,obj_pwldr,36404.37138406867,36404.01493118672,0.03299999237060547,2.2790000438690186
27,2,5,black_box,dr_pwldr,36499.59190391023,36566.763517703446,0.03299999237060547,2.2790000438690186
27,2,5,black_box,reopt_pwldr,28805.551284892386,34953.89957517535,0.03299999237060547,2.2790000438690186
27,2,5,local_search,obj_pwldr,36404.37138406867,36404.01493118672,0.03299999237060547,0.18400001525878906
27,2,5,local_search,dr_pwldr,36499.59190391023,36566.763517703446,0.03299999237060547,0.18400001525878906
27,2,5,local_search,reopt_pwldr,28805.551284892386,34953.89957517535,0.03299999237060547,0.18400001525878906
27,2,6,black_box,obj_pwldr,36444.513112227825,36404.110283467366,0.04499983787536621,2.881999969482422
27,2,6,black_box,dr_pwldr,36572.40911729529,36567.51443727492,0.04499983787536621,2.881999969482422
27,2,6,black_box,reopt_pwldr,28389.41293724535,34990.40963643047,0.04499983787536621,2.881999969482422
27,2,6,local_search,obj_pwldr,36444.513112227825,36404.110283467366,0.04499983787536621,0.22800016403198242
27,2,6,local_search,dr_pwldr,36572.40911729529,36567.51443727492,0.04499983787536621,0.22800016403198242
27,2,6,local_search,reopt_pwldr,28389.41293724535,34990.40963643047,0.04499983787536621,0.22800016403198242
27,2,7,black_box,obj_pwldr,36403.89120320683,36403.89086515393,0.03500008583068848,3.13700008392334
27,2,7,black_box,dr_pwldr,36525.458764759576,36566.124746590656,0.03500008583068848,3.13700008392334
27,2,7,black_box,reopt_pwldr,28685.185617664876,34925.582194472394,0.03500008583068848,3.13700008392334
27,2,7,local_search,obj_pwldr,36403.89120320683,36403.55619967882,0.03500008583068848,0.33500003814697266
27,2,7,local_search,dr_pwldr,36525.458764759576,36566.61615569589,0.03500008583068848,0.33500003814697266
27,2,7,local_search,reopt_pwldr,28685.185617664876,34968.97627906972,0.03500008583068848,0.33500003814697266
27,2,8,black_box,obj_pwldr,36428.19139545557,36403.815967668634,0.056999921798706055,3.8489999771118164
27,2,8,black_box,dr_pwldr,36475.76212440124,36566.83621862167,0.056999921798706055,3.8489999771118164
27,2,8,black_box,reopt_pwldr,35231.782674404305,34968.3398280659,0.056999921798706055,3.8489999771118164
27,2,8,local_search,obj_pwldr,36428.19139545557,36403.815967668634,0.056999921798706055,0.4030001163482666
27,2,8,local_search,dr_pwldr,36475.76212440124,36566.83621862168,0.056999921798706055,0.4030001163482666
27,2,8,local_search,reopt_pwldr,35231.782674404305,34968.339828065895,0.056999921798706055,0.4030001163482666
27,2,9,black_box,obj_pwldr,36403.991540453506,36403.63681602326,0.05900001525878906,4.3480000495910645
27,2,9,black_box,dr_pwldr,36554.844432591315,36566.60206371951,0.05900001525878906,4.3480000495910645
27,2,9,black_box,reopt_pwldr,28880.147298277465,34963.21998723966,0.05900001525878906,4.3480000495910645
27,2,9,local_search,obj_pwldr,36403.991540453506,36403.63681602327,0.05900001525878906,0.43199992179870605
27,2,9,local_search,dr_pwldr,36554.844432591315,36566.60206371951,0.05900001525878906,0.43199992179870605
27,2,9,local_search,reopt_pwldr,28880.147298277465,34963.21998723966,0.05900001525878906,0.43199992179870605
27,2,10,black_box,obj_pwldr,36420.067279979674,36403.51116024109,0.06299996376037598,4.53600001335144
27,2,10,black_box,dr_pwldr,36478.42544444366,36566.71610911801,0.06299996376037598,4.53600001335144
27,2,10,black_box,reopt_pwldr,34547.17910349017,34977.35785436833,0.06299996376037598,4.53600001335144
27,2,10,local_search,obj_pwldr,36420.067279979674,36403.51116024109,0.06299996376037598,0.5110001564025879
27,2,10,local_search,dr_pwldr,36478.42544444366,36566.71610911801,0.06299996376037598,0.5110001564025879
27,2,10,local_search,reopt_pwldr,34547.17910349017,34977.35785436833,0.06299996376037598,0.5110001564025879
27,3,1,black_box,obj_pwldr,36604.75068523468,36604.53233249882,0.01699995994567871,0.8689999580383301
27,3,1,black_box,dr_pwldr,36673.96310438953,36725.23998020997,0.01699995994567871,0.8689999580383301
27,3,1,black_box,reopt_pwldr,28711.107116134906,34994.45789494658,0.01699995994567871,0.8689999580383301
27,3,1,local_search,obj_pwldr,36604.75068523468,36604.53233249882,0.01699995994567871,0.03599977493286133
27,3,1,local_search,dr_pwldr,36673.96310438953,36725.23998020997,0.01699995994567871,0.03599977493286133
27,3,1,local_search,reopt_pwldr,28711.107116134906,34994.45789494658,0.01699995994567871,0.03599977493286133
27,3,2,black_box,obj_pwldr,36785.46765927455,36601.05625363328,0.03600001335144043,1.1380000114440918
27,3,2,black_box,dr_pwldr,36857.318613640986,36722.58043768284,0.03600001335144043,1.1380000114440918
27,3,2,black_box,reopt_pwldr,33721.04585691599,34942.13096269236,0.03600001335144043,1.1380000114440918
27,3,2,local_search,obj_pwldr,36785.46765927455,36598.548775775846,0.03600001335144043,0.13499999046325684
27,3,2,local_search,dr_pwldr,36857.318613640986,36720.03982889547,0.03600001335144043,0.13499999046325684
27,3,2,local_search,reopt_pwldr,33721.04585691599,35050.00498974551,0.03600001335144043,0.13499999046325684
27,3,3,black_box,obj_pwldr,36598.03156154059,36597.35984053938,0.03699994087219238,1.374000072479248
27,3,3,black_box,dr_pwldr,36667.95762948652,36718.58597852435,0.03699994087219238,1.374000072479248
27,3,3,black_box,reopt_pwldr,28712.673808319258,34996.898885188115,0.03699994087219238,1.374000072479248
27,3,3,local_search,obj_pwldr,36598.03156154059,36597.35984053938,0.03699994087219238,0.08999991416931152
27,3,3,local_search,dr_pwldr,36667.95762948652,36718.58597852435,0.03699994087219238,0.08999991416931152
27,3,3,local_search,reopt_pwldr,28712.673808319258,34996.898885188115,0.03699994087219238,0.08999991416931152
27,3,4,black_box,obj_pwldr,36666.58541491175,36596.74292981667,0.029000043869018555,1.7279999256134033
27,3,4,black_box,dr_pwldr,36794.7586187443,36717.89838614502,0.029000043869018555,1.7279999256134033
27,3,4,black_box,reopt_pwldr,34812.52941486075,35029.63910375091,0.029000043869018555,1.7279999256134033
27,3,4,local_search,obj_pwldr,36666.58541491175,36596.28673787113,0.029000043869018555,0.2990000247955322
27,3,4,local_search,dr_pwldr,36794.7586187443,36717.05038805139,0.029000043869018555,0.2990000247955322
27,3,4,local_search,reopt_pwldr,34812.52941486075,34965.38068902709,0.029000043869018555,0.2990000247955322
27,3,5,black_box,obj_pwldr,36597.287490013296,36597.22023249037,0.03500008583068848,2.0199999809265137
27,3,5,black_box,dr_pwldr,36654.79077123312,36718.326270252895,0.03500008583068848,2.0199999809265137
27,3,5,black_box,reopt_pwldr,34842.37385215172,34994.76491361893,0.03500008583068848,2.0199999809265137
27,3,5,local_search,obj_pwldr,36597.287490013296,36597.22023249037,0.03500008583068848,0.1380000114440918
27,3,5,local_search,dr_pwldr,36654.79077123312,36718.326270252895,0.03500008583068848,0.1380000114440918
27,3,5,local_search,reopt_pwldr,34842.37385215172,34994.76491361893,0.03500008583068848,0.1380000114440918
27,3,6,black_box,obj_pwldr,36631.91101755541,36596.53697386728,0.03399991989135742,2.2790000438690186
27,3,6,black_box,dr_pwldr,36689.71811597007,36717.481116508105,0.03399991989135742,2.2790000438690186
27,3,6,black_box,reopt_pwldr,35317.82759573569,34950.17880422999,0.03399991989135742,2.2790000438690186
27,3,6,local_search,obj_pwldr,36631.91101755541,36596.164690345206,0.03399991989135742,0.2519998550415039
27,3,6,local_search,dr_pwldr,36689.71811597007,36717.054062146795,0.03399991989135742,0.2519998550415039
27,3,6,local_search,reopt_pwldr,35317.82759573569,35000.59642963253,0.03399991989135742,0.2519998550415039
27,3,7,black_box,obj_pwldr,36598.03156154058,36596.22221096324,0.03600001335144043,2.6689999103546143
27,3,7,black_box,dr_pwldr,36655.79349895474,36716.925103283524,0.03600001335144043,2.6689999103546143
27,3,7,black_box,reopt_pwldr,34829.94535279966,34980.583298142374,0.03600001335144043,2.6689999103546143
27,3,7,local_search,obj_pwldr,36598.03156154058,36596.17877031608,0.03600001335144043,0.37000012397766113
27,3,7,local_search,dr_pwldr,36655.79349895474,36717.057359837236,0.03600001335144043,0.37000012397766113
27,3,7,local_search,reopt_pwldr,34829.94535279966,34981.13176844596,0.03600001335144043,0.37000012397766113
27,3,8,black_box,obj_pwldr,36618.19639770898,36596.124428273804,0.0410001277923584,3.0210001468658447
27,3,8,black_box,dr_pwldr,36675.77380001529,36716.955261522075,0.0410001277923584,3.0210001468658447
27,3,8,black_box,reopt_pwldr,35217.83937423593,34994.33764288616,0.0410001277923584,3.0210001468658447
27,3,8,local_search,obj_pwldr,36618.19639770898,36596.1244282738,0.0410001277923584,0.6000001430511475
27,3,8,local_search,dr_pwldr,36675.77380001529,36716.955261522075,0.0410001277923584,0.6000001430511475
27,3,8,local_search,reopt_pwldr,35217.83937423593,34994.33764288616,0.0410001277923584,0.6000001430511475
27,3,9,black_box,obj_pwldr,36597.22706509319,36596.29720245593,0.042999982833862305,3.4519999027252197
27,3,9,black_box,dr_pwldr,36667.01163714011,36717.00189327623,0.042999982833862305,3.4519999027252197
27,3,9,black_box,reopt_pwldr,28710.904092839068,34983.58051881123,0.042999982833862305,3.4519999027252197
27,3,9,local_search,obj_pwldr,36597.22706509319,36596.08981787037,0.042999982833862305,0.5390000343322754
27,3,9,local_search,dr_pwldr,36667.01163714011,36716.90775726588,0.042999982833862305,0.5390000343322754
27,3,9,local_search,reopt_pwldr,28710.904092839068,34983.9321064107,0.042999982833862305,0.5390000343322754
27,3,10,black_box,obj_pwldr,36611.52959302692,36596.521974141455,0.046000003814697266,3.888000011444092
27,3,10,black_box,dr_pwldr,36704.8250359044,36717.207369338415,0.046000003814697266,3.888000011444092
27,3,10,black_box,reopt_pwldr,28082.530166930253,35005.517061133054,0.046000003814697266,3.888000011444092
27,3,10,local_search,obj_pwldr,36611.52959302692,36596.18010775983,0.046000003814697266,0.6809999942779541
27,3,10,local_search,dr_pwldr,36704.8250359044,36716.957543205965,0.046000003814697266,0.6809999942779541
27,3,10,local_search,reopt_pwldr,28082.530166930253,35005.809644012144,0.046000003814697266,0.6809999942779541
27,4,1,black_box,obj_pwldr,36537.402328339034,36537.406001358395,0.01399993896484375,1.375
27,4,1,black_box,dr_pwldr,36603.24982474669,36703.009003094325,0.01399993896484375,1.375
27,4,1,black_box,reopt_pwldr,29571.36394002363,35032.55709700844,0.01399993896484375,1.375
27,4,1,local_search,obj_pwldr,36537.402328339034,36537.406001358395,0.01399993896484375,0.042999982833862305
27,4,1,local_search,dr_pwldr,36603.24982474669,36703.009003094325,0.01399993896484375,0.042999982833862305
27,4,1,local_search,reopt_pwldr,29571.36394002363,35032.55709700844,0.01399993896484375,0.042999982833862305
27,4,2,black_box,obj_pwldr,36615.040698822544,36537.4203304011,0.0410001277923584,3.739000082015991
27,4,2,black_box,dr_pwldr,36680.39650186573,36703.21493937862,0.0410001277923584,3.739000082015991
27,4,2,black_box,reopt_pwldr,28818.28105482381,35046.52890677487,0.0410001277923584,3.739000082015991
27,4,2,local_search,obj_pwldr,36615.040698822544,36537.4203304011,0.0410001277923584,0.16499996185302734
27,4,2,local_search,dr_pwldr,36680.39650186573,36703.21493937862,0.0410001277923584,0.16499996185302734
27,4,2,local_search,reopt_pwldr,28818.28105482381,35046.52890677487,0.0410001277923584,0.16499996185302734
27,4,3,black_box,obj_pwldr,36537.402328339034,36537.402493066635,0.05500006675720215,6.488000154495239
27,4,3,black_box,dr_pwldr,36583.71959840966,36702.875217766836,0.05500006675720215,6.488000154495239
27,4,3,black_box,reopt_pwldr,34761.53017592008,35023.480693163634,0.05500006675720215,6.488000154495239
27,4,3,local_search,obj_pwldr,36537.402328339034,36537.402493066635,0.05500006675720215,0.43599987030029297
27,4,3,local_search,dr_pwldr,36583.71959840966,36702.875217766836,0.05500006675720215,0.43599987030029297
27,4,3,local_search,reopt_pwldr,34761.53017592008,35023.480693163634,0.05500006675720215,0.43599987030029297
27,4,4,black_box,obj_pwldr,36555.414006465,36537.40232834242,0.059999942779541016,9.706000089645386
27,4,4,black_box,dr_pwldr,36605.05940518984,36702.83910765525,0.059999942779541016,9.706000089645386
27,4,4,black_box,reopt_pwldr,34099.693989705025,35021.030896113094,0.059999942779541016,9.706000089645386
27,4,4,local_search,obj_pwldr,36555.414006465,36537.40232834242,0.059999942779541016,0.6159999370574951
27,4,4,local_search,dr_pwldr,36605.05940518984,36702.83910765525,0.059999942779541016,0.6159999370574951
27,4,4,local_search,reopt_pwldr,34099.693989705025,35021.030896113094,0.059999942779541016,0.6159999370574951
27,4,5,black_box,obj_pwldr,36537.40232833903,36537.40265718938,0.07700014114379883,12.822999954223633
27,4,5,black_box,dr_pwldr,36603.24982474669,36702.78848079908,0.07700014114379883,12.822999954223633
27,4,5,black_box,reopt_pwldr,29571.36394002363,35017.59624808957,0.07700014114379883,12.822999954223633
27,4,5,local_search,obj_pwldr,36537.40232833903,36537.40265718938,0.07700014114379883,1.1110000610351562
27,4,5,local_search,dr_pwldr,36603.24982474669,36702.78848079908,0.07700014114379883,1.1110000610351562
27,4,5,local_search,reopt_pwldr,29571.36394002363,35017.59624808957,0.07700014114379883,1.1110000610351562
27,4,6,black_box,obj_pwldr,36545.190598219284,36537.40249602341,0.10899996757507324,15.853000164031982
27,4,6,black_box,dr_pwldr,36598.221292270944,36702.87553894459,0.10899996757507324,15.853000164031982
27,4,6,black_box,reopt_pwldr,33448.862600431516,35023.502482639444,0.10899996757507324,15.853000164031982
27,4,6,local_search,obj_pwldr,36545.190598219284,36537.4024960234,0.10899996757507324,2.8420000076293945
27,4,6,local_search,dr_pwldr,36598.221292270944,36702.87553894459,0.10899996757507324,2.8420000076293945
27,4,6,local_search,reopt_pwldr,33448.862600431516,35023.502482639444,0.10899996757507324,2.8420000076293945
27,4,7,black_box,obj_pwldr,36537.402328339034,36537.40232927221,0.14100003242492676,18.774999856948853
27,4,7,black_box,dr_pwldr,36586.39304894356,36702.841976346775,0.14100003242492676,18.774999856948853
27,4,7,black_box,reopt_pwldr,33919.35773396825,35021.22551506481,0.14100003242492676,18.774999856948853
27,4,7,local_search,obj_pwldr,36537.402328339034,36537.40232927221,0.14100003242492676,1.6109998226165771
27,4,7,local_search,dr_pwldr,36586.39304894356,36702.841976346775,0.14100003242492676,1.6109998226165771
27,4,7,local_search,reopt_pwldr,33919.35773396825,35021.22551506481,0.14100003242492676,1.6109998226165771
27,4,8,black_box,obj_pwldr,36541.76828145794,36537.40318840363,0.14700007438659668,22.359000205993652
27,4,8,black_box,dr_pwldr,36591.64041224816,36702.921407963644,0.14700007438659668,22.359000205993652
27,4,8,black_box,reopt_pwldr,34393.41506538465,35026.614347509196,0.14700007438659668,22.359000205993652
27,4,8,local_search,obj_pwldr,36541.76828145794,36537.40318840363,0.14700007438659668,2.0829999446868896
27,4,8,local_search,dr_pwldr,36591.64041224816,36702.921407963644,0.14700007438659668,2.0829999446868896
27,4,8,local_search,reopt_pwldr,34393.41506538465,35026.614347509196,0.14700007438659668,2.0829999446868896
27,4,9,black_box,obj_pwldr,36537.40232833904,36537.40237769461,0.15900015830993652,25.175999879837036
27,4,9,black_box,dr_pwldr,36654.11235318365,36702.81959419646,0.15900015830993652,25.175999879837036
27,4,9,black_box,reopt_pwldr,28058.746077615513,35019.70705601033,0.15900015830993652,25.175999879837036
27,4,9,local_search,obj_pwldr,36537.40232833904,36537.40237769462,0.15900015830993652,3.062000036239624
27,4,9,local_search,dr_pwldr,36654.11235318365,36702.81959419645,0.15900015830993652,3.062000036239624
27,4,9,local_search,reopt_pwldr,28058.746077615513,35019.70705601033,0.15900015830993652,3.062000036239624
27,4,10,black_box,obj_pwldr,36540.20864096288,36537.40235935916,0.17699980735778809,29.069000005722046
27,4,10,black_box,dr_pwldr,36609.03251110232,36702.854869951676,0.17699980735778809,29.069000005722046
27,4,10,black_box,reopt_pwldr,29349.02598760011,35022.10024830698,0.17699980735778809,29.069000005722046
27,4,10,local_search,obj_pwldr,36540.20864096288,36537.40235935916,0.17699980735778809,3.567000150680542
27,4,10,local_search,dr_pwldr,36609.03251110232,36702.854869951676,0.17699980735778809,3.567000150680542
27,4,10,local_search,reopt_pwldr,29349.02598760011,35022.10024830698,0.17699980735778809,3.567000150680542
28,1,1,black_box,obj_pwldr,36039.21660782503,36039.21661366715,0.016000032424926758,1.3359999656677246
28,1,1,black_box,dr_pwldr,36119.554534654904,36119.57305222287,0.016000032424926758,1.3359999656677246
28,1,1,black_box,reopt_pwldr,28747.302292071498,28747.612461333632,0.016000032424926758,1.3359999656677246
28,1,1,local_search,obj_pwldr,36039.21660782503,36039.21661366715,0.016000032424926758,0.03699994087219238
28,1,1,local_search,dr_pwldr,36119.554534654904,36119.57305222287,0.016000032424926758,0.03699994087219238
28,1,1,local_search,reopt_pwldr,28747.302292071498,28747.612461333632,0.016000032424926758,0.03699994087219238
28,1,2,black_box,obj_pwldr,36110.378553559145,36039.2170442272,0.034999847412109375,3.747999906539917
28,1,2,black_box,dr_pwldr,36269.5075000244,36211.525758522315,0.034999847412109375,3.747999906539917
28,1,2,black_box,reopt_pwldr,33399.47286153756,34655.21650727327,0.034999847412109375,3.747999906539917
28,1,2,local_search,obj_pwldr,36110.378553559145,36039.2170442272,0.034999847412109375,0.18499994277954102
28,1,2,local_search,dr_pwldr,36269.5075000244,36211.525758522315,0.034999847412109375,0.18499994277954102
28,1,2,local_search,reopt_pwldr,33399.47286153756,34655.21650727327,0.034999847412109375,0.18499994277954102
28,1,3,black_box,obj_pwldr,36039.216607825045,36039.2169921503,0.04699993133544922,6.236999988555908
28,1,3,black_box,dr_pwldr,36160.37028194032,36211.8342457305,0.04699993133544922,6.236999988555908
28,1,3,black_box,reopt_pwldr,34475.60869081281,34662.97238344975,0.04699993133544922,6.236999988555908
28,1,3,local_search,obj_pwldr,36039.216607825045,36039.2169921503,0.04699993133544922,0.4459998607635498
28,1,3,local_search,dr_pwldr,36160.37028194032,36211.8342457305,0.04699993133544922,0.4459998607635498
28,1,3,local_search,reopt_pwldr,34475.60869081281,34662.97238344975,0.04699993133544922,0.4459998607635498
28,1,4,black_box,obj_pwldr,36055.725790763805,36039.21823832366,0.07899999618530273,9.11899995803833
28,1,4,black_box,dr_pwldr,36213.25118843379,36211.38018816955,0.07899999618530273,9.11899995803833
28,1,4,black_box,reopt_pwldr,29209.63521418372,34651.4839341239,0.07899999618530273,9.11899995803833
28,1,4,local_search,obj_pwldr,36055.725790763805,36039.21823832366,0.07899999618530273,0.6419999599456787
28,1,4,local_search,dr_pwldr,36213.25118843379,36211.38018816955,0.07899999618530273,0.6419999599456787
28,1,4,local_search,reopt_pwldr,29209.63521418372,34651.4839341239,0.07899999618530273,0.6419999599456787
28,1,5,black_box,obj_pwldr,36039.216607825045,36039.21660824798,0.08000016212463379,12.200999975204468
28,1,5,black_box,dr_pwldr,36160.37028194032,36211.67907190516,0.08000016212463379,12.200999975204468
28,1,5,black_box,reopt_pwldr,34475.60869081281,34659.09303781681,0.08000016212463379,12.200999975204468
28,1,5,local_search,obj_pwldr,36039.216607825045,36039.21660824798,0.08000016212463379,0.9389998912811279
28,1,5,local_search,dr_pwldr,36160.37028194032,36211.679071905164,0.08000016212463379,0.9389998912811279
28,1,5,local_search,reopt_pwldr,34475.60869081281,34659.09303781681,0.08000016212463379,0.9389998912811279
28,1,6,black_box,obj_pwldr,36046.35519709645,36039.21662524671,0.11100006103515625,15.358000040054321
28,1,6,black_box,dr_pwldr,36197.487902810244,36211.65207692774,0.11100006103515625,15.358000040054321
28,1,6,black_box,reopt_pwldr,29071.986948421,34658.418163381495,0.11100006103515625,15.358000040054321
28,1,6,local_search,obj_pwldr,36046.35519709645,36039.21662524671,0.11100006103515625,1.3930001258850098
28,1,6,local_search,dr_pwldr,36197.487902810244,36211.65207692774,0.11100006103515625,1.3930001258850098
28,1,6,local_search,reopt_pwldr,29071.986948421,34658.418163381495,0.11100006103515625,1.3930001258850098
28,1,7,black_box,obj_pwldr,36039.21660782505,36039.21722416441,0.1380000114440918,18.880000114440918
28,1,7,black_box,dr_pwldr,36160.37028194032,36211.8742513038,0.1380000114440918,18.880000114440918
28,1,7,black_box,reopt_pwldr,34475.60869081281,34663.97252278306,0.1380000114440918,18.880000114440918
28,1,7,local_search,obj_pwldr,36039.21660782505,36039.217224164415,0.1380000114440918,1.937000036239624
28,1,7,local_search,dr_pwldr,36160.37028194032,36211.8742513038,0.1380000114440918,1.937000036239624
28,1,7,local_search,reopt_pwldr,34475.60869081281,34663.97252278306,0.1380000114440918,1.937000036239624
28,1,8,black_box,obj_pwldr,36043.2183625887,36039.21741038248,0.14700007438659668,21.687000036239624
28,1,8,black_box,dr_pwldr,36070.04339980238,36211.90108951893,0.14700007438659668,21.687000036239624
28,1,8,black_box,reopt_pwldr,28895.939781862446,34664.643478159625,0.14700007438659668,21.687000036239624
28,1,8,local_search,obj_pwldr,36043.2183625887,36039.21741038248,0.14700007438659668,2.177999973297119
28,1,8,local_search,dr_pwldr,36070.04339980238,36211.90108951893,0.14700007438659668,2.177999973297119
28,1,8,local_search,reopt_pwldr,28895.939781862446,34664.643478159625,0.14700007438659668,2.177999973297119
28,1,9,black_box,obj_pwldr,36039.216607825045,36039.21663002057,0.1660001277923584,25.378000020980835
28,1,9,black_box,dr_pwldr,36252.499801646954,36211.72014806698,0.1660001277923584,25.378000020980835
28,1,9,black_box,reopt_pwldr,28660.301981762135,34660.11994186172,0.1660001277923584,25.378000020980835
28,1,9,local_search,obj_pwldr,36039.216607825045,36039.21663002057,0.1660001277923584,3.0279998779296875
28,1,9,local_search,dr_pwldr,36252.499801646954,36211.72014806698,0.1660001277923584,3.0279998779296875
28,1,9,local_search,reopt_pwldr,28660.301981762135,34660.11994186172,0.1660001277923584,3.0279998779296875
28,1,10,black_box,obj_pwldr,36041.78882392655,36039.21661523947,0.18400001525878906,28.305000066757202
28,1,10,black_box,dr_pwldr,36094.39897301092,36211.66319323699,0.18400001525878906,28.305000066757202
28,1,10,black_box,reopt_pwldr,28480.97502824414,34658.69607111273,0.18400001525878906,28.305000066757202
28,1,10,local_search,obj_pwldr,36041.78882392655,36039.21661523947,0.18400001525878906,3.9000000953674316
28,1,10,local_search,dr_pwldr,36094.39897301092,36211.66319323699,0.18400001525878906,3.9000000953674316
28,1,10,local_search,reopt_pwldr,28480.97502824414,34658.69607111273,0.18400001525878906,3.9000000953674316
28,2,1,black_box,obj_pwldr,35378.034125923914,35378.03990875661,0.019999980926513672,0.8080000877380371
28,2,1,black_box,dr_pwldr,35443.366050777295,35443.19715031166,0.019999980926513672,0.8080000877380371
28,2,1,black_box,reopt_pwldr,28747.302292071498,28744.50342512891,0.019999980926513672,0.8080000877380371
28,2,1,local_search,obj_pwldr,35378.034125923914,35378.039908756604,0.019999980926513672,0.07399988174438477
28,2,1,local_search,dr_pwldr,35443.366050777295,35443.19715031166,0.019999980926513672,0.07399988174438477
28,2,1,local_search,reopt_pwldr,28747.302292071498,28744.50342512891,0.019999980926513672,0.07399988174438477
28,2,2,black_box,obj_pwldr,35739.89389840591,35378.035878647075,0.03299999237060547,1.2070000171661377
28,2,2,black_box,dr_pwldr,35815.524934690184,35575.86167318197,0.03299999237060547,1.2070000171661377
28,2,2,black_box,reopt_pwldr,35553.88520865692,34661.51741817977,0.03299999237060547,1.2070000171661377
28,2,2,local_search,obj_pwldr,35739.89389840591,35378.035878647075,0.03299999237060547,0.06299996376037598
28,2,2,local_search,dr_pwldr,35815.524934690184,35575.86167318197,0.03299999237060547,0.06299996376037598
28,2,2,local_search,reopt_pwldr,35553.88520865692,34661.51741817977,0.03299999237060547,0.06299996376037598
28,2,3,black_box,obj_pwldr,35378.03412592393,35378.039507638714,0.023000001907348633,1.4300000667572021
28,2,3,black_box,dr_pwldr,35484.18179806267,35575.9372181647,0.023000001907348633,1.4300000667572021
28,2,3,black_box,reopt_pwldr,34475.60869081281,34663.24752883343,0.023000001907348633,1.4300000667572021
28,2,3,local_search,obj_pwldr,35378.03412592393,35378.039507638714,0.023000001907348633,0.07999992370605469
28,2,3,local_search,dr_pwldr,35484.18179806267,35575.9372181647,0.023000001907348633,0.07999992370605469
28,2,3,local_search,reopt_pwldr,34475.60869081281,34663.24752883343,0.023000001907348633,0.07999992370605469
28,2,4,black_box,obj_pwldr,35513.56714751732,35378.03413115102,0.03099989891052246,1.746000051498413
28,2,4,black_box,dr_pwldr,35766.461638122404,35575.768447428665,0.03099989891052246,1.746000051498413
28,2,4,black_box,reopt_pwldr,28285.24039728824,34659.343192746695,0.03099989891052246,1.746000051498413
28,2,4,local_search,obj_pwldr,35513.56714751732,35378.03413115102,0.03099989891052246,0.11699986457824707
28,2,4,local_search,dr_pwldr,35766.461638122404,35575.768447428665,0.03099989891052246,0.11699986457824707
28,2,4,local_search,reopt_pwldr,28285.24039728824,34659.343192746695,0.03099989891052246,0.11699986457824707
28,2,5,black_box,obj_pwldr,35378.03412592392,35378.03416914025,0.03299999237060547,2.1660001277923584
28,2,5,black_box,dr_pwldr,35404.05079438327,35575.778339864926,0.03299999237060547,2.1660001277923584
28,2,5,black_box,reopt_pwldr,28660.301981762135,34659.578726941894,0.03299999237060547,2.1660001277923584
28,2,5,local_search,obj_pwldr,35378.03412592392,35378.03416914025,0.03299999237060547,0.17799997329711914
28,2,5,local_search,dr_pwldr,35404.05079438327,35575.778339864926,0.03299999237060547,0.17799997329711914
28,2,5,local_search,reopt_pwldr,28660.301981762135,34659.578726941894,0.03299999237060547,0.17799997329711914
28,2,6,black_box,obj_pwldr,35447.97111554786,35378.03652658755,0.03699994087219238,2.4670000076293945
28,2,6,black_box,dr_pwldr,35486.106111159585,35575.87851767427,0.03699994087219238,2.4670000076293945
28,2,6,black_box,reopt_pwldr,28385.393024488818,34661.90915055873,0.03699994087219238,2.4670000076293945
28,2,6,local_search,obj_pwldr,35447.97111554786,35378.03652658755,0.03699994087219238,0.20000004768371582
28,2,6,local_search,dr_pwldr,35486.106111159585,35575.87851767427,0.03699994087219238,0.20000004768371582
28,2,6,local_search,reopt_pwldr,28385.393024488818,34661.90915055873,0.03699994087219238,0.20000004768371582
28,2,7,black_box,obj_pwldr,35378.03412592392,35378.034150489315,0.051999807357788086,2.9010000228881836
28,2,7,black_box,dr_pwldr,35523.49705445668,35575.75173718788,0.051999807357788086,2.9010000228881836
28,2,7,black_box,reopt_pwldr,28660.301981762135,34658.94532986916,0.051999807357788086,2.9010000228881836
28,2,7,local_search,obj_pwldr,35378.03412592392,35378.034150489315,0.051999807357788086,0.2690000534057617
28,2,7,local_search,dr_pwldr,35523.49705445668,35575.75173718788,0.051999807357788086,0.2690000534057617
28,2,7,local_search,reopt_pwldr,28660.301981762135,34658.94532986916,0.051999807357788086,0.2690000534057617
28,2,8,black_box,obj_pwldr,35420.54157191132,35378.03427325129,0.04800009727478027,3.3500001430511475
28,2,8,black_box,dr_pwldr,35576.424558333725,35575.7351679946,0.04800009727478027,3.3500001430511475
28,2,8,black_box,reopt_pwldr,28443.330328222066,34658.55082526735,0.04800009727478027,3.3500001430511475
28,2,8,local_search,obj_pwldr,35420.54157191132,35378.03427325129,0.04800009727478027,0.34400010108947754
28,2,8,local_search,dr_pwldr,35576.424558333725,35575.7351679946,0.04800009727478027,0.34400010108947754
28,2,8,local_search,reopt_pwldr,28443.330328222066,34658.55082526735,0.04800009727478027,0.34400010108947754
28,2,9,black_box,obj_pwldr,35378.03412592393,35378.03563336836,0.056999921798706055,3.9179999828338623
28,2,9,black_box,dr_pwldr,35404.05079438327,35575.67427117606,0.056999921798706055,3.9179999828338623
28,2,9,black_box,reopt_pwldr,28660.301981762135,34657.08476239075,0.056999921798706055,3.9179999828338623
28,2,9,local_search,obj_pwldr,35378.03412592393,35378.03563336836,0.056999921798706055,0.4659998416900635
28,2,9,local_search,dr_pwldr,35404.05079438327,35575.67427117606,0.056999921798706055,0.4659998416900635
28,2,9,local_search,reopt_pwldr,28660.301981762135,34657.08476239075,0.056999921798706055,0.4659998416900635
28,2,10,black_box,obj_pwldr,35406.55783975918,35378.045817557184,0.05299997329711914,4.521000146865845
28,2,10,black_box,dr_pwldr,35574.18893018525,35576.024072641834,0.05299997329711914,4.521000146865845
28,2,10,black_box,reopt_pwldr,28950.95488271531,34665.15744197408,0.05299997329711914,4.521000146865845
28,2,10,local_search,obj_pwldr,35406.55783975918,35378.045817557184,0.05299997329711914,0.5230000019073486
28,2,10,local_search,dr_pwldr,35574.18893018525,35576.024072641834,0.05299997329711914,0.5230000019073486
28,2,10,local_search,reopt_pwldr,28950.95488271531,34665.15744197408,0.05299997329711914,0.5230000019073486
28,3,1,black_box,obj_pwldr,35918.16796427822,35918.23497668748,0.017999887466430664,0.8529999256134033
28,3,1,black_box,dr_pwldr,35960.97406506185,35960.54133266796,0.017999887466430664,0.8529999256134033
28,3,1,black_box,reopt_pwldr,34475.60869081281,34494.850529097,0.017999887466430664,0.8529999256134033
28,3,1,local_search,obj_pwldr,35918.16796427822,35918.23497668748,0.017999887466430664,0.03399991989135742
28,3,1,local_search,dr_pwldr,35960.97406506185,35960.54133266796,0.017999887466430664,0.03399991989135742
28,3,1,local_search,reopt_pwldr,34475.60869081281,34494.850529097,0.017999887466430664,0.03399991989135742
28,3,2,black_box,obj_pwldr,36126.30122552521,35918.16812908277,0.023000001907348633,1.2269999980926514
28,3,2,black_box,dr_pwldr,36167.088815919036,36105.3458231926,0.023000001907348633,1.2269999980926514
28,3,2,black_box,reopt_pwldr,35553.88520865692,34658.26241442306,0.023000001907348633,1.2269999980926514
28,3,2,local_search,obj_pwldr,36126.30122552521,35918.16812908277,0.023000001907348633,0.06000018119812012
28,3,2,local_search,dr_pwldr,36167.088815919036,36105.3458231926,0.023000001907348633,0.06000018119812012
28,3,2,local_search,reopt_pwldr,35553.88520865692,34658.26241442306,0.023000001907348633,0.06000018119812012
28,3,3,black_box,obj_pwldr,35918.16796427822,35918.173377705134,0.03899979591369629,1.4950001239776611
28,3,3,black_box,dr_pwldr,35880.843061382446,36105.51298491024,0.03899979591369629,1.4950001239776611
28,3,3,black_box,reopt_pwldr,28660.301981762135,34664.692030464874,0.03899979591369629,1.4950001239776611
28,3,3,local_search,obj_pwldr,35918.16796427822,35918.173377705134,0.03899979591369629,0.09599995613098145
28,3,3,local_search,dr_pwldr,35880.843061382446,36105.51298491024,0.03899979591369629,0.09599995613098145
28,3,3,local_search,reopt_pwldr,28660.301981762135,34664.692030464874,0.03899979591369629,0.09599995613098145
28,3,4,black_box,obj_pwldr,35993.53736089203,35918.17064672594,0.03600001335144043,1.750999927520752
28,3,4,black_box,dr_pwldr,36032.30655764226,36105.46922290774,0.03600001335144043,1.750999927520752
28,3,4,black_box,reopt_pwldr,35122.53380722761,34663.07121555573,0.03600001335144043,1.750999927520752
28,3,4,local_search,obj_pwldr,35993.53736089203,35918.17064672594,0.03600001335144043,0.14400005340576172
28,3,4,local_search,dr_pwldr,36032.30655764226,36105.46922290774,0.03600001335144043,0.14400005340576172
28,3,4,local_search,reopt_pwldr,35122.53380722761,34663.07121555573,0.03600001335144043,0.14400005340576172
28,3,5,black_box,obj_pwldr,35918.16796427822,35918.168303804756,0.034999847412109375,2.378000020980835
28,3,5,black_box,dr_pwldr,35960.97406506185,36105.33542763714,0.034999847412109375,2.378000020980835
28,3,5,black_box,reopt_pwldr,34475.60869081281,34657.84659220845,0.034999847412109375,2.378000020980835
28,3,5,local_search,obj_pwldr,35918.16796427822,35918.168303804756,0.034999847412109375,0.1640000343322754
28,3,5,local_search,dr_pwldr,35960.97406506185,36105.33542763714,0.034999847412109375,0.1640000343322754
28,3,5,local_search,reopt_pwldr,34475.60869081281,34657.84659220845,0.034999847412109375,0.1640000343322754
28,3,6,black_box,obj_pwldr,35956.684349936746,35918.169124155116,0.03900003433227539,3.0900001525878906
28,3,6,black_box,dr_pwldr,36016.4013129284,36105.306352497275,0.03900003433227539,3.0900001525878906
28,3,6,black_box,reopt_pwldr,34013.908637211374,34656.68358660838,0.03900003433227539,3.0900001525878906
28,3,6,local_search,obj_pwldr,35956.684349936746,35918.169124155116,0.03900003433227539,0.20000004768371582
28,3,6,local_search,dr_pwldr,36016.4013129284,36105.306352497275,0.03900003433227539,0.20000004768371582
28,3,6,local_search,reopt_pwldr,34013.908637211374,34656.68358660838,0.03900003433227539,0.20000004768371582
28,3,7,black_box,obj_pwldr,35918.16796427822,35918.168506977716,0.04200005531311035,2.9609999656677246
28,3,7,black_box,dr_pwldr,35960.97406506185,36105.326369435665,0.04200005531311035,2.9609999656677246
28,3,7,black_box,reopt_pwldr,34475.60869081281,34657.48426414916,0.04200005531311035,2.9609999656677246
28,3,7,local_search,obj_pwldr,35918.16796427822,35918.16850697772,0.04200005531311035,0.27699995040893555
28,3,7,local_search,dr_pwldr,35960.97406506185,36105.32636943567,0.04200005531311035,0.27699995040893555
28,3,7,local_search,reopt_pwldr,34475.60869081281,34657.484264149156,0.04200005531311035,0.27699995040893555
28,3,8,black_box,obj_pwldr,35941.48363009491,35918.16848513407,0.04500007629394531,3.2820000648498535
28,3,8,black_box,dr_pwldr,36009.87353589803,36105.41230180463,0.04500007629394531,3.2820000648498535
28,3,8,black_box,reopt_pwldr,28997.725323674178,34660.915692683746,0.04500007629394531,3.2820000648498535
28,3,8,local_search,obj_pwldr,35941.48363009491,35918.16848513406,0.04500007629394531,0.6559998989105225
28,3,8,local_search,dr_pwldr,36009.87353589803,36105.41230180463,0.04500007629394531,0.6559998989105225
28,3,8,local_search,reopt_pwldr,28997.725323674178,34660.915692683746,0.04500007629394531,0.6559998989105225
28,3,9,black_box,obj_pwldr,35918.167964278226,35918.16801306506,0.039999961853027344,3.7960000038146973
28,3,9,black_box,dr_pwldr,36093.3711867854,36105.382695354725,0.039999961853027344,3.7960000038146973
28,3,9,black_box,reopt_pwldr,28660.301981762135,34659.73730090642,0.039999961853027344,3.7960000038146973
28,3,9,local_search,obj_pwldr,35918.167964278226,35918.16801306506,0.039999961853027344,0.42100000381469727
28,3,9,local_search,dr_pwldr,36093.3711867854,36105.382695354725,0.039999961853027344,0.42100000381469727
28,3,9,local_search,reopt_pwldr,28660.301981762135,34659.73730090642,0.039999961853027344,0.42100000381469727
28,3,10,black_box,obj_pwldr,35933.781274801826,35918.1712107191,0.04900002479553223,4.434000015258789
28,3,10,black_box,dr_pwldr,35971.84027953041,36105.26371727599,0.04900002479553223,4.434000015258789
28,3,10,black_box,reopt_pwldr,34769.609933330925,34654.978177761404,0.04900002479553223,4.434000015258789
28,3,10,local_search,obj_pwldr,35933.781274801826,35918.1712107191,0.04900002479553223,0.556999921798706
28,3,10,local_search,dr_pwldr,35971.84027953041,36105.26371727599,0.04900002479553223,0.556999921798706
28,3,10,local_search,reopt_pwldr,34769.609933330925,34654.978177761404,0.04900002479553223,0.556999921798706
28,4,1,black_box,obj_pwldr,36048.019091634844,36048.020625387486,0.018000125885009766,0.8169999122619629
28,4,1,black_box,dr_pwldr,36241.309008778975,36241.35311165727,0.018000125885009766,0.8169999122619629
28,4,1,black_box,reopt_pwldr,28747.302292071498,28745.191654323982,0.018000125885009766,0.8169999122619629
28,4,1,local_search,obj_pwldr,36048.019091634844,36048.020625387486,0.018000125885009766,0.04700016975402832
28,4,1,local_search,dr_pwldr,36241.309008778975,36241.35311165727,0.018000125885009766,0.04700016975402832
28,4,1,local_search,reopt_pwldr,28747.302292071498,28745.191654323982,0.018000125885009766,0.04700016975402832
28,4,2,black_box,obj_pwldr,36227.748842230394,36048.02594183038,0.03299999237060547,1.0469999313354492
28,4,2,black_box,dr_pwldr,36226.21357507751,36280.53105984134,0.03299999237060547,1.0469999313354492
28,4,2,black_box,reopt_pwldr,35553.88520865692,34665.875122921665,0.03299999237060547,1.0469999313354492
28,4,2,local_search,obj_pwldr,36227.748842230394,36048.02594183038,0.03299999237060547,0.06100010871887207
28,4,2,local_search,dr_pwldr,36226.21357507751,36280.53105984134,0.03299999237060547,0.06100010871887207
28,4,2,local_search,reopt_pwldr,35553.88520865692,34665.875122921665,0.03299999237060547,0.06100010871887207
28,4,3,black_box,obj_pwldr,36048.01909163484,36048.083826969385,0.03299999237060547,1.3519999980926514
28,4,3,black_box,dr_pwldr,36056.0976237427,36280.34785981455,0.03299999237060547,1.3519999980926514
28,4,3,black_box,reopt_pwldr,28660.301981762135,34679.68355044469,0.03299999237060547,1.3519999980926514
28,4,3,local_search,obj_pwldr,36048.01909163484,36048.083826969385,0.03299999237060547,0.08500003814697266
28,4,3,local_search,dr_pwldr,36056.0976237427,36280.34785981455,0.03299999237060547,0.08500003814697266
28,4,3,local_search,reopt_pwldr,28660.301981762135,34679.68355044469,0.03299999237060547,0.08500003814697266
28,4,4,black_box,obj_pwldr,36112.72180184924,36048.02019562743,0.039999961853027344,1.5199999809265137
28,4,4,black_box,dr_pwldr,36299.195924417014,36280.586847881204,0.039999961853027344,1.5199999809265137
28,4,4,black_box,reopt_pwldr,29209.63521418372,34661.890262932975,0.039999961853027344,1.5199999809265137
28,4,4,local_search,obj_pwldr,36112.72180184924,36048.02019562743,0.039999961853027344,0.11099982261657715
28,4,4,local_search,dr_pwldr,36299.195924417014,36280.586847881204,0.039999961853027344,0.11099982261657715
28,4,4,local_search,reopt_pwldr,29209.63521418372,34661.890262932975,0.039999961853027344,0.11099982261657715
28,4,5,black_box,obj_pwldr,36048.01909163483,36048.02038149599,0.0280001163482666,1.8359999656677246
28,4,5,black_box,dr_pwldr,36016.78236734875,36280.58382055376,0.0280001163482666,1.8359999656677246
28,4,5,black_box,reopt_pwldr,34475.60869081281,34662.106500606715,0.0280001163482666,1.8359999656677246
28,4,5,local_search,obj_pwldr,36048.01909163483,36048.02038149599,0.0280001163482666,0.16899991035461426
28,4,5,local_search,dr_pwldr,36016.78236734875,36280.58382055376,0.0280001163482666,0.16899991035461426
28,4,5,local_search,reopt_pwldr,34475.60869081281,34662.106500606715,0.0280001163482666,0.16899991035461426
28,4,6,black_box,obj_pwldr,36081.03067847892,36048.03327194532,0.032000064849853516,2.2079999446868896
28,4,6,black_box,dr_pwldr,36136.940163620966,36280.4901641343,0.032000064849853516,2.2079999446868896
28,4,6,black_box,reopt_pwldr,28385.393024488818,34668.79624484904,0.032000064849853516,2.2079999446868896
28,4,6,local_search,obj_pwldr,36081.03067847892,36048.03327194532,0.032000064849853516,0.182999849319458
28,4,6,local_search,dr_pwldr,36136.940163620966,36280.4901641343,0.032000064849853516,0.182999849319458
28,4,6,local_search,reopt_pwldr,28385.393024488818,34668.79624484904,0.032000064849853516,0.182999849319458
28,4,7,black_box,obj_pwldr,36048.019091634844,36048.0197808431,0.03400015830993652,2.546999931335449
28,4,7,black_box,dr_pwldr,36016.78236734875,36280.59470108378,0.03400015830993652,2.546999931335449
28,4,7,black_box,reopt_pwldr,34475.60869081281,34661.329319891694,0.03400015830993652,2.546999931335449
28,4,7,local_search,obj_pwldr,36048.019091634844,36048.0197808431,0.03400015830993652,0.21700000762939453
28,4,7,local_search,dr_pwldr,36016.78236734875,36280.59470108378,0.03400015830993652,0.21700000762939453
28,4,7,local_search,reopt_pwldr,34475.60869081281,34661.329319891694,0.03400015830993652,0.21700000762939453
28,4,8,black_box,obj_pwldr,36067.98906392324,36048.019430520726,0.04500007629394531,2.8420000076293945
28,4,8,black_box,dr_pwldr,36032.973852294606,36280.603534375616,0.04500007629394531,2.8420000076293945
28,4,8,black_box,reopt_pwldr,34116.50864912285,34660.69837047541,0.04500007629394531,2.8420000076293945
28,4,8,local_search,obj_pwldr,36067.98906392324,36048.019430520726,0.04500007629394531,0.2990000247955322
28,4,8,local_search,dr_pwldr,36032.973852294606,36280.603534375616,0.04500007629394531,0.2990000247955322
28,4,8,local_search,reopt_pwldr,34116.50864912285,34660.69837047541,0.04500007629394531,0.2990000247955322
28,4,9,black_box,obj_pwldr,36048.01909163484,36048.01910505611,0.046000003814697266,3.3310000896453857
28,4,9,black_box,dr_pwldr,36016.78236734875,36280.620139582425,0.046000003814697266,3.3310000896453857
28,4,9,black_box,reopt_pwldr,34475.60869081281,34659.512284274126,0.046000003814697266,3.3310000896453857
28,4,9,local_search,obj_pwldr,36048.01909163484,36048.01910505611,0.046000003814697266,0.3639998435974121
28,4,9,local_search,dr_pwldr,36016.78236734875,36280.620139582425,0.046000003814697266,0.3639998435974121
28,4,9,local_search,reopt_pwldr,34475.60869081281,34659.512284274126,0.046000003814697266,0.3639998435974121
28,4,10,black_box,obj_pwldr,36061.38742019153,36048.02269347527,0.056999921798706055,3.634000062942505
28,4,10,black_box,dr_pwldr,36119.18111227856,36280.69267750008,0.056999921798706055,3.634000062942505
28,4,10,black_box,reopt_pwldr,28480.97502824414,34654.39008602268,0.056999921798706055,3.634000062942505
28,4,10,local_search,obj_pwldr,36061.38742019153,36048.02269347527,0.056999921798706055,0.43000006675720215
28,4,10,local_search,dr_pwldr,36119.18111227856,36280.69267750008,0.056999921798706055,0.43000006675720215
28,4,10,local_search,reopt_pwldr,28480.97502824414,34654.39008602268,0.056999921798706055,0.43000006675720215
29,1,1,black_box,obj_pwldr,35704.853211587484,35704.853220336736,0.01699995994567871,1.5499999523162842
29,1,1,black_box,dr_pwldr,35563.08439021952,35567.86047260433,0.01699995994567871,1.5499999523162842
29,1,1,black_box,reopt_pwldr,27902.888821803033,33888.510139931,0.01699995994567871,1.5499999523162842
29,1,1,local_search,obj_pwldr,35704.853211587484,35704.853220336736,0.01699995994567871,0.04900002479553223
29,1,1,local_search,dr_pwldr,35563.08439021952,35567.86047260433,0.01699995994567871,0.04900002479553223
29,1,1,local_search,reopt_pwldr,27902.888821803033,33888.510139931,0.01699995994567871,0.04900002479553223
29,1,2,black_box,obj_pwldr,35778.82546606011,35704.85706421759,0.042999982833862305,4.003999948501587
29,1,2,black_box,dr_pwldr,35734.934757097595,35567.930196926405,0.042999982833862305,4.003999948501587
29,1,2,black_box,reopt_pwldr,27337.457055673338,33876.98240460844,0.042999982833862305,4.003999948501587
29,1,2,local_search,obj_pwldr,35778.82546606011,35704.85706421759,0.042999982833862305,0.17600011825561523
29,1,2,local_search,dr_pwldr,35734.934757097595,35567.930196926405,0.042999982833862305,0.17600011825561523
29,1,2,local_search,reopt_pwldr,27337.457055673338,33876.98240460844,0.042999982833862305,0.17600011825561523
29,1,3,black_box,obj_pwldr,35704.853211587484,35704.85409564119,0.051000118255615234,6.677000045776367
29,1,3,black_box,dr_pwldr,35632.81977742596,35567.89184329743,0.051000118255615234,6.677000045776367
29,1,3,black_box,reopt_pwldr,34010.859341201925,33883.288229519996,0.051000118255615234,6.677000045776367
29,1,3,local_search,obj_pwldr,35704.853211587484,35704.85409564119,0.051000118255615234,0.38899993896484375
29,1,3,local_search,dr_pwldr,35632.81977742596,35567.89184329743,0.051000118255615234,0.38899993896484375
29,1,3,local_search,reopt_pwldr,34010.859341201925,33883.288229519996,0.051000118255615234,0.38899993896484375
29,1,4,black_box,obj_pwldr,35722.01437081216,35704.85324687633,0.06200003623962402,9.450999975204468
29,1,4,black_box,dr_pwldr,35650.37835665951,35567.86396709773,0.06200003623962402,9.450999975204468
29,1,4,black_box,reopt_pwldr,33341.040981720995,33887.92845270539,0.06200003623962402,9.450999975204468
29,1,4,local_search,obj_pwldr,35722.01437081216,35704.85324687633,0.06200003623962402,0.6560001373291016
29,1,4,local_search,dr_pwldr,35650.37835665951,35567.86396709773,0.06200003623962402,0.6560001373291016
29,1,4,local_search,reopt_pwldr,33341.040981720995,33887.92845270539,0.06200003623962402,0.6560001373291016
29,1,5,black_box,obj_pwldr,35704.85321158747,35704.85328817148,0.07599997520446777,12.23199987411499
29,1,5,black_box,dr_pwldr,35637.59239414664,35567.86726036562,0.07599997520446777,12.23199987411499
29,1,5,black_box,reopt_pwldr,28098.824136526837,33887.38026112438,0.07599997520446777,12.23199987411499
29,1,5,local_search,obj_pwldr,35704.85321158747,35704.85328817149,0.07599997520446777,1.0779998302459717
29,1,5,local_search,dr_pwldr,35637.59239414664,35567.86726036562,0.07599997520446777,1.0779998302459717
29,1,5,local_search,reopt_pwldr,28098.824136526837,33887.38026112438,0.07599997520446777,1.0779998302459717
29,1,6,black_box,obj_pwldr,35712.273716138196,35704.85321164729,0.1119999885559082,15.95300006866455
29,1,6,black_box,dr_pwldr,35620.990828580216,35567.85672033471,0.1119999885559082,15.95300006866455
29,1,6,black_box,reopt_pwldr,27653.976817539748,33889.13473613224,0.1119999885559082,15.95300006866455
29,1,6,local_search,obj_pwldr,35712.273716138196,35704.85321164729,0.1119999885559082,1.4519999027252197
29,1,6,local_search,dr_pwldr,35620.990828580216,35567.85672033471,0.1119999885559082,1.4519999027252197
29,1,6,local_search,reopt_pwldr,27653.976817539748,33889.13473613224,0.1119999885559082,1.4519999027252197
29,1,7,black_box,obj_pwldr,35704.853211587484,35704.8532871864,0.14599990844726562,19.234999895095825
29,1,7,black_box,dr_pwldr,35632.81977742596,35567.84681967254,0.14599990844726562,19.234999895095825
29,1,7,black_box,reopt_pwldr,34010.859341201925,33890.78278294939,0.14599990844726562,19.234999895095825
29,1,7,local_search,obj_pwldr,35704.853211587484,35704.8532871864,0.14599990844726562,2.0379998683929443
29,1,7,local_search,dr_pwldr,35632.81977742596,35567.84681967254,0.14599990844726562,2.0379998683929443
29,1,7,local_search,reopt_pwldr,34010.859341201925,33890.78278294939,0.14599990844726562,2.0379998683929443
29,1,8,black_box,obj_pwldr,35709.01300259179,35704.85338653198,0.15899991989135742,22.05900001525879
29,1,8,black_box,dr_pwldr,35636.36199880248,35567.84150988225,0.15899991989135742,22.05900001525879
29,1,8,black_box,reopt_pwldr,33638.41362540473,33891.66664131376,0.15899991989135742,22.05900001525879
29,1,8,local_search,obj_pwldr,35709.01300259179,35704.85338653198,0.15899991989135742,2.2059998512268066
29,1,8,local_search,dr_pwldr,35636.36199880248,35567.84150988225,0.15899991989135742,2.2059998512268066
29,1,8,local_search,reopt_pwldr,33638.41362540473,33891.66664131376,0.15899991989135742,2.2059998512268066
29,1,9,black_box,obj_pwldr,35704.85321158747,35704.853221962985,0.17199993133544922,25.009999990463257
29,1,9,black_box,dr_pwldr,35632.81977742596,35567.86078097099,0.17199993133544922,25.009999990463257
29,1,9,black_box,reopt_pwldr,34010.859341201925,33888.45880975518,0.17199993133544922,25.009999990463257
29,1,9,local_search,obj_pwldr,35704.85321158747,35704.853221962985,0.17199993133544922,3.007999897003174
29,1,9,local_search,dr_pwldr,35632.81977742596,35567.86078097099,0.17199993133544922,3.007999897003174
29,1,9,local_search,reopt_pwldr,34010.859341201925,33888.45880975518,0.17199993133544922,3.007999897003174
29,1,10,black_box,obj_pwldr,35707.52700896689,35704.853433682045,0.17799997329711914,28.80299997329712
29,1,10,black_box,dr_pwldr,35616.277592692146,35567.87446788309,0.17799997329711914,28.80299997329712
29,1,10,black_box,reopt_pwldr,27751.575435797753,33886.18051044219,0.17799997329711914,28.80299997329712
29,1,10,local_search,obj_pwldr,35707.52700896689,35704.853433682045,0.17799997329711914,3.444000005722046
29,1,10,local_search,dr_pwldr,35616.277592692146,35567.87446788309,0.17799997329711914,3.444000005722046
29,1,10,local_search,reopt_pwldr,27751.575435797753,33886.18051044219,0.17799997329711914,3.444000005722046
29,2,1,black_box,obj_pwldr,35579.02414702716,35579.04505678985,0.01699995994567871,0.8969998359680176
29,2,1,black_box,dr_pwldr,35469.48119238967,35450.67368210995,0.01699995994567871,0.8969998359680176
29,2,1,black_box,reopt_pwldr,27832.927504300536,33878.1312670626,0.01699995994567871,0.8969998359680176
29,2,1,local_search,obj_pwldr,35579.02414702716,35579.04505678985,0.01699995994567871,0.03800010681152344
29,2,1,local_search,dr_pwldr,35469.48119238967,35450.67368210995,0.01699995994567871,0.03800010681152344
29,2,1,local_search,reopt_pwldr,27832.927504300536,33878.1312670626,0.01699995994567871,0.03800010681152344
29,2,2,black_box,obj_pwldr,35795.37695197591,35579.03497948809,0.023000001907348633,1.1599998474121094
29,2,2,black_box,dr_pwldr,35655.13559148794,35450.988104950746,0.023000001907348633,1.1599998474121094
29,2,2,black_box,reopt_pwldr,35009.58742293482,33896.972606665186,0.023000001907348633,1.1599998474121094
29,2,2,local_search,obj_pwldr,35795.37695197591,35579.03497948809,0.023000001907348633,0.06399989128112793
29,2,2,local_search,dr_pwldr,35655.13559148794,35450.988104950746,0.023000001907348633,0.06399989128112793
29,2,2,local_search,reopt_pwldr,35009.58742293482,33896.972606665186,0.023000001907348633,0.06399989128112793
29,2,3,black_box,obj_pwldr,35579.02414702716,35579.026694133296,0.03800010681152344,1.4820001125335693
29,2,3,black_box,dr_pwldr,35594.4773522097,35450.9107149654,0.03800010681152344,1.4820001125335693
29,2,3,black_box,reopt_pwldr,34010.859341201925,33892.910812984715,0.03800010681152344,1.4820001125335693
29,2,3,local_search,obj_pwldr,35579.02414702716,35579.026694133296,0.03800010681152344,0.09200000762939453
29,2,3,local_search,dr_pwldr,35594.4773522097,35450.9107149654,0.03800010681152344,0.09200000762939453
29,2,3,local_search,reopt_pwldr,34010.859341201925,33892.910812984715,0.03800010681152344,0.09200000762939453
29,2,4,black_box,obj_pwldr,35657.37001191678,35579.02596394057,0.0280001163482666,1.811000108718872
29,2,4,black_box,dr_pwldr,35668.61190805069,35450.89940966245,0.0280001163482666,1.811000108718872
29,2,4,black_box,reopt_pwldr,33341.040981720995,33892.316541139844,0.0280001163482666,1.811000108718872
29,2,4,local_search,obj_pwldr,35657.37001191678,35579.02596394057,0.0280001163482666,0.125
29,2,4,local_search,dr_pwldr,35668.61190805069,35450.89940966245,0.0280001163482666,0.125
29,2,4,local_search,reopt_pwldr,33341.040981720995,33892.316541139844,0.0280001163482666,0.125
29,2,5,black_box,obj_pwldr,35579.02414702716,35579.02549360457,0.037000179290771484,2.259999990463257
29,2,5,black_box,dr_pwldr,35594.4773522097,35450.8908631886,0.037000179290771484,2.259999990463257
29,2,5,black_box,reopt_pwldr,34010.859341201925,33891.86728923925,0.037000179290771484,2.259999990463257
29,2,5,local_search,obj_pwldr,35579.02414702716,35579.02549360457,0.037000179290771484,0.1770000457763672
29,2,5,local_search,dr_pwldr,35594.4773522097,35450.8908631886,0.037000179290771484,0.1770000457763672
29,2,5,local_search,reopt_pwldr,34010.859341201925,33891.86728923925,0.037000179290771484,0.1770000457763672
29,2,6,black_box,obj_pwldr,35619.0616116005,35579.02953524527,0.0409998893737793,2.625999927520752
29,2,6,black_box,dr_pwldr,35559.82877652374,35450.75469801642,0.0409998893737793,2.625999927520752
29,2,6,black_box,reopt_pwldr,28239.068247336734,33883.52552085999,0.0409998893737793,2.625999927520752
29,2,6,local_search,obj_pwldr,35619.0616116005,35579.02953524527,0.0409998893737793,0.21799993515014648
29,2,6,local_search,dr_pwldr,35559.82877652374,35450.75469801642,0.0409998893737793,0.21799993515014648
29,2,6,local_search,reopt_pwldr,28239.068247336734,33883.52552085999,0.0409998893737793,0.21799993515014648
29,2,7,black_box,obj_pwldr,35579.02414702717,35579.02435449767,0.04999995231628418,2.945000171661377
29,2,7,black_box,dr_pwldr,35594.4773522097,35450.8223717949,0.04999995231628418,2.945000171661377
29,2,7,black_box,reopt_pwldr,34010.859341201925,33887.99571841806,0.04999995231628418,2.945000171661377
29,2,7,local_search,obj_pwldr,35579.02414702717,35579.02435449767,0.04999995231628418,0.2969999313354492
29,2,7,local_search,dr_pwldr,35594.4773522097,35450.8223717949,0.04999995231628418,0.2969999313354492
29,2,7,local_search,reopt_pwldr,34010.859341201925,33887.99571841806,0.04999995231628418,0.2969999313354492
29,2,8,black_box,obj_pwldr,35603.26058895128,35579.02415177945,0.039999961853027344,3.443000078201294
29,2,8,black_box,dr_pwldr,35613.739893276994,35450.83810519469,0.039999961853027344,3.443000078201294
29,2,8,black_box,reopt_pwldr,34383.69823800795,33888.921862044284,0.039999961853027344,3.443000078201294
29,2,8,local_search,obj_pwldr,35603.26058895128,35579.02415177945,0.039999961853027344,0.3450000286102295
29,2,8,local_search,dr_pwldr,35613.739893276994,35450.83810519469,0.039999961853027344,0.3450000286102295
29,2,8,local_search,reopt_pwldr,34383.69823800795,33888.921862044284,0.039999961853027344,0.3450000286102295
29,2,9,black_box,obj_pwldr,35579.02414702716,35579.024319577176,0.056999921798706055,3.9250001907348633
29,2,9,black_box,dr_pwldr,35539.216579596134,35450.82397628818,0.056999921798706055,3.9250001907348633
29,2,9,black_box,reopt_pwldr,27936.15575752281,33888.091789248516,0.056999921798706055,3.9250001907348633
29,2,9,local_search,obj_pwldr,35579.02414702716,35579.02431957719,0.056999921798706055,0.4159998893737793
29,2,9,local_search,dr_pwldr,35539.216579596134,35450.82397628818,0.056999921798706055,0.4159998893737793
29,2,9,local_search,reopt_pwldr,27936.15575752281,33888.091789248516,0.056999921798706055,0.4159998893737793
29,2,10,black_box,obj_pwldr,35595.254054280245,35579.02570057775,0.04699993133544922,4.707000017166138
29,2,10,black_box,dr_pwldr,35611.07391365289,35450.89478272322,0.04699993133544922,4.707000017166138
29,2,10,black_box,reopt_pwldr,33706.076116252945,33892.07332255311,0.04699993133544922,4.707000017166138
29,2,10,local_search,obj_pwldr,35595.254054280245,35579.02570057775,0.04699993133544922,0.49000000953674316
29,2,10,local_search,dr_pwldr,35611.07391365289,35450.89478272322,0.04699993133544922,0.49000000953674316
29,2,10,local_search,reopt_pwldr,33706.076116252945,33892.07332255311,0.04699993133544922,0.49000000953674316
29,3,1,black_box,obj_pwldr,34909.10821502151,34909.12456332416,0.019999980926513672,0.878000020980835
29,3,1,black_box,dr_pwldr,34860.79281508558,34810.25269491695,0.019999980926513672,0.878000020980835
29,3,1,black_box,reopt_pwldr,33910.359837533295,33835.89235232253,0.019999980926513672,0.878000020980835
29,3,1,local_search,obj_pwldr,34909.10821502151,34909.12456332416,0.019999980926513672,0.04200005531311035
29,3,1,local_search,dr_pwldr,34860.79281508558,34810.25269491695,0.019999980926513672,0.04200005531311035
29,3,1,local_search,reopt_pwldr,33910.359837533295,33835.89235232253,0.019999980926513672,0.04200005531311035
29,3,2,black_box,obj_pwldr,35302.41397608239,34909.1114047867,0.03900003433227539,1.2219998836517334
29,3,2,black_box,dr_pwldr,35247.71187405407,34810.33698750801,0.03900003433227539,1.2219998836517334
29,3,2,black_box,reopt_pwldr,27135.304723715548,33826.273491033324,0.03900003433227539,1.2219998836517334
29,3,2,local_search,obj_pwldr,35302.41397608239,34909.1114047867,0.03900003433227539,0.06799983978271484
29,3,2,local_search,dr_pwldr,35247.71187405407,34810.33698750801,0.03900003433227539,0.06799983978271484
29,3,2,local_search,reopt_pwldr,27135.304723715548,33826.273491033324,0.03900003433227539,0.06799983978271484
29,3,3,black_box,obj_pwldr,34909.10821502151,34909.10847915783,0.026999950408935547,1.6570000648498535
29,3,3,black_box,dr_pwldr,34860.79281508558,34810.29674597212,0.026999950408935547,1.6570000648498535
29,3,3,black_box,reopt_pwldr,33910.359837533295,33830.06797707702,0.026999950408935547,1.6570000648498535
29,3,3,local_search,obj_pwldr,34909.10821502151,34909.10847915783,0.026999950408935547,0.11599993705749512
29,3,3,local_search,dr_pwldr,34860.79281508558,34810.29674597212,0.026999950408935547,0.11599993705749512
29,3,3,local_search,reopt_pwldr,33910.359837533295,33830.06797707702,0.026999950408935547,0.11599993705749512
29,3,4,black_box,obj_pwldr,35056.419196402625,34909.10825077281,0.03099989891052246,2.0360000133514404
29,3,4,black_box,dr_pwldr,34991.18319398524,34810.30157727977,0.03099989891052246,2.0360000133514404
29,3,4,black_box,reopt_pwldr,33253.19946797244,33829.53193801296,0.03099989891052246,2.0360000133514404
29,3,4,local_search,obj_pwldr,35056.419196402625,34909.10825077281,0.03099989891052246,0.11800003051757812
29,3,4,local_search,dr_pwldr,34991.18319398524,34810.30157727977,0.03099989891052246,0.11800003051757812
29,3,4,local_search,reopt_pwldr,33253.19946797244,33829.53193801296,0.03099989891052246,0.11800003051757812
29,3,5,black_box,obj_pwldr,34909.10821502149,34909.108217928166,0.04499983787536621,2.497999906539917
29,3,5,black_box,dr_pwldr,34860.79281508559,34810.30561859506,0.04499983787536621,2.497999906539917
29,3,5,black_box,reopt_pwldr,33910.359837533295,33829.13102306988,0.04499983787536621,2.497999906539917
29,3,5,local_search,obj_pwldr,34909.10821502149,34909.108217928166,0.04499983787536621,0.16499996185302734
29,3,5,local_search,dr_pwldr,34860.79281508559,34810.30561859506,0.04499983787536621,0.16499996185302734
29,3,5,local_search,reopt_pwldr,33910.359837533295,33829.13102306989,0.04499983787536621,0.16499996185302734
29,3,6,black_box,obj_pwldr,34985.122801394784,34909.110514055865,0.037999868392944336,2.9830000400543213
29,3,6,black_box,dr_pwldr,34887.05253542299,34810.33210245832,0.037999868392944336,2.9830000400543213
29,3,6,black_box,reopt_pwldr,28083.772851795587,33826.71849166974,0.037999868392944336,2.9830000400543213
29,3,6,local_search,obj_pwldr,34985.122801394784,34909.110514055865,0.037999868392944336,0.2690000534057617
29,3,6,local_search,dr_pwldr,34887.05253542299,34810.33210245832,0.037999868392944336,0.2690000534057617
29,3,6,local_search,reopt_pwldr,28083.772851795587,33826.71849166974,0.037999868392944336,0.2690000534057617
29,3,7,black_box,obj_pwldr,34909.10821502151,34909.110624566514,0.03600001335144043,3.0429999828338623
29,3,7,black_box,dr_pwldr,34860.79281508558,34810.33275469652,0.03600001335144043,3.0429999828338623
29,3,7,black_box,reopt_pwldr,33910.359837533295,33826.65907642308,0.03600001335144043,3.0429999828338623
29,3,7,local_search,obj_pwldr,34909.10821502151,34909.11062456653,0.03600001335144043,0.2890000343322754
29,3,7,local_search,dr_pwldr,34860.79281508558,34810.33275469652,0.03600001335144043,0.2890000343322754
29,3,7,local_search,reopt_pwldr,33910.359837533295,33826.65907642308,0.03600001335144043,0.2890000343322754
29,3,8,black_box,obj_pwldr,34955.30960203991,34909.10897545461,0.042999982833862305,3.4620001316070557
29,3,8,black_box,dr_pwldr,34899.89841188044,34810.29190962891,0.042999982833862305,3.4620001316070557
29,3,8,black_box,reopt_pwldr,33543.24582150365,33830.658880811134,0.042999982833862305,3.4620001316070557
29,3,8,local_search,obj_pwldr,34955.30960203991,34909.10897545463,0.042999982833862305,0.35899996757507324
29,3,8,local_search,dr_pwldr,34899.89841188044,34810.29190962891,0.042999982833862305,0.35899996757507324
29,3,8,local_search,reopt_pwldr,33543.24582150365,33830.658880811134,0.042999982833862305,0.35899996757507324
29,3,9,black_box,obj_pwldr,34909.10821502152,34909.10888088416,0.04200005531311035,4.047000169754028
29,3,9,black_box,dr_pwldr,34842.15253923219,34810.31942048585,0.04200005531311035,4.047000169754028
29,3,9,black_box,reopt_pwldr,27746.172428697722,33827.87374822553,0.04200005531311035,4.047000169754028
29,3,9,local_search,obj_pwldr,34909.10821502152,34909.10888088416,0.04200005531311035,0.43400001525878906
29,3,9,local_search,dr_pwldr,34842.15253923219,34810.31942048585,0.04200005531311035,0.43400001525878906
29,3,9,local_search,reopt_pwldr,27746.172428697722,33827.87374822553,0.04200005531311035,0.43400001525878906
29,3,10,black_box,obj_pwldr,34940.11066909731,34909.109724147056,0.04900002479553223,4.486999988555908
29,3,10,black_box,dr_pwldr,34886.53737812486,34810.28739094137,0.04900002479553223,4.486999988555908
29,3,10,black_box,reopt_pwldr,33609.62324054996,33831.24708812854,0.04900002479553223,4.486999988555908
29,3,10,local_search,obj_pwldr,34940.11066909731,34909.109724147056,0.04900002479553223,0.5099999904632568
29,3,10,local_search,dr_pwldr,34886.53737812486,34810.28739094137,0.04900002479553223,0.5099999904632568
29,3,10,local_search,reopt_pwldr,33609.62324054996,33831.24708812854,0.04900002479553223,0.5099999904632568
29,4,1,black_box,obj_pwldr,35714.00332075963,35714.003733469464,0.018000125885009766,0.8259999752044678
29,4,1,black_box,dr_pwldr,35612.24389491569,35580.41100953801,0.018000125885009766,0.8259999752044678
29,4,1,black_box,reopt_pwldr,27902.888821803033,33887.42303825287,0.018000125885009766,0.8259999752044678
29,4,1,local_search,obj_pwldr,35714.00332075963,35714.003733469464,0.018000125885009766,0.03600001335144043
29,4,1,local_search,dr_pwldr,35612.24389491569,35580.41100953801,0.018000125885009766,0.03600001335144043
29,4,1,local_search,reopt_pwldr,27902.888821803033,33887.42303825287,0.018000125885009766,0.03600001335144043
29,4,2,black_box,obj_pwldr,35900.83091112703,35714.01239225926,0.01900005340576172,1.1779999732971191
29,4,2,black_box,dr_pwldr,35822.930536437365,35580.32779301257,0.01900005340576172,1.1779999732971191
29,4,2,black_box,reopt_pwldr,28626.17113219473,33896.88834398265,0.01900005340576172,1.1779999732971191
29,4,2,local_search,obj_pwldr,35900.83091112703,35714.01239225926,0.01900005340576172,0.06500005722045898
29,4,2,local_search,dr_pwldr,35822.930536437365,35580.32779301257,0.01900005340576172,0.06500005722045898
29,4,2,local_search,reopt_pwldr,28626.17113219473,33896.88834398265,0.01900005340576172,0.06500005722045898
29,4,3,black_box,obj_pwldr,35714.00332075961,35714.004764399535,0.029000043869018555,1.3650000095367432
29,4,3,black_box,dr_pwldr,35705.39217469619,35580.42405911818,0.029000043869018555,1.3650000095367432
29,4,3,black_box,reopt_pwldr,27936.15575752281,33885.97489813894,0.029000043869018555,1.3650000095367432
29,4,3,local_search,obj_pwldr,35714.00332075961,35714.004764399535,0.029000043869018555,0.07399988174438477
29,4,3,local_search,dr_pwldr,35705.39217469619,35580.42405911818,0.029000043869018555,0.07399988174438477
29,4,3,local_search,reopt_pwldr,27936.15575752281,33885.97489813894,0.029000043869018555,0.07399988174438477
29,4,4,black_box,obj_pwldr,35781.261253291894,35714.00370873,0.02500009536743164,1.625
29,4,4,black_box,dr_pwldr,35753.0765949435,35580.41055317362,0.02500009536743164,1.625
29,4,4,black_box,reopt_pwldr,34682.124535778166,33887.473681998534,0.02500009536743164,1.625
29,4,4,local_search,obj_pwldr,35781.261253291894,35714.00370873,0.02500009536743164,0.10199999809265137
29,4,4,local_search,dr_pwldr,35753.0765949435,35580.41055317362,0.02500009536743164,0.10199999809265137
29,4,4,local_search,reopt_pwldr,34682.124535778166,33887.473681998534,0.02500009536743164,0.10199999809265137
29,4,5,black_box,obj_pwldr,35714.00332075963,35714.01024178314,0.03400015830993652,2.0339999198913574
29,4,5,black_box,dr_pwldr,35681.979282122105,35580.334924447845,0.03400015830993652,2.0339999198913574
29,4,5,black_box,reopt_pwldr,34010.859341201925,33895.90120624675,0.03400015830993652,2.0339999198913574
29,4,5,local_search,obj_pwldr,35714.00332075963,35714.01024178314,0.03400015830993652,0.15700006484985352
29,4,5,local_search,dr_pwldr,35681.979282122105,35580.334924447845,0.03400015830993652,0.15700006484985352
29,4,5,local_search,reopt_pwldr,34010.859341201925,33895.90120624675,0.03400015830993652,0.15700006484985352
29,4,6,black_box,obj_pwldr,35748.31859245978,35714.00334756518,0.03399991989135742,2.316999912261963
29,4,6,black_box,dr_pwldr,35660.92184741447,35580.39983631303,0.03399991989135742,2.316999912261963
29,4,6,black_box,reopt_pwldr,27653.976817539748,33888.662955177024,0.03399991989135742,2.316999912261963
29,4,6,local_search,obj_pwldr,35748.31859245978,35714.00334756519,0.03399991989135742,0.19000005722045898
29,4,6,local_search,dr_pwldr,35660.92184741447,35580.39983631303,0.03399991989135742,0.19000005722045898
29,4,6,local_search,reopt_pwldr,27653.976817539748,33888.662955177024,0.03399991989135742,0.19000005722045898
29,4,7,black_box,obj_pwldr,35714.00332075962,35714.00332621167,0.039999961853027344,2.672999858856201
29,4,7,black_box,dr_pwldr,35612.24389491569,35580.39429144465,0.039999961853027344,2.672999858856201
29,4,7,black_box,reopt_pwldr,27902.888821803033,33889.278281199564,0.039999961853027344,2.672999858856201
29,4,7,local_search,obj_pwldr,35714.00332075962,35714.00332621167,0.039999961853027344,0.2390000820159912
29,4,7,local_search,dr_pwldr,35612.24389491569,35580.39429144465,0.039999961853027344,0.2390000820159912
29,4,7,local_search,reopt_pwldr,27902.888821803033,33889.278281199564,0.039999961853027344,0.2390000820159912
29,4,8,black_box,obj_pwldr,35734.76194191156,35714.003321287346,0.039999961853027344,3.06000018119812
29,4,8,black_box,dr_pwldr,35702.54162510028,35580.39547868509,0.039999961853027344,3.06000018119812
29,4,8,black_box,reopt_pwldr,33638.41362540473,33889.1465305598,0.039999961853027344,3.06000018119812
29,4,8,local_search,obj_pwldr,35734.76194191156,35714.003321287346,0.039999961853027344,0.3059999942779541
29,4,8,local_search,dr_pwldr,35702.54162510028,35580.39547868508,0.039999961853027344,0.3059999942779541
29,4,8,local_search,reopt_pwldr,33638.41362540473,33889.1465305598,0.039999961853027344,0.3059999942779541
29,4,9,black_box,obj_pwldr,35714.00332075964,35714.00436383576,0.04500007629394531,3.388000011444092
29,4,9,black_box,dr_pwldr,35626.7185095085,35580.37217674157,0.04500007629394531,3.388000011444092
29,4,9,black_box,reopt_pwldr,27936.15575752281,33891.73239758829,0.04500007629394531,3.388000011444092
29,4,9,local_search,obj_pwldr,35714.00332075964,35714.00436383576,0.04500007629394531,0.3710000514984131
29,4,9,local_search,dr_pwldr,35626.7185095085,35580.37217674157,0.04500007629394531,0.3710000514984131
29,4,9,local_search,reopt_pwldr,27936.15575752281,33891.73239758829,0.04500007629394531,0.3710000514984131
29,4,10,black_box,obj_pwldr,35727.89958781174,35714.00332151539,0.04700016975402832,4.483999967575073
29,4,10,black_box,dr_pwldr,35695.02744267471,35580.39537321517,0.04700016975402832,4.483999967575073
29,4,10,black_box,reopt_pwldr,33706.076116252945,33889.15823477789,0.04700016975402832,4.483999967575073
29,4,10,local_search,obj_pwldr,35727.89958781174,35714.00332151539,0.04700016975402832,0.500999927520752
29,4,10,local_search,dr_pwldr,35695.02744267471,35580.39537321517,0.04700016975402832,0.500999927520752
29,4,10,local_search,reopt_pwldr,33706.076116252945,33889.15823477789,0.04700016975402832,0.500999927520752
30,1,1,black_box,obj_pwldr,33012.852658290496,33012.87528543887,0.023999929428100586,0.8399999141693115
30,1,1,black_box,dr_pwldr,33305.48420246097,33305.45872443477,0.023999929428100586,0.8399999141693115
30,1,1,black_box,reopt_pwldr,26898.153099365176,26903.50207136013,0.023999929428100586,0.8399999141693115
30,1,1,local_search,obj_pwldr,33012.852658290496,33012.87528543887,0.023999929428100586,0.037000179290771484
30,1,1,local_search,dr_pwldr,33305.48420246097,33305.45872443477,0.023999929428100586,0.037000179290771484
30,1,1,local_search,reopt_pwldr,26898.153099365176,26903.50207136013,0.023999929428100586,0.037000179290771484
30,1,2,black_box,obj_pwldr,33351.652450984955,33012.86059119958,0.03600001335144043,1.180999994277954
30,1,2,black_box,dr_pwldr,33401.43504604353,33331.14432210262,0.03600001335144043,1.180999994277954
30,1,2,black_box,reopt_pwldr,33187.92404182244,32420.0523800455,0.03600001335144043,1.180999994277954
30,1,2,local_search,obj_pwldr,33351.652450984955,33012.86059119958,0.03600001335144043,0.06100010871887207
30,1,2,local_search,dr_pwldr,33401.43504604353,33331.14432210262,0.03600001335144043,0.06100010871887207
30,1,2,local_search,reopt_pwldr,33187.92404182244,32420.0523800455,0.03600001335144043,0.06100010871887207
30,1,3,black_box,obj_pwldr,33012.8526582905,33012.871616574084,0.032000064849853516,1.443000078201294
30,1,3,black_box,dr_pwldr,33114.52456192589,33331.064640788674,0.032000064849853516,1.443000078201294
30,1,3,black_box,reopt_pwldr,26723.596640699016,32432.105448763446,0.032000064849853516,1.443000078201294
30,1,3,local_search,obj_pwldr,33012.8526582905,33012.871616574084,0.032000064849853516,0.09300017356872559
30,1,3,local_search,dr_pwldr,33114.52456192589,33331.064640788674,0.032000064849853516,0.09300017356872559
30,1,3,local_search,reopt_pwldr,26723.596640699016,32432.105448763446,0.032000064849853516,0.09300017356872559
30,1,4,black_box,obj_pwldr,33139.74866362466,33012.85889225466,0.03099989891052246,1.812999963760376
30,1,4,black_box,dr_pwldr,33435.92517125699,33331.137872503794,0.03099989891052246,1.812999963760376
30,1,4,black_box,reopt_pwldr,27330.24479953098,32420.589846612293,0.03099989891052246,1.812999963760376
30,1,4,local_search,obj_pwldr,33139.74866362466,33012.85889225466,0.03099989891052246,0.12000012397766113
30,1,4,local_search,dr_pwldr,33435.92517125699,33331.137872503794,0.03099989891052246,0.12000012397766113
30,1,4,local_search,reopt_pwldr,27330.24479953098,32420.589846612293,0.03099989891052246,0.12000012397766113
30,1,5,black_box,obj_pwldr,33012.85265829049,33012.853296516056,0.03699994087219238,2.2060000896453857
30,1,5,black_box,dr_pwldr,33049.54245710629,33331.10484125311,0.03699994087219238,2.2060000896453857
30,1,5,black_box,reopt_pwldr,32178.380033973004,32423.44382672174,0.03699994087219238,2.2060000896453857
30,1,5,local_search,obj_pwldr,33012.85265829049,33012.853296516056,0.03699994087219238,0.16900014877319336
30,1,5,local_search,dr_pwldr,33049.54245710629,33331.10484125311,0.03699994087219238,0.16900014877319336
30,1,5,local_search,reopt_pwldr,32178.380033973004,32423.44382672174,0.03699994087219238,0.16900014877319336
30,1,6,black_box,obj_pwldr,33078.3328232277,33012.86922546607,0.04200005531311035,2.7189998626708984
30,1,6,black_box,dr_pwldr,33115.97082656119,33331.16961086783,0.04200005531311035,2.7189998626708984
30,1,6,black_box,reopt_pwldr,31746.37758028677,32417.944982943653,0.04200005531311035,2.7189998626708984
30,1,6,local_search,obj_pwldr,33078.3328232277,33012.86922546607,0.04200005531311035,0.2219998836517334
30,1,6,local_search,dr_pwldr,33115.97082656119,33331.16961086783,0.04200005531311035,0.2219998836517334
30,1,6,local_search,reopt_pwldr,31746.37758028677,32417.944982943653,0.04200005531311035,0.2219998836517334
30,1,7,black_box,obj_pwldr,33012.85265829049,33012.85285057305,0.0409998893737793,3.138000011444092
30,1,7,black_box,dr_pwldr,33049.54245710629,33331.08416207004,0.0409998893737793,3.138000011444092
30,1,7,black_box,reopt_pwldr,32178.380033973004,32425.52373965318,0.0409998893737793,3.138000011444092
30,1,7,local_search,obj_pwldr,33012.85265829049,33012.85285057305,0.0409998893737793,0.28800010681152344
30,1,7,local_search,dr_pwldr,33049.54245710629,33331.08416207004,0.0409998893737793,0.28800010681152344
30,1,7,local_search,reopt_pwldr,32178.380033973004,32425.52373965318,0.0409998893737793,0.28800010681152344
30,1,8,black_box,obj_pwldr,33052.651262566746,33012.853714891535,0.03899979591369629,3.563999891281128
30,1,8,black_box,dr_pwldr,33095.71640740289,33331.109075791355,0.03899979591369629,3.563999891281128
30,1,8,black_box,reopt_pwldr,32514.819078259934,32423.05886870471,0.03899979591369629,3.563999891281128
30,1,8,local_search,obj_pwldr,33052.651262566746,33012.853714891535,0.03899979591369629,0.3020000457763672
30,1,8,local_search,dr_pwldr,33095.71640740289,33331.109075791355,0.03899979591369629,0.3020000457763672
30,1,8,local_search,reopt_pwldr,32514.819078259934,32423.05886870471,0.03899979591369629,0.3020000457763672
30,1,9,black_box,obj_pwldr,33012.85265829049,33012.85271478034,0.04999995231628418,3.7860000133514404
30,1,9,black_box,dr_pwldr,33240.50209764146,33331.087200137525,0.04999995231628418,3.7860000133514404
30,1,9,black_box,reopt_pwldr,26723.596640699016,32425.186176598683,0.04999995231628418,3.7860000133514404
30,1,9,local_search,obj_pwldr,33012.85265829049,33012.85271478034,0.04999995231628418,0.4440000057220459
30,1,9,local_search,dr_pwldr,33240.50209764146,33331.087200137525,0.04999995231628418,0.4440000057220459
30,1,9,local_search,reopt_pwldr,26723.596640699016,32425.186176598683,0.04999995231628418,0.4440000057220459
30,1,10,black_box,obj_pwldr,33039.55866174585,33012.86329269053,0.05799984931945801,4.322999954223633
30,1,10,black_box,dr_pwldr,33358.90821328702,33331.15328798768,0.05799984931945801,4.322999954223633
30,1,10,black_box,reopt_pwldr,32700.14779185485,32419.305222953077,0.05799984931945801,4.322999954223633
30,1,10,local_search,obj_pwldr,33039.55866174585,33012.86329269053,0.05799984931945801,0.5230000019073486
30,1,10,local_search,dr_pwldr,33358.90821328702,33331.153287987676,0.05799984931945801,0.5230000019073486
30,1,10,local_search,reopt_pwldr,32700.14779185485,32419.305222953077,0.05799984931945801,0.5230000019073486
30,2,1,black_box,obj_pwldr,33518.565772535076,33518.56577331762,0.02200007438659668,0.8370001316070557
30,2,1,black_box,dr_pwldr,33731.38473892955,33731.38805072866,0.02200007438659668,0.8370001316070557
30,2,1,black_box,reopt_pwldr,26723.596640699016,26723.55645328893,0.02200007438659668,0.8370001316070557
30,2,1,local_search,obj_pwldr,33518.565772535076,33518.56577331762,0.02200007438659668,0.03699994087219238
30,2,1,local_search,dr_pwldr,33731.38473892955,33731.38805072866,0.02200007438659668,0.03699994087219238
30,2,1,local_search,reopt_pwldr,26723.596640699016,26723.55645328893,0.02200007438659668,0.03699994087219238
30,2,2,black_box,obj_pwldr,33713.435473799844,33518.5660332307,0.03399991989135742,1.1689999103546143
30,2,2,black_box,dr_pwldr,33806.26703896339,33722.023514452165,0.03399991989135742,1.1689999103546143
30,2,2,black_box,reopt_pwldr,33187.92404182244,32425.949111907827,0.03399991989135742,1.1689999103546143
30,2,2,local_search,obj_pwldr,33713.435473799844,33518.5660332307,0.03399991989135742,0.056999921798706055
30,2,2,local_search,dr_pwldr,33806.26703896339,33722.023514452165,0.03399991989135742,0.056999921798706055
30,2,2,local_search,reopt_pwldr,33187.92404182244,32425.949111907827,0.03399991989135742,0.056999921798706055
30,2,3,black_box,obj_pwldr,33518.56577253507,33518.568811691286,0.03099989891052246,1.4249999523162842
30,2,3,black_box,dr_pwldr,33631.37436944172,33721.759922313606,0.03099989891052246,1.4249999523162842
30,2,3,black_box,reopt_pwldr,26723.596640699016,32420.817673381327,0.03099989891052246,1.4249999523162842
30,2,3,local_search,obj_pwldr,33518.56577253507,33518.568811691286,0.03099989891052246,0.09200000762939453
30,2,3,local_search,dr_pwldr,33631.37436944172,33721.759922313606,0.03099989891052246,0.09200000762939453
30,2,3,local_search,reopt_pwldr,26723.596640699016,32420.817673381327,0.03099989891052246,0.09200000762939453
30,2,4,black_box,obj_pwldr,33589.13215733413,33518.56733706288,0.031000137329101562,1.7639999389648438
30,2,4,black_box,dr_pwldr,33697.114754317,33722.111148457385,0.031000137329101562,1.7639999389648438
30,2,4,black_box,reopt_pwldr,32784.061063684974,32427.63438123971,0.031000137329101562,1.7639999389648438
30,2,4,local_search,obj_pwldr,33589.13215733413,33518.56733706288,0.031000137329101562,0.10700011253356934
30,2,4,local_search,dr_pwldr,33697.114754317,33722.111148457385,0.031000137329101562,0.10700011253356934
30,2,4,local_search,reopt_pwldr,32784.061063684974,32427.63438123971,0.031000137329101562,0.10700011253356934
30,2,5,black_box,obj_pwldr,33518.56577253507,33518.57169271418,0.04399991035461426,2.0880000591278076
30,2,5,black_box,dr_pwldr,33692.00922734236,33722.251122254136,0.04399991035461426,2.0880000591278076
30,2,5,black_box,reopt_pwldr,26723.596640699016,32430.326185022044,0.04399991035461426,2.0880000591278076
30,2,5,local_search,obj_pwldr,33518.56577253507,33518.57169271418,0.04399991035461426,0.16899991035461426
30,2,5,local_search,dr_pwldr,33692.00922734236,33722.251122254136,0.04399991035461426,0.16899991035461426
30,2,5,local_search,reopt_pwldr,26723.596640699016,32430.326185022044,0.04399991035461426,0.16899991035461426
30,2,6,black_box,obj_pwldr,33554.6276519392,33518.565780417906,0.05099987983703613,2.502000093460083
30,2,6,black_box,dr_pwldr,33777.61026011107,33721.973578603,0.05099987983703613,2.502000093460083
30,2,6,black_box,reopt_pwldr,32857.49700411624,32424.98880711685,0.05099987983703613,2.502000093460083
30,2,6,local_search,obj_pwldr,33554.6276519392,33518.565780417906,0.05099987983703613,0.2219998836517334
30,2,6,local_search,dr_pwldr,33777.61026011107,33721.973578603,0.05099987983703613,0.2219998836517334
30,2,6,local_search,reopt_pwldr,32857.49700411624,32424.98880711685,0.05099987983703613,0.2219998836517334
30,2,7,black_box,obj_pwldr,33518.56577253508,33518.56583840694,0.039999961853027344,2.7840001583099365
30,2,7,black_box,dr_pwldr,33696.3564742612,33721.932682611136,0.039999961853027344,2.7840001583099365
30,2,7,black_box,reopt_pwldr,26898.153099365176,32424.20234573353,0.039999961853027344,2.7840001583099365
30,2,7,local_search,obj_pwldr,33518.56577253508,33518.56583840694,0.039999961853027344,0.3229999542236328
30,2,7,local_search,dr_pwldr,33696.3564742612,33721.932682611136,0.039999961853027344,0.3229999542236328
30,2,7,local_search,reopt_pwldr,26898.153099365176,32424.20234573353,0.039999961853027344,0.3229999542236328
30,2,8,black_box,obj_pwldr,33540.39561753566,33518.565795311675,0.04699993133544922,3.2799999713897705
30,2,8,black_box,dr_pwldr,33666.35406234702,33721.98093451271,0.04699993133544922,3.2799999713897705
30,2,8,black_box,reopt_pwldr,32514.819078259934,32425.130266918593,0.04699993133544922,3.2799999713897705
30,2,8,local_search,obj_pwldr,33540.39561753566,33518.565795311675,0.04699993133544922,0.30699992179870605
30,2,8,local_search,dr_pwldr,33666.35406234702,33721.98093451271,0.04699993133544922,0.30699992179870605
30,2,8,local_search,reopt_pwldr,32514.819078259934,32425.130266918593,0.04699993133544922,0.30699992179870605
30,2,9,black_box,obj_pwldr,33518.565772535076,33518.5657774553,0.04500007629394531,3.801999807357788
30,2,9,black_box,dr_pwldr,33666.40263410997,33721.97137173493,0.04500007629394531,3.801999807357788
30,2,9,black_box,reopt_pwldr,32178.380033973004,32424.946367345707,0.04500007629394531,3.801999807357788
30,2,9,local_search,obj_pwldr,33518.565772535076,33518.5657774553,0.04500007629394531,0.3989999294281006
30,2,9,local_search,dr_pwldr,33666.40263410997,33721.97137173493,0.04500007629394531,0.3989999294281006
30,2,9,local_search,reopt_pwldr,32178.380033973004,32424.946367345707,0.04500007629394531,0.3989999294281006
30,2,10,black_box,obj_pwldr,33533.184104748114,33518.56626291841,0.05299997329711914,4.230000019073486
30,2,10,black_box,dr_pwldr,33663.276870485766,33722.04597148276,0.05299997329711914,4.230000019073486
30,2,10,black_box,reopt_pwldr,32453.62771793608,32426.38097788126,0.05299997329711914,4.230000019073486
30,2,10,local_search,obj_pwldr,33533.184104748114,33518.56626291841,0.05299997329711914,0.5160000324249268
30,2,10,local_search,dr_pwldr,33663.276870485766,33722.04597148276,0.05299997329711914,0.5160000324249268
30,2,10,local_search,reopt_pwldr,32453.62771793608,32426.380977881254,0.05299997329711914,0.5160000324249268
30,3,1,black_box,obj_pwldr,33640.14196965644,33640.153963091674,0.01399993896484375,0.7620000839233398
30,3,1,black_box,dr_pwldr,33711.46110597237,33711.63771311367,0.01399993896484375,0.7620000839233398
30,3,1,black_box,reopt_pwldr,32178.380033973004,32169.864734294926,0.01399993896484375,0.7620000839233398
30,3,1,local_search,obj_pwldr,33640.14196965644,33640.153963091674,0.01399993896484375,0.0409998893737793
30,3,1,local_search,dr_pwldr,33711.46110597237,33711.63771311367,0.01399993896484375,0.0409998893737793
30,3,1,local_search,reopt_pwldr,32178.380033973004,32169.864734294926,0.01399993896484375,0.0409998893737793
30,3,2,black_box,obj_pwldr,33808.41821054705,33640.14229977301,0.03099989891052246,1.058000087738037
30,3,2,black_box,dr_pwldr,33860.51660722535,33932.34771775708,0.03099989891052246,1.058000087738037
30,3,2,black_box,reopt_pwldr,33187.92404182244,32423.372517671938,0.03099989891052246,1.058000087738037
30,3,2,local_search,obj_pwldr,33808.41821054705,33640.14229977301,0.03099989891052246,0.06299996376037598
30,3,2,local_search,dr_pwldr,33860.51660722535,33932.34771775708,0.03099989891052246,0.06299996376037598
30,3,2,local_search,reopt_pwldr,33187.92404182244,32423.372517671938,0.03099989891052246,0.06299996376037598
30,3,3,black_box,obj_pwldr,33640.14196965644,33640.14221120568,0.024000167846679688,1.2559998035430908
30,3,3,black_box,dr_pwldr,33676.43284130422,33932.39757031344,0.024000167846679688,1.2559998035430908
30,3,3,black_box,reopt_pwldr,26723.596640699016,32425.99633642725,0.024000167846679688,1.2559998035430908
30,3,3,local_search,obj_pwldr,33640.14196965644,33640.142211205675,0.024000167846679688,0.13899993896484375
30,3,3,local_search,dr_pwldr,33676.43284130422,33932.39757031344,0.024000167846679688,0.13899993896484375
30,3,3,local_search,reopt_pwldr,26723.596640699016,32425.99633642725,0.024000167846679688,0.13899993896484375
30,3,4,black_box,obj_pwldr,33700.72141637706,33640.14212687903,0.029000043869018555,1.5410001277923584
30,3,4,black_box,dr_pwldr,34003.40882007999,33932.35604392724,0.029000043869018555,1.5410001277923584
30,3,4,black_box,reopt_pwldr,33030.58113760374,32423.810737155654,0.029000043869018555,1.5410001277923584
30,3,4,local_search,obj_pwldr,33700.72141637706,33640.14212687903,0.029000043869018555,0.10799980163574219
30,3,4,local_search,dr_pwldr,34003.40882007999,33932.35604392724,0.029000043869018555,0.10799980163574219
30,3,4,local_search,reopt_pwldr,33030.58113760374,32423.810737155654,0.029000043869018555,0.10799980163574219
30,3,5,black_box,obj_pwldr,33640.14196965644,33640.14201673944,0.04999995231628418,1.9220001697540283
30,3,5,black_box,dr_pwldr,33676.43284130422,33932.36443941042,0.04999995231628418,1.9220001697540283
30,3,5,black_box,reopt_pwldr,26723.596640699016,32424.252604690337,0.04999995231628418,1.9220001697540283
30,3,5,local_search,obj_pwldr,33640.14196965644,33640.14201673944,0.04999995231628418,0.12900018692016602
30,3,5,local_search,dr_pwldr,33676.43284130422,33932.36443941042,0.04999995231628418,0.12900018692016602
30,3,5,local_search,reopt_pwldr,26723.596640699016,32424.252604690337,0.04999995231628418,0.12900018692016602
30,3,6,black_box,obj_pwldr,33671.049850636344,33640.143296741386,0.03699994087219238,2.1540000438690186
30,3,6,black_box,dr_pwldr,33924.17563660823,33932.42884308077,0.03699994087219238,2.1540000438690186
30,3,6,black_box,reopt_pwldr,27016.591598973442,32427.62205523381,0.03699994087219238,2.1540000438690186
30,3,6,local_search,obj_pwldr,33671.049850636344,33640.143296741386,0.03699994087219238,0.18600010871887207
30,3,6,local_search,dr_pwldr,33924.17563660823,33932.42884308077,0.03699994087219238,0.18600010871887207
30,3,6,local_search,reopt_pwldr,27016.591598973442,32427.62205523381,0.03699994087219238,0.18600010871887207
30,3,7,black_box,obj_pwldr,33640.14196965644,33640.14320308772,0.03399991989135742,2.50600004196167
30,3,7,black_box,dr_pwldr,33676.43284130422,33932.42680551621,0.03399991989135742,2.50600004196167
30,3,7,black_box,reopt_pwldr,26723.596640699016,32427.52017701006,0.03399991989135742,2.50600004196167
30,3,7,local_search,obj_pwldr,33640.14196965644,33640.14320308772,0.03399991989135742,0.2569999694824219
30,3,7,local_search,dr_pwldr,33676.43284130422,33932.42680551621,0.03399991989135742,0.2569999694824219
30,3,7,local_search,reopt_pwldr,26723.596640699016,32427.52017701006,0.03399991989135742,0.2569999694824219
30,3,8,black_box,obj_pwldr,33658.8393297554,33640.14302334171,0.04399991035461426,3.117000102996826
30,3,8,black_box,dr_pwldr,33723.30823607583,33932.327447405674,0.04399991035461426,3.117000102996826
30,3,8,black_box,reopt_pwldr,32514.819078259934,32422.260177364482,0.04399991035461426,3.117000102996826
30,3,8,local_search,obj_pwldr,33658.8393297554,33640.14302334171,0.04399991035461426,0.3810000419616699
30,3,8,local_search,dr_pwldr,33723.30823607583,33932.327447405674,0.04399991035461426,0.3810000419616699
30,3,8,local_search,reopt_pwldr,32514.819078259934,32422.260177364482,0.04399991035461426,0.3810000419616699
30,3,9,black_box,obj_pwldr,33640.14196965645,33640.14206675523,0.04799985885620117,3.4050002098083496
30,3,9,black_box,dr_pwldr,33741.4149461237,33932.38915879298,0.04799985885620117,3.4050002098083496
30,3,9,black_box,reopt_pwldr,26898.153099365176,32425.55362482453,0.04799985885620117,3.4050002098083496
30,3,9,local_search,obj_pwldr,33640.14196965645,33640.14206675523,0.04799985885620117,0.39300012588500977
30,3,9,local_search,dr_pwldr,33741.4149461237,33932.38915879298,0.04799985885620117,0.39300012588500977
30,3,9,local_search,reopt_pwldr,26898.153099365176,32425.55362482453,0.04799985885620117,0.39300012588500977
30,3,10,black_box,obj_pwldr,33652.658384268136,33640.142076668635,0.05299997329711914,4.067999839782715
30,3,10,black_box,dr_pwldr,33729.1296624091,33932.359288721644,0.05299997329711914,4.067999839782715
30,3,10,black_box,reopt_pwldr,31903.30234160634,32423.981515807583,0.05299997329711914,4.067999839782715
30,3,10,local_search,obj_pwldr,33652.658384268136,33640.142076668635,0.05299997329711914,0.4460000991821289
30,3,10,local_search,dr_pwldr,33729.1296624091,33932.359288721644,0.05299997329711914,0.4460000991821289
30,3,10,local_search,reopt_pwldr,31903.30234160634,32423.981515807583,0.05299997329711914,0.4460000991821289
30,4,1,black_box,obj_pwldr,33631.90043545798,33631.90047445367,0.018999814987182617,1.4249999523162842
30,4,1,black_box,dr_pwldr,33895.12760587916,33895.14612277017,0.018999814987182617,1.4249999523162842
30,4,1,black_box,reopt_pwldr,26723.596640699016,26722.866947616476,0.018999814987182617,1.4249999523162842
30,4,1,local_search,obj_pwldr,33631.90043545798,33631.90047445367,0.018999814987182617,0.05200004577636719
30,4,1,local_search,dr_pwldr,33895.12760587916,33895.14612277017,0.018999814987182617,0.05200004577636719
30,4,1,local_search,reopt_pwldr,26723.596640699016,26722.866947616476,0.018999814987182617,0.05200004577636719
30,4,2,black_box,obj_pwldr,33698.52749460047,33631.90112558748,0.04900002479553223,3.765000104904175
30,4,2,black_box,dr_pwldr,33807.862510154424,33885.62803770505,0.04900002479553223,3.765000104904175
30,4,2,black_box,reopt_pwldr,26188.280019873306,32419.918124254946,0.04900002479553223,3.765000104904175
30,4,2,local_search,obj_pwldr,33698.52749460047,33631.90112558747,0.04900002479553223,0.36700010299682617
30,4,2,local_search,dr_pwldr,33807.862510154424,33885.62803770505,0.04900002479553223,0.36700010299682617
30,4,2,local_search,reopt_pwldr,26188.280019873306,32419.918124254946,0.04900002479553223,0.36700010299682617
30,4,3,black_box,obj_pwldr,33631.90043545799,33631.90068654888,0.04699993133544922,6.2179999351501465
30,4,3,black_box,dr_pwldr,33704.16796534404,33885.75292097212,0.04699993133544922,6.2179999351501465
30,4,3,black_box,reopt_pwldr,32178.380033973004,32427.72332844747,0.04699993133544922,6.2179999351501465
30,4,3,local_search,obj_pwldr,33631.90043545799,33631.90068654888,0.04699993133544922,0.3919999599456787
30,4,3,local_search,dr_pwldr,33704.16796534404,33885.75292097212,0.04699993133544922,0.3919999599456787
30,4,3,local_search,reopt_pwldr,32178.380033973004,32427.72332844747,0.04699993133544922,0.3919999599456787
30,4,4,black_box,obj_pwldr,33647.35754946334,33631.90185572554,0.07500004768371582,9.295000076293945
30,4,4,black_box,dr_pwldr,33710.73492743075,33885.5951027956,0.07500004768371582,9.295000076293945
30,4,4,black_box,reopt_pwldr,32784.061063684974,32417.80253599323,0.07500004768371582,9.295000076293945
30,4,4,local_search,obj_pwldr,33647.35754946334,33631.90185572554,0.07500004768371582,0.6289999485015869
30,4,4,local_search,dr_pwldr,33710.73492743075,33885.5951027956,0.07500004768371582,0.6289999485015869
30,4,4,local_search,reopt_pwldr,32784.061063684974,32417.80253599323,0.07500004768371582,0.6289999485015869
30,4,5,black_box,obj_pwldr,33631.900435457996,33631.90277943311,0.07300019264221191,12.38100004196167
30,4,5,black_box,dr_pwldr,33895.12760587916,33885.56528278864,0.07300019264221191,12.38100004196167
30,4,5,black_box,reopt_pwldr,26723.596640699016,32415.814535527887,0.07300019264221191,12.38100004196167
30,4,5,local_search,obj_pwldr,33631.900435457996,33631.90277943311,0.07300019264221191,0.9579999446868896
30,4,5,local_search,dr_pwldr,33895.12760587916,33885.56528278864,0.07300019264221191,0.9579999446868896
30,4,5,local_search,reopt_pwldr,26723.596640699016,32415.814535527887,0.07300019264221191,0.9579999446868896
30,4,6,black_box,obj_pwldr,33638.584108939256,33631.90071873186,0.10399985313415527,15.353000164031982
30,4,6,black_box,dr_pwldr,33716.35922612541,33885.65602751269,0.10399985313415527,15.353000164031982
30,4,6,black_box,reopt_pwldr,31746.377580286786,32421.66748723138,0.10399985313415527,15.353000164031982
30,4,6,local_search,obj_pwldr,33638.584108939256,33631.90071873186,0.10399985313415527,1.3530001640319824
30,4,6,local_search,dr_pwldr,33716.35922612541,33885.65602751269,0.10399985313415527,1.3530001640319824
30,4,6,local_search,reopt_pwldr,31746.377580286786,32421.66748723138,0.10399985313415527,1.3530001640319824
30,4,7,black_box,obj_pwldr,33631.90043545798,33631.90045643803,0.14800000190734863,18.98300004005432
30,4,7,black_box,dr_pwldr,33704.16796534404,33885.692352461796,0.14800000190734863,18.98300004005432
30,4,7,black_box,reopt_pwldr,32178.380033973004,32423.937796551956,0.14800000190734863,18.98300004005432
30,4,7,local_search,obj_pwldr,33631.90043545798,33631.90045643803,0.14800000190734863,1.7340002059936523
30,4,7,local_search,dr_pwldr,33704.16796534404,33885.692352461796,0.14800000190734863,1.7340002059936523
30,4,7,local_search,reopt_pwldr,32178.380033973004,32423.937796551956,0.14800000190734863,1.7340002059936523
30,4,8,black_box,obj_pwldr,33635.647173248275,33631.90044010741,0.14700007438659668,21.858999967575073
30,4,8,black_box,dr_pwldr,33712.70061300402,33885.712328248475,0.14700007438659668,21.858999967575073
30,4,8,black_box,reopt_pwldr,31842.246958668402,32425.186283225143,0.14700007438659668,21.858999967575073
30,4,8,local_search,obj_pwldr,33635.647173248275,33631.90044010741,0.14700007438659668,2.2860000133514404
30,4,8,local_search,dr_pwldr,33712.70061300402,33885.712328248475,0.14700007438659668,2.2860000133514404
30,4,8,local_search,reopt_pwldr,31842.246958668402,32425.186283225143,0.14700007438659668,2.2860000133514404
30,4,9,black_box,obj_pwldr,33631.900435458,33631.900483540194,0.16199994087219238,25.574000120162964
30,4,9,black_box,dr_pwldr,33704.16796534404,33885.685373081724,0.16199994087219238,25.574000120162964
30,4,9,black_box,reopt_pwldr,32178.380033973004,32423.50158529662,0.16199994087219238,25.574000120162964
30,4,9,local_search,obj_pwldr,33631.900435458,33631.900483540194,0.16199994087219238,2.6579999923706055
30,4,9,local_search,dr_pwldr,33704.16796534404,33885.685373081724,0.16199994087219238,2.6579999923706055
30,4,9,local_search,reopt_pwldr,32178.380033973004,32423.50158529662,0.16199994087219238,2.6579999923706055
30,4,10,black_box,obj_pwldr,33634.30873377745,33631.90044702097,0.1830000877380371,28.680000066757202
30,4,10,black_box,dr_pwldr,33927.23153378891,33885.695851316385,0.1830000877380371,28.680000066757202
30,4,10,black_box,reopt_pwldr,27087.133620281285,32424.156474966614,0.1830000877380371,28.680000066757202
30,4,10,local_search,obj_pwldr,33634.30873377745,33631.90044702097,0.1830000877380371,3.7769999504089355
30,4,10,local_search,dr_pwldr,33927.23153378891,33885.695851316385,0.1830000877380371,3.7769999504089355
30,4,10,local_search,reopt_pwldr,27087.133620281285,32424.156474966614,0.1830000877380371,3.7769999504089355
